timepoint_idx,timestamp,backend,rep,scale_factor,exp_val,n_shots,ideal
0,2026-03-27T09:51:34.272734+00:00,EQE1,0,1.0,0.287109,4096,0.981197
0,2026-03-27T09:51:34.272734+00:00,EQE1,0,3.0,0.081055,4096,0.981197
0,2026-03-27T09:51:34.272734+00:00,EQE1,0,5.0,-0.077637,4096,0.981197
0,2026-03-27T09:51:34.272734+00:00,EQE1,1,1.0,0.284668,4096,0.981197
0,2026-03-27T09:51:34.272734+00:00,EQE1,1,3.0,0.096680,4096,0.981197
0,2026-03-27T09:51:34.272734+00:00,EQE1,1,5.0,-0.104980,4096,0.981197
0,2026-03-27T09:51:34.272734+00:00,EQE1,2,1.0,0.308105,4096,0.981197
0,2026-03-27T09:51:34.272734+00:00,EQE1,2,3.0,0.100098,4096,0.981197
0,2026-03-27T09:51:34.272734+00:00,EQE1,2,5.0,-0.086914,4096,0.981197
0,2026-03-27T09:51:34.272734+00:00,EQE1,3,1.0,0.297363,4096,0.981197
0,2026-03-27T09:51:34.272734+00:00,EQE1,3,3.0,0.085938,4096,0.981197
0,2026-03-27T09:51:34.272734+00:00,EQE1,3,5.0,-0.078613,4096,0.981197
0,2026-03-27T09:51:34.272734+00:00,EQE1,4,1.0,0.273926,4096,0.981197
0,2026-03-27T09:51:34.272734+00:00,EQE1,4,3.0,0.098145,4096,0.981197
0,2026-03-27T09:51:34.272734+00:00,EQE1,4,5.0,-0.089355,4096,0.981197
0,2026-03-27T09:51:34.272734+00:00,EQE1,5,1.0,0.274414,4096,0.981197
0,2026-03-27T09:51:34.272734+00:00,EQE1,5,3.0,0.088379,4096,0.981197
0,2026-03-27T09:51:34.272734+00:00,EQE1,5,5.0,-0.085938,4096,0.981197
0,2026-03-27T09:51:34.272734+00:00,EQE1,6,1.0,0.309082,4096,0.981197
0,2026-03-27T09:51:34.272734+00:00,EQE1,6,3.0,0.077148,4096,0.981197
0,2026-03-27T09:51:34.272734+00:00,EQE1,6,5.0,-0.097656,4096,0.981197
0,2026-03-27T09:51:34.272734+00:00,EQE1,7,1.0,0.305664,4096,0.981197
0,2026-03-27T09:51:34.272734+00:00,EQE1,7,3.0,0.070312,4096,0.981197
0,2026-03-27T09:51:34.272734+00:00,EQE1,7,5.0,-0.120117,4096,0.981197
0,2026-03-27T09:51:34.272734+00:00,EQE1,8,1.0,0.296875,4096,0.981197
0,2026-03-27T09:51:34.272734+00:00,EQE1,8,3.0,0.084961,4096,0.981197
0,2026-03-27T09:51:34.272734+00:00,EQE1,8,5.0,-0.091309,4096,0.981197
0,2026-03-27T09:51:34.272734+00:00,EQE1,9,1.0,0.279297,4096,0.981197
0,2026-03-27T09:51:34.272734+00:00,EQE1,9,3.0,0.083496,4096,0.981197
0,2026-03-27T09:51:34.272734+00:00,EQE1,9,5.0,-0.108887,4096,0.981197
0,2026-03-27T09:51:34.272734+00:00,EQE1,10,1.0,0.295410,4096,0.981197
0,2026-03-27T09:51:34.272734+00:00,EQE1,10,3.0,0.105469,4096,0.981197
0,2026-03-27T09:51:34.272734+00:00,EQE1,10,5.0,-0.106934,4096,0.981197
0,2026-03-27T09:51:34.272734+00:00,EQE1,11,1.0,0.270508,4096,0.981197
0,2026-03-27T09:51:34.272734+00:00,EQE1,11,3.0,0.064941,4096,0.981197
0,2026-03-27T09:51:34.272734+00:00,EQE1,11,5.0,-0.061523,4096,0.981197
0,2026-03-27T09:51:34.272734+00:00,EQE1,12,1.0,0.304199,4096,0.981197
0,2026-03-27T09:51:34.272734+00:00,EQE1,12,3.0,0.087402,4096,0.981197
0,2026-03-27T09:51:34.272734+00:00,EQE1,12,5.0,-0.090820,4096,0.981197
0,2026-03-27T09:51:34.272734+00:00,EQE1,13,1.0,0.296387,4096,0.981197
0,2026-03-27T09:51:34.272734+00:00,EQE1,13,3.0,0.101562,4096,0.981197
0,2026-03-27T09:51:34.272734+00:00,EQE1,13,5.0,-0.112793,4096,0.981197
0,2026-03-27T09:51:34.272734+00:00,EQE1,14,1.0,0.286133,4096,0.981197
0,2026-03-27T09:51:34.272734+00:00,EQE1,14,3.0,0.083496,4096,0.981197
0,2026-03-27T09:51:34.272734+00:00,EQE1,14,5.0,-0.097168,4096,0.981197
0,2026-03-27T09:51:34.272734+00:00,EQE1,15,1.0,0.308594,4096,0.981197
0,2026-03-27T09:51:34.272734+00:00,EQE1,15,3.0,0.078125,4096,0.981197
0,2026-03-27T09:51:34.272734+00:00,EQE1,15,5.0,-0.078613,4096,0.981197
0,2026-03-27T09:51:34.272734+00:00,EQE1,16,1.0,0.250000,4096,0.981197
0,2026-03-27T09:51:34.272734+00:00,EQE1,16,3.0,0.087402,4096,0.981197
0,2026-03-27T09:51:34.272734+00:00,EQE1,16,5.0,-0.082520,4096,0.981197
0,2026-03-27T09:51:34.272734+00:00,EQE1,17,1.0,0.272949,4096,0.981197
0,2026-03-27T09:51:34.272734+00:00,EQE1,17,3.0,0.089355,4096,0.981197
0,2026-03-27T09:51:34.272734+00:00,EQE1,17,5.0,-0.111328,4096,0.981197
0,2026-03-27T09:51:34.272734+00:00,EQE1,18,1.0,0.301270,4096,0.981197
0,2026-03-27T09:51:34.272734+00:00,EQE1,18,3.0,0.095703,4096,0.981197
0,2026-03-27T09:51:34.272734+00:00,EQE1,18,5.0,-0.078125,4096,0.981197
0,2026-03-27T09:51:34.272734+00:00,EQE1,19,1.0,0.290527,4096,0.981197
0,2026-03-27T09:51:34.272734+00:00,EQE1,19,3.0,0.092773,4096,0.981197
0,2026-03-27T09:51:34.272734+00:00,EQE1,19,5.0,-0.091309,4096,0.981197
0,2026-03-27T09:51:34.272734+00:00,EQE1,20,1.0,0.289551,4096,0.981197
0,2026-03-27T09:51:34.272734+00:00,EQE1,20,3.0,0.107910,4096,0.981197
0,2026-03-27T09:51:34.272734+00:00,EQE1,20,5.0,-0.082031,4096,0.981197
0,2026-03-27T09:51:34.272734+00:00,EQE1,21,1.0,0.289551,4096,0.981197
0,2026-03-27T09:51:34.272734+00:00,EQE1,21,3.0,0.084473,4096,0.981197
0,2026-03-27T09:51:34.272734+00:00,EQE1,21,5.0,-0.069824,4096,0.981197
0,2026-03-27T09:51:34.272734+00:00,EQE1,22,1.0,0.312988,4096,0.981197
0,2026-03-27T09:51:34.272734+00:00,EQE1,22,3.0,0.106934,4096,0.981197
0,2026-03-27T09:51:34.272734+00:00,EQE1,22,5.0,-0.101562,4096,0.981197
0,2026-03-27T09:51:34.272734+00:00,EQE1,23,1.0,0.263672,4096,0.981197
0,2026-03-27T09:51:34.272734+00:00,EQE1,23,3.0,0.109375,4096,0.981197
0,2026-03-27T09:51:34.272734+00:00,EQE1,23,5.0,-0.102051,4096,0.981197
0,2026-03-27T09:51:34.272734+00:00,EQE1,24,1.0,0.299805,4096,0.981197
0,2026-03-27T09:51:34.272734+00:00,EQE1,24,3.0,0.104492,4096,0.981197
0,2026-03-27T09:51:34.272734+00:00,EQE1,24,5.0,-0.083008,4096,0.981197
0,2026-03-27T09:51:34.272734+00:00,EQE1,25,1.0,0.282715,4096,0.981197
0,2026-03-27T09:51:34.272734+00:00,EQE1,25,3.0,0.103516,4096,0.981197
0,2026-03-27T09:51:34.272734+00:00,EQE1,25,5.0,-0.082520,4096,0.981197
0,2026-03-27T09:51:34.272734+00:00,EQE1,26,1.0,0.267578,4096,0.981197
0,2026-03-27T09:51:34.272734+00:00,EQE1,26,3.0,0.079590,4096,0.981197
0,2026-03-27T09:51:34.272734+00:00,EQE1,26,5.0,-0.096191,4096,0.981197
0,2026-03-27T09:51:34.272734+00:00,EQE1,27,1.0,0.316406,4096,0.981197
0,2026-03-27T09:51:34.272734+00:00,EQE1,27,3.0,0.084473,4096,0.981197
0,2026-03-27T09:51:34.272734+00:00,EQE1,27,5.0,-0.105469,4096,0.981197
0,2026-03-27T09:51:34.272734+00:00,EQE1,28,1.0,0.288574,4096,0.981197
0,2026-03-27T09:51:34.272734+00:00,EQE1,28,3.0,0.073730,4096,0.981197
0,2026-03-27T09:51:34.272734+00:00,EQE1,28,5.0,-0.058594,4096,0.981197
0,2026-03-27T09:51:34.272734+00:00,EQE1,29,1.0,0.310059,4096,0.981197
0,2026-03-27T09:51:34.272734+00:00,EQE1,29,3.0,0.072754,4096,0.981197
0,2026-03-27T09:51:34.272734+00:00,EQE1,29,5.0,-0.104004,4096,0.981197
1,2026-03-27T10:21:34.372901+00:00,EQE1,0,1.0,0.333008,4096,0.981197
1,2026-03-27T10:21:34.372901+00:00,EQE1,0,3.0,0.105957,4096,0.981197
1,2026-03-27T10:21:34.372901+00:00,EQE1,0,5.0,-0.106934,4096,0.981197
1,2026-03-27T10:21:34.372901+00:00,EQE1,1,1.0,0.301758,4096,0.981197
1,2026-03-27T10:21:34.372901+00:00,EQE1,1,3.0,0.057129,4096,0.981197
1,2026-03-27T10:21:34.372901+00:00,EQE1,1,5.0,-0.106445,4096,0.981197
1,2026-03-27T10:21:34.372901+00:00,EQE1,2,1.0,0.316895,4096,0.981197
1,2026-03-27T10:21:34.372901+00:00,EQE1,2,3.0,0.109863,4096,0.981197
1,2026-03-27T10:21:34.372901+00:00,EQE1,2,5.0,-0.083008,4096,0.981197
1,2026-03-27T10:21:34.372901+00:00,EQE1,3,1.0,0.296387,4096,0.981197
1,2026-03-27T10:21:34.372901+00:00,EQE1,3,3.0,0.112793,4096,0.981197
1,2026-03-27T10:21:34.372901+00:00,EQE1,3,5.0,-0.115723,4096,0.981197
1,2026-03-27T10:21:34.372901+00:00,EQE1,4,1.0,0.314941,4096,0.981197
1,2026-03-27T10:21:34.372901+00:00,EQE1,4,3.0,0.058594,4096,0.981197
1,2026-03-27T10:21:34.372901+00:00,EQE1,4,5.0,-0.106445,4096,0.981197
1,2026-03-27T10:21:34.372901+00:00,EQE1,5,1.0,0.323242,4096,0.981197
1,2026-03-27T10:21:34.372901+00:00,EQE1,5,3.0,0.100586,4096,0.981197
1,2026-03-27T10:21:34.372901+00:00,EQE1,5,5.0,-0.115723,4096,0.981197
1,2026-03-27T10:21:34.372901+00:00,EQE1,6,1.0,0.322754,4096,0.981197
1,2026-03-27T10:21:34.372901+00:00,EQE1,6,3.0,0.086914,4096,0.981197
1,2026-03-27T10:21:34.372901+00:00,EQE1,6,5.0,-0.114746,4096,0.981197
1,2026-03-27T10:21:34.372901+00:00,EQE1,7,1.0,0.312012,4096,0.981197
1,2026-03-27T10:21:34.372901+00:00,EQE1,7,3.0,0.105957,4096,0.981197
1,2026-03-27T10:21:34.372901+00:00,EQE1,7,5.0,-0.108887,4096,0.981197
1,2026-03-27T10:21:34.372901+00:00,EQE1,8,1.0,0.303223,4096,0.981197
1,2026-03-27T10:21:34.372901+00:00,EQE1,8,3.0,0.093750,4096,0.981197
1,2026-03-27T10:21:34.372901+00:00,EQE1,8,5.0,-0.101074,4096,0.981197
1,2026-03-27T10:21:34.372901+00:00,EQE1,9,1.0,0.300781,4096,0.981197
1,2026-03-27T10:21:34.372901+00:00,EQE1,9,3.0,0.094238,4096,0.981197
1,2026-03-27T10:21:34.372901+00:00,EQE1,9,5.0,-0.105469,4096,0.981197
1,2026-03-27T10:21:34.372901+00:00,EQE1,10,1.0,0.326660,4096,0.981197
1,2026-03-27T10:21:34.372901+00:00,EQE1,10,3.0,0.111816,4096,0.981197
1,2026-03-27T10:21:34.372901+00:00,EQE1,10,5.0,-0.096191,4096,0.981197
1,2026-03-27T10:21:34.372901+00:00,EQE1,11,1.0,0.285156,4096,0.981197
1,2026-03-27T10:21:34.372901+00:00,EQE1,11,3.0,0.100586,4096,0.981197
1,2026-03-27T10:21:34.372901+00:00,EQE1,11,5.0,-0.093262,4096,0.981197
1,2026-03-27T10:21:34.372901+00:00,EQE1,12,1.0,0.315430,4096,0.981197
1,2026-03-27T10:21:34.372901+00:00,EQE1,12,3.0,0.110352,4096,0.981197
1,2026-03-27T10:21:34.372901+00:00,EQE1,12,5.0,-0.074707,4096,0.981197
1,2026-03-27T10:21:34.372901+00:00,EQE1,13,1.0,0.309082,4096,0.981197
1,2026-03-27T10:21:34.372901+00:00,EQE1,13,3.0,0.113281,4096,0.981197
1,2026-03-27T10:21:34.372901+00:00,EQE1,13,5.0,-0.091309,4096,0.981197
1,2026-03-27T10:21:34.372901+00:00,EQE1,14,1.0,0.315918,4096,0.981197
1,2026-03-27T10:21:34.372901+00:00,EQE1,14,3.0,0.087891,4096,0.981197
1,2026-03-27T10:21:34.372901+00:00,EQE1,14,5.0,-0.086914,4096,0.981197
1,2026-03-27T10:21:34.372901+00:00,EQE1,15,1.0,0.315430,4096,0.981197
1,2026-03-27T10:21:34.372901+00:00,EQE1,15,3.0,0.062988,4096,0.981197
1,2026-03-27T10:21:34.372901+00:00,EQE1,15,5.0,-0.081543,4096,0.981197
1,2026-03-27T10:21:34.372901+00:00,EQE1,16,1.0,0.312988,4096,0.981197
1,2026-03-27T10:21:34.372901+00:00,EQE1,16,3.0,0.090820,4096,0.981197
1,2026-03-27T10:21:34.372901+00:00,EQE1,16,5.0,-0.072754,4096,0.981197
1,2026-03-27T10:21:34.372901+00:00,EQE1,17,1.0,0.306152,4096,0.981197
1,2026-03-27T10:21:34.372901+00:00,EQE1,17,3.0,0.106445,4096,0.981197
1,2026-03-27T10:21:34.372901+00:00,EQE1,17,5.0,-0.075195,4096,0.981197
1,2026-03-27T10:21:34.372901+00:00,EQE1,18,1.0,0.331055,4096,0.981197
1,2026-03-27T10:21:34.372901+00:00,EQE1,18,3.0,0.078613,4096,0.981197
1,2026-03-27T10:21:34.372901+00:00,EQE1,18,5.0,-0.122070,4096,0.981197
1,2026-03-27T10:21:34.372901+00:00,EQE1,19,1.0,0.317383,4096,0.981197
1,2026-03-27T10:21:34.372901+00:00,EQE1,19,3.0,0.122070,4096,0.981197
1,2026-03-27T10:21:34.372901+00:00,EQE1,19,5.0,-0.074707,4096,0.981197
1,2026-03-27T10:21:34.372901+00:00,EQE1,20,1.0,0.320801,4096,0.981197
1,2026-03-27T10:21:34.372901+00:00,EQE1,20,3.0,0.076172,4096,0.981197
1,2026-03-27T10:21:34.372901+00:00,EQE1,20,5.0,-0.105957,4096,0.981197
1,2026-03-27T10:21:34.372901+00:00,EQE1,21,1.0,0.299805,4096,0.981197
1,2026-03-27T10:21:34.372901+00:00,EQE1,21,3.0,0.098633,4096,0.981197
1,2026-03-27T10:21:34.372901+00:00,EQE1,21,5.0,-0.091797,4096,0.981197
1,2026-03-27T10:21:34.372901+00:00,EQE1,22,1.0,0.308105,4096,0.981197
1,2026-03-27T10:21:34.372901+00:00,EQE1,22,3.0,0.086914,4096,0.981197
1,2026-03-27T10:21:34.372901+00:00,EQE1,22,5.0,-0.079590,4096,0.981197
1,2026-03-27T10:21:34.372901+00:00,EQE1,23,1.0,0.341797,4096,0.981197
1,2026-03-27T10:21:34.372901+00:00,EQE1,23,3.0,0.101562,4096,0.981197
1,2026-03-27T10:21:34.372901+00:00,EQE1,23,5.0,-0.103027,4096,0.981197
1,2026-03-27T10:21:34.372901+00:00,EQE1,24,1.0,0.352051,4096,0.981197
1,2026-03-27T10:21:34.372901+00:00,EQE1,24,3.0,0.106934,4096,0.981197
1,2026-03-27T10:21:34.372901+00:00,EQE1,24,5.0,-0.088867,4096,0.981197
1,2026-03-27T10:21:34.372901+00:00,EQE1,25,1.0,0.350586,4096,0.981197
1,2026-03-27T10:21:34.372901+00:00,EQE1,25,3.0,0.090332,4096,0.981197
1,2026-03-27T10:21:34.372901+00:00,EQE1,25,5.0,-0.117676,4096,0.981197
1,2026-03-27T10:21:34.372901+00:00,EQE1,26,1.0,0.312500,4096,0.981197
1,2026-03-27T10:21:34.372901+00:00,EQE1,26,3.0,0.105957,4096,0.981197
1,2026-03-27T10:21:34.372901+00:00,EQE1,26,5.0,-0.112305,4096,0.981197
1,2026-03-27T10:21:34.372901+00:00,EQE1,27,1.0,0.289062,4096,0.981197
1,2026-03-27T10:21:34.372901+00:00,EQE1,27,3.0,0.069336,4096,0.981197
1,2026-03-27T10:21:34.372901+00:00,EQE1,27,5.0,-0.128418,4096,0.981197
1,2026-03-27T10:21:34.372901+00:00,EQE1,28,1.0,0.312012,4096,0.981197
1,2026-03-27T10:21:34.372901+00:00,EQE1,28,3.0,0.079102,4096,0.981197
1,2026-03-27T10:21:34.372901+00:00,EQE1,28,5.0,-0.094238,4096,0.981197
1,2026-03-27T10:21:34.372901+00:00,EQE1,29,1.0,0.313477,4096,0.981197
1,2026-03-27T10:21:34.372901+00:00,EQE1,29,3.0,0.089844,4096,0.981197
1,2026-03-27T10:21:34.372901+00:00,EQE1,29,5.0,-0.124023,4096,0.981197
2,2026-03-27T10:51:34.372831+00:00,EQE1,0,1.0,0.302246,4096,0.981197
2,2026-03-27T10:51:34.372831+00:00,EQE1,0,3.0,0.079590,4096,0.981197
2,2026-03-27T10:51:34.372831+00:00,EQE1,0,5.0,-0.086426,4096,0.981197
2,2026-03-27T10:51:34.372831+00:00,EQE1,1,1.0,0.302246,4096,0.981197
2,2026-03-27T10:51:34.372831+00:00,EQE1,1,3.0,0.104004,4096,0.981197
2,2026-03-27T10:51:34.372831+00:00,EQE1,1,5.0,-0.088867,4096,0.981197
2,2026-03-27T10:51:34.372831+00:00,EQE1,2,1.0,0.314941,4096,0.981197
2,2026-03-27T10:51:34.372831+00:00,EQE1,2,3.0,0.070801,4096,0.981197
2,2026-03-27T10:51:34.372831+00:00,EQE1,2,5.0,-0.105957,4096,0.981197
2,2026-03-27T10:51:34.372831+00:00,EQE1,3,1.0,0.304199,4096,0.981197
2,2026-03-27T10:51:34.372831+00:00,EQE1,3,3.0,0.069824,4096,0.981197
2,2026-03-27T10:51:34.372831+00:00,EQE1,3,5.0,-0.073730,4096,0.981197
2,2026-03-27T10:51:34.372831+00:00,EQE1,4,1.0,0.299805,4096,0.981197
2,2026-03-27T10:51:34.372831+00:00,EQE1,4,3.0,0.088379,4096,0.981197
2,2026-03-27T10:51:34.372831+00:00,EQE1,4,5.0,-0.077637,4096,0.981197
2,2026-03-27T10:51:34.372831+00:00,EQE1,5,1.0,0.310547,4096,0.981197
2,2026-03-27T10:51:34.372831+00:00,EQE1,5,3.0,0.094727,4096,0.981197
2,2026-03-27T10:51:34.372831+00:00,EQE1,5,5.0,-0.079102,4096,0.981197
2,2026-03-27T10:51:34.372831+00:00,EQE1,6,1.0,0.287109,4096,0.981197
2,2026-03-27T10:51:34.372831+00:00,EQE1,6,3.0,0.096680,4096,0.981197
2,2026-03-27T10:51:34.372831+00:00,EQE1,6,5.0,-0.113281,4096,0.981197
2,2026-03-27T10:51:34.372831+00:00,EQE1,7,1.0,0.317383,4096,0.981197
2,2026-03-27T10:51:34.372831+00:00,EQE1,7,3.0,0.087891,4096,0.981197
2,2026-03-27T10:51:34.372831+00:00,EQE1,7,5.0,-0.097656,4096,0.981197
2,2026-03-27T10:51:34.372831+00:00,EQE1,8,1.0,0.305176,4096,0.981197
2,2026-03-27T10:51:34.372831+00:00,EQE1,8,3.0,0.073730,4096,0.981197
2,2026-03-27T10:51:34.372831+00:00,EQE1,8,5.0,-0.089844,4096,0.981197
2,2026-03-27T10:51:34.372831+00:00,EQE1,9,1.0,0.297852,4096,0.981197
2,2026-03-27T10:51:34.372831+00:00,EQE1,9,3.0,0.065918,4096,0.981197
2,2026-03-27T10:51:34.372831+00:00,EQE1,9,5.0,-0.093750,4096,0.981197
2,2026-03-27T10:51:34.372831+00:00,EQE1,10,1.0,0.285645,4096,0.981197
2,2026-03-27T10:51:34.372831+00:00,EQE1,10,3.0,0.083496,4096,0.981197
2,2026-03-27T10:51:34.372831+00:00,EQE1,10,5.0,-0.076660,4096,0.981197
2,2026-03-27T10:51:34.372831+00:00,EQE1,11,1.0,0.295410,4096,0.981197
2,2026-03-27T10:51:34.372831+00:00,EQE1,11,3.0,0.084473,4096,0.981197
2,2026-03-27T10:51:34.372831+00:00,EQE1,11,5.0,-0.119141,4096,0.981197
2,2026-03-27T10:51:34.372831+00:00,EQE1,12,1.0,0.268555,4096,0.981197
2,2026-03-27T10:51:34.372831+00:00,EQE1,12,3.0,0.072754,4096,0.981197
2,2026-03-27T10:51:34.372831+00:00,EQE1,12,5.0,-0.092773,4096,0.981197
2,2026-03-27T10:51:34.372831+00:00,EQE1,13,1.0,0.297852,4096,0.981197
2,2026-03-27T10:51:34.372831+00:00,EQE1,13,3.0,0.073242,4096,0.981197
2,2026-03-27T10:51:34.372831+00:00,EQE1,13,5.0,-0.067871,4096,0.981197
2,2026-03-27T10:51:34.372831+00:00,EQE1,14,1.0,0.291504,4096,0.981197
2,2026-03-27T10:51:34.372831+00:00,EQE1,14,3.0,0.103516,4096,0.981197
2,2026-03-27T10:51:34.372831+00:00,EQE1,14,5.0,-0.092773,4096,0.981197
2,2026-03-27T10:51:34.372831+00:00,EQE1,15,1.0,0.316895,4096,0.981197
2,2026-03-27T10:51:34.372831+00:00,EQE1,15,3.0,0.114258,4096,0.981197
2,2026-03-27T10:51:34.372831+00:00,EQE1,15,5.0,-0.117676,4096,0.981197
2,2026-03-27T10:51:34.372831+00:00,EQE1,16,1.0,0.233398,4096,0.981197
2,2026-03-27T10:51:34.372831+00:00,EQE1,16,3.0,0.081543,4096,0.981197
2,2026-03-27T10:51:34.372831+00:00,EQE1,16,5.0,-0.076172,4096,0.981197
2,2026-03-27T10:51:34.372831+00:00,EQE1,17,1.0,0.310059,4096,0.981197
2,2026-03-27T10:51:34.372831+00:00,EQE1,17,3.0,0.123535,4096,0.981197
2,2026-03-27T10:51:34.372831+00:00,EQE1,17,5.0,-0.105469,4096,0.981197
2,2026-03-27T10:51:34.372831+00:00,EQE1,18,1.0,0.302246,4096,0.981197
2,2026-03-27T10:51:34.372831+00:00,EQE1,18,3.0,0.058105,4096,0.981197
2,2026-03-27T10:51:34.372831+00:00,EQE1,18,5.0,-0.123047,4096,0.981197
2,2026-03-27T10:51:34.372831+00:00,EQE1,19,1.0,0.306152,4096,0.981197
2,2026-03-27T10:51:34.372831+00:00,EQE1,19,3.0,0.067871,4096,0.981197
2,2026-03-27T10:51:34.372831+00:00,EQE1,19,5.0,-0.093262,4096,0.981197
2,2026-03-27T10:51:34.372831+00:00,EQE1,20,1.0,0.322754,4096,0.981197
2,2026-03-27T10:51:34.372831+00:00,EQE1,20,3.0,0.071289,4096,0.981197
2,2026-03-27T10:51:34.372831+00:00,EQE1,20,5.0,-0.085449,4096,0.981197
2,2026-03-27T10:51:34.372831+00:00,EQE1,21,1.0,0.318359,4096,0.981197
2,2026-03-27T10:51:34.372831+00:00,EQE1,21,3.0,0.101074,4096,0.981197
2,2026-03-27T10:51:34.372831+00:00,EQE1,21,5.0,-0.108398,4096,0.981197
2,2026-03-27T10:51:34.372831+00:00,EQE1,22,1.0,0.305664,4096,0.981197
2,2026-03-27T10:51:34.372831+00:00,EQE1,22,3.0,0.107910,4096,0.981197
2,2026-03-27T10:51:34.372831+00:00,EQE1,22,5.0,-0.101562,4096,0.981197
2,2026-03-27T10:51:34.372831+00:00,EQE1,23,1.0,0.302734,4096,0.981197
2,2026-03-27T10:51:34.372831+00:00,EQE1,23,3.0,0.078613,4096,0.981197
2,2026-03-27T10:51:34.372831+00:00,EQE1,23,5.0,-0.096191,4096,0.981197
2,2026-03-27T10:51:34.372831+00:00,EQE1,24,1.0,0.292969,4096,0.981197
2,2026-03-27T10:51:34.372831+00:00,EQE1,24,3.0,0.092773,4096,0.981197
2,2026-03-27T10:51:34.372831+00:00,EQE1,24,5.0,-0.080078,4096,0.981197
2,2026-03-27T10:51:34.372831+00:00,EQE1,25,1.0,0.309570,4096,0.981197
2,2026-03-27T10:51:34.372831+00:00,EQE1,25,3.0,0.080078,4096,0.981197
2,2026-03-27T10:51:34.372831+00:00,EQE1,25,5.0,-0.090820,4096,0.981197
2,2026-03-27T10:51:34.372831+00:00,EQE1,26,1.0,0.270996,4096,0.981197
2,2026-03-27T10:51:34.372831+00:00,EQE1,26,3.0,0.080078,4096,0.981197
2,2026-03-27T10:51:34.372831+00:00,EQE1,26,5.0,-0.087891,4096,0.981197
2,2026-03-27T10:51:34.372831+00:00,EQE1,27,1.0,0.305176,4096,0.981197
2,2026-03-27T10:51:34.372831+00:00,EQE1,27,3.0,0.084473,4096,0.981197
2,2026-03-27T10:51:34.372831+00:00,EQE1,27,5.0,-0.095703,4096,0.981197
2,2026-03-27T10:51:34.372831+00:00,EQE1,28,1.0,0.303223,4096,0.981197
2,2026-03-27T10:51:34.372831+00:00,EQE1,28,3.0,0.110840,4096,0.981197
2,2026-03-27T10:51:34.372831+00:00,EQE1,28,5.0,-0.085449,4096,0.981197
2,2026-03-27T10:51:34.372831+00:00,EQE1,29,1.0,0.272949,4096,0.981197
2,2026-03-27T10:51:34.372831+00:00,EQE1,29,3.0,0.097656,4096,0.981197
2,2026-03-27T10:51:34.372831+00:00,EQE1,29,5.0,-0.120117,4096,0.981197
3,2026-03-27T11:21:34.286300+00:00,EQE1,0,1.0,0.273438,4096,0.981197
3,2026-03-27T11:21:34.286300+00:00,EQE1,0,3.0,0.060059,4096,0.981197
3,2026-03-27T11:21:34.286300+00:00,EQE1,0,5.0,-0.095703,4096,0.981197
3,2026-03-27T11:21:34.286300+00:00,EQE1,1,1.0,0.293457,4096,0.981197
3,2026-03-27T11:21:34.286300+00:00,EQE1,1,3.0,0.080078,4096,0.981197
3,2026-03-27T11:21:34.286300+00:00,EQE1,1,5.0,-0.102051,4096,0.981197
3,2026-03-27T11:21:34.286300+00:00,EQE1,2,1.0,0.281738,4096,0.981197
3,2026-03-27T11:21:34.286300+00:00,EQE1,2,3.0,0.090332,4096,0.981197
3,2026-03-27T11:21:34.286300+00:00,EQE1,2,5.0,-0.111816,4096,0.981197
3,2026-03-27T11:21:34.286300+00:00,EQE1,3,1.0,0.298828,4096,0.981197
3,2026-03-27T11:21:34.286300+00:00,EQE1,3,3.0,0.084961,4096,0.981197
3,2026-03-27T11:21:34.286300+00:00,EQE1,3,5.0,-0.081055,4096,0.981197
3,2026-03-27T11:21:34.286300+00:00,EQE1,4,1.0,0.276367,4096,0.981197
3,2026-03-27T11:21:34.286300+00:00,EQE1,4,3.0,0.083984,4096,0.981197
3,2026-03-27T11:21:34.286300+00:00,EQE1,4,5.0,-0.091797,4096,0.981197
3,2026-03-27T11:21:34.286300+00:00,EQE1,5,1.0,0.312988,4096,0.981197
3,2026-03-27T11:21:34.286300+00:00,EQE1,5,3.0,0.102539,4096,0.981197
3,2026-03-27T11:21:34.286300+00:00,EQE1,5,5.0,-0.100586,4096,0.981197
3,2026-03-27T11:21:34.286300+00:00,EQE1,6,1.0,0.310059,4096,0.981197
3,2026-03-27T11:21:34.286300+00:00,EQE1,6,3.0,0.078125,4096,0.981197
3,2026-03-27T11:21:34.286300+00:00,EQE1,6,5.0,-0.073730,4096,0.981197
3,2026-03-27T11:21:34.286300+00:00,EQE1,7,1.0,0.309082,4096,0.981197
3,2026-03-27T11:21:34.286300+00:00,EQE1,7,3.0,0.089355,4096,0.981197
3,2026-03-27T11:21:34.286300+00:00,EQE1,7,5.0,-0.117188,4096,0.981197
3,2026-03-27T11:21:34.286300+00:00,EQE1,8,1.0,0.274902,4096,0.981197
3,2026-03-27T11:21:34.286300+00:00,EQE1,8,3.0,0.071777,4096,0.981197
3,2026-03-27T11:21:34.286300+00:00,EQE1,8,5.0,-0.097168,4096,0.981197
3,2026-03-27T11:21:34.286300+00:00,EQE1,9,1.0,0.293945,4096,0.981197
3,2026-03-27T11:21:34.286300+00:00,EQE1,9,3.0,0.091797,4096,0.981197
3,2026-03-27T11:21:34.286300+00:00,EQE1,9,5.0,-0.107422,4096,0.981197
3,2026-03-27T11:21:34.286300+00:00,EQE1,10,1.0,0.270508,4096,0.981197
3,2026-03-27T11:21:34.286300+00:00,EQE1,10,3.0,0.085938,4096,0.981197
3,2026-03-27T11:21:34.286300+00:00,EQE1,10,5.0,-0.083984,4096,0.981197
3,2026-03-27T11:21:34.286300+00:00,EQE1,11,1.0,0.295410,4096,0.981197
3,2026-03-27T11:21:34.286300+00:00,EQE1,11,3.0,0.117188,4096,0.981197
3,2026-03-27T11:21:34.286300+00:00,EQE1,11,5.0,-0.116211,4096,0.981197
3,2026-03-27T11:21:34.286300+00:00,EQE1,12,1.0,0.295898,4096,0.981197
3,2026-03-27T11:21:34.286300+00:00,EQE1,12,3.0,0.103027,4096,0.981197
3,2026-03-27T11:21:34.286300+00:00,EQE1,12,5.0,-0.071777,4096,0.981197
3,2026-03-27T11:21:34.286300+00:00,EQE1,13,1.0,0.280762,4096,0.981197
3,2026-03-27T11:21:34.286300+00:00,EQE1,13,3.0,0.098633,4096,0.981197
3,2026-03-27T11:21:34.286300+00:00,EQE1,13,5.0,-0.096680,4096,0.981197
3,2026-03-27T11:21:34.286300+00:00,EQE1,14,1.0,0.295410,4096,0.981197
3,2026-03-27T11:21:34.286300+00:00,EQE1,14,3.0,0.085449,4096,0.981197
3,2026-03-27T11:21:34.286300+00:00,EQE1,14,5.0,-0.104492,4096,0.981197
3,2026-03-27T11:21:34.286300+00:00,EQE1,15,1.0,0.295410,4096,0.981197
3,2026-03-27T11:21:34.286300+00:00,EQE1,15,3.0,0.099121,4096,0.981197
3,2026-03-27T11:21:34.286300+00:00,EQE1,15,5.0,-0.089844,4096,0.981197
3,2026-03-27T11:21:34.286300+00:00,EQE1,16,1.0,0.270996,4096,0.981197
3,2026-03-27T11:21:34.286300+00:00,EQE1,16,3.0,0.104492,4096,0.981197
3,2026-03-27T11:21:34.286300+00:00,EQE1,16,5.0,-0.113770,4096,0.981197
3,2026-03-27T11:21:34.286300+00:00,EQE1,17,1.0,0.302734,4096,0.981197
3,2026-03-27T11:21:34.286300+00:00,EQE1,17,3.0,0.076660,4096,0.981197
3,2026-03-27T11:21:34.286300+00:00,EQE1,17,5.0,-0.082031,4096,0.981197
3,2026-03-27T11:21:34.286300+00:00,EQE1,18,1.0,0.312988,4096,0.981197
3,2026-03-27T11:21:34.286300+00:00,EQE1,18,3.0,0.091797,4096,0.981197
3,2026-03-27T11:21:34.286300+00:00,EQE1,18,5.0,-0.101074,4096,0.981197
3,2026-03-27T11:21:34.286300+00:00,EQE1,19,1.0,0.295898,4096,0.981197
3,2026-03-27T11:21:34.286300+00:00,EQE1,19,3.0,0.068848,4096,0.981197
3,2026-03-27T11:21:34.286300+00:00,EQE1,19,5.0,-0.112305,4096,0.981197
3,2026-03-27T11:21:34.286300+00:00,EQE1,20,1.0,0.295410,4096,0.981197
3,2026-03-27T11:21:34.286300+00:00,EQE1,20,3.0,0.089355,4096,0.981197
3,2026-03-27T11:21:34.286300+00:00,EQE1,20,5.0,-0.091797,4096,0.981197
3,2026-03-27T11:21:34.286300+00:00,EQE1,21,1.0,0.306641,4096,0.981197
3,2026-03-27T11:21:34.286300+00:00,EQE1,21,3.0,0.088867,4096,0.981197
3,2026-03-27T11:21:34.286300+00:00,EQE1,21,5.0,-0.081543,4096,0.981197
3,2026-03-27T11:21:34.286300+00:00,EQE1,22,1.0,0.276855,4096,0.981197
3,2026-03-27T11:21:34.286300+00:00,EQE1,22,3.0,0.090820,4096,0.981197
3,2026-03-27T11:21:34.286300+00:00,EQE1,22,5.0,-0.099609,4096,0.981197
3,2026-03-27T11:21:34.286300+00:00,EQE1,23,1.0,0.293945,4096,0.981197
3,2026-03-27T11:21:34.286300+00:00,EQE1,23,3.0,0.088867,4096,0.981197
3,2026-03-27T11:21:34.286300+00:00,EQE1,23,5.0,-0.077148,4096,0.981197
3,2026-03-27T11:21:34.286300+00:00,EQE1,24,1.0,0.294434,4096,0.981197
3,2026-03-27T11:21:34.286300+00:00,EQE1,24,3.0,0.075195,4096,0.981197
3,2026-03-27T11:21:34.286300+00:00,EQE1,24,5.0,-0.087891,4096,0.981197
3,2026-03-27T11:21:34.286300+00:00,EQE1,25,1.0,0.288086,4096,0.981197
3,2026-03-27T11:21:34.286300+00:00,EQE1,25,3.0,0.107910,4096,0.981197
3,2026-03-27T11:21:34.286300+00:00,EQE1,25,5.0,-0.123535,4096,0.981197
3,2026-03-27T11:21:34.286300+00:00,EQE1,26,1.0,0.285156,4096,0.981197
3,2026-03-27T11:21:34.286300+00:00,EQE1,26,3.0,0.092285,4096,0.981197
3,2026-03-27T11:21:34.286300+00:00,EQE1,26,5.0,-0.097656,4096,0.981197
3,2026-03-27T11:21:34.286300+00:00,EQE1,27,1.0,0.296387,4096,0.981197
3,2026-03-27T11:21:34.286300+00:00,EQE1,27,3.0,0.079102,4096,0.981197
3,2026-03-27T11:21:34.286300+00:00,EQE1,27,5.0,-0.106445,4096,0.981197
3,2026-03-27T11:21:34.286300+00:00,EQE1,28,1.0,0.289062,4096,0.981197
3,2026-03-27T11:21:34.286300+00:00,EQE1,28,3.0,0.080566,4096,0.981197
3,2026-03-27T11:21:34.286300+00:00,EQE1,28,5.0,-0.137207,4096,0.981197
3,2026-03-27T11:21:34.286300+00:00,EQE1,29,1.0,0.293945,4096,0.981197
3,2026-03-27T11:21:34.286300+00:00,EQE1,29,3.0,0.058594,4096,0.981197
3,2026-03-27T11:21:34.286300+00:00,EQE1,29,5.0,-0.094727,4096,0.981197
4,2026-03-27T11:51:34.372875+00:00,EQE1,0,1.0,0.288086,4096,0.981197
4,2026-03-27T11:51:34.372875+00:00,EQE1,0,3.0,0.101074,4096,0.981197
4,2026-03-27T11:51:34.372875+00:00,EQE1,0,5.0,-0.078125,4096,0.981197
4,2026-03-27T11:51:34.372875+00:00,EQE1,1,1.0,0.318359,4096,0.981197
4,2026-03-27T11:51:34.372875+00:00,EQE1,1,3.0,0.095703,4096,0.981197
4,2026-03-27T11:51:34.372875+00:00,EQE1,1,5.0,-0.094238,4096,0.981197
4,2026-03-27T11:51:34.372875+00:00,EQE1,2,1.0,0.308105,4096,0.981197
4,2026-03-27T11:51:34.372875+00:00,EQE1,2,3.0,0.083984,4096,0.981197
4,2026-03-27T11:51:34.372875+00:00,EQE1,2,5.0,-0.081055,4096,0.981197
4,2026-03-27T11:51:34.372875+00:00,EQE1,3,1.0,0.312988,4096,0.981197
4,2026-03-27T11:51:34.372875+00:00,EQE1,3,3.0,0.086426,4096,0.981197
4,2026-03-27T11:51:34.372875+00:00,EQE1,3,5.0,-0.112305,4096,0.981197
4,2026-03-27T11:51:34.372875+00:00,EQE1,4,1.0,0.282227,4096,0.981197
4,2026-03-27T11:51:34.372875+00:00,EQE1,4,3.0,0.106445,4096,0.981197
4,2026-03-27T11:51:34.372875+00:00,EQE1,4,5.0,-0.092773,4096,0.981197
4,2026-03-27T11:51:34.372875+00:00,EQE1,5,1.0,0.294434,4096,0.981197
4,2026-03-27T11:51:34.372875+00:00,EQE1,5,3.0,0.074219,4096,0.981197
4,2026-03-27T11:51:34.372875+00:00,EQE1,5,5.0,-0.125000,4096,0.981197
4,2026-03-27T11:51:34.372875+00:00,EQE1,6,1.0,0.270508,4096,0.981197
4,2026-03-27T11:51:34.372875+00:00,EQE1,6,3.0,0.101074,4096,0.981197
4,2026-03-27T11:51:34.372875+00:00,EQE1,6,5.0,-0.081543,4096,0.981197
4,2026-03-27T11:51:34.372875+00:00,EQE1,7,1.0,0.298828,4096,0.981197
4,2026-03-27T11:51:34.372875+00:00,EQE1,7,3.0,0.080566,4096,0.981197
4,2026-03-27T11:51:34.372875+00:00,EQE1,7,5.0,-0.109375,4096,0.981197
4,2026-03-27T11:51:34.372875+00:00,EQE1,8,1.0,0.290039,4096,0.981197
4,2026-03-27T11:51:34.372875+00:00,EQE1,8,3.0,0.104492,4096,0.981197
4,2026-03-27T11:51:34.372875+00:00,EQE1,8,5.0,-0.117188,4096,0.981197
4,2026-03-27T11:51:34.372875+00:00,EQE1,9,1.0,0.295898,4096,0.981197
4,2026-03-27T11:51:34.372875+00:00,EQE1,9,3.0,0.087402,4096,0.981197
4,2026-03-27T11:51:34.372875+00:00,EQE1,9,5.0,-0.075684,4096,0.981197
4,2026-03-27T11:51:34.372875+00:00,EQE1,10,1.0,0.282227,4096,0.981197
4,2026-03-27T11:51:34.372875+00:00,EQE1,10,3.0,0.053223,4096,0.981197
4,2026-03-27T11:51:34.372875+00:00,EQE1,10,5.0,-0.098145,4096,0.981197
4,2026-03-27T11:51:34.372875+00:00,EQE1,11,1.0,0.316895,4096,0.981197
4,2026-03-27T11:51:34.372875+00:00,EQE1,11,3.0,0.088379,4096,0.981197
4,2026-03-27T11:51:34.372875+00:00,EQE1,11,5.0,-0.101074,4096,0.981197
4,2026-03-27T11:51:34.372875+00:00,EQE1,12,1.0,0.296875,4096,0.981197
4,2026-03-27T11:51:34.372875+00:00,EQE1,12,3.0,0.054199,4096,0.981197
4,2026-03-27T11:51:34.372875+00:00,EQE1,12,5.0,-0.091797,4096,0.981197
4,2026-03-27T11:51:34.372875+00:00,EQE1,13,1.0,0.300293,4096,0.981197
4,2026-03-27T11:51:34.372875+00:00,EQE1,13,3.0,0.064941,4096,0.981197
4,2026-03-27T11:51:34.372875+00:00,EQE1,13,5.0,-0.091797,4096,0.981197
4,2026-03-27T11:51:34.372875+00:00,EQE1,14,1.0,0.280762,4096,0.981197
4,2026-03-27T11:51:34.372875+00:00,EQE1,14,3.0,0.083008,4096,0.981197
4,2026-03-27T11:51:34.372875+00:00,EQE1,14,5.0,-0.094238,4096,0.981197
4,2026-03-27T11:51:34.372875+00:00,EQE1,15,1.0,0.299316,4096,0.981197
4,2026-03-27T11:51:34.372875+00:00,EQE1,15,3.0,0.104492,4096,0.981197
4,2026-03-27T11:51:34.372875+00:00,EQE1,15,5.0,-0.084473,4096,0.981197
4,2026-03-27T11:51:34.372875+00:00,EQE1,16,1.0,0.313477,4096,0.981197
4,2026-03-27T11:51:34.372875+00:00,EQE1,16,3.0,0.097168,4096,0.981197
4,2026-03-27T11:51:34.372875+00:00,EQE1,16,5.0,-0.120117,4096,0.981197
4,2026-03-27T11:51:34.372875+00:00,EQE1,17,1.0,0.303223,4096,0.981197
4,2026-03-27T11:51:34.372875+00:00,EQE1,17,3.0,0.052734,4096,0.981197
4,2026-03-27T11:51:34.372875+00:00,EQE1,17,5.0,-0.090820,4096,0.981197
4,2026-03-27T11:51:34.372875+00:00,EQE1,18,1.0,0.282227,4096,0.981197
4,2026-03-27T11:51:34.372875+00:00,EQE1,18,3.0,0.084473,4096,0.981197
4,2026-03-27T11:51:34.372875+00:00,EQE1,18,5.0,-0.067871,4096,0.981197
4,2026-03-27T11:51:34.372875+00:00,EQE1,19,1.0,0.317871,4096,0.981197
4,2026-03-27T11:51:34.372875+00:00,EQE1,19,3.0,0.068359,4096,0.981197
4,2026-03-27T11:51:34.372875+00:00,EQE1,19,5.0,-0.094727,4096,0.981197
4,2026-03-27T11:51:34.372875+00:00,EQE1,20,1.0,0.284668,4096,0.981197
4,2026-03-27T11:51:34.372875+00:00,EQE1,20,3.0,0.062988,4096,0.981197
4,2026-03-27T11:51:34.372875+00:00,EQE1,20,5.0,-0.095215,4096,0.981197
4,2026-03-27T11:51:34.372875+00:00,EQE1,21,1.0,0.294922,4096,0.981197
4,2026-03-27T11:51:34.372875+00:00,EQE1,21,3.0,0.100586,4096,0.981197
4,2026-03-27T11:51:34.372875+00:00,EQE1,21,5.0,-0.104492,4096,0.981197
4,2026-03-27T11:51:34.372875+00:00,EQE1,22,1.0,0.287109,4096,0.981197
4,2026-03-27T11:51:34.372875+00:00,EQE1,22,3.0,0.102539,4096,0.981197
4,2026-03-27T11:51:34.372875+00:00,EQE1,22,5.0,-0.105469,4096,0.981197
4,2026-03-27T11:51:34.372875+00:00,EQE1,23,1.0,0.306641,4096,0.981197
4,2026-03-27T11:51:34.372875+00:00,EQE1,23,3.0,0.097168,4096,0.981197
4,2026-03-27T11:51:34.372875+00:00,EQE1,23,5.0,-0.109863,4096,0.981197
4,2026-03-27T11:51:34.372875+00:00,EQE1,24,1.0,0.279297,4096,0.981197
4,2026-03-27T11:51:34.372875+00:00,EQE1,24,3.0,0.108887,4096,0.981197
4,2026-03-27T11:51:34.372875+00:00,EQE1,24,5.0,-0.096680,4096,0.981197
4,2026-03-27T11:51:34.372875+00:00,EQE1,25,1.0,0.290039,4096,0.981197
4,2026-03-27T11:51:34.372875+00:00,EQE1,25,3.0,0.101074,4096,0.981197
4,2026-03-27T11:51:34.372875+00:00,EQE1,25,5.0,-0.082520,4096,0.981197
4,2026-03-27T11:51:34.372875+00:00,EQE1,26,1.0,0.281250,4096,0.981197
4,2026-03-27T11:51:34.372875+00:00,EQE1,26,3.0,0.070312,4096,0.981197
4,2026-03-27T11:51:34.372875+00:00,EQE1,26,5.0,-0.101562,4096,0.981197
4,2026-03-27T11:51:34.372875+00:00,EQE1,27,1.0,0.305176,4096,0.981197
4,2026-03-27T11:51:34.372875+00:00,EQE1,27,3.0,0.106934,4096,0.981197
4,2026-03-27T11:51:34.372875+00:00,EQE1,27,5.0,-0.105469,4096,0.981197
4,2026-03-27T11:51:34.372875+00:00,EQE1,28,1.0,0.306641,4096,0.981197
4,2026-03-27T11:51:34.372875+00:00,EQE1,28,3.0,0.059082,4096,0.981197
4,2026-03-27T11:51:34.372875+00:00,EQE1,28,5.0,-0.088867,4096,0.981197
4,2026-03-27T11:51:34.372875+00:00,EQE1,29,1.0,0.281738,4096,0.981197
4,2026-03-27T11:51:34.372875+00:00,EQE1,29,3.0,0.099609,4096,0.981197
4,2026-03-27T11:51:34.372875+00:00,EQE1,29,5.0,-0.098633,4096,0.981197
5,2026-03-27T12:21:34.372878+00:00,EQE1,0,1.0,0.301270,4096,0.981197
5,2026-03-27T12:21:34.372878+00:00,EQE1,0,3.0,0.099609,4096,0.981197
5,2026-03-27T12:21:34.372878+00:00,EQE1,0,5.0,-0.116211,4096,0.981197
5,2026-03-27T12:21:34.372878+00:00,EQE1,1,1.0,0.275391,4096,0.981197
5,2026-03-27T12:21:34.372878+00:00,EQE1,1,3.0,0.112793,4096,0.981197
5,2026-03-27T12:21:34.372878+00:00,EQE1,1,5.0,-0.107422,4096,0.981197
5,2026-03-27T12:21:34.372878+00:00,EQE1,2,1.0,0.280273,4096,0.981197
5,2026-03-27T12:21:34.372878+00:00,EQE1,2,3.0,0.108398,4096,0.981197
5,2026-03-27T12:21:34.372878+00:00,EQE1,2,5.0,-0.070801,4096,0.981197
5,2026-03-27T12:21:34.372878+00:00,EQE1,3,1.0,0.289551,4096,0.981197
5,2026-03-27T12:21:34.372878+00:00,EQE1,3,3.0,0.072754,4096,0.981197
5,2026-03-27T12:21:34.372878+00:00,EQE1,3,5.0,-0.092285,4096,0.981197
5,2026-03-27T12:21:34.372878+00:00,EQE1,4,1.0,0.275391,4096,0.981197
5,2026-03-27T12:21:34.372878+00:00,EQE1,4,3.0,0.088867,4096,0.981197
5,2026-03-27T12:21:34.372878+00:00,EQE1,4,5.0,-0.078613,4096,0.981197
5,2026-03-27T12:21:34.372878+00:00,EQE1,5,1.0,0.279297,4096,0.981197
5,2026-03-27T12:21:34.372878+00:00,EQE1,5,3.0,0.103516,4096,0.981197
5,2026-03-27T12:21:34.372878+00:00,EQE1,5,5.0,-0.104492,4096,0.981197
5,2026-03-27T12:21:34.372878+00:00,EQE1,6,1.0,0.312012,4096,0.981197
5,2026-03-27T12:21:34.372878+00:00,EQE1,6,3.0,0.105957,4096,0.981197
5,2026-03-27T12:21:34.372878+00:00,EQE1,6,5.0,-0.087402,4096,0.981197
5,2026-03-27T12:21:34.372878+00:00,EQE1,7,1.0,0.301270,4096,0.981197
5,2026-03-27T12:21:34.372878+00:00,EQE1,7,3.0,0.096191,4096,0.981197
5,2026-03-27T12:21:34.372878+00:00,EQE1,7,5.0,-0.106934,4096,0.981197
5,2026-03-27T12:21:34.372878+00:00,EQE1,8,1.0,0.305176,4096,0.981197
5,2026-03-27T12:21:34.372878+00:00,EQE1,8,3.0,0.113281,4096,0.981197
5,2026-03-27T12:21:34.372878+00:00,EQE1,8,5.0,-0.060059,4096,0.981197
5,2026-03-27T12:21:34.372878+00:00,EQE1,9,1.0,0.293457,4096,0.981197
5,2026-03-27T12:21:34.372878+00:00,EQE1,9,3.0,0.107910,4096,0.981197
5,2026-03-27T12:21:34.372878+00:00,EQE1,9,5.0,-0.089844,4096,0.981197
5,2026-03-27T12:21:34.372878+00:00,EQE1,10,1.0,0.306641,4096,0.981197
5,2026-03-27T12:21:34.372878+00:00,EQE1,10,3.0,0.083008,4096,0.981197
5,2026-03-27T12:21:34.372878+00:00,EQE1,10,5.0,-0.093262,4096,0.981197
5,2026-03-27T12:21:34.372878+00:00,EQE1,11,1.0,0.300293,4096,0.981197
5,2026-03-27T12:21:34.372878+00:00,EQE1,11,3.0,0.080566,4096,0.981197
5,2026-03-27T12:21:34.372878+00:00,EQE1,11,5.0,-0.080078,4096,0.981197
5,2026-03-27T12:21:34.372878+00:00,EQE1,12,1.0,0.302246,4096,0.981197
5,2026-03-27T12:21:34.372878+00:00,EQE1,12,3.0,0.097656,4096,0.981197
5,2026-03-27T12:21:34.372878+00:00,EQE1,12,5.0,-0.080078,4096,0.981197
5,2026-03-27T12:21:34.372878+00:00,EQE1,13,1.0,0.284668,4096,0.981197
5,2026-03-27T12:21:34.372878+00:00,EQE1,13,3.0,0.086426,4096,0.981197
5,2026-03-27T12:21:34.372878+00:00,EQE1,13,5.0,-0.097168,4096,0.981197
5,2026-03-27T12:21:34.372878+00:00,EQE1,14,1.0,0.322754,4096,0.981197
5,2026-03-27T12:21:34.372878+00:00,EQE1,14,3.0,0.097168,4096,0.981197
5,2026-03-27T12:21:34.372878+00:00,EQE1,14,5.0,-0.078613,4096,0.981197
5,2026-03-27T12:21:34.372878+00:00,EQE1,15,1.0,0.303223,4096,0.981197
5,2026-03-27T12:21:34.372878+00:00,EQE1,15,3.0,0.120117,4096,0.981197
5,2026-03-27T12:21:34.372878+00:00,EQE1,15,5.0,-0.093750,4096,0.981197
5,2026-03-27T12:21:34.372878+00:00,EQE1,16,1.0,0.301758,4096,0.981197
5,2026-03-27T12:21:34.372878+00:00,EQE1,16,3.0,0.090332,4096,0.981197
5,2026-03-27T12:21:34.372878+00:00,EQE1,16,5.0,-0.091797,4096,0.981197
5,2026-03-27T12:21:34.372878+00:00,EQE1,17,1.0,0.284668,4096,0.981197
5,2026-03-27T12:21:34.372878+00:00,EQE1,17,3.0,0.098145,4096,0.981197
5,2026-03-27T12:21:34.372878+00:00,EQE1,17,5.0,-0.082031,4096,0.981197
5,2026-03-27T12:21:34.372878+00:00,EQE1,18,1.0,0.274414,4096,0.981197
5,2026-03-27T12:21:34.372878+00:00,EQE1,18,3.0,0.071289,4096,0.981197
5,2026-03-27T12:21:34.372878+00:00,EQE1,18,5.0,-0.119141,4096,0.981197
5,2026-03-27T12:21:34.372878+00:00,EQE1,19,1.0,0.293945,4096,0.981197
5,2026-03-27T12:21:34.372878+00:00,EQE1,19,3.0,0.082031,4096,0.981197
5,2026-03-27T12:21:34.372878+00:00,EQE1,19,5.0,-0.110352,4096,0.981197
5,2026-03-27T12:21:34.372878+00:00,EQE1,20,1.0,0.303223,4096,0.981197
5,2026-03-27T12:21:34.372878+00:00,EQE1,20,3.0,0.055176,4096,0.981197
5,2026-03-27T12:21:34.372878+00:00,EQE1,20,5.0,-0.114746,4096,0.981197
5,2026-03-27T12:21:34.372878+00:00,EQE1,21,1.0,0.296387,4096,0.981197
5,2026-03-27T12:21:34.372878+00:00,EQE1,21,3.0,0.083496,4096,0.981197
5,2026-03-27T12:21:34.372878+00:00,EQE1,21,5.0,-0.088867,4096,0.981197
5,2026-03-27T12:21:34.372878+00:00,EQE1,22,1.0,0.310547,4096,0.981197
5,2026-03-27T12:21:34.372878+00:00,EQE1,22,3.0,0.105957,4096,0.981197
5,2026-03-27T12:21:34.372878+00:00,EQE1,22,5.0,-0.082031,4096,0.981197
5,2026-03-27T12:21:34.372878+00:00,EQE1,23,1.0,0.302734,4096,0.981197
5,2026-03-27T12:21:34.372878+00:00,EQE1,23,3.0,0.088379,4096,0.981197
5,2026-03-27T12:21:34.372878+00:00,EQE1,23,5.0,-0.110352,4096,0.981197
5,2026-03-27T12:21:34.372878+00:00,EQE1,24,1.0,0.309082,4096,0.981197
5,2026-03-27T12:21:34.372878+00:00,EQE1,24,3.0,0.103027,4096,0.981197
5,2026-03-27T12:21:34.372878+00:00,EQE1,24,5.0,-0.118164,4096,0.981197
5,2026-03-27T12:21:34.372878+00:00,EQE1,25,1.0,0.272949,4096,0.981197
5,2026-03-27T12:21:34.372878+00:00,EQE1,25,3.0,0.076172,4096,0.981197
5,2026-03-27T12:21:34.372878+00:00,EQE1,25,5.0,-0.096680,4096,0.981197
5,2026-03-27T12:21:34.372878+00:00,EQE1,26,1.0,0.265625,4096,0.981197
5,2026-03-27T12:21:34.372878+00:00,EQE1,26,3.0,0.109375,4096,0.981197
5,2026-03-27T12:21:34.372878+00:00,EQE1,26,5.0,-0.093750,4096,0.981197
5,2026-03-27T12:21:34.372878+00:00,EQE1,27,1.0,0.284180,4096,0.981197
5,2026-03-27T12:21:34.372878+00:00,EQE1,27,3.0,0.075195,4096,0.981197
5,2026-03-27T12:21:34.372878+00:00,EQE1,27,5.0,-0.098633,4096,0.981197
5,2026-03-27T12:21:34.372878+00:00,EQE1,28,1.0,0.307129,4096,0.981197
5,2026-03-27T12:21:34.372878+00:00,EQE1,28,3.0,0.090820,4096,0.981197
5,2026-03-27T12:21:34.372878+00:00,EQE1,28,5.0,-0.078125,4096,0.981197
5,2026-03-27T12:21:34.372878+00:00,EQE1,29,1.0,0.281738,4096,0.981197
5,2026-03-27T12:21:34.372878+00:00,EQE1,29,3.0,0.045898,4096,0.981197
5,2026-03-27T12:21:34.372878+00:00,EQE1,29,5.0,-0.124023,4096,0.981197
6,2026-03-27T12:51:34.370254+00:00,EQE1,0,1.0,0.297363,4096,0.981197
6,2026-03-27T12:51:34.370254+00:00,EQE1,0,3.0,0.100098,4096,0.981197
6,2026-03-27T12:51:34.370254+00:00,EQE1,0,5.0,-0.096191,4096,0.981197
6,2026-03-27T12:51:34.370254+00:00,EQE1,1,1.0,0.298340,4096,0.981197
6,2026-03-27T12:51:34.370254+00:00,EQE1,1,3.0,0.118652,4096,0.981197
6,2026-03-27T12:51:34.370254+00:00,EQE1,1,5.0,-0.099609,4096,0.981197
6,2026-03-27T12:51:34.370254+00:00,EQE1,2,1.0,0.288574,4096,0.981197
6,2026-03-27T12:51:34.370254+00:00,EQE1,2,3.0,0.063965,4096,0.981197
6,2026-03-27T12:51:34.370254+00:00,EQE1,2,5.0,-0.081055,4096,0.981197
6,2026-03-27T12:51:34.370254+00:00,EQE1,3,1.0,0.311035,4096,0.981197
6,2026-03-27T12:51:34.370254+00:00,EQE1,3,3.0,0.089355,4096,0.981197
6,2026-03-27T12:51:34.370254+00:00,EQE1,3,5.0,-0.067871,4096,0.981197
6,2026-03-27T12:51:34.370254+00:00,EQE1,4,1.0,0.276855,4096,0.981197
6,2026-03-27T12:51:34.370254+00:00,EQE1,4,3.0,0.073242,4096,0.981197
6,2026-03-27T12:51:34.370254+00:00,EQE1,4,5.0,-0.095703,4096,0.981197
6,2026-03-27T12:51:34.370254+00:00,EQE1,5,1.0,0.273926,4096,0.981197
6,2026-03-27T12:51:34.370254+00:00,EQE1,5,3.0,0.091797,4096,0.981197
6,2026-03-27T12:51:34.370254+00:00,EQE1,5,5.0,-0.064453,4096,0.981197
6,2026-03-27T12:51:34.370254+00:00,EQE1,6,1.0,0.324219,4096,0.981197
6,2026-03-27T12:51:34.370254+00:00,EQE1,6,3.0,0.093750,4096,0.981197
6,2026-03-27T12:51:34.370254+00:00,EQE1,6,5.0,-0.061523,4096,0.981197
6,2026-03-27T12:51:34.370254+00:00,EQE1,7,1.0,0.277832,4096,0.981197
6,2026-03-27T12:51:34.370254+00:00,EQE1,7,3.0,0.120117,4096,0.981197
6,2026-03-27T12:51:34.370254+00:00,EQE1,7,5.0,-0.110352,4096,0.981197
6,2026-03-27T12:51:34.370254+00:00,EQE1,8,1.0,0.290039,4096,0.981197
6,2026-03-27T12:51:34.370254+00:00,EQE1,8,3.0,0.080078,4096,0.981197
6,2026-03-27T12:51:34.370254+00:00,EQE1,8,5.0,-0.113770,4096,0.981197
6,2026-03-27T12:51:34.370254+00:00,EQE1,9,1.0,0.301758,4096,0.981197
6,2026-03-27T12:51:34.370254+00:00,EQE1,9,3.0,0.082520,4096,0.981197
6,2026-03-27T12:51:34.370254+00:00,EQE1,9,5.0,-0.065918,4096,0.981197
6,2026-03-27T12:51:34.370254+00:00,EQE1,10,1.0,0.311035,4096,0.981197
6,2026-03-27T12:51:34.370254+00:00,EQE1,10,3.0,0.120117,4096,0.981197
6,2026-03-27T12:51:34.370254+00:00,EQE1,10,5.0,-0.099609,4096,0.981197
6,2026-03-27T12:51:34.370254+00:00,EQE1,11,1.0,0.304688,4096,0.981197
6,2026-03-27T12:51:34.370254+00:00,EQE1,11,3.0,0.083984,4096,0.981197
6,2026-03-27T12:51:34.370254+00:00,EQE1,11,5.0,-0.089844,4096,0.981197
6,2026-03-27T12:51:34.370254+00:00,EQE1,12,1.0,0.285645,4096,0.981197
6,2026-03-27T12:51:34.370254+00:00,EQE1,12,3.0,0.089844,4096,0.981197
6,2026-03-27T12:51:34.370254+00:00,EQE1,12,5.0,-0.119141,4096,0.981197
6,2026-03-27T12:51:34.370254+00:00,EQE1,13,1.0,0.297363,4096,0.981197
6,2026-03-27T12:51:34.370254+00:00,EQE1,13,3.0,0.110352,4096,0.981197
6,2026-03-27T12:51:34.370254+00:00,EQE1,13,5.0,-0.109375,4096,0.981197
6,2026-03-27T12:51:34.370254+00:00,EQE1,14,1.0,0.309570,4096,0.981197
6,2026-03-27T12:51:34.370254+00:00,EQE1,14,3.0,0.068848,4096,0.981197
6,2026-03-27T12:51:34.370254+00:00,EQE1,14,5.0,-0.113281,4096,0.981197
6,2026-03-27T12:51:34.370254+00:00,EQE1,15,1.0,0.309082,4096,0.981197
6,2026-03-27T12:51:34.370254+00:00,EQE1,15,3.0,0.080566,4096,0.981197
6,2026-03-27T12:51:34.370254+00:00,EQE1,15,5.0,-0.079102,4096,0.981197
6,2026-03-27T12:51:34.370254+00:00,EQE1,16,1.0,0.304199,4096,0.981197
6,2026-03-27T12:51:34.370254+00:00,EQE1,16,3.0,0.086914,4096,0.981197
6,2026-03-27T12:51:34.370254+00:00,EQE1,16,5.0,-0.077148,4096,0.981197
6,2026-03-27T12:51:34.370254+00:00,EQE1,17,1.0,0.299805,4096,0.981197
6,2026-03-27T12:51:34.370254+00:00,EQE1,17,3.0,0.099609,4096,0.981197
6,2026-03-27T12:51:34.370254+00:00,EQE1,17,5.0,-0.090820,4096,0.981197
6,2026-03-27T12:51:34.370254+00:00,EQE1,18,1.0,0.295898,4096,0.981197
6,2026-03-27T12:51:34.370254+00:00,EQE1,18,3.0,0.110840,4096,0.981197
6,2026-03-27T12:51:34.370254+00:00,EQE1,18,5.0,-0.086914,4096,0.981197
6,2026-03-27T12:51:34.370254+00:00,EQE1,19,1.0,0.310547,4096,0.981197
6,2026-03-27T12:51:34.370254+00:00,EQE1,19,3.0,0.068359,4096,0.981197
6,2026-03-27T12:51:34.370254+00:00,EQE1,19,5.0,-0.097656,4096,0.981197
6,2026-03-27T12:51:34.370254+00:00,EQE1,20,1.0,0.304688,4096,0.981197
6,2026-03-27T12:51:34.370254+00:00,EQE1,20,3.0,0.129883,4096,0.981197
6,2026-03-27T12:51:34.370254+00:00,EQE1,20,5.0,-0.083984,4096,0.981197
6,2026-03-27T12:51:34.370254+00:00,EQE1,21,1.0,0.290039,4096,0.981197
6,2026-03-27T12:51:34.370254+00:00,EQE1,21,3.0,0.086426,4096,0.981197
6,2026-03-27T12:51:34.370254+00:00,EQE1,21,5.0,-0.062988,4096,0.981197
6,2026-03-27T12:51:34.370254+00:00,EQE1,22,1.0,0.295898,4096,0.981197
6,2026-03-27T12:51:34.370254+00:00,EQE1,22,3.0,0.094238,4096,0.981197
6,2026-03-27T12:51:34.370254+00:00,EQE1,22,5.0,-0.101562,4096,0.981197
6,2026-03-27T12:51:34.370254+00:00,EQE1,23,1.0,0.274414,4096,0.981197
6,2026-03-27T12:51:34.370254+00:00,EQE1,23,3.0,0.069824,4096,0.981197
6,2026-03-27T12:51:34.370254+00:00,EQE1,23,5.0,-0.105469,4096,0.981197
6,2026-03-27T12:51:34.370254+00:00,EQE1,24,1.0,0.274414,4096,0.981197
6,2026-03-27T12:51:34.370254+00:00,EQE1,24,3.0,0.098145,4096,0.981197
6,2026-03-27T12:51:34.370254+00:00,EQE1,24,5.0,-0.103516,4096,0.981197
6,2026-03-27T12:51:34.370254+00:00,EQE1,25,1.0,0.304688,4096,0.981197
6,2026-03-27T12:51:34.370254+00:00,EQE1,25,3.0,0.111328,4096,0.981197
6,2026-03-27T12:51:34.370254+00:00,EQE1,25,5.0,-0.115723,4096,0.981197
6,2026-03-27T12:51:34.370254+00:00,EQE1,26,1.0,0.294434,4096,0.981197
6,2026-03-27T12:51:34.370254+00:00,EQE1,26,3.0,0.078613,4096,0.981197
6,2026-03-27T12:51:34.370254+00:00,EQE1,26,5.0,-0.064941,4096,0.981197
6,2026-03-27T12:51:34.370254+00:00,EQE1,27,1.0,0.302246,4096,0.981197
6,2026-03-27T12:51:34.370254+00:00,EQE1,27,3.0,0.095703,4096,0.981197
6,2026-03-27T12:51:34.370254+00:00,EQE1,27,5.0,-0.087891,4096,0.981197
6,2026-03-27T12:51:34.370254+00:00,EQE1,28,1.0,0.297852,4096,0.981197
6,2026-03-27T12:51:34.370254+00:00,EQE1,28,3.0,0.085938,4096,0.981197
6,2026-03-27T12:51:34.370254+00:00,EQE1,28,5.0,-0.118164,4096,0.981197
6,2026-03-27T12:51:34.370254+00:00,EQE1,29,1.0,0.273438,4096,0.981197
6,2026-03-27T12:51:34.370254+00:00,EQE1,29,3.0,0.095703,4096,0.981197
6,2026-03-27T12:51:34.370254+00:00,EQE1,29,5.0,-0.109375,4096,0.981197
7,2026-03-27T13:21:34.372834+00:00,EQE1,0,1.0,0.283691,4096,0.981197
7,2026-03-27T13:21:34.372834+00:00,EQE1,0,3.0,0.081543,4096,0.981197
7,2026-03-27T13:21:34.372834+00:00,EQE1,0,5.0,-0.068848,4096,0.981197
7,2026-03-27T13:21:34.372834+00:00,EQE1,1,1.0,0.292969,4096,0.981197
7,2026-03-27T13:21:34.372834+00:00,EQE1,1,3.0,0.089844,4096,0.981197
7,2026-03-27T13:21:34.372834+00:00,EQE1,1,5.0,-0.083984,4096,0.981197
7,2026-03-27T13:21:34.372834+00:00,EQE1,2,1.0,0.323242,4096,0.981197
7,2026-03-27T13:21:34.372834+00:00,EQE1,2,3.0,0.064453,4096,0.981197
7,2026-03-27T13:21:34.372834+00:00,EQE1,2,5.0,-0.143066,4096,0.981197
7,2026-03-27T13:21:34.372834+00:00,EQE1,3,1.0,0.293945,4096,0.981197
7,2026-03-27T13:21:34.372834+00:00,EQE1,3,3.0,0.102539,4096,0.981197
7,2026-03-27T13:21:34.372834+00:00,EQE1,3,5.0,-0.109375,4096,0.981197
7,2026-03-27T13:21:34.372834+00:00,EQE1,4,1.0,0.314941,4096,0.981197
7,2026-03-27T13:21:34.372834+00:00,EQE1,4,3.0,0.091797,4096,0.981197
7,2026-03-27T13:21:34.372834+00:00,EQE1,4,5.0,-0.066895,4096,0.981197
7,2026-03-27T13:21:34.372834+00:00,EQE1,5,1.0,0.311035,4096,0.981197
7,2026-03-27T13:21:34.372834+00:00,EQE1,5,3.0,0.084473,4096,0.981197
7,2026-03-27T13:21:34.372834+00:00,EQE1,5,5.0,-0.118164,4096,0.981197
7,2026-03-27T13:21:34.372834+00:00,EQE1,6,1.0,0.325195,4096,0.981197
7,2026-03-27T13:21:34.372834+00:00,EQE1,6,3.0,0.063477,4096,0.981197
7,2026-03-27T13:21:34.372834+00:00,EQE1,6,5.0,-0.124512,4096,0.981197
7,2026-03-27T13:21:34.372834+00:00,EQE1,7,1.0,0.312012,4096,0.981197
7,2026-03-27T13:21:34.372834+00:00,EQE1,7,3.0,0.090820,4096,0.981197
7,2026-03-27T13:21:34.372834+00:00,EQE1,7,5.0,-0.101074,4096,0.981197
7,2026-03-27T13:21:34.372834+00:00,EQE1,8,1.0,0.318359,4096,0.981197
7,2026-03-27T13:21:34.372834+00:00,EQE1,8,3.0,0.089355,4096,0.981197
7,2026-03-27T13:21:34.372834+00:00,EQE1,8,5.0,-0.094727,4096,0.981197
7,2026-03-27T13:21:34.372834+00:00,EQE1,9,1.0,0.320312,4096,0.981197
7,2026-03-27T13:21:34.372834+00:00,EQE1,9,3.0,0.128418,4096,0.981197
7,2026-03-27T13:21:34.372834+00:00,EQE1,9,5.0,-0.084961,4096,0.981197
7,2026-03-27T13:21:34.372834+00:00,EQE1,10,1.0,0.327148,4096,0.981197
7,2026-03-27T13:21:34.372834+00:00,EQE1,10,3.0,0.103516,4096,0.981197
7,2026-03-27T13:21:34.372834+00:00,EQE1,10,5.0,-0.062500,4096,0.981197
7,2026-03-27T13:21:34.372834+00:00,EQE1,11,1.0,0.338867,4096,0.981197
7,2026-03-27T13:21:34.372834+00:00,EQE1,11,3.0,0.060059,4096,0.981197
7,2026-03-27T13:21:34.372834+00:00,EQE1,11,5.0,-0.104004,4096,0.981197
7,2026-03-27T13:21:34.372834+00:00,EQE1,12,1.0,0.312012,4096,0.981197
7,2026-03-27T13:21:34.372834+00:00,EQE1,12,3.0,0.073730,4096,0.981197
7,2026-03-27T13:21:34.372834+00:00,EQE1,12,5.0,-0.093262,4096,0.981197
7,2026-03-27T13:21:34.372834+00:00,EQE1,13,1.0,0.320312,4096,0.981197
7,2026-03-27T13:21:34.372834+00:00,EQE1,13,3.0,0.113281,4096,0.981197
7,2026-03-27T13:21:34.372834+00:00,EQE1,13,5.0,-0.137207,4096,0.981197
7,2026-03-27T13:21:34.372834+00:00,EQE1,14,1.0,0.335938,4096,0.981197
7,2026-03-27T13:21:34.372834+00:00,EQE1,14,3.0,0.134766,4096,0.981197
7,2026-03-27T13:21:34.372834+00:00,EQE1,14,5.0,-0.109375,4096,0.981197
7,2026-03-27T13:21:34.372834+00:00,EQE1,15,1.0,0.317871,4096,0.981197
7,2026-03-27T13:21:34.372834+00:00,EQE1,15,3.0,0.115723,4096,0.981197
7,2026-03-27T13:21:34.372834+00:00,EQE1,15,5.0,-0.103516,4096,0.981197
7,2026-03-27T13:21:34.372834+00:00,EQE1,16,1.0,0.335938,4096,0.981197
7,2026-03-27T13:21:34.372834+00:00,EQE1,16,3.0,0.089355,4096,0.981197
7,2026-03-27T13:21:34.372834+00:00,EQE1,16,5.0,-0.100586,4096,0.981197
7,2026-03-27T13:21:34.372834+00:00,EQE1,17,1.0,0.294434,4096,0.981197
7,2026-03-27T13:21:34.372834+00:00,EQE1,17,3.0,0.083984,4096,0.981197
7,2026-03-27T13:21:34.372834+00:00,EQE1,17,5.0,-0.100586,4096,0.981197
7,2026-03-27T13:21:34.372834+00:00,EQE1,18,1.0,0.317383,4096,0.981197
7,2026-03-27T13:21:34.372834+00:00,EQE1,18,3.0,0.089844,4096,0.981197
7,2026-03-27T13:21:34.372834+00:00,EQE1,18,5.0,-0.118164,4096,0.981197
7,2026-03-27T13:21:34.372834+00:00,EQE1,19,1.0,0.330078,4096,0.981197
7,2026-03-27T13:21:34.372834+00:00,EQE1,19,3.0,0.100586,4096,0.981197
7,2026-03-27T13:21:34.372834+00:00,EQE1,19,5.0,-0.124023,4096,0.981197
7,2026-03-27T13:21:34.372834+00:00,EQE1,20,1.0,0.306641,4096,0.981197
7,2026-03-27T13:21:34.372834+00:00,EQE1,20,3.0,0.102051,4096,0.981197
7,2026-03-27T13:21:34.372834+00:00,EQE1,20,5.0,-0.110840,4096,0.981197
7,2026-03-27T13:21:34.372834+00:00,EQE1,21,1.0,0.285156,4096,0.981197
7,2026-03-27T13:21:34.372834+00:00,EQE1,21,3.0,0.104492,4096,0.981197
7,2026-03-27T13:21:34.372834+00:00,EQE1,21,5.0,-0.105469,4096,0.981197
7,2026-03-27T13:21:34.372834+00:00,EQE1,22,1.0,0.318359,4096,0.981197
7,2026-03-27T13:21:34.372834+00:00,EQE1,22,3.0,0.112305,4096,0.981197
7,2026-03-27T13:21:34.372834+00:00,EQE1,22,5.0,-0.122559,4096,0.981197
7,2026-03-27T13:21:34.372834+00:00,EQE1,23,1.0,0.347656,4096,0.981197
7,2026-03-27T13:21:34.372834+00:00,EQE1,23,3.0,0.093262,4096,0.981197
7,2026-03-27T13:21:34.372834+00:00,EQE1,23,5.0,-0.102051,4096,0.981197
7,2026-03-27T13:21:34.372834+00:00,EQE1,24,1.0,0.319824,4096,0.981197
7,2026-03-27T13:21:34.372834+00:00,EQE1,24,3.0,0.107910,4096,0.981197
7,2026-03-27T13:21:34.372834+00:00,EQE1,24,5.0,-0.079102,4096,0.981197
7,2026-03-27T13:21:34.372834+00:00,EQE1,25,1.0,0.308594,4096,0.981197
7,2026-03-27T13:21:34.372834+00:00,EQE1,25,3.0,0.108887,4096,0.981197
7,2026-03-27T13:21:34.372834+00:00,EQE1,25,5.0,-0.100586,4096,0.981197
7,2026-03-27T13:21:34.372834+00:00,EQE1,26,1.0,0.295898,4096,0.981197
7,2026-03-27T13:21:34.372834+00:00,EQE1,26,3.0,0.104492,4096,0.981197
7,2026-03-27T13:21:34.372834+00:00,EQE1,26,5.0,-0.105469,4096,0.981197
7,2026-03-27T13:21:34.372834+00:00,EQE1,27,1.0,0.307129,4096,0.981197
7,2026-03-27T13:21:34.372834+00:00,EQE1,27,3.0,0.093262,4096,0.981197
7,2026-03-27T13:21:34.372834+00:00,EQE1,27,5.0,-0.103516,4096,0.981197
7,2026-03-27T13:21:34.372834+00:00,EQE1,28,1.0,0.296387,4096,0.981197
7,2026-03-27T13:21:34.372834+00:00,EQE1,28,3.0,0.083496,4096,0.981197
7,2026-03-27T13:21:34.372834+00:00,EQE1,28,5.0,-0.100098,4096,0.981197
7,2026-03-27T13:21:34.372834+00:00,EQE1,29,1.0,0.331543,4096,0.981197
7,2026-03-27T13:21:34.372834+00:00,EQE1,29,3.0,0.107422,4096,0.981197
7,2026-03-27T13:21:34.372834+00:00,EQE1,29,5.0,-0.075684,4096,0.981197
8,2026-03-27T13:51:34.372842+00:00,EQE1,0,1.0,0.301758,4096,0.981197
8,2026-03-27T13:51:34.372842+00:00,EQE1,0,3.0,0.103027,4096,0.981197
8,2026-03-27T13:51:34.372842+00:00,EQE1,0,5.0,-0.091309,4096,0.981197
8,2026-03-27T13:51:34.372842+00:00,EQE1,1,1.0,0.319824,4096,0.981197
8,2026-03-27T13:51:34.372842+00:00,EQE1,1,3.0,0.082031,4096,0.981197
8,2026-03-27T13:51:34.372842+00:00,EQE1,1,5.0,-0.107422,4096,0.981197
8,2026-03-27T13:51:34.372842+00:00,EQE1,2,1.0,0.296387,4096,0.981197
8,2026-03-27T13:51:34.372842+00:00,EQE1,2,3.0,0.107910,4096,0.981197
8,2026-03-27T13:51:34.372842+00:00,EQE1,2,5.0,-0.086914,4096,0.981197
8,2026-03-27T13:51:34.372842+00:00,EQE1,3,1.0,0.292969,4096,0.981197
8,2026-03-27T13:51:34.372842+00:00,EQE1,3,3.0,0.083496,4096,0.981197
8,2026-03-27T13:51:34.372842+00:00,EQE1,3,5.0,-0.092773,4096,0.981197
8,2026-03-27T13:51:34.372842+00:00,EQE1,4,1.0,0.274414,4096,0.981197
8,2026-03-27T13:51:34.372842+00:00,EQE1,4,3.0,0.093750,4096,0.981197
8,2026-03-27T13:51:34.372842+00:00,EQE1,4,5.0,-0.061035,4096,0.981197
8,2026-03-27T13:51:34.372842+00:00,EQE1,5,1.0,0.288574,4096,0.981197
8,2026-03-27T13:51:34.372842+00:00,EQE1,5,3.0,0.083984,4096,0.981197
8,2026-03-27T13:51:34.372842+00:00,EQE1,5,5.0,-0.088379,4096,0.981197
8,2026-03-27T13:51:34.372842+00:00,EQE1,6,1.0,0.301758,4096,0.981197
8,2026-03-27T13:51:34.372842+00:00,EQE1,6,3.0,0.077148,4096,0.981197
8,2026-03-27T13:51:34.372842+00:00,EQE1,6,5.0,-0.103516,4096,0.981197
8,2026-03-27T13:51:34.372842+00:00,EQE1,7,1.0,0.289551,4096,0.981197
8,2026-03-27T13:51:34.372842+00:00,EQE1,7,3.0,0.117676,4096,0.981197
8,2026-03-27T13:51:34.372842+00:00,EQE1,7,5.0,-0.109375,4096,0.981197
8,2026-03-27T13:51:34.372842+00:00,EQE1,8,1.0,0.304688,4096,0.981197
8,2026-03-27T13:51:34.372842+00:00,EQE1,8,3.0,0.078613,4096,0.981197
8,2026-03-27T13:51:34.372842+00:00,EQE1,8,5.0,-0.113281,4096,0.981197
8,2026-03-27T13:51:34.372842+00:00,EQE1,9,1.0,0.277832,4096,0.981197
8,2026-03-27T13:51:34.372842+00:00,EQE1,9,3.0,0.088867,4096,0.981197
8,2026-03-27T13:51:34.372842+00:00,EQE1,9,5.0,-0.078125,4096,0.981197
8,2026-03-27T13:51:34.372842+00:00,EQE1,10,1.0,0.339844,4096,0.981197
8,2026-03-27T13:51:34.372842+00:00,EQE1,10,3.0,0.070312,4096,0.981197
8,2026-03-27T13:51:34.372842+00:00,EQE1,10,5.0,-0.082520,4096,0.981197
8,2026-03-27T13:51:34.372842+00:00,EQE1,11,1.0,0.300293,4096,0.981197
8,2026-03-27T13:51:34.372842+00:00,EQE1,11,3.0,0.073730,4096,0.981197
8,2026-03-27T13:51:34.372842+00:00,EQE1,11,5.0,-0.085938,4096,0.981197
8,2026-03-27T13:51:34.372842+00:00,EQE1,12,1.0,0.291504,4096,0.981197
8,2026-03-27T13:51:34.372842+00:00,EQE1,12,3.0,0.084961,4096,0.981197
8,2026-03-27T13:51:34.372842+00:00,EQE1,12,5.0,-0.083984,4096,0.981197
8,2026-03-27T13:51:34.372842+00:00,EQE1,13,1.0,0.294922,4096,0.981197
8,2026-03-27T13:51:34.372842+00:00,EQE1,13,3.0,0.066895,4096,0.981197
8,2026-03-27T13:51:34.372842+00:00,EQE1,13,5.0,-0.096191,4096,0.981197
8,2026-03-27T13:51:34.372842+00:00,EQE1,14,1.0,0.312500,4096,0.981197
8,2026-03-27T13:51:34.372842+00:00,EQE1,14,3.0,0.082031,4096,0.981197
8,2026-03-27T13:51:34.372842+00:00,EQE1,14,5.0,-0.136230,4096,0.981197
8,2026-03-27T13:51:34.372842+00:00,EQE1,15,1.0,0.297852,4096,0.981197
8,2026-03-27T13:51:34.372842+00:00,EQE1,15,3.0,0.082520,4096,0.981197
8,2026-03-27T13:51:34.372842+00:00,EQE1,15,5.0,-0.099121,4096,0.981197
8,2026-03-27T13:51:34.372842+00:00,EQE1,16,1.0,0.304688,4096,0.981197
8,2026-03-27T13:51:34.372842+00:00,EQE1,16,3.0,0.075195,4096,0.981197
8,2026-03-27T13:51:34.372842+00:00,EQE1,16,5.0,-0.101562,4096,0.981197
8,2026-03-27T13:51:34.372842+00:00,EQE1,17,1.0,0.308105,4096,0.981197
8,2026-03-27T13:51:34.372842+00:00,EQE1,17,3.0,0.102051,4096,0.981197
8,2026-03-27T13:51:34.372842+00:00,EQE1,17,5.0,-0.107910,4096,0.981197
8,2026-03-27T13:51:34.372842+00:00,EQE1,18,1.0,0.295410,4096,0.981197
8,2026-03-27T13:51:34.372842+00:00,EQE1,18,3.0,0.090332,4096,0.981197
8,2026-03-27T13:51:34.372842+00:00,EQE1,18,5.0,-0.104980,4096,0.981197
8,2026-03-27T13:51:34.372842+00:00,EQE1,19,1.0,0.264648,4096,0.981197
8,2026-03-27T13:51:34.372842+00:00,EQE1,19,3.0,0.081055,4096,0.981197
8,2026-03-27T13:51:34.372842+00:00,EQE1,19,5.0,-0.081543,4096,0.981197
8,2026-03-27T13:51:34.372842+00:00,EQE1,20,1.0,0.290527,4096,0.981197
8,2026-03-27T13:51:34.372842+00:00,EQE1,20,3.0,0.076660,4096,0.981197
8,2026-03-27T13:51:34.372842+00:00,EQE1,20,5.0,-0.091797,4096,0.981197
8,2026-03-27T13:51:34.372842+00:00,EQE1,21,1.0,0.307129,4096,0.981197
8,2026-03-27T13:51:34.372842+00:00,EQE1,21,3.0,0.111328,4096,0.981197
8,2026-03-27T13:51:34.372842+00:00,EQE1,21,5.0,-0.095215,4096,0.981197
8,2026-03-27T13:51:34.372842+00:00,EQE1,22,1.0,0.278320,4096,0.981197
8,2026-03-27T13:51:34.372842+00:00,EQE1,22,3.0,0.080566,4096,0.981197
8,2026-03-27T13:51:34.372842+00:00,EQE1,22,5.0,-0.097168,4096,0.981197
8,2026-03-27T13:51:34.372842+00:00,EQE1,23,1.0,0.303711,4096,0.981197
8,2026-03-27T13:51:34.372842+00:00,EQE1,23,3.0,0.086914,4096,0.981197
8,2026-03-27T13:51:34.372842+00:00,EQE1,23,5.0,-0.127930,4096,0.981197
8,2026-03-27T13:51:34.372842+00:00,EQE1,24,1.0,0.281738,4096,0.981197
8,2026-03-27T13:51:34.372842+00:00,EQE1,24,3.0,0.107422,4096,0.981197
8,2026-03-27T13:51:34.372842+00:00,EQE1,24,5.0,-0.094727,4096,0.981197
8,2026-03-27T13:51:34.372842+00:00,EQE1,25,1.0,0.289062,4096,0.981197
8,2026-03-27T13:51:34.372842+00:00,EQE1,25,3.0,0.081055,4096,0.981197
8,2026-03-27T13:51:34.372842+00:00,EQE1,25,5.0,-0.104980,4096,0.981197
8,2026-03-27T13:51:34.372842+00:00,EQE1,26,1.0,0.330078,4096,0.981197
8,2026-03-27T13:51:34.372842+00:00,EQE1,26,3.0,0.105957,4096,0.981197
8,2026-03-27T13:51:34.372842+00:00,EQE1,26,5.0,-0.115723,4096,0.981197
8,2026-03-27T13:51:34.372842+00:00,EQE1,27,1.0,0.302246,4096,0.981197
8,2026-03-27T13:51:34.372842+00:00,EQE1,27,3.0,0.102051,4096,0.981197
8,2026-03-27T13:51:34.372842+00:00,EQE1,27,5.0,-0.093262,4096,0.981197
8,2026-03-27T13:51:34.372842+00:00,EQE1,28,1.0,0.336914,4096,0.981197
8,2026-03-27T13:51:34.372842+00:00,EQE1,28,3.0,0.086426,4096,0.981197
8,2026-03-27T13:51:34.372842+00:00,EQE1,28,5.0,-0.080078,4096,0.981197
8,2026-03-27T13:51:34.372842+00:00,EQE1,29,1.0,0.307617,4096,0.981197
8,2026-03-27T13:51:34.372842+00:00,EQE1,29,3.0,0.092285,4096,0.981197
8,2026-03-27T13:51:34.372842+00:00,EQE1,29,5.0,-0.101562,4096,0.981197
9,2026-03-27T14:21:34.373124+00:00,EQE1,0,1.0,0.293945,4096,0.981197
9,2026-03-27T14:21:34.373124+00:00,EQE1,0,3.0,0.089355,4096,0.981197
9,2026-03-27T14:21:34.373124+00:00,EQE1,0,5.0,-0.094727,4096,0.981197
9,2026-03-27T14:21:34.373124+00:00,EQE1,1,1.0,0.318848,4096,0.981197
9,2026-03-27T14:21:34.373124+00:00,EQE1,1,3.0,0.095215,4096,0.981197
9,2026-03-27T14:21:34.373124+00:00,EQE1,1,5.0,-0.104980,4096,0.981197
9,2026-03-27T14:21:34.373124+00:00,EQE1,2,1.0,0.305176,4096,0.981197
9,2026-03-27T14:21:34.373124+00:00,EQE1,2,3.0,0.105957,4096,0.981197
9,2026-03-27T14:21:34.373124+00:00,EQE1,2,5.0,-0.096680,4096,0.981197
9,2026-03-27T14:21:34.373124+00:00,EQE1,3,1.0,0.303711,4096,0.981197
9,2026-03-27T14:21:34.373124+00:00,EQE1,3,3.0,0.110352,4096,0.981197
9,2026-03-27T14:21:34.373124+00:00,EQE1,3,5.0,-0.052734,4096,0.981197
9,2026-03-27T14:21:34.373124+00:00,EQE1,4,1.0,0.294434,4096,0.981197
9,2026-03-27T14:21:34.373124+00:00,EQE1,4,3.0,0.106934,4096,0.981197
9,2026-03-27T14:21:34.373124+00:00,EQE1,4,5.0,-0.074219,4096,0.981197
9,2026-03-27T14:21:34.373124+00:00,EQE1,5,1.0,0.285156,4096,0.981197
9,2026-03-27T14:21:34.373124+00:00,EQE1,5,3.0,0.114258,4096,0.981197
9,2026-03-27T14:21:34.373124+00:00,EQE1,5,5.0,-0.109863,4096,0.981197
9,2026-03-27T14:21:34.373124+00:00,EQE1,6,1.0,0.301270,4096,0.981197
9,2026-03-27T14:21:34.373124+00:00,EQE1,6,3.0,0.090820,4096,0.981197
9,2026-03-27T14:21:34.373124+00:00,EQE1,6,5.0,-0.087891,4096,0.981197
9,2026-03-27T14:21:34.373124+00:00,EQE1,7,1.0,0.291016,4096,0.981197
9,2026-03-27T14:21:34.373124+00:00,EQE1,7,3.0,0.127441,4096,0.981197
9,2026-03-27T14:21:34.373124+00:00,EQE1,7,5.0,-0.094238,4096,0.981197
9,2026-03-27T14:21:34.373124+00:00,EQE1,8,1.0,0.313477,4096,0.981197
9,2026-03-27T14:21:34.373124+00:00,EQE1,8,3.0,0.107422,4096,0.981197
9,2026-03-27T14:21:34.373124+00:00,EQE1,8,5.0,-0.084961,4096,0.981197
9,2026-03-27T14:21:34.373124+00:00,EQE1,9,1.0,0.275879,4096,0.981197
9,2026-03-27T14:21:34.373124+00:00,EQE1,9,3.0,0.066406,4096,0.981197
9,2026-03-27T14:21:34.373124+00:00,EQE1,9,5.0,-0.094238,4096,0.981197
9,2026-03-27T14:21:34.373124+00:00,EQE1,10,1.0,0.289062,4096,0.981197
9,2026-03-27T14:21:34.373124+00:00,EQE1,10,3.0,0.085449,4096,0.981197
9,2026-03-27T14:21:34.373124+00:00,EQE1,10,5.0,-0.070312,4096,0.981197
9,2026-03-27T14:21:34.373124+00:00,EQE1,11,1.0,0.293457,4096,0.981197
9,2026-03-27T14:21:34.373124+00:00,EQE1,11,3.0,0.104980,4096,0.981197
9,2026-03-27T14:21:34.373124+00:00,EQE1,11,5.0,-0.080566,4096,0.981197
9,2026-03-27T14:21:34.373124+00:00,EQE1,12,1.0,0.303223,4096,0.981197
9,2026-03-27T14:21:34.373124+00:00,EQE1,12,3.0,0.078613,4096,0.981197
9,2026-03-27T14:21:34.373124+00:00,EQE1,12,5.0,-0.083008,4096,0.981197
9,2026-03-27T14:21:34.373124+00:00,EQE1,13,1.0,0.305664,4096,0.981197
9,2026-03-27T14:21:34.373124+00:00,EQE1,13,3.0,0.082520,4096,0.981197
9,2026-03-27T14:21:34.373124+00:00,EQE1,13,5.0,-0.122559,4096,0.981197
9,2026-03-27T14:21:34.373124+00:00,EQE1,14,1.0,0.309082,4096,0.981197
9,2026-03-27T14:21:34.373124+00:00,EQE1,14,3.0,0.124512,4096,0.981197
9,2026-03-27T14:21:34.373124+00:00,EQE1,14,5.0,-0.101074,4096,0.981197
9,2026-03-27T14:21:34.373124+00:00,EQE1,15,1.0,0.282715,4096,0.981197
9,2026-03-27T14:21:34.373124+00:00,EQE1,15,3.0,0.079590,4096,0.981197
9,2026-03-27T14:21:34.373124+00:00,EQE1,15,5.0,-0.096680,4096,0.981197
9,2026-03-27T14:21:34.373124+00:00,EQE1,16,1.0,0.300781,4096,0.981197
9,2026-03-27T14:21:34.373124+00:00,EQE1,16,3.0,0.080078,4096,0.981197
9,2026-03-27T14:21:34.373124+00:00,EQE1,16,5.0,-0.112793,4096,0.981197
9,2026-03-27T14:21:34.373124+00:00,EQE1,17,1.0,0.294434,4096,0.981197
9,2026-03-27T14:21:34.373124+00:00,EQE1,17,3.0,0.119629,4096,0.981197
9,2026-03-27T14:21:34.373124+00:00,EQE1,17,5.0,-0.102051,4096,0.981197
9,2026-03-27T14:21:34.373124+00:00,EQE1,18,1.0,0.287598,4096,0.981197
9,2026-03-27T14:21:34.373124+00:00,EQE1,18,3.0,0.107422,4096,0.981197
9,2026-03-27T14:21:34.373124+00:00,EQE1,18,5.0,-0.104004,4096,0.981197
9,2026-03-27T14:21:34.373124+00:00,EQE1,19,1.0,0.305664,4096,0.981197
9,2026-03-27T14:21:34.373124+00:00,EQE1,19,3.0,0.110840,4096,0.981197
9,2026-03-27T14:21:34.373124+00:00,EQE1,19,5.0,-0.098145,4096,0.981197
9,2026-03-27T14:21:34.373124+00:00,EQE1,20,1.0,0.295898,4096,0.981197
9,2026-03-27T14:21:34.373124+00:00,EQE1,20,3.0,0.094238,4096,0.981197
9,2026-03-27T14:21:34.373124+00:00,EQE1,20,5.0,-0.096680,4096,0.981197
9,2026-03-27T14:21:34.373124+00:00,EQE1,21,1.0,0.316406,4096,0.981197
9,2026-03-27T14:21:34.373124+00:00,EQE1,21,3.0,0.071289,4096,0.981197
9,2026-03-27T14:21:34.373124+00:00,EQE1,21,5.0,-0.066895,4096,0.981197
9,2026-03-27T14:21:34.373124+00:00,EQE1,22,1.0,0.293945,4096,0.981197
9,2026-03-27T14:21:34.373124+00:00,EQE1,22,3.0,0.079590,4096,0.981197
9,2026-03-27T14:21:34.373124+00:00,EQE1,22,5.0,-0.067871,4096,0.981197
9,2026-03-27T14:21:34.373124+00:00,EQE1,23,1.0,0.276367,4096,0.981197
9,2026-03-27T14:21:34.373124+00:00,EQE1,23,3.0,0.106445,4096,0.981197
9,2026-03-27T14:21:34.373124+00:00,EQE1,23,5.0,-0.089355,4096,0.981197
9,2026-03-27T14:21:34.373124+00:00,EQE1,24,1.0,0.298340,4096,0.981197
9,2026-03-27T14:21:34.373124+00:00,EQE1,24,3.0,0.101074,4096,0.981197
9,2026-03-27T14:21:34.373124+00:00,EQE1,24,5.0,-0.091309,4096,0.981197
9,2026-03-27T14:21:34.373124+00:00,EQE1,25,1.0,0.318359,4096,0.981197
9,2026-03-27T14:21:34.373124+00:00,EQE1,25,3.0,0.092773,4096,0.981197
9,2026-03-27T14:21:34.373124+00:00,EQE1,25,5.0,-0.103027,4096,0.981197
9,2026-03-27T14:21:34.373124+00:00,EQE1,26,1.0,0.308105,4096,0.981197
9,2026-03-27T14:21:34.373124+00:00,EQE1,26,3.0,0.093750,4096,0.981197
9,2026-03-27T14:21:34.373124+00:00,EQE1,26,5.0,-0.104004,4096,0.981197
9,2026-03-27T14:21:34.373124+00:00,EQE1,27,1.0,0.289551,4096,0.981197
9,2026-03-27T14:21:34.373124+00:00,EQE1,27,3.0,0.109375,4096,0.981197
9,2026-03-27T14:21:34.373124+00:00,EQE1,27,5.0,-0.123535,4096,0.981197
9,2026-03-27T14:21:34.373124+00:00,EQE1,28,1.0,0.345215,4096,0.981197
9,2026-03-27T14:21:34.373124+00:00,EQE1,28,3.0,0.089355,4096,0.981197
9,2026-03-27T14:21:34.373124+00:00,EQE1,28,5.0,-0.087891,4096,0.981197
9,2026-03-27T14:21:34.373124+00:00,EQE1,29,1.0,0.296387,4096,0.981197
9,2026-03-27T14:21:34.373124+00:00,EQE1,29,3.0,0.092773,4096,0.981197
9,2026-03-27T14:21:34.373124+00:00,EQE1,29,5.0,-0.080078,4096,0.981197
10,2026-03-27T14:51:34.372899+00:00,EQE1,0,1.0,0.312988,4096,0.981197
10,2026-03-27T14:51:34.372899+00:00,EQE1,0,3.0,0.088379,4096,0.981197
10,2026-03-27T14:51:34.372899+00:00,EQE1,0,5.0,-0.098633,4096,0.981197
10,2026-03-27T14:51:34.372899+00:00,EQE1,1,1.0,0.298340,4096,0.981197
10,2026-03-27T14:51:34.372899+00:00,EQE1,1,3.0,0.125488,4096,0.981197
10,2026-03-27T14:51:34.372899+00:00,EQE1,1,5.0,-0.106445,4096,0.981197
10,2026-03-27T14:51:34.372899+00:00,EQE1,2,1.0,0.301758,4096,0.981197
10,2026-03-27T14:51:34.372899+00:00,EQE1,2,3.0,0.085938,4096,0.981197
10,2026-03-27T14:51:34.372899+00:00,EQE1,2,5.0,-0.104004,4096,0.981197
10,2026-03-27T14:51:34.372899+00:00,EQE1,3,1.0,0.296387,4096,0.981197
10,2026-03-27T14:51:34.372899+00:00,EQE1,3,3.0,0.078125,4096,0.981197
10,2026-03-27T14:51:34.372899+00:00,EQE1,3,5.0,-0.082520,4096,0.981197
10,2026-03-27T14:51:34.372899+00:00,EQE1,4,1.0,0.305176,4096,0.981197
10,2026-03-27T14:51:34.372899+00:00,EQE1,4,3.0,0.091797,4096,0.981197
10,2026-03-27T14:51:34.372899+00:00,EQE1,4,5.0,-0.098633,4096,0.981197
10,2026-03-27T14:51:34.372899+00:00,EQE1,5,1.0,0.285645,4096,0.981197
10,2026-03-27T14:51:34.372899+00:00,EQE1,5,3.0,0.099609,4096,0.981197
10,2026-03-27T14:51:34.372899+00:00,EQE1,5,5.0,-0.081055,4096,0.981197
10,2026-03-27T14:51:34.372899+00:00,EQE1,6,1.0,0.306641,4096,0.981197
10,2026-03-27T14:51:34.372899+00:00,EQE1,6,3.0,0.113281,4096,0.981197
10,2026-03-27T14:51:34.372899+00:00,EQE1,6,5.0,-0.085938,4096,0.981197
10,2026-03-27T14:51:34.372899+00:00,EQE1,7,1.0,0.303223,4096,0.981197
10,2026-03-27T14:51:34.372899+00:00,EQE1,7,3.0,0.098145,4096,0.981197
10,2026-03-27T14:51:34.372899+00:00,EQE1,7,5.0,-0.073730,4096,0.981197
10,2026-03-27T14:51:34.372899+00:00,EQE1,8,1.0,0.295898,4096,0.981197
10,2026-03-27T14:51:34.372899+00:00,EQE1,8,3.0,0.101562,4096,0.981197
10,2026-03-27T14:51:34.372899+00:00,EQE1,8,5.0,-0.103027,4096,0.981197
10,2026-03-27T14:51:34.372899+00:00,EQE1,9,1.0,0.295898,4096,0.981197
10,2026-03-27T14:51:34.372899+00:00,EQE1,9,3.0,0.130371,4096,0.981197
10,2026-03-27T14:51:34.372899+00:00,EQE1,9,5.0,-0.122559,4096,0.981197
10,2026-03-27T14:51:34.372899+00:00,EQE1,10,1.0,0.280762,4096,0.981197
10,2026-03-27T14:51:34.372899+00:00,EQE1,10,3.0,0.097168,4096,0.981197
10,2026-03-27T14:51:34.372899+00:00,EQE1,10,5.0,-0.097168,4096,0.981197
10,2026-03-27T14:51:34.372899+00:00,EQE1,11,1.0,0.288086,4096,0.981197
10,2026-03-27T14:51:34.372899+00:00,EQE1,11,3.0,0.076660,4096,0.981197
10,2026-03-27T14:51:34.372899+00:00,EQE1,11,5.0,-0.102051,4096,0.981197
10,2026-03-27T14:51:34.372899+00:00,EQE1,12,1.0,0.300781,4096,0.981197
10,2026-03-27T14:51:34.372899+00:00,EQE1,12,3.0,0.078125,4096,0.981197
10,2026-03-27T14:51:34.372899+00:00,EQE1,12,5.0,-0.085938,4096,0.981197
10,2026-03-27T14:51:34.372899+00:00,EQE1,13,1.0,0.280762,4096,0.981197
10,2026-03-27T14:51:34.372899+00:00,EQE1,13,3.0,0.082520,4096,0.981197
10,2026-03-27T14:51:34.372899+00:00,EQE1,13,5.0,-0.081543,4096,0.981197
10,2026-03-27T14:51:34.372899+00:00,EQE1,14,1.0,0.266602,4096,0.981197
10,2026-03-27T14:51:34.372899+00:00,EQE1,14,3.0,0.093750,4096,0.981197
10,2026-03-27T14:51:34.372899+00:00,EQE1,14,5.0,-0.113770,4096,0.981197
10,2026-03-27T14:51:34.372899+00:00,EQE1,15,1.0,0.309570,4096,0.981197
10,2026-03-27T14:51:34.372899+00:00,EQE1,15,3.0,0.088867,4096,0.981197
10,2026-03-27T14:51:34.372899+00:00,EQE1,15,5.0,-0.075684,4096,0.981197
10,2026-03-27T14:51:34.372899+00:00,EQE1,16,1.0,0.291504,4096,0.981197
10,2026-03-27T14:51:34.372899+00:00,EQE1,16,3.0,0.064941,4096,0.981197
10,2026-03-27T14:51:34.372899+00:00,EQE1,16,5.0,-0.084473,4096,0.981197
10,2026-03-27T14:51:34.372899+00:00,EQE1,17,1.0,0.295898,4096,0.981197
10,2026-03-27T14:51:34.372899+00:00,EQE1,17,3.0,0.067871,4096,0.981197
10,2026-03-27T14:51:34.372899+00:00,EQE1,17,5.0,-0.114258,4096,0.981197
10,2026-03-27T14:51:34.372899+00:00,EQE1,18,1.0,0.307129,4096,0.981197
10,2026-03-27T14:51:34.372899+00:00,EQE1,18,3.0,0.080566,4096,0.981197
10,2026-03-27T14:51:34.372899+00:00,EQE1,18,5.0,-0.110840,4096,0.981197
10,2026-03-27T14:51:34.372899+00:00,EQE1,19,1.0,0.307617,4096,0.981197
10,2026-03-27T14:51:34.372899+00:00,EQE1,19,3.0,0.123047,4096,0.981197
10,2026-03-27T14:51:34.372899+00:00,EQE1,19,5.0,-0.120117,4096,0.981197
10,2026-03-27T14:51:34.372899+00:00,EQE1,20,1.0,0.273438,4096,0.981197
10,2026-03-27T14:51:34.372899+00:00,EQE1,20,3.0,0.122070,4096,0.981197
10,2026-03-27T14:51:34.372899+00:00,EQE1,20,5.0,-0.119141,4096,0.981197
10,2026-03-27T14:51:34.372899+00:00,EQE1,21,1.0,0.293457,4096,0.981197
10,2026-03-27T14:51:34.372899+00:00,EQE1,21,3.0,0.085938,4096,0.981197
10,2026-03-27T14:51:34.372899+00:00,EQE1,21,5.0,-0.097656,4096,0.981197
10,2026-03-27T14:51:34.372899+00:00,EQE1,22,1.0,0.299316,4096,0.981197
10,2026-03-27T14:51:34.372899+00:00,EQE1,22,3.0,0.068359,4096,0.981197
10,2026-03-27T14:51:34.372899+00:00,EQE1,22,5.0,-0.088379,4096,0.981197
10,2026-03-27T14:51:34.372899+00:00,EQE1,23,1.0,0.304199,4096,0.981197
10,2026-03-27T14:51:34.372899+00:00,EQE1,23,3.0,0.078125,4096,0.981197
10,2026-03-27T14:51:34.372899+00:00,EQE1,23,5.0,-0.104980,4096,0.981197
10,2026-03-27T14:51:34.372899+00:00,EQE1,24,1.0,0.295898,4096,0.981197
10,2026-03-27T14:51:34.372899+00:00,EQE1,24,3.0,0.082031,4096,0.981197
10,2026-03-27T14:51:34.372899+00:00,EQE1,24,5.0,-0.103027,4096,0.981197
10,2026-03-27T14:51:34.372899+00:00,EQE1,25,1.0,0.298828,4096,0.981197
10,2026-03-27T14:51:34.372899+00:00,EQE1,25,3.0,0.082520,4096,0.981197
10,2026-03-27T14:51:34.372899+00:00,EQE1,25,5.0,-0.133301,4096,0.981197
10,2026-03-27T14:51:34.372899+00:00,EQE1,26,1.0,0.289551,4096,0.981197
10,2026-03-27T14:51:34.372899+00:00,EQE1,26,3.0,0.068848,4096,0.981197
10,2026-03-27T14:51:34.372899+00:00,EQE1,26,5.0,-0.089844,4096,0.981197
10,2026-03-27T14:51:34.372899+00:00,EQE1,27,1.0,0.281738,4096,0.981197
10,2026-03-27T14:51:34.372899+00:00,EQE1,27,3.0,0.077148,4096,0.981197
10,2026-03-27T14:51:34.372899+00:00,EQE1,27,5.0,-0.069336,4096,0.981197
10,2026-03-27T14:51:34.372899+00:00,EQE1,28,1.0,0.280273,4096,0.981197
10,2026-03-27T14:51:34.372899+00:00,EQE1,28,3.0,0.115723,4096,0.981197
10,2026-03-27T14:51:34.372899+00:00,EQE1,28,5.0,-0.093262,4096,0.981197
10,2026-03-27T14:51:34.372899+00:00,EQE1,29,1.0,0.312988,4096,0.981197
10,2026-03-27T14:51:34.372899+00:00,EQE1,29,3.0,0.082031,4096,0.981197
10,2026-03-27T14:51:34.372899+00:00,EQE1,29,5.0,-0.092285,4096,0.981197
11,2026-03-27T15:21:34.372877+00:00,EQE1,0,1.0,0.271973,4096,0.981197
11,2026-03-27T15:21:34.372877+00:00,EQE1,0,3.0,0.082031,4096,0.981197
11,2026-03-27T15:21:34.372877+00:00,EQE1,0,5.0,-0.096191,4096,0.981197
11,2026-03-27T15:21:34.372877+00:00,EQE1,1,1.0,0.321777,4096,0.981197
11,2026-03-27T15:21:34.372877+00:00,EQE1,1,3.0,0.066406,4096,0.981197
11,2026-03-27T15:21:34.372877+00:00,EQE1,1,5.0,-0.117188,4096,0.981197
11,2026-03-27T15:21:34.372877+00:00,EQE1,2,1.0,0.288574,4096,0.981197
11,2026-03-27T15:21:34.372877+00:00,EQE1,2,3.0,0.091309,4096,0.981197
11,2026-03-27T15:21:34.372877+00:00,EQE1,2,5.0,-0.102051,4096,0.981197
11,2026-03-27T15:21:34.372877+00:00,EQE1,3,1.0,0.306152,4096,0.981197
11,2026-03-27T15:21:34.372877+00:00,EQE1,3,3.0,0.088379,4096,0.981197
11,2026-03-27T15:21:34.372877+00:00,EQE1,3,5.0,-0.086914,4096,0.981197
11,2026-03-27T15:21:34.372877+00:00,EQE1,4,1.0,0.283691,4096,0.981197
11,2026-03-27T15:21:34.372877+00:00,EQE1,4,3.0,0.085449,4096,0.981197
11,2026-03-27T15:21:34.372877+00:00,EQE1,4,5.0,-0.094727,4096,0.981197
11,2026-03-27T15:21:34.372877+00:00,EQE1,5,1.0,0.282715,4096,0.981197
11,2026-03-27T15:21:34.372877+00:00,EQE1,5,3.0,0.084961,4096,0.981197
11,2026-03-27T15:21:34.372877+00:00,EQE1,5,5.0,-0.093262,4096,0.981197
11,2026-03-27T15:21:34.372877+00:00,EQE1,6,1.0,0.317383,4096,0.981197
11,2026-03-27T15:21:34.372877+00:00,EQE1,6,3.0,0.079590,4096,0.981197
11,2026-03-27T15:21:34.372877+00:00,EQE1,6,5.0,-0.100098,4096,0.981197
11,2026-03-27T15:21:34.372877+00:00,EQE1,7,1.0,0.316406,4096,0.981197
11,2026-03-27T15:21:34.372877+00:00,EQE1,7,3.0,0.074219,4096,0.981197
11,2026-03-27T15:21:34.372877+00:00,EQE1,7,5.0,-0.077637,4096,0.981197
11,2026-03-27T15:21:34.372877+00:00,EQE1,8,1.0,0.273926,4096,0.981197
11,2026-03-27T15:21:34.372877+00:00,EQE1,8,3.0,0.075195,4096,0.981197
11,2026-03-27T15:21:34.372877+00:00,EQE1,8,5.0,-0.096191,4096,0.981197
11,2026-03-27T15:21:34.372877+00:00,EQE1,9,1.0,0.302734,4096,0.981197
11,2026-03-27T15:21:34.372877+00:00,EQE1,9,3.0,0.085449,4096,0.981197
11,2026-03-27T15:21:34.372877+00:00,EQE1,9,5.0,-0.107422,4096,0.981197
11,2026-03-27T15:21:34.372877+00:00,EQE1,10,1.0,0.284180,4096,0.981197
11,2026-03-27T15:21:34.372877+00:00,EQE1,10,3.0,0.095215,4096,0.981197
11,2026-03-27T15:21:34.372877+00:00,EQE1,10,5.0,-0.076172,4096,0.981197
11,2026-03-27T15:21:34.372877+00:00,EQE1,11,1.0,0.287598,4096,0.981197
11,2026-03-27T15:21:34.372877+00:00,EQE1,11,3.0,0.110352,4096,0.981197
11,2026-03-27T15:21:34.372877+00:00,EQE1,11,5.0,-0.075195,4096,0.981197
11,2026-03-27T15:21:34.372877+00:00,EQE1,12,1.0,0.291992,4096,0.981197
11,2026-03-27T15:21:34.372877+00:00,EQE1,12,3.0,0.057617,4096,0.981197
11,2026-03-27T15:21:34.372877+00:00,EQE1,12,5.0,-0.090820,4096,0.981197
11,2026-03-27T15:21:34.372877+00:00,EQE1,13,1.0,0.274414,4096,0.981197
11,2026-03-27T15:21:34.372877+00:00,EQE1,13,3.0,0.082520,4096,0.981197
11,2026-03-27T15:21:34.372877+00:00,EQE1,13,5.0,-0.097656,4096,0.981197
11,2026-03-27T15:21:34.372877+00:00,EQE1,14,1.0,0.277832,4096,0.981197
11,2026-03-27T15:21:34.372877+00:00,EQE1,14,3.0,0.103027,4096,0.981197
11,2026-03-27T15:21:34.372877+00:00,EQE1,14,5.0,-0.112305,4096,0.981197
11,2026-03-27T15:21:34.372877+00:00,EQE1,15,1.0,0.302734,4096,0.981197
11,2026-03-27T15:21:34.372877+00:00,EQE1,15,3.0,0.105469,4096,0.981197
11,2026-03-27T15:21:34.372877+00:00,EQE1,15,5.0,-0.093262,4096,0.981197
11,2026-03-27T15:21:34.372877+00:00,EQE1,16,1.0,0.274902,4096,0.981197
11,2026-03-27T15:21:34.372877+00:00,EQE1,16,3.0,0.085938,4096,0.981197
11,2026-03-27T15:21:34.372877+00:00,EQE1,16,5.0,-0.128906,4096,0.981197
11,2026-03-27T15:21:34.372877+00:00,EQE1,17,1.0,0.276367,4096,0.981197
11,2026-03-27T15:21:34.372877+00:00,EQE1,17,3.0,0.103516,4096,0.981197
11,2026-03-27T15:21:34.372877+00:00,EQE1,17,5.0,-0.108398,4096,0.981197
11,2026-03-27T15:21:34.372877+00:00,EQE1,18,1.0,0.304688,4096,0.981197
11,2026-03-27T15:21:34.372877+00:00,EQE1,18,3.0,0.064941,4096,0.981197
11,2026-03-27T15:21:34.372877+00:00,EQE1,18,5.0,-0.063477,4096,0.981197
11,2026-03-27T15:21:34.372877+00:00,EQE1,19,1.0,0.292480,4096,0.981197
11,2026-03-27T15:21:34.372877+00:00,EQE1,19,3.0,0.074707,4096,0.981197
11,2026-03-27T15:21:34.372877+00:00,EQE1,19,5.0,-0.103027,4096,0.981197
11,2026-03-27T15:21:34.372877+00:00,EQE1,20,1.0,0.291992,4096,0.981197
11,2026-03-27T15:21:34.372877+00:00,EQE1,20,3.0,0.087891,4096,0.981197
11,2026-03-27T15:21:34.372877+00:00,EQE1,20,5.0,-0.093262,4096,0.981197
11,2026-03-27T15:21:34.372877+00:00,EQE1,21,1.0,0.306641,4096,0.981197
11,2026-03-27T15:21:34.372877+00:00,EQE1,21,3.0,0.087891,4096,0.981197
11,2026-03-27T15:21:34.372877+00:00,EQE1,21,5.0,-0.104492,4096,0.981197
11,2026-03-27T15:21:34.372877+00:00,EQE1,22,1.0,0.298828,4096,0.981197
11,2026-03-27T15:21:34.372877+00:00,EQE1,22,3.0,0.069336,4096,0.981197
11,2026-03-27T15:21:34.372877+00:00,EQE1,22,5.0,-0.112305,4096,0.981197
11,2026-03-27T15:21:34.372877+00:00,EQE1,23,1.0,0.281738,4096,0.981197
11,2026-03-27T15:21:34.372877+00:00,EQE1,23,3.0,0.074219,4096,0.981197
11,2026-03-27T15:21:34.372877+00:00,EQE1,23,5.0,-0.080566,4096,0.981197
11,2026-03-27T15:21:34.372877+00:00,EQE1,24,1.0,0.280273,4096,0.981197
11,2026-03-27T15:21:34.372877+00:00,EQE1,24,3.0,0.091309,4096,0.981197
11,2026-03-27T15:21:34.372877+00:00,EQE1,24,5.0,-0.069824,4096,0.981197
11,2026-03-27T15:21:34.372877+00:00,EQE1,25,1.0,0.289062,4096,0.981197
11,2026-03-27T15:21:34.372877+00:00,EQE1,25,3.0,0.089355,4096,0.981197
11,2026-03-27T15:21:34.372877+00:00,EQE1,25,5.0,-0.106934,4096,0.981197
11,2026-03-27T15:21:34.372877+00:00,EQE1,26,1.0,0.277344,4096,0.981197
11,2026-03-27T15:21:34.372877+00:00,EQE1,26,3.0,0.086914,4096,0.981197
11,2026-03-27T15:21:34.372877+00:00,EQE1,26,5.0,-0.117188,4096,0.981197
11,2026-03-27T15:21:34.372877+00:00,EQE1,27,1.0,0.299805,4096,0.981197
11,2026-03-27T15:21:34.372877+00:00,EQE1,27,3.0,0.079590,4096,0.981197
11,2026-03-27T15:21:34.372877+00:00,EQE1,27,5.0,-0.083984,4096,0.981197
11,2026-03-27T15:21:34.372877+00:00,EQE1,28,1.0,0.280762,4096,0.981197
11,2026-03-27T15:21:34.372877+00:00,EQE1,28,3.0,0.089355,4096,0.981197
11,2026-03-27T15:21:34.372877+00:00,EQE1,28,5.0,-0.082031,4096,0.981197
11,2026-03-27T15:21:34.372877+00:00,EQE1,29,1.0,0.315430,4096,0.981197
11,2026-03-27T15:21:34.372877+00:00,EQE1,29,3.0,0.112305,4096,0.981197
11,2026-03-27T15:21:34.372877+00:00,EQE1,29,5.0,-0.118164,4096,0.981197
12,2026-03-27T15:51:34.372867+00:00,EQE1,0,1.0,0.300293,4096,0.981197
12,2026-03-27T15:51:34.372867+00:00,EQE1,0,3.0,0.094727,4096,0.981197
12,2026-03-27T15:51:34.372867+00:00,EQE1,0,5.0,-0.065918,4096,0.981197
12,2026-03-27T15:51:34.372867+00:00,EQE1,1,1.0,0.299316,4096,0.981197
12,2026-03-27T15:51:34.372867+00:00,EQE1,1,3.0,0.112305,4096,0.981197
12,2026-03-27T15:51:34.372867+00:00,EQE1,1,5.0,-0.110840,4096,0.981197
12,2026-03-27T15:51:34.372867+00:00,EQE1,2,1.0,0.276855,4096,0.981197
12,2026-03-27T15:51:34.372867+00:00,EQE1,2,3.0,0.096191,4096,0.981197
12,2026-03-27T15:51:34.372867+00:00,EQE1,2,5.0,-0.101562,4096,0.981197
12,2026-03-27T15:51:34.372867+00:00,EQE1,3,1.0,0.296387,4096,0.981197
12,2026-03-27T15:51:34.372867+00:00,EQE1,3,3.0,0.062500,4096,0.981197
12,2026-03-27T15:51:34.372867+00:00,EQE1,3,5.0,-0.077148,4096,0.981197
12,2026-03-27T15:51:34.372867+00:00,EQE1,4,1.0,0.282715,4096,0.981197
12,2026-03-27T15:51:34.372867+00:00,EQE1,4,3.0,0.073242,4096,0.981197
12,2026-03-27T15:51:34.372867+00:00,EQE1,4,5.0,-0.100586,4096,0.981197
12,2026-03-27T15:51:34.372867+00:00,EQE1,5,1.0,0.330078,4096,0.981197
12,2026-03-27T15:51:34.372867+00:00,EQE1,5,3.0,0.074707,4096,0.981197
12,2026-03-27T15:51:34.372867+00:00,EQE1,5,5.0,-0.094238,4096,0.981197
12,2026-03-27T15:51:34.372867+00:00,EQE1,6,1.0,0.308594,4096,0.981197
12,2026-03-27T15:51:34.372867+00:00,EQE1,6,3.0,0.093262,4096,0.981197
12,2026-03-27T15:51:34.372867+00:00,EQE1,6,5.0,-0.074707,4096,0.981197
12,2026-03-27T15:51:34.372867+00:00,EQE1,7,1.0,0.296387,4096,0.981197
12,2026-03-27T15:51:34.372867+00:00,EQE1,7,3.0,0.103027,4096,0.981197
12,2026-03-27T15:51:34.372867+00:00,EQE1,7,5.0,-0.100586,4096,0.981197
12,2026-03-27T15:51:34.372867+00:00,EQE1,8,1.0,0.284668,4096,0.981197
12,2026-03-27T15:51:34.372867+00:00,EQE1,8,3.0,0.088867,4096,0.981197
12,2026-03-27T15:51:34.372867+00:00,EQE1,8,5.0,-0.086914,4096,0.981197
12,2026-03-27T15:51:34.372867+00:00,EQE1,9,1.0,0.267578,4096,0.981197
12,2026-03-27T15:51:34.372867+00:00,EQE1,9,3.0,0.120117,4096,0.981197
12,2026-03-27T15:51:34.372867+00:00,EQE1,9,5.0,-0.119629,4096,0.981197
12,2026-03-27T15:51:34.372867+00:00,EQE1,10,1.0,0.306641,4096,0.981197
12,2026-03-27T15:51:34.372867+00:00,EQE1,10,3.0,0.064453,4096,0.981197
12,2026-03-27T15:51:34.372867+00:00,EQE1,10,5.0,-0.079102,4096,0.981197
12,2026-03-27T15:51:34.372867+00:00,EQE1,11,1.0,0.312988,4096,0.981197
12,2026-03-27T15:51:34.372867+00:00,EQE1,11,3.0,0.094727,4096,0.981197
12,2026-03-27T15:51:34.372867+00:00,EQE1,11,5.0,-0.089844,4096,0.981197
12,2026-03-27T15:51:34.372867+00:00,EQE1,12,1.0,0.280273,4096,0.981197
12,2026-03-27T15:51:34.372867+00:00,EQE1,12,3.0,0.102539,4096,0.981197
12,2026-03-27T15:51:34.372867+00:00,EQE1,12,5.0,-0.097656,4096,0.981197
12,2026-03-27T15:51:34.372867+00:00,EQE1,13,1.0,0.288086,4096,0.981197
12,2026-03-27T15:51:34.372867+00:00,EQE1,13,3.0,0.075195,4096,0.981197
12,2026-03-27T15:51:34.372867+00:00,EQE1,13,5.0,-0.085449,4096,0.981197
12,2026-03-27T15:51:34.372867+00:00,EQE1,14,1.0,0.285645,4096,0.981197
12,2026-03-27T15:51:34.372867+00:00,EQE1,14,3.0,0.065430,4096,0.981197
12,2026-03-27T15:51:34.372867+00:00,EQE1,14,5.0,-0.102051,4096,0.981197
12,2026-03-27T15:51:34.372867+00:00,EQE1,15,1.0,0.270996,4096,0.981197
12,2026-03-27T15:51:34.372867+00:00,EQE1,15,3.0,0.055664,4096,0.981197
12,2026-03-27T15:51:34.372867+00:00,EQE1,15,5.0,-0.121582,4096,0.981197
12,2026-03-27T15:51:34.372867+00:00,EQE1,16,1.0,0.306152,4096,0.981197
12,2026-03-27T15:51:34.372867+00:00,EQE1,16,3.0,0.099609,4096,0.981197
12,2026-03-27T15:51:34.372867+00:00,EQE1,16,5.0,-0.077148,4096,0.981197
12,2026-03-27T15:51:34.372867+00:00,EQE1,17,1.0,0.283691,4096,0.981197
12,2026-03-27T15:51:34.372867+00:00,EQE1,17,3.0,0.089355,4096,0.981197
12,2026-03-27T15:51:34.372867+00:00,EQE1,17,5.0,-0.049805,4096,0.981197
12,2026-03-27T15:51:34.372867+00:00,EQE1,18,1.0,0.277344,4096,0.981197
12,2026-03-27T15:51:34.372867+00:00,EQE1,18,3.0,0.058105,4096,0.981197
12,2026-03-27T15:51:34.372867+00:00,EQE1,18,5.0,-0.107422,4096,0.981197
12,2026-03-27T15:51:34.372867+00:00,EQE1,19,1.0,0.288086,4096,0.981197
12,2026-03-27T15:51:34.372867+00:00,EQE1,19,3.0,0.072266,4096,0.981197
12,2026-03-27T15:51:34.372867+00:00,EQE1,19,5.0,-0.084961,4096,0.981197
12,2026-03-27T15:51:34.372867+00:00,EQE1,20,1.0,0.296875,4096,0.981197
12,2026-03-27T15:51:34.372867+00:00,EQE1,20,3.0,0.077637,4096,0.981197
12,2026-03-27T15:51:34.372867+00:00,EQE1,20,5.0,-0.084961,4096,0.981197
12,2026-03-27T15:51:34.372867+00:00,EQE1,21,1.0,0.303223,4096,0.981197
12,2026-03-27T15:51:34.372867+00:00,EQE1,21,3.0,0.067871,4096,0.981197
12,2026-03-27T15:51:34.372867+00:00,EQE1,21,5.0,-0.077148,4096,0.981197
12,2026-03-27T15:51:34.372867+00:00,EQE1,22,1.0,0.305176,4096,0.981197
12,2026-03-27T15:51:34.372867+00:00,EQE1,22,3.0,0.083984,4096,0.981197
12,2026-03-27T15:51:34.372867+00:00,EQE1,22,5.0,-0.097168,4096,0.981197
12,2026-03-27T15:51:34.372867+00:00,EQE1,23,1.0,0.305664,4096,0.981197
12,2026-03-27T15:51:34.372867+00:00,EQE1,23,3.0,0.073242,4096,0.981197
12,2026-03-27T15:51:34.372867+00:00,EQE1,23,5.0,-0.096680,4096,0.981197
12,2026-03-27T15:51:34.372867+00:00,EQE1,24,1.0,0.307129,4096,0.981197
12,2026-03-27T15:51:34.372867+00:00,EQE1,24,3.0,0.087891,4096,0.981197
12,2026-03-27T15:51:34.372867+00:00,EQE1,24,5.0,-0.101562,4096,0.981197
12,2026-03-27T15:51:34.372867+00:00,EQE1,25,1.0,0.287598,4096,0.981197
12,2026-03-27T15:51:34.372867+00:00,EQE1,25,3.0,0.075195,4096,0.981197
12,2026-03-27T15:51:34.372867+00:00,EQE1,25,5.0,-0.079590,4096,0.981197
12,2026-03-27T15:51:34.372867+00:00,EQE1,26,1.0,0.278320,4096,0.981197
12,2026-03-27T15:51:34.372867+00:00,EQE1,26,3.0,0.061523,4096,0.981197
12,2026-03-27T15:51:34.372867+00:00,EQE1,26,5.0,-0.088379,4096,0.981197
12,2026-03-27T15:51:34.372867+00:00,EQE1,27,1.0,0.265137,4096,0.981197
12,2026-03-27T15:51:34.372867+00:00,EQE1,27,3.0,0.084961,4096,0.981197
12,2026-03-27T15:51:34.372867+00:00,EQE1,27,5.0,-0.088379,4096,0.981197
12,2026-03-27T15:51:34.372867+00:00,EQE1,28,1.0,0.294434,4096,0.981197
12,2026-03-27T15:51:34.372867+00:00,EQE1,28,3.0,0.080566,4096,0.981197
12,2026-03-27T15:51:34.372867+00:00,EQE1,28,5.0,-0.067383,4096,0.981197
12,2026-03-27T15:51:34.372867+00:00,EQE1,29,1.0,0.280762,4096,0.981197
12,2026-03-27T15:51:34.372867+00:00,EQE1,29,3.0,0.102539,4096,0.981197
12,2026-03-27T15:51:34.372867+00:00,EQE1,29,5.0,-0.115234,4096,0.981197
13,2026-03-27T16:21:34.372888+00:00,EQE1,0,1.0,0.310059,4096,0.981197
13,2026-03-27T16:21:34.372888+00:00,EQE1,0,3.0,0.105957,4096,0.981197
13,2026-03-27T16:21:34.372888+00:00,EQE1,0,5.0,-0.108398,4096,0.981197
13,2026-03-27T16:21:34.372888+00:00,EQE1,1,1.0,0.296875,4096,0.981197
13,2026-03-27T16:21:34.372888+00:00,EQE1,1,3.0,0.088867,4096,0.981197
13,2026-03-27T16:21:34.372888+00:00,EQE1,1,5.0,-0.075195,4096,0.981197
13,2026-03-27T16:21:34.372888+00:00,EQE1,2,1.0,0.303223,4096,0.981197
13,2026-03-27T16:21:34.372888+00:00,EQE1,2,3.0,0.065918,4096,0.981197
13,2026-03-27T16:21:34.372888+00:00,EQE1,2,5.0,-0.098633,4096,0.981197
13,2026-03-27T16:21:34.372888+00:00,EQE1,3,1.0,0.292969,4096,0.981197
13,2026-03-27T16:21:34.372888+00:00,EQE1,3,3.0,0.080078,4096,0.981197
13,2026-03-27T16:21:34.372888+00:00,EQE1,3,5.0,-0.111816,4096,0.981197
13,2026-03-27T16:21:34.372888+00:00,EQE1,4,1.0,0.304688,4096,0.981197
13,2026-03-27T16:21:34.372888+00:00,EQE1,4,3.0,0.109863,4096,0.981197
13,2026-03-27T16:21:34.372888+00:00,EQE1,4,5.0,-0.079590,4096,0.981197
13,2026-03-27T16:21:34.372888+00:00,EQE1,5,1.0,0.274414,4096,0.981197
13,2026-03-27T16:21:34.372888+00:00,EQE1,5,3.0,0.099121,4096,0.981197
13,2026-03-27T16:21:34.372888+00:00,EQE1,5,5.0,-0.095215,4096,0.981197
13,2026-03-27T16:21:34.372888+00:00,EQE1,6,1.0,0.299316,4096,0.981197
13,2026-03-27T16:21:34.372888+00:00,EQE1,6,3.0,0.072754,4096,0.981197
13,2026-03-27T16:21:34.372888+00:00,EQE1,6,5.0,-0.092285,4096,0.981197
13,2026-03-27T16:21:34.372888+00:00,EQE1,7,1.0,0.296875,4096,0.981197
13,2026-03-27T16:21:34.372888+00:00,EQE1,7,3.0,0.117676,4096,0.981197
13,2026-03-27T16:21:34.372888+00:00,EQE1,7,5.0,-0.086914,4096,0.981197
13,2026-03-27T16:21:34.372888+00:00,EQE1,8,1.0,0.288574,4096,0.981197
13,2026-03-27T16:21:34.372888+00:00,EQE1,8,3.0,0.081543,4096,0.981197
13,2026-03-27T16:21:34.372888+00:00,EQE1,8,5.0,-0.100098,4096,0.981197
13,2026-03-27T16:21:34.372888+00:00,EQE1,9,1.0,0.308105,4096,0.981197
13,2026-03-27T16:21:34.372888+00:00,EQE1,9,3.0,0.093750,4096,0.981197
13,2026-03-27T16:21:34.372888+00:00,EQE1,9,5.0,-0.126465,4096,0.981197
13,2026-03-27T16:21:34.372888+00:00,EQE1,10,1.0,0.284668,4096,0.981197
13,2026-03-27T16:21:34.372888+00:00,EQE1,10,3.0,0.105957,4096,0.981197
13,2026-03-27T16:21:34.372888+00:00,EQE1,10,5.0,-0.105957,4096,0.981197
13,2026-03-27T16:21:34.372888+00:00,EQE1,11,1.0,0.303223,4096,0.981197
13,2026-03-27T16:21:34.372888+00:00,EQE1,11,3.0,0.070312,4096,0.981197
13,2026-03-27T16:21:34.372888+00:00,EQE1,11,5.0,-0.099609,4096,0.981197
13,2026-03-27T16:21:34.372888+00:00,EQE1,12,1.0,0.296875,4096,0.981197
13,2026-03-27T16:21:34.372888+00:00,EQE1,12,3.0,0.099609,4096,0.981197
13,2026-03-27T16:21:34.372888+00:00,EQE1,12,5.0,-0.087891,4096,0.981197
13,2026-03-27T16:21:34.372888+00:00,EQE1,13,1.0,0.309082,4096,0.981197
13,2026-03-27T16:21:34.372888+00:00,EQE1,13,3.0,0.088867,4096,0.981197
13,2026-03-27T16:21:34.372888+00:00,EQE1,13,5.0,-0.090820,4096,0.981197
13,2026-03-27T16:21:34.372888+00:00,EQE1,14,1.0,0.274414,4096,0.981197
13,2026-03-27T16:21:34.372888+00:00,EQE1,14,3.0,0.103516,4096,0.981197
13,2026-03-27T16:21:34.372888+00:00,EQE1,14,5.0,-0.115234,4096,0.981197
13,2026-03-27T16:21:34.372888+00:00,EQE1,15,1.0,0.285645,4096,0.981197
13,2026-03-27T16:21:34.372888+00:00,EQE1,15,3.0,0.090332,4096,0.981197
13,2026-03-27T16:21:34.372888+00:00,EQE1,15,5.0,-0.108398,4096,0.981197
13,2026-03-27T16:21:34.372888+00:00,EQE1,16,1.0,0.297363,4096,0.981197
13,2026-03-27T16:21:34.372888+00:00,EQE1,16,3.0,0.062500,4096,0.981197
13,2026-03-27T16:21:34.372888+00:00,EQE1,16,5.0,-0.083008,4096,0.981197
13,2026-03-27T16:21:34.372888+00:00,EQE1,17,1.0,0.312500,4096,0.981197
13,2026-03-27T16:21:34.372888+00:00,EQE1,17,3.0,0.073730,4096,0.981197
13,2026-03-27T16:21:34.372888+00:00,EQE1,17,5.0,-0.101074,4096,0.981197
13,2026-03-27T16:21:34.372888+00:00,EQE1,18,1.0,0.298828,4096,0.981197
13,2026-03-27T16:21:34.372888+00:00,EQE1,18,3.0,0.079102,4096,0.981197
13,2026-03-27T16:21:34.372888+00:00,EQE1,18,5.0,-0.085449,4096,0.981197
13,2026-03-27T16:21:34.372888+00:00,EQE1,19,1.0,0.316895,4096,0.981197
13,2026-03-27T16:21:34.372888+00:00,EQE1,19,3.0,0.086426,4096,0.981197
13,2026-03-27T16:21:34.372888+00:00,EQE1,19,5.0,-0.086914,4096,0.981197
13,2026-03-27T16:21:34.372888+00:00,EQE1,20,1.0,0.268555,4096,0.981197
13,2026-03-27T16:21:34.372888+00:00,EQE1,20,3.0,0.124512,4096,0.981197
13,2026-03-27T16:21:34.372888+00:00,EQE1,20,5.0,-0.080566,4096,0.981197
13,2026-03-27T16:21:34.372888+00:00,EQE1,21,1.0,0.313965,4096,0.981197
13,2026-03-27T16:21:34.372888+00:00,EQE1,21,3.0,0.083984,4096,0.981197
13,2026-03-27T16:21:34.372888+00:00,EQE1,21,5.0,-0.086426,4096,0.981197
13,2026-03-27T16:21:34.372888+00:00,EQE1,22,1.0,0.323242,4096,0.981197
13,2026-03-27T16:21:34.372888+00:00,EQE1,22,3.0,0.081543,4096,0.981197
13,2026-03-27T16:21:34.372888+00:00,EQE1,22,5.0,-0.092285,4096,0.981197
13,2026-03-27T16:21:34.372888+00:00,EQE1,23,1.0,0.294434,4096,0.981197
13,2026-03-27T16:21:34.372888+00:00,EQE1,23,3.0,0.075684,4096,0.981197
13,2026-03-27T16:21:34.372888+00:00,EQE1,23,5.0,-0.092285,4096,0.981197
13,2026-03-27T16:21:34.372888+00:00,EQE1,24,1.0,0.302246,4096,0.981197
13,2026-03-27T16:21:34.372888+00:00,EQE1,24,3.0,0.091309,4096,0.981197
13,2026-03-27T16:21:34.372888+00:00,EQE1,24,5.0,-0.116211,4096,0.981197
13,2026-03-27T16:21:34.372888+00:00,EQE1,25,1.0,0.293457,4096,0.981197
13,2026-03-27T16:21:34.372888+00:00,EQE1,25,3.0,0.088867,4096,0.981197
13,2026-03-27T16:21:34.372888+00:00,EQE1,25,5.0,-0.114258,4096,0.981197
13,2026-03-27T16:21:34.372888+00:00,EQE1,26,1.0,0.289062,4096,0.981197
13,2026-03-27T16:21:34.372888+00:00,EQE1,26,3.0,0.071777,4096,0.981197
13,2026-03-27T16:21:34.372888+00:00,EQE1,26,5.0,-0.110352,4096,0.981197
13,2026-03-27T16:21:34.372888+00:00,EQE1,27,1.0,0.289062,4096,0.981197
13,2026-03-27T16:21:34.372888+00:00,EQE1,27,3.0,0.110840,4096,0.981197
13,2026-03-27T16:21:34.372888+00:00,EQE1,27,5.0,-0.105957,4096,0.981197
13,2026-03-27T16:21:34.372888+00:00,EQE1,28,1.0,0.296387,4096,0.981197
13,2026-03-27T16:21:34.372888+00:00,EQE1,28,3.0,0.122070,4096,0.981197
13,2026-03-27T16:21:34.372888+00:00,EQE1,28,5.0,-0.074219,4096,0.981197
13,2026-03-27T16:21:34.372888+00:00,EQE1,29,1.0,0.315430,4096,0.981197
13,2026-03-27T16:21:34.372888+00:00,EQE1,29,3.0,0.095215,4096,0.981197
13,2026-03-27T16:21:34.372888+00:00,EQE1,29,5.0,-0.110840,4096,0.981197
14,2026-03-27T16:51:34.372859+00:00,EQE1,0,1.0,0.324707,4096,0.981197
14,2026-03-27T16:51:34.372859+00:00,EQE1,0,3.0,0.086914,4096,0.981197
14,2026-03-27T16:51:34.372859+00:00,EQE1,0,5.0,-0.070312,4096,0.981197
14,2026-03-27T16:51:34.372859+00:00,EQE1,1,1.0,0.314453,4096,0.981197
14,2026-03-27T16:51:34.372859+00:00,EQE1,1,3.0,0.074219,4096,0.981197
14,2026-03-27T16:51:34.372859+00:00,EQE1,1,5.0,-0.103027,4096,0.981197
14,2026-03-27T16:51:34.372859+00:00,EQE1,2,1.0,0.294922,4096,0.981197
14,2026-03-27T16:51:34.372859+00:00,EQE1,2,3.0,0.100586,4096,0.981197
14,2026-03-27T16:51:34.372859+00:00,EQE1,2,5.0,-0.114746,4096,0.981197
14,2026-03-27T16:51:34.372859+00:00,EQE1,3,1.0,0.283691,4096,0.981197
14,2026-03-27T16:51:34.372859+00:00,EQE1,3,3.0,0.100098,4096,0.981197
14,2026-03-27T16:51:34.372859+00:00,EQE1,3,5.0,-0.076660,4096,0.981197
14,2026-03-27T16:51:34.372859+00:00,EQE1,4,1.0,0.277832,4096,0.981197
14,2026-03-27T16:51:34.372859+00:00,EQE1,4,3.0,0.142578,4096,0.981197
14,2026-03-27T16:51:34.372859+00:00,EQE1,4,5.0,-0.105957,4096,0.981197
14,2026-03-27T16:51:34.372859+00:00,EQE1,5,1.0,0.293457,4096,0.981197
14,2026-03-27T16:51:34.372859+00:00,EQE1,5,3.0,0.090820,4096,0.981197
14,2026-03-27T16:51:34.372859+00:00,EQE1,5,5.0,-0.088867,4096,0.981197
14,2026-03-27T16:51:34.372859+00:00,EQE1,6,1.0,0.291016,4096,0.981197
14,2026-03-27T16:51:34.372859+00:00,EQE1,6,3.0,0.097168,4096,0.981197
14,2026-03-27T16:51:34.372859+00:00,EQE1,6,5.0,-0.096680,4096,0.981197
14,2026-03-27T16:51:34.372859+00:00,EQE1,7,1.0,0.313477,4096,0.981197
14,2026-03-27T16:51:34.372859+00:00,EQE1,7,3.0,0.104492,4096,0.981197
14,2026-03-27T16:51:34.372859+00:00,EQE1,7,5.0,-0.111328,4096,0.981197
14,2026-03-27T16:51:34.372859+00:00,EQE1,8,1.0,0.284180,4096,0.981197
14,2026-03-27T16:51:34.372859+00:00,EQE1,8,3.0,0.104980,4096,0.981197
14,2026-03-27T16:51:34.372859+00:00,EQE1,8,5.0,-0.098633,4096,0.981197
14,2026-03-27T16:51:34.372859+00:00,EQE1,9,1.0,0.309570,4096,0.981197
14,2026-03-27T16:51:34.372859+00:00,EQE1,9,3.0,0.092773,4096,0.981197
14,2026-03-27T16:51:34.372859+00:00,EQE1,9,5.0,-0.095703,4096,0.981197
14,2026-03-27T16:51:34.372859+00:00,EQE1,10,1.0,0.297363,4096,0.981197
14,2026-03-27T16:51:34.372859+00:00,EQE1,10,3.0,0.102051,4096,0.981197
14,2026-03-27T16:51:34.372859+00:00,EQE1,10,5.0,-0.094238,4096,0.981197
14,2026-03-27T16:51:34.372859+00:00,EQE1,11,1.0,0.293945,4096,0.981197
14,2026-03-27T16:51:34.372859+00:00,EQE1,11,3.0,0.103027,4096,0.981197
14,2026-03-27T16:51:34.372859+00:00,EQE1,11,5.0,-0.061523,4096,0.981197
14,2026-03-27T16:51:34.372859+00:00,EQE1,12,1.0,0.311523,4096,0.981197
14,2026-03-27T16:51:34.372859+00:00,EQE1,12,3.0,0.074707,4096,0.981197
14,2026-03-27T16:51:34.372859+00:00,EQE1,12,5.0,-0.078613,4096,0.981197
14,2026-03-27T16:51:34.372859+00:00,EQE1,13,1.0,0.298828,4096,0.981197
14,2026-03-27T16:51:34.372859+00:00,EQE1,13,3.0,0.073242,4096,0.981197
14,2026-03-27T16:51:34.372859+00:00,EQE1,13,5.0,-0.076660,4096,0.981197
14,2026-03-27T16:51:34.372859+00:00,EQE1,14,1.0,0.290039,4096,0.981197
14,2026-03-27T16:51:34.372859+00:00,EQE1,14,3.0,0.092773,4096,0.981197
14,2026-03-27T16:51:34.372859+00:00,EQE1,14,5.0,-0.078125,4096,0.981197
14,2026-03-27T16:51:34.372859+00:00,EQE1,15,1.0,0.287109,4096,0.981197
14,2026-03-27T16:51:34.372859+00:00,EQE1,15,3.0,0.072754,4096,0.981197
14,2026-03-27T16:51:34.372859+00:00,EQE1,15,5.0,-0.084961,4096,0.981197
14,2026-03-27T16:51:34.372859+00:00,EQE1,16,1.0,0.293457,4096,0.981197
14,2026-03-27T16:51:34.372859+00:00,EQE1,16,3.0,0.113770,4096,0.981197
14,2026-03-27T16:51:34.372859+00:00,EQE1,16,5.0,-0.089844,4096,0.981197
14,2026-03-27T16:51:34.372859+00:00,EQE1,17,1.0,0.293457,4096,0.981197
14,2026-03-27T16:51:34.372859+00:00,EQE1,17,3.0,0.110352,4096,0.981197
14,2026-03-27T16:51:34.372859+00:00,EQE1,17,5.0,-0.116699,4096,0.981197
14,2026-03-27T16:51:34.372859+00:00,EQE1,18,1.0,0.297363,4096,0.981197
14,2026-03-27T16:51:34.372859+00:00,EQE1,18,3.0,0.094727,4096,0.981197
14,2026-03-27T16:51:34.372859+00:00,EQE1,18,5.0,-0.123047,4096,0.981197
14,2026-03-27T16:51:34.372859+00:00,EQE1,19,1.0,0.259766,4096,0.981197
14,2026-03-27T16:51:34.372859+00:00,EQE1,19,3.0,0.116699,4096,0.981197
14,2026-03-27T16:51:34.372859+00:00,EQE1,19,5.0,-0.082031,4096,0.981197
14,2026-03-27T16:51:34.372859+00:00,EQE1,20,1.0,0.297852,4096,0.981197
14,2026-03-27T16:51:34.372859+00:00,EQE1,20,3.0,0.113281,4096,0.981197
14,2026-03-27T16:51:34.372859+00:00,EQE1,20,5.0,-0.086914,4096,0.981197
14,2026-03-27T16:51:34.372859+00:00,EQE1,21,1.0,0.307617,4096,0.981197
14,2026-03-27T16:51:34.372859+00:00,EQE1,21,3.0,0.123047,4096,0.981197
14,2026-03-27T16:51:34.372859+00:00,EQE1,21,5.0,-0.099609,4096,0.981197
14,2026-03-27T16:51:34.372859+00:00,EQE1,22,1.0,0.300293,4096,0.981197
14,2026-03-27T16:51:34.372859+00:00,EQE1,22,3.0,0.103027,4096,0.981197
14,2026-03-27T16:51:34.372859+00:00,EQE1,22,5.0,-0.092773,4096,0.981197
14,2026-03-27T16:51:34.372859+00:00,EQE1,23,1.0,0.308594,4096,0.981197
14,2026-03-27T16:51:34.372859+00:00,EQE1,23,3.0,0.108887,4096,0.981197
14,2026-03-27T16:51:34.372859+00:00,EQE1,23,5.0,-0.103516,4096,0.981197
14,2026-03-27T16:51:34.372859+00:00,EQE1,24,1.0,0.285156,4096,0.981197
14,2026-03-27T16:51:34.372859+00:00,EQE1,24,3.0,0.094238,4096,0.981197
14,2026-03-27T16:51:34.372859+00:00,EQE1,24,5.0,-0.104980,4096,0.981197
14,2026-03-27T16:51:34.372859+00:00,EQE1,25,1.0,0.299805,4096,0.981197
14,2026-03-27T16:51:34.372859+00:00,EQE1,25,3.0,0.093262,4096,0.981197
14,2026-03-27T16:51:34.372859+00:00,EQE1,25,5.0,-0.088867,4096,0.981197
14,2026-03-27T16:51:34.372859+00:00,EQE1,26,1.0,0.297363,4096,0.981197
14,2026-03-27T16:51:34.372859+00:00,EQE1,26,3.0,0.100098,4096,0.981197
14,2026-03-27T16:51:34.372859+00:00,EQE1,26,5.0,-0.122070,4096,0.981197
14,2026-03-27T16:51:34.372859+00:00,EQE1,27,1.0,0.320801,4096,0.981197
14,2026-03-27T16:51:34.372859+00:00,EQE1,27,3.0,0.088379,4096,0.981197
14,2026-03-27T16:51:34.372859+00:00,EQE1,27,5.0,-0.113281,4096,0.981197
14,2026-03-27T16:51:34.372859+00:00,EQE1,28,1.0,0.295898,4096,0.981197
14,2026-03-27T16:51:34.372859+00:00,EQE1,28,3.0,0.093750,4096,0.981197
14,2026-03-27T16:51:34.372859+00:00,EQE1,28,5.0,-0.114258,4096,0.981197
14,2026-03-27T16:51:34.372859+00:00,EQE1,29,1.0,0.272949,4096,0.981197
14,2026-03-27T16:51:34.372859+00:00,EQE1,29,3.0,0.108398,4096,0.981197
14,2026-03-27T16:51:34.372859+00:00,EQE1,29,5.0,-0.110352,4096,0.981197
15,2026-03-27T17:21:34.372889+00:00,EQE1,0,1.0,0.310059,4096,0.981197
15,2026-03-27T17:21:34.372889+00:00,EQE1,0,3.0,0.067383,4096,0.981197
15,2026-03-27T17:21:34.372889+00:00,EQE1,0,5.0,-0.082520,4096,0.981197
15,2026-03-27T17:21:34.372889+00:00,EQE1,1,1.0,0.323242,4096,0.981197
15,2026-03-27T17:21:34.372889+00:00,EQE1,1,3.0,0.065430,4096,0.981197
15,2026-03-27T17:21:34.372889+00:00,EQE1,1,5.0,-0.107422,4096,0.981197
15,2026-03-27T17:21:34.372889+00:00,EQE1,2,1.0,0.300293,4096,0.981197
15,2026-03-27T17:21:34.372889+00:00,EQE1,2,3.0,0.126953,4096,0.981197
15,2026-03-27T17:21:34.372889+00:00,EQE1,2,5.0,-0.068359,4096,0.981197
15,2026-03-27T17:21:34.372889+00:00,EQE1,3,1.0,0.305176,4096,0.981197
15,2026-03-27T17:21:34.372889+00:00,EQE1,3,3.0,0.108887,4096,0.981197
15,2026-03-27T17:21:34.372889+00:00,EQE1,3,5.0,-0.116699,4096,0.981197
15,2026-03-27T17:21:34.372889+00:00,EQE1,4,1.0,0.334961,4096,0.981197
15,2026-03-27T17:21:34.372889+00:00,EQE1,4,3.0,0.084961,4096,0.981197
15,2026-03-27T17:21:34.372889+00:00,EQE1,4,5.0,-0.100098,4096,0.981197
15,2026-03-27T17:21:34.372889+00:00,EQE1,5,1.0,0.279785,4096,0.981197
15,2026-03-27T17:21:34.372889+00:00,EQE1,5,3.0,0.068359,4096,0.981197
15,2026-03-27T17:21:34.372889+00:00,EQE1,5,5.0,-0.110840,4096,0.981197
15,2026-03-27T17:21:34.372889+00:00,EQE1,6,1.0,0.315430,4096,0.981197
15,2026-03-27T17:21:34.372889+00:00,EQE1,6,3.0,0.085449,4096,0.981197
15,2026-03-27T17:21:34.372889+00:00,EQE1,6,5.0,-0.081055,4096,0.981197
15,2026-03-27T17:21:34.372889+00:00,EQE1,7,1.0,0.300781,4096,0.981197
15,2026-03-27T17:21:34.372889+00:00,EQE1,7,3.0,0.128418,4096,0.981197
15,2026-03-27T17:21:34.372889+00:00,EQE1,7,5.0,-0.086914,4096,0.981197
15,2026-03-27T17:21:34.372889+00:00,EQE1,8,1.0,0.283691,4096,0.981197
15,2026-03-27T17:21:34.372889+00:00,EQE1,8,3.0,0.088379,4096,0.981197
15,2026-03-27T17:21:34.372889+00:00,EQE1,8,5.0,-0.089355,4096,0.981197
15,2026-03-27T17:21:34.372889+00:00,EQE1,9,1.0,0.300293,4096,0.981197
15,2026-03-27T17:21:34.372889+00:00,EQE1,9,3.0,0.098633,4096,0.981197
15,2026-03-27T17:21:34.372889+00:00,EQE1,9,5.0,-0.087402,4096,0.981197
15,2026-03-27T17:21:34.372889+00:00,EQE1,10,1.0,0.267578,4096,0.981197
15,2026-03-27T17:21:34.372889+00:00,EQE1,10,3.0,0.104980,4096,0.981197
15,2026-03-27T17:21:34.372889+00:00,EQE1,10,5.0,-0.078613,4096,0.981197
15,2026-03-27T17:21:34.372889+00:00,EQE1,11,1.0,0.323730,4096,0.981197
15,2026-03-27T17:21:34.372889+00:00,EQE1,11,3.0,0.065918,4096,0.981197
15,2026-03-27T17:21:34.372889+00:00,EQE1,11,5.0,-0.075684,4096,0.981197
15,2026-03-27T17:21:34.372889+00:00,EQE1,12,1.0,0.294922,4096,0.981197
15,2026-03-27T17:21:34.372889+00:00,EQE1,12,3.0,0.122559,4096,0.981197
15,2026-03-27T17:21:34.372889+00:00,EQE1,12,5.0,-0.091797,4096,0.981197
15,2026-03-27T17:21:34.372889+00:00,EQE1,13,1.0,0.329590,4096,0.981197
15,2026-03-27T17:21:34.372889+00:00,EQE1,13,3.0,0.082031,4096,0.981197
15,2026-03-27T17:21:34.372889+00:00,EQE1,13,5.0,-0.097656,4096,0.981197
15,2026-03-27T17:21:34.372889+00:00,EQE1,14,1.0,0.293945,4096,0.981197
15,2026-03-27T17:21:34.372889+00:00,EQE1,14,3.0,0.086914,4096,0.981197
15,2026-03-27T17:21:34.372889+00:00,EQE1,14,5.0,-0.108887,4096,0.981197
15,2026-03-27T17:21:34.372889+00:00,EQE1,15,1.0,0.286621,4096,0.981197
15,2026-03-27T17:21:34.372889+00:00,EQE1,15,3.0,0.078125,4096,0.981197
15,2026-03-27T17:21:34.372889+00:00,EQE1,15,5.0,-0.107422,4096,0.981197
15,2026-03-27T17:21:34.372889+00:00,EQE1,16,1.0,0.295898,4096,0.981197
15,2026-03-27T17:21:34.372889+00:00,EQE1,16,3.0,0.094727,4096,0.981197
15,2026-03-27T17:21:34.372889+00:00,EQE1,16,5.0,-0.083496,4096,0.981197
15,2026-03-27T17:21:34.372889+00:00,EQE1,17,1.0,0.278320,4096,0.981197
15,2026-03-27T17:21:34.372889+00:00,EQE1,17,3.0,0.116211,4096,0.981197
15,2026-03-27T17:21:34.372889+00:00,EQE1,17,5.0,-0.080078,4096,0.981197
15,2026-03-27T17:21:34.372889+00:00,EQE1,18,1.0,0.299805,4096,0.981197
15,2026-03-27T17:21:34.372889+00:00,EQE1,18,3.0,0.056152,4096,0.981197
15,2026-03-27T17:21:34.372889+00:00,EQE1,18,5.0,-0.098633,4096,0.981197
15,2026-03-27T17:21:34.372889+00:00,EQE1,19,1.0,0.302246,4096,0.981197
15,2026-03-27T17:21:34.372889+00:00,EQE1,19,3.0,0.081055,4096,0.981197
15,2026-03-27T17:21:34.372889+00:00,EQE1,19,5.0,-0.116699,4096,0.981197
15,2026-03-27T17:21:34.372889+00:00,EQE1,20,1.0,0.281250,4096,0.981197
15,2026-03-27T17:21:34.372889+00:00,EQE1,20,3.0,0.101074,4096,0.981197
15,2026-03-27T17:21:34.372889+00:00,EQE1,20,5.0,-0.079590,4096,0.981197
15,2026-03-27T17:21:34.372889+00:00,EQE1,21,1.0,0.279297,4096,0.981197
15,2026-03-27T17:21:34.372889+00:00,EQE1,21,3.0,0.125977,4096,0.981197
15,2026-03-27T17:21:34.372889+00:00,EQE1,21,5.0,-0.090820,4096,0.981197
15,2026-03-27T17:21:34.372889+00:00,EQE1,22,1.0,0.326660,4096,0.981197
15,2026-03-27T17:21:34.372889+00:00,EQE1,22,3.0,0.095703,4096,0.981197
15,2026-03-27T17:21:34.372889+00:00,EQE1,22,5.0,-0.108887,4096,0.981197
15,2026-03-27T17:21:34.372889+00:00,EQE1,23,1.0,0.291016,4096,0.981197
15,2026-03-27T17:21:34.372889+00:00,EQE1,23,3.0,0.114746,4096,0.981197
15,2026-03-27T17:21:34.372889+00:00,EQE1,23,5.0,-0.078125,4096,0.981197
15,2026-03-27T17:21:34.372889+00:00,EQE1,24,1.0,0.313477,4096,0.981197
15,2026-03-27T17:21:34.372889+00:00,EQE1,24,3.0,0.101074,4096,0.981197
15,2026-03-27T17:21:34.372889+00:00,EQE1,24,5.0,-0.087891,4096,0.981197
15,2026-03-27T17:21:34.372889+00:00,EQE1,25,1.0,0.290527,4096,0.981197
15,2026-03-27T17:21:34.372889+00:00,EQE1,25,3.0,0.084473,4096,0.981197
15,2026-03-27T17:21:34.372889+00:00,EQE1,25,5.0,-0.093750,4096,0.981197
15,2026-03-27T17:21:34.372889+00:00,EQE1,26,1.0,0.319824,4096,0.981197
15,2026-03-27T17:21:34.372889+00:00,EQE1,26,3.0,0.074707,4096,0.981197
15,2026-03-27T17:21:34.372889+00:00,EQE1,26,5.0,-0.106445,4096,0.981197
15,2026-03-27T17:21:34.372889+00:00,EQE1,27,1.0,0.302246,4096,0.981197
15,2026-03-27T17:21:34.372889+00:00,EQE1,27,3.0,0.082031,4096,0.981197
15,2026-03-27T17:21:34.372889+00:00,EQE1,27,5.0,-0.062500,4096,0.981197
15,2026-03-27T17:21:34.372889+00:00,EQE1,28,1.0,0.275879,4096,0.981197
15,2026-03-27T17:21:34.372889+00:00,EQE1,28,3.0,0.084961,4096,0.981197
15,2026-03-27T17:21:34.372889+00:00,EQE1,28,5.0,-0.125488,4096,0.981197
15,2026-03-27T17:21:34.372889+00:00,EQE1,29,1.0,0.304688,4096,0.981197
15,2026-03-27T17:21:34.372889+00:00,EQE1,29,3.0,0.108398,4096,0.981197
15,2026-03-27T17:21:34.372889+00:00,EQE1,29,5.0,-0.101074,4096,0.981197
16,2026-03-27T17:51:34.372879+00:00,EQE1,0,1.0,0.287598,4096,0.981197
16,2026-03-27T17:51:34.372879+00:00,EQE1,0,3.0,0.092773,4096,0.981197
16,2026-03-27T17:51:34.372879+00:00,EQE1,0,5.0,-0.103516,4096,0.981197
16,2026-03-27T17:51:34.372879+00:00,EQE1,1,1.0,0.273926,4096,0.981197
16,2026-03-27T17:51:34.372879+00:00,EQE1,1,3.0,0.088867,4096,0.981197
16,2026-03-27T17:51:34.372879+00:00,EQE1,1,5.0,-0.094727,4096,0.981197
16,2026-03-27T17:51:34.372879+00:00,EQE1,2,1.0,0.289062,4096,0.981197
16,2026-03-27T17:51:34.372879+00:00,EQE1,2,3.0,0.049805,4096,0.981197
16,2026-03-27T17:51:34.372879+00:00,EQE1,2,5.0,-0.084473,4096,0.981197
16,2026-03-27T17:51:34.372879+00:00,EQE1,3,1.0,0.283691,4096,0.981197
16,2026-03-27T17:51:34.372879+00:00,EQE1,3,3.0,0.104980,4096,0.981197
16,2026-03-27T17:51:34.372879+00:00,EQE1,3,5.0,-0.102539,4096,0.981197
16,2026-03-27T17:51:34.372879+00:00,EQE1,4,1.0,0.292480,4096,0.981197
16,2026-03-27T17:51:34.372879+00:00,EQE1,4,3.0,0.087891,4096,0.981197
16,2026-03-27T17:51:34.372879+00:00,EQE1,4,5.0,-0.091797,4096,0.981197
16,2026-03-27T17:51:34.372879+00:00,EQE1,5,1.0,0.306641,4096,0.981197
16,2026-03-27T17:51:34.372879+00:00,EQE1,5,3.0,0.074707,4096,0.981197
16,2026-03-27T17:51:34.372879+00:00,EQE1,5,5.0,-0.106934,4096,0.981197
16,2026-03-27T17:51:34.372879+00:00,EQE1,6,1.0,0.295898,4096,0.981197
16,2026-03-27T17:51:34.372879+00:00,EQE1,6,3.0,0.092773,4096,0.981197
16,2026-03-27T17:51:34.372879+00:00,EQE1,6,5.0,-0.073730,4096,0.981197
16,2026-03-27T17:51:34.372879+00:00,EQE1,7,1.0,0.292480,4096,0.981197
16,2026-03-27T17:51:34.372879+00:00,EQE1,7,3.0,0.087891,4096,0.981197
16,2026-03-27T17:51:34.372879+00:00,EQE1,7,5.0,-0.108887,4096,0.981197
16,2026-03-27T17:51:34.372879+00:00,EQE1,8,1.0,0.292480,4096,0.981197
16,2026-03-27T17:51:34.372879+00:00,EQE1,8,3.0,0.093750,4096,0.981197
16,2026-03-27T17:51:34.372879+00:00,EQE1,8,5.0,-0.071777,4096,0.981197
16,2026-03-27T17:51:34.372879+00:00,EQE1,9,1.0,0.294434,4096,0.981197
16,2026-03-27T17:51:34.372879+00:00,EQE1,9,3.0,0.081055,4096,0.981197
16,2026-03-27T17:51:34.372879+00:00,EQE1,9,5.0,-0.088867,4096,0.981197
16,2026-03-27T17:51:34.372879+00:00,EQE1,10,1.0,0.351562,4096,0.981197
16,2026-03-27T17:51:34.372879+00:00,EQE1,10,3.0,0.081543,4096,0.981197
16,2026-03-27T17:51:34.372879+00:00,EQE1,10,5.0,-0.104004,4096,0.981197
16,2026-03-27T17:51:34.372879+00:00,EQE1,11,1.0,0.333496,4096,0.981197
16,2026-03-27T17:51:34.372879+00:00,EQE1,11,3.0,0.054688,4096,0.981197
16,2026-03-27T17:51:34.372879+00:00,EQE1,11,5.0,-0.106445,4096,0.981197
16,2026-03-27T17:51:34.372879+00:00,EQE1,12,1.0,0.309570,4096,0.981197
16,2026-03-27T17:51:34.372879+00:00,EQE1,12,3.0,0.109863,4096,0.981197
16,2026-03-27T17:51:34.372879+00:00,EQE1,12,5.0,-0.106934,4096,0.981197
16,2026-03-27T17:51:34.372879+00:00,EQE1,13,1.0,0.280273,4096,0.981197
16,2026-03-27T17:51:34.372879+00:00,EQE1,13,3.0,0.088867,4096,0.981197
16,2026-03-27T17:51:34.372879+00:00,EQE1,13,5.0,-0.079102,4096,0.981197
16,2026-03-27T17:51:34.372879+00:00,EQE1,14,1.0,0.308105,4096,0.981197
16,2026-03-27T17:51:34.372879+00:00,EQE1,14,3.0,0.089844,4096,0.981197
16,2026-03-27T17:51:34.372879+00:00,EQE1,14,5.0,-0.098633,4096,0.981197
16,2026-03-27T17:51:34.372879+00:00,EQE1,15,1.0,0.315430,4096,0.981197
16,2026-03-27T17:51:34.372879+00:00,EQE1,15,3.0,0.095215,4096,0.981197
16,2026-03-27T17:51:34.372879+00:00,EQE1,15,5.0,-0.082520,4096,0.981197
16,2026-03-27T17:51:34.372879+00:00,EQE1,16,1.0,0.280273,4096,0.981197
16,2026-03-27T17:51:34.372879+00:00,EQE1,16,3.0,0.062012,4096,0.981197
16,2026-03-27T17:51:34.372879+00:00,EQE1,16,5.0,-0.089844,4096,0.981197
16,2026-03-27T17:51:34.372879+00:00,EQE1,17,1.0,0.277344,4096,0.981197
16,2026-03-27T17:51:34.372879+00:00,EQE1,17,3.0,0.083496,4096,0.981197
16,2026-03-27T17:51:34.372879+00:00,EQE1,17,5.0,-0.126953,4096,0.981197
16,2026-03-27T17:51:34.372879+00:00,EQE1,18,1.0,0.291016,4096,0.981197
16,2026-03-27T17:51:34.372879+00:00,EQE1,18,3.0,0.123047,4096,0.981197
16,2026-03-27T17:51:34.372879+00:00,EQE1,18,5.0,-0.082520,4096,0.981197
16,2026-03-27T17:51:34.372879+00:00,EQE1,19,1.0,0.252441,4096,0.981197
16,2026-03-27T17:51:34.372879+00:00,EQE1,19,3.0,0.069336,4096,0.981197
16,2026-03-27T17:51:34.372879+00:00,EQE1,19,5.0,-0.110352,4096,0.981197
16,2026-03-27T17:51:34.372879+00:00,EQE1,20,1.0,0.272949,4096,0.981197
16,2026-03-27T17:51:34.372879+00:00,EQE1,20,3.0,0.103027,4096,0.981197
16,2026-03-27T17:51:34.372879+00:00,EQE1,20,5.0,-0.122559,4096,0.981197
16,2026-03-27T17:51:34.372879+00:00,EQE1,21,1.0,0.301270,4096,0.981197
16,2026-03-27T17:51:34.372879+00:00,EQE1,21,3.0,0.096191,4096,0.981197
16,2026-03-27T17:51:34.372879+00:00,EQE1,21,5.0,-0.074219,4096,0.981197
16,2026-03-27T17:51:34.372879+00:00,EQE1,22,1.0,0.282715,4096,0.981197
16,2026-03-27T17:51:34.372879+00:00,EQE1,22,3.0,0.104980,4096,0.981197
16,2026-03-27T17:51:34.372879+00:00,EQE1,22,5.0,-0.088379,4096,0.981197
16,2026-03-27T17:51:34.372879+00:00,EQE1,23,1.0,0.321777,4096,0.981197
16,2026-03-27T17:51:34.372879+00:00,EQE1,23,3.0,0.103516,4096,0.981197
16,2026-03-27T17:51:34.372879+00:00,EQE1,23,5.0,-0.103516,4096,0.981197
16,2026-03-27T17:51:34.372879+00:00,EQE1,24,1.0,0.294434,4096,0.981197
16,2026-03-27T17:51:34.372879+00:00,EQE1,24,3.0,0.104980,4096,0.981197
16,2026-03-27T17:51:34.372879+00:00,EQE1,24,5.0,-0.110840,4096,0.981197
16,2026-03-27T17:51:34.372879+00:00,EQE1,25,1.0,0.298828,4096,0.981197
16,2026-03-27T17:51:34.372879+00:00,EQE1,25,3.0,0.084473,4096,0.981197
16,2026-03-27T17:51:34.372879+00:00,EQE1,25,5.0,-0.107422,4096,0.981197
16,2026-03-27T17:51:34.372879+00:00,EQE1,26,1.0,0.294922,4096,0.981197
16,2026-03-27T17:51:34.372879+00:00,EQE1,26,3.0,0.074707,4096,0.981197
16,2026-03-27T17:51:34.372879+00:00,EQE1,26,5.0,-0.074219,4096,0.981197
16,2026-03-27T17:51:34.372879+00:00,EQE1,27,1.0,0.307617,4096,0.981197
16,2026-03-27T17:51:34.372879+00:00,EQE1,27,3.0,0.107422,4096,0.981197
16,2026-03-27T17:51:34.372879+00:00,EQE1,27,5.0,-0.089355,4096,0.981197
16,2026-03-27T17:51:34.372879+00:00,EQE1,28,1.0,0.286133,4096,0.981197
16,2026-03-27T17:51:34.372879+00:00,EQE1,28,3.0,0.100098,4096,0.981197
16,2026-03-27T17:51:34.372879+00:00,EQE1,28,5.0,-0.069824,4096,0.981197
16,2026-03-27T17:51:34.372879+00:00,EQE1,29,1.0,0.287109,4096,0.981197
16,2026-03-27T17:51:34.372879+00:00,EQE1,29,3.0,0.078613,4096,0.981197
16,2026-03-27T17:51:34.372879+00:00,EQE1,29,5.0,-0.105957,4096,0.981197
17,2026-03-27T18:21:34.372849+00:00,EQE1,0,1.0,0.250488,4096,0.981197
17,2026-03-27T18:21:34.372849+00:00,EQE1,0,3.0,0.100586,4096,0.981197
17,2026-03-27T18:21:34.372849+00:00,EQE1,0,5.0,-0.076660,4096,0.981197
17,2026-03-27T18:21:34.372849+00:00,EQE1,1,1.0,0.291992,4096,0.981197
17,2026-03-27T18:21:34.372849+00:00,EQE1,1,3.0,0.086426,4096,0.981197
17,2026-03-27T18:21:34.372849+00:00,EQE1,1,5.0,-0.096680,4096,0.981197
17,2026-03-27T18:21:34.372849+00:00,EQE1,2,1.0,0.286133,4096,0.981197
17,2026-03-27T18:21:34.372849+00:00,EQE1,2,3.0,0.116699,4096,0.981197
17,2026-03-27T18:21:34.372849+00:00,EQE1,2,5.0,-0.069336,4096,0.981197
17,2026-03-27T18:21:34.372849+00:00,EQE1,3,1.0,0.291504,4096,0.981197
17,2026-03-27T18:21:34.372849+00:00,EQE1,3,3.0,0.095215,4096,0.981197
17,2026-03-27T18:21:34.372849+00:00,EQE1,3,5.0,-0.108398,4096,0.981197
17,2026-03-27T18:21:34.372849+00:00,EQE1,4,1.0,0.283203,4096,0.981197
17,2026-03-27T18:21:34.372849+00:00,EQE1,4,3.0,0.065430,4096,0.981197
17,2026-03-27T18:21:34.372849+00:00,EQE1,4,5.0,-0.085938,4096,0.981197
17,2026-03-27T18:21:34.372849+00:00,EQE1,5,1.0,0.299805,4096,0.981197
17,2026-03-27T18:21:34.372849+00:00,EQE1,5,3.0,0.065430,4096,0.981197
17,2026-03-27T18:21:34.372849+00:00,EQE1,5,5.0,-0.109863,4096,0.981197
17,2026-03-27T18:21:34.372849+00:00,EQE1,6,1.0,0.312012,4096,0.981197
17,2026-03-27T18:21:34.372849+00:00,EQE1,6,3.0,0.088867,4096,0.981197
17,2026-03-27T18:21:34.372849+00:00,EQE1,6,5.0,-0.098633,4096,0.981197
17,2026-03-27T18:21:34.372849+00:00,EQE1,7,1.0,0.307617,4096,0.981197
17,2026-03-27T18:21:34.372849+00:00,EQE1,7,3.0,0.096680,4096,0.981197
17,2026-03-27T18:21:34.372849+00:00,EQE1,7,5.0,-0.094238,4096,0.981197
17,2026-03-27T18:21:34.372849+00:00,EQE1,8,1.0,0.306152,4096,0.981197
17,2026-03-27T18:21:34.372849+00:00,EQE1,8,3.0,0.062988,4096,0.981197
17,2026-03-27T18:21:34.372849+00:00,EQE1,8,5.0,-0.093750,4096,0.981197
17,2026-03-27T18:21:34.372849+00:00,EQE1,9,1.0,0.301270,4096,0.981197
17,2026-03-27T18:21:34.372849+00:00,EQE1,9,3.0,0.072754,4096,0.981197
17,2026-03-27T18:21:34.372849+00:00,EQE1,9,5.0,-0.056641,4096,0.981197
17,2026-03-27T18:21:34.372849+00:00,EQE1,10,1.0,0.271973,4096,0.981197
17,2026-03-27T18:21:34.372849+00:00,EQE1,10,3.0,0.104980,4096,0.981197
17,2026-03-27T18:21:34.372849+00:00,EQE1,10,5.0,-0.112305,4096,0.981197
17,2026-03-27T18:21:34.372849+00:00,EQE1,11,1.0,0.302246,4096,0.981197
17,2026-03-27T18:21:34.372849+00:00,EQE1,11,3.0,0.100586,4096,0.981197
17,2026-03-27T18:21:34.372849+00:00,EQE1,11,5.0,-0.087891,4096,0.981197
17,2026-03-27T18:21:34.372849+00:00,EQE1,12,1.0,0.291016,4096,0.981197
17,2026-03-27T18:21:34.372849+00:00,EQE1,12,3.0,0.081055,4096,0.981197
17,2026-03-27T18:21:34.372849+00:00,EQE1,12,5.0,-0.062988,4096,0.981197
17,2026-03-27T18:21:34.372849+00:00,EQE1,13,1.0,0.270508,4096,0.981197
17,2026-03-27T18:21:34.372849+00:00,EQE1,13,3.0,0.074707,4096,0.981197
17,2026-03-27T18:21:34.372849+00:00,EQE1,13,5.0,-0.086426,4096,0.981197
17,2026-03-27T18:21:34.372849+00:00,EQE1,14,1.0,0.278809,4096,0.981197
17,2026-03-27T18:21:34.372849+00:00,EQE1,14,3.0,0.086914,4096,0.981197
17,2026-03-27T18:21:34.372849+00:00,EQE1,14,5.0,-0.099121,4096,0.981197
17,2026-03-27T18:21:34.372849+00:00,EQE1,15,1.0,0.268555,4096,0.981197
17,2026-03-27T18:21:34.372849+00:00,EQE1,15,3.0,0.092773,4096,0.981197
17,2026-03-27T18:21:34.372849+00:00,EQE1,15,5.0,-0.084961,4096,0.981197
17,2026-03-27T18:21:34.372849+00:00,EQE1,16,1.0,0.270020,4096,0.981197
17,2026-03-27T18:21:34.372849+00:00,EQE1,16,3.0,0.120605,4096,0.981197
17,2026-03-27T18:21:34.372849+00:00,EQE1,16,5.0,-0.093750,4096,0.981197
17,2026-03-27T18:21:34.372849+00:00,EQE1,17,1.0,0.311523,4096,0.981197
17,2026-03-27T18:21:34.372849+00:00,EQE1,17,3.0,0.114258,4096,0.981197
17,2026-03-27T18:21:34.372849+00:00,EQE1,17,5.0,-0.105469,4096,0.981197
17,2026-03-27T18:21:34.372849+00:00,EQE1,18,1.0,0.295410,4096,0.981197
17,2026-03-27T18:21:34.372849+00:00,EQE1,18,3.0,0.074707,4096,0.981197
17,2026-03-27T18:21:34.372849+00:00,EQE1,18,5.0,-0.106445,4096,0.981197
17,2026-03-27T18:21:34.372849+00:00,EQE1,19,1.0,0.247559,4096,0.981197
17,2026-03-27T18:21:34.372849+00:00,EQE1,19,3.0,0.069336,4096,0.981197
17,2026-03-27T18:21:34.372849+00:00,EQE1,19,5.0,-0.088379,4096,0.981197
17,2026-03-27T18:21:34.372849+00:00,EQE1,20,1.0,0.259766,4096,0.981197
17,2026-03-27T18:21:34.372849+00:00,EQE1,20,3.0,0.104980,4096,0.981197
17,2026-03-27T18:21:34.372849+00:00,EQE1,20,5.0,-0.107422,4096,0.981197
17,2026-03-27T18:21:34.372849+00:00,EQE1,21,1.0,0.279297,4096,0.981197
17,2026-03-27T18:21:34.372849+00:00,EQE1,21,3.0,0.084961,4096,0.981197
17,2026-03-27T18:21:34.372849+00:00,EQE1,21,5.0,-0.084473,4096,0.981197
17,2026-03-27T18:21:34.372849+00:00,EQE1,22,1.0,0.265137,4096,0.981197
17,2026-03-27T18:21:34.372849+00:00,EQE1,22,3.0,0.082031,4096,0.981197
17,2026-03-27T18:21:34.372849+00:00,EQE1,22,5.0,-0.088867,4096,0.981197
17,2026-03-27T18:21:34.372849+00:00,EQE1,23,1.0,0.285156,4096,0.981197
17,2026-03-27T18:21:34.372849+00:00,EQE1,23,3.0,0.088867,4096,0.981197
17,2026-03-27T18:21:34.372849+00:00,EQE1,23,5.0,-0.100098,4096,0.981197
17,2026-03-27T18:21:34.372849+00:00,EQE1,24,1.0,0.274902,4096,0.981197
17,2026-03-27T18:21:34.372849+00:00,EQE1,24,3.0,0.071777,4096,0.981197
17,2026-03-27T18:21:34.372849+00:00,EQE1,24,5.0,-0.097168,4096,0.981197
17,2026-03-27T18:21:34.372849+00:00,EQE1,25,1.0,0.293945,4096,0.981197
17,2026-03-27T18:21:34.372849+00:00,EQE1,25,3.0,0.083496,4096,0.981197
17,2026-03-27T18:21:34.372849+00:00,EQE1,25,5.0,-0.101562,4096,0.981197
17,2026-03-27T18:21:34.372849+00:00,EQE1,26,1.0,0.283203,4096,0.981197
17,2026-03-27T18:21:34.372849+00:00,EQE1,26,3.0,0.089844,4096,0.981197
17,2026-03-27T18:21:34.372849+00:00,EQE1,26,5.0,-0.086426,4096,0.981197
17,2026-03-27T18:21:34.372849+00:00,EQE1,27,1.0,0.302734,4096,0.981197
17,2026-03-27T18:21:34.372849+00:00,EQE1,27,3.0,0.111816,4096,0.981197
17,2026-03-27T18:21:34.372849+00:00,EQE1,27,5.0,-0.087402,4096,0.981197
17,2026-03-27T18:21:34.372849+00:00,EQE1,28,1.0,0.281250,4096,0.981197
17,2026-03-27T18:21:34.372849+00:00,EQE1,28,3.0,0.072754,4096,0.981197
17,2026-03-27T18:21:34.372849+00:00,EQE1,28,5.0,-0.075684,4096,0.981197
17,2026-03-27T18:21:34.372849+00:00,EQE1,29,1.0,0.267090,4096,0.981197
17,2026-03-27T18:21:34.372849+00:00,EQE1,29,3.0,0.096191,4096,0.981197
17,2026-03-27T18:21:34.372849+00:00,EQE1,29,5.0,-0.053223,4096,0.981197
18,2026-03-27T18:51:34.372864+00:00,EQE1,0,1.0,0.297363,4096,0.981197
18,2026-03-27T18:51:34.372864+00:00,EQE1,0,3.0,0.086426,4096,0.981197
18,2026-03-27T18:51:34.372864+00:00,EQE1,0,5.0,-0.119141,4096,0.981197
18,2026-03-27T18:51:34.372864+00:00,EQE1,1,1.0,0.284668,4096,0.981197
18,2026-03-27T18:51:34.372864+00:00,EQE1,1,3.0,0.106445,4096,0.981197
18,2026-03-27T18:51:34.372864+00:00,EQE1,1,5.0,-0.101562,4096,0.981197
18,2026-03-27T18:51:34.372864+00:00,EQE1,2,1.0,0.281738,4096,0.981197
18,2026-03-27T18:51:34.372864+00:00,EQE1,2,3.0,0.071289,4096,0.981197
18,2026-03-27T18:51:34.372864+00:00,EQE1,2,5.0,-0.110840,4096,0.981197
18,2026-03-27T18:51:34.372864+00:00,EQE1,3,1.0,0.296387,4096,0.981197
18,2026-03-27T18:51:34.372864+00:00,EQE1,3,3.0,0.062012,4096,0.981197
18,2026-03-27T18:51:34.372864+00:00,EQE1,3,5.0,-0.065430,4096,0.981197
18,2026-03-27T18:51:34.372864+00:00,EQE1,4,1.0,0.274902,4096,0.981197
18,2026-03-27T18:51:34.372864+00:00,EQE1,4,3.0,0.095215,4096,0.981197
18,2026-03-27T18:51:34.372864+00:00,EQE1,4,5.0,-0.092773,4096,0.981197
18,2026-03-27T18:51:34.372864+00:00,EQE1,5,1.0,0.331055,4096,0.981197
18,2026-03-27T18:51:34.372864+00:00,EQE1,5,3.0,0.106445,4096,0.981197
18,2026-03-27T18:51:34.372864+00:00,EQE1,5,5.0,-0.109863,4096,0.981197
18,2026-03-27T18:51:34.372864+00:00,EQE1,6,1.0,0.311523,4096,0.981197
18,2026-03-27T18:51:34.372864+00:00,EQE1,6,3.0,0.084961,4096,0.981197
18,2026-03-27T18:51:34.372864+00:00,EQE1,6,5.0,-0.093750,4096,0.981197
18,2026-03-27T18:51:34.372864+00:00,EQE1,7,1.0,0.268066,4096,0.981197
18,2026-03-27T18:51:34.372864+00:00,EQE1,7,3.0,0.076660,4096,0.981197
18,2026-03-27T18:51:34.372864+00:00,EQE1,7,5.0,-0.097656,4096,0.981197
18,2026-03-27T18:51:34.372864+00:00,EQE1,8,1.0,0.309082,4096,0.981197
18,2026-03-27T18:51:34.372864+00:00,EQE1,8,3.0,0.097168,4096,0.981197
18,2026-03-27T18:51:34.372864+00:00,EQE1,8,5.0,-0.104492,4096,0.981197
18,2026-03-27T18:51:34.372864+00:00,EQE1,9,1.0,0.291992,4096,0.981197
18,2026-03-27T18:51:34.372864+00:00,EQE1,9,3.0,0.095703,4096,0.981197
18,2026-03-27T18:51:34.372864+00:00,EQE1,9,5.0,-0.090332,4096,0.981197
18,2026-03-27T18:51:34.372864+00:00,EQE1,10,1.0,0.284180,4096,0.981197
18,2026-03-27T18:51:34.372864+00:00,EQE1,10,3.0,0.090820,4096,0.981197
18,2026-03-27T18:51:34.372864+00:00,EQE1,10,5.0,-0.078125,4096,0.981197
18,2026-03-27T18:51:34.372864+00:00,EQE1,11,1.0,0.327637,4096,0.981197
18,2026-03-27T18:51:34.372864+00:00,EQE1,11,3.0,0.105469,4096,0.981197
18,2026-03-27T18:51:34.372864+00:00,EQE1,11,5.0,-0.083984,4096,0.981197
18,2026-03-27T18:51:34.372864+00:00,EQE1,12,1.0,0.310547,4096,0.981197
18,2026-03-27T18:51:34.372864+00:00,EQE1,12,3.0,0.079102,4096,0.981197
18,2026-03-27T18:51:34.372864+00:00,EQE1,12,5.0,-0.067383,4096,0.981197
18,2026-03-27T18:51:34.372864+00:00,EQE1,13,1.0,0.290039,4096,0.981197
18,2026-03-27T18:51:34.372864+00:00,EQE1,13,3.0,0.087402,4096,0.981197
18,2026-03-27T18:51:34.372864+00:00,EQE1,13,5.0,-0.100098,4096,0.981197
18,2026-03-27T18:51:34.372864+00:00,EQE1,14,1.0,0.306152,4096,0.981197
18,2026-03-27T18:51:34.372864+00:00,EQE1,14,3.0,0.085938,4096,0.981197
18,2026-03-27T18:51:34.372864+00:00,EQE1,14,5.0,-0.125977,4096,0.981197
18,2026-03-27T18:51:34.372864+00:00,EQE1,15,1.0,0.319336,4096,0.981197
18,2026-03-27T18:51:34.372864+00:00,EQE1,15,3.0,0.095215,4096,0.981197
18,2026-03-27T18:51:34.372864+00:00,EQE1,15,5.0,-0.093262,4096,0.981197
18,2026-03-27T18:51:34.372864+00:00,EQE1,16,1.0,0.301270,4096,0.981197
18,2026-03-27T18:51:34.372864+00:00,EQE1,16,3.0,0.073730,4096,0.981197
18,2026-03-27T18:51:34.372864+00:00,EQE1,16,5.0,-0.079590,4096,0.981197
18,2026-03-27T18:51:34.372864+00:00,EQE1,17,1.0,0.304688,4096,0.981197
18,2026-03-27T18:51:34.372864+00:00,EQE1,17,3.0,0.095703,4096,0.981197
18,2026-03-27T18:51:34.372864+00:00,EQE1,17,5.0,-0.085938,4096,0.981197
18,2026-03-27T18:51:34.372864+00:00,EQE1,18,1.0,0.289551,4096,0.981197
18,2026-03-27T18:51:34.372864+00:00,EQE1,18,3.0,0.102539,4096,0.981197
18,2026-03-27T18:51:34.372864+00:00,EQE1,18,5.0,-0.123535,4096,0.981197
18,2026-03-27T18:51:34.372864+00:00,EQE1,19,1.0,0.288086,4096,0.981197
18,2026-03-27T18:51:34.372864+00:00,EQE1,19,3.0,0.068848,4096,0.981197
18,2026-03-27T18:51:34.372864+00:00,EQE1,19,5.0,-0.096191,4096,0.981197
18,2026-03-27T18:51:34.372864+00:00,EQE1,20,1.0,0.307129,4096,0.981197
18,2026-03-27T18:51:34.372864+00:00,EQE1,20,3.0,0.099609,4096,0.981197
18,2026-03-27T18:51:34.372864+00:00,EQE1,20,5.0,-0.105469,4096,0.981197
18,2026-03-27T18:51:34.372864+00:00,EQE1,21,1.0,0.306152,4096,0.981197
18,2026-03-27T18:51:34.372864+00:00,EQE1,21,3.0,0.090332,4096,0.981197
18,2026-03-27T18:51:34.372864+00:00,EQE1,21,5.0,-0.104004,4096,0.981197
18,2026-03-27T18:51:34.372864+00:00,EQE1,22,1.0,0.266602,4096,0.981197
18,2026-03-27T18:51:34.372864+00:00,EQE1,22,3.0,0.093262,4096,0.981197
18,2026-03-27T18:51:34.372864+00:00,EQE1,22,5.0,-0.104004,4096,0.981197
18,2026-03-27T18:51:34.372864+00:00,EQE1,23,1.0,0.276855,4096,0.981197
18,2026-03-27T18:51:34.372864+00:00,EQE1,23,3.0,0.085938,4096,0.981197
18,2026-03-27T18:51:34.372864+00:00,EQE1,23,5.0,-0.100098,4096,0.981197
18,2026-03-27T18:51:34.372864+00:00,EQE1,24,1.0,0.294434,4096,0.981197
18,2026-03-27T18:51:34.372864+00:00,EQE1,24,3.0,0.079590,4096,0.981197
18,2026-03-27T18:51:34.372864+00:00,EQE1,24,5.0,-0.103516,4096,0.981197
18,2026-03-27T18:51:34.372864+00:00,EQE1,25,1.0,0.275879,4096,0.981197
18,2026-03-27T18:51:34.372864+00:00,EQE1,25,3.0,0.065918,4096,0.981197
18,2026-03-27T18:51:34.372864+00:00,EQE1,25,5.0,-0.111328,4096,0.981197
18,2026-03-27T18:51:34.372864+00:00,EQE1,26,1.0,0.284668,4096,0.981197
18,2026-03-27T18:51:34.372864+00:00,EQE1,26,3.0,0.063965,4096,0.981197
18,2026-03-27T18:51:34.372864+00:00,EQE1,26,5.0,-0.104980,4096,0.981197
18,2026-03-27T18:51:34.372864+00:00,EQE1,27,1.0,0.291992,4096,0.981197
18,2026-03-27T18:51:34.372864+00:00,EQE1,27,3.0,0.111328,4096,0.981197
18,2026-03-27T18:51:34.372864+00:00,EQE1,27,5.0,-0.079102,4096,0.981197
18,2026-03-27T18:51:34.372864+00:00,EQE1,28,1.0,0.315918,4096,0.981197
18,2026-03-27T18:51:34.372864+00:00,EQE1,28,3.0,0.111328,4096,0.981197
18,2026-03-27T18:51:34.372864+00:00,EQE1,28,5.0,-0.111328,4096,0.981197
18,2026-03-27T18:51:34.372864+00:00,EQE1,29,1.0,0.290039,4096,0.981197
18,2026-03-27T18:51:34.372864+00:00,EQE1,29,3.0,0.061523,4096,0.981197
18,2026-03-27T18:51:34.372864+00:00,EQE1,29,5.0,-0.090332,4096,0.981197
19,2026-03-27T19:21:34.370287+00:00,EQE1,0,1.0,0.301758,4096,0.981197
19,2026-03-27T19:21:34.370287+00:00,EQE1,0,3.0,0.081543,4096,0.981197
19,2026-03-27T19:21:34.370287+00:00,EQE1,0,5.0,-0.091797,4096,0.981197
19,2026-03-27T19:21:34.370287+00:00,EQE1,1,1.0,0.272949,4096,0.981197
19,2026-03-27T19:21:34.370287+00:00,EQE1,1,3.0,0.068359,4096,0.981197
19,2026-03-27T19:21:34.370287+00:00,EQE1,1,5.0,-0.078125,4096,0.981197
19,2026-03-27T19:21:34.370287+00:00,EQE1,2,1.0,0.271484,4096,0.981197
19,2026-03-27T19:21:34.370287+00:00,EQE1,2,3.0,0.080078,4096,0.981197
19,2026-03-27T19:21:34.370287+00:00,EQE1,2,5.0,-0.100586,4096,0.981197
19,2026-03-27T19:21:34.370287+00:00,EQE1,3,1.0,0.279785,4096,0.981197
19,2026-03-27T19:21:34.370287+00:00,EQE1,3,3.0,0.056641,4096,0.981197
19,2026-03-27T19:21:34.370287+00:00,EQE1,3,5.0,-0.095215,4096,0.981197
19,2026-03-27T19:21:34.370287+00:00,EQE1,4,1.0,0.264160,4096,0.981197
19,2026-03-27T19:21:34.370287+00:00,EQE1,4,3.0,0.075684,4096,0.981197
19,2026-03-27T19:21:34.370287+00:00,EQE1,4,5.0,-0.069336,4096,0.981197
19,2026-03-27T19:21:34.370287+00:00,EQE1,5,1.0,0.262695,4096,0.981197
19,2026-03-27T19:21:34.370287+00:00,EQE1,5,3.0,0.082520,4096,0.981197
19,2026-03-27T19:21:34.370287+00:00,EQE1,5,5.0,-0.075684,4096,0.981197
19,2026-03-27T19:21:34.370287+00:00,EQE1,6,1.0,0.253906,4096,0.981197
19,2026-03-27T19:21:34.370287+00:00,EQE1,6,3.0,0.077637,4096,0.981197
19,2026-03-27T19:21:34.370287+00:00,EQE1,6,5.0,-0.075684,4096,0.981197
19,2026-03-27T19:21:34.370287+00:00,EQE1,7,1.0,0.265625,4096,0.981197
19,2026-03-27T19:21:34.370287+00:00,EQE1,7,3.0,0.088379,4096,0.981197
19,2026-03-27T19:21:34.370287+00:00,EQE1,7,5.0,-0.104980,4096,0.981197
19,2026-03-27T19:21:34.370287+00:00,EQE1,8,1.0,0.273926,4096,0.981197
19,2026-03-27T19:21:34.370287+00:00,EQE1,8,3.0,0.060059,4096,0.981197
19,2026-03-27T19:21:34.370287+00:00,EQE1,8,5.0,-0.099121,4096,0.981197
19,2026-03-27T19:21:34.370287+00:00,EQE1,9,1.0,0.255371,4096,0.981197
19,2026-03-27T19:21:34.370287+00:00,EQE1,9,3.0,0.074707,4096,0.981197
19,2026-03-27T19:21:34.370287+00:00,EQE1,9,5.0,-0.089355,4096,0.981197
19,2026-03-27T19:21:34.370287+00:00,EQE1,10,1.0,0.312500,4096,0.981197
19,2026-03-27T19:21:34.370287+00:00,EQE1,10,3.0,0.090820,4096,0.981197
19,2026-03-27T19:21:34.370287+00:00,EQE1,10,5.0,-0.090332,4096,0.981197
19,2026-03-27T19:21:34.370287+00:00,EQE1,11,1.0,0.266602,4096,0.981197
19,2026-03-27T19:21:34.370287+00:00,EQE1,11,3.0,0.089355,4096,0.981197
19,2026-03-27T19:21:34.370287+00:00,EQE1,11,5.0,-0.095703,4096,0.981197
19,2026-03-27T19:21:34.370287+00:00,EQE1,12,1.0,0.262207,4096,0.981197
19,2026-03-27T19:21:34.370287+00:00,EQE1,12,3.0,0.063477,4096,0.981197
19,2026-03-27T19:21:34.370287+00:00,EQE1,12,5.0,-0.116211,4096,0.981197
19,2026-03-27T19:21:34.370287+00:00,EQE1,13,1.0,0.254395,4096,0.981197
19,2026-03-27T19:21:34.370287+00:00,EQE1,13,3.0,0.084961,4096,0.981197
19,2026-03-27T19:21:34.370287+00:00,EQE1,13,5.0,-0.080566,4096,0.981197
19,2026-03-27T19:21:34.370287+00:00,EQE1,14,1.0,0.260254,4096,0.981197
19,2026-03-27T19:21:34.370287+00:00,EQE1,14,3.0,0.070312,4096,0.981197
19,2026-03-27T19:21:34.370287+00:00,EQE1,14,5.0,-0.091309,4096,0.981197
19,2026-03-27T19:21:34.370287+00:00,EQE1,15,1.0,0.297852,4096,0.981197
19,2026-03-27T19:21:34.370287+00:00,EQE1,15,3.0,0.065430,4096,0.981197
19,2026-03-27T19:21:34.370287+00:00,EQE1,15,5.0,-0.086914,4096,0.981197
19,2026-03-27T19:21:34.370287+00:00,EQE1,16,1.0,0.259277,4096,0.981197
19,2026-03-27T19:21:34.370287+00:00,EQE1,16,3.0,0.079102,4096,0.981197
19,2026-03-27T19:21:34.370287+00:00,EQE1,16,5.0,-0.109375,4096,0.981197
19,2026-03-27T19:21:34.370287+00:00,EQE1,17,1.0,0.297363,4096,0.981197
19,2026-03-27T19:21:34.370287+00:00,EQE1,17,3.0,0.075195,4096,0.981197
19,2026-03-27T19:21:34.370287+00:00,EQE1,17,5.0,-0.111328,4096,0.981197
19,2026-03-27T19:21:34.370287+00:00,EQE1,18,1.0,0.290527,4096,0.981197
19,2026-03-27T19:21:34.370287+00:00,EQE1,18,3.0,0.098633,4096,0.981197
19,2026-03-27T19:21:34.370287+00:00,EQE1,18,5.0,-0.095215,4096,0.981197
19,2026-03-27T19:21:34.370287+00:00,EQE1,19,1.0,0.267090,4096,0.981197
19,2026-03-27T19:21:34.370287+00:00,EQE1,19,3.0,0.081543,4096,0.981197
19,2026-03-27T19:21:34.370287+00:00,EQE1,19,5.0,-0.093750,4096,0.981197
19,2026-03-27T19:21:34.370287+00:00,EQE1,20,1.0,0.290039,4096,0.981197
19,2026-03-27T19:21:34.370287+00:00,EQE1,20,3.0,0.082031,4096,0.981197
19,2026-03-27T19:21:34.370287+00:00,EQE1,20,5.0,-0.083984,4096,0.981197
19,2026-03-27T19:21:34.370287+00:00,EQE1,21,1.0,0.255371,4096,0.981197
19,2026-03-27T19:21:34.370287+00:00,EQE1,21,3.0,0.116211,4096,0.981197
19,2026-03-27T19:21:34.370287+00:00,EQE1,21,5.0,-0.057617,4096,0.981197
19,2026-03-27T19:21:34.370287+00:00,EQE1,22,1.0,0.257324,4096,0.981197
19,2026-03-27T19:21:34.370287+00:00,EQE1,22,3.0,0.110352,4096,0.981197
19,2026-03-27T19:21:34.370287+00:00,EQE1,22,5.0,-0.067383,4096,0.981197
19,2026-03-27T19:21:34.370287+00:00,EQE1,23,1.0,0.297363,4096,0.981197
19,2026-03-27T19:21:34.370287+00:00,EQE1,23,3.0,0.084961,4096,0.981197
19,2026-03-27T19:21:34.370287+00:00,EQE1,23,5.0,-0.081543,4096,0.981197
19,2026-03-27T19:21:34.370287+00:00,EQE1,24,1.0,0.288574,4096,0.981197
19,2026-03-27T19:21:34.370287+00:00,EQE1,24,3.0,0.088867,4096,0.981197
19,2026-03-27T19:21:34.370287+00:00,EQE1,24,5.0,-0.078613,4096,0.981197
19,2026-03-27T19:21:34.370287+00:00,EQE1,25,1.0,0.265625,4096,0.981197
19,2026-03-27T19:21:34.370287+00:00,EQE1,25,3.0,0.086914,4096,0.981197
19,2026-03-27T19:21:34.370287+00:00,EQE1,25,5.0,-0.076660,4096,0.981197
19,2026-03-27T19:21:34.370287+00:00,EQE1,26,1.0,0.255859,4096,0.981197
19,2026-03-27T19:21:34.370287+00:00,EQE1,26,3.0,0.064453,4096,0.981197
19,2026-03-27T19:21:34.370287+00:00,EQE1,26,5.0,-0.087891,4096,0.981197
19,2026-03-27T19:21:34.370287+00:00,EQE1,27,1.0,0.287109,4096,0.981197
19,2026-03-27T19:21:34.370287+00:00,EQE1,27,3.0,0.077637,4096,0.981197
19,2026-03-27T19:21:34.370287+00:00,EQE1,27,5.0,-0.077148,4096,0.981197
19,2026-03-27T19:21:34.370287+00:00,EQE1,28,1.0,0.269531,4096,0.981197
19,2026-03-27T19:21:34.370287+00:00,EQE1,28,3.0,0.072266,4096,0.981197
19,2026-03-27T19:21:34.370287+00:00,EQE1,28,5.0,-0.082520,4096,0.981197
19,2026-03-27T19:21:34.370287+00:00,EQE1,29,1.0,0.294922,4096,0.981197
19,2026-03-27T19:21:34.370287+00:00,EQE1,29,3.0,0.069824,4096,0.981197
19,2026-03-27T19:21:34.370287+00:00,EQE1,29,5.0,-0.110352,4096,0.981197
20,2026-03-27T19:51:34.372922+00:00,EQE1,0,1.0,0.306641,4096,0.981197
20,2026-03-27T19:51:34.372922+00:00,EQE1,0,3.0,0.093750,4096,0.981197
20,2026-03-27T19:51:34.372922+00:00,EQE1,0,5.0,-0.107910,4096,0.981197
20,2026-03-27T19:51:34.372922+00:00,EQE1,1,1.0,0.303223,4096,0.981197
20,2026-03-27T19:51:34.372922+00:00,EQE1,1,3.0,0.092773,4096,0.981197
20,2026-03-27T19:51:34.372922+00:00,EQE1,1,5.0,-0.115234,4096,0.981197
20,2026-03-27T19:51:34.372922+00:00,EQE1,2,1.0,0.311035,4096,0.981197
20,2026-03-27T19:51:34.372922+00:00,EQE1,2,3.0,0.072266,4096,0.981197
20,2026-03-27T19:51:34.372922+00:00,EQE1,2,5.0,-0.095215,4096,0.981197
20,2026-03-27T19:51:34.372922+00:00,EQE1,3,1.0,0.297852,4096,0.981197
20,2026-03-27T19:51:34.372922+00:00,EQE1,3,3.0,0.089355,4096,0.981197
20,2026-03-27T19:51:34.372922+00:00,EQE1,3,5.0,-0.125000,4096,0.981197
20,2026-03-27T19:51:34.372922+00:00,EQE1,4,1.0,0.291016,4096,0.981197
20,2026-03-27T19:51:34.372922+00:00,EQE1,4,3.0,0.113281,4096,0.981197
20,2026-03-27T19:51:34.372922+00:00,EQE1,4,5.0,-0.082520,4096,0.981197
20,2026-03-27T19:51:34.372922+00:00,EQE1,5,1.0,0.334473,4096,0.981197
20,2026-03-27T19:51:34.372922+00:00,EQE1,5,3.0,0.066895,4096,0.981197
20,2026-03-27T19:51:34.372922+00:00,EQE1,5,5.0,-0.094727,4096,0.981197
20,2026-03-27T19:51:34.372922+00:00,EQE1,6,1.0,0.298828,4096,0.981197
20,2026-03-27T19:51:34.372922+00:00,EQE1,6,3.0,0.117676,4096,0.981197
20,2026-03-27T19:51:34.372922+00:00,EQE1,6,5.0,-0.069824,4096,0.981197
20,2026-03-27T19:51:34.372922+00:00,EQE1,7,1.0,0.285156,4096,0.981197
20,2026-03-27T19:51:34.372922+00:00,EQE1,7,3.0,0.082031,4096,0.981197
20,2026-03-27T19:51:34.372922+00:00,EQE1,7,5.0,-0.098145,4096,0.981197
20,2026-03-27T19:51:34.372922+00:00,EQE1,8,1.0,0.279297,4096,0.981197
20,2026-03-27T19:51:34.372922+00:00,EQE1,8,3.0,0.077637,4096,0.981197
20,2026-03-27T19:51:34.372922+00:00,EQE1,8,5.0,-0.086426,4096,0.981197
20,2026-03-27T19:51:34.372922+00:00,EQE1,9,1.0,0.310059,4096,0.981197
20,2026-03-27T19:51:34.372922+00:00,EQE1,9,3.0,0.065430,4096,0.981197
20,2026-03-27T19:51:34.372922+00:00,EQE1,9,5.0,-0.104980,4096,0.981197
20,2026-03-27T19:51:34.372922+00:00,EQE1,10,1.0,0.283203,4096,0.981197
20,2026-03-27T19:51:34.372922+00:00,EQE1,10,3.0,0.084473,4096,0.981197
20,2026-03-27T19:51:34.372922+00:00,EQE1,10,5.0,-0.079102,4096,0.981197
20,2026-03-27T19:51:34.372922+00:00,EQE1,11,1.0,0.285645,4096,0.981197
20,2026-03-27T19:51:34.372922+00:00,EQE1,11,3.0,0.094238,4096,0.981197
20,2026-03-27T19:51:34.372922+00:00,EQE1,11,5.0,-0.081543,4096,0.981197
20,2026-03-27T19:51:34.372922+00:00,EQE1,12,1.0,0.298828,4096,0.981197
20,2026-03-27T19:51:34.372922+00:00,EQE1,12,3.0,0.103516,4096,0.981197
20,2026-03-27T19:51:34.372922+00:00,EQE1,12,5.0,-0.104004,4096,0.981197
20,2026-03-27T19:51:34.372922+00:00,EQE1,13,1.0,0.313477,4096,0.981197
20,2026-03-27T19:51:34.372922+00:00,EQE1,13,3.0,0.126953,4096,0.981197
20,2026-03-27T19:51:34.372922+00:00,EQE1,13,5.0,-0.079102,4096,0.981197
20,2026-03-27T19:51:34.372922+00:00,EQE1,14,1.0,0.272461,4096,0.981197
20,2026-03-27T19:51:34.372922+00:00,EQE1,14,3.0,0.084473,4096,0.981197
20,2026-03-27T19:51:34.372922+00:00,EQE1,14,5.0,-0.085449,4096,0.981197
20,2026-03-27T19:51:34.372922+00:00,EQE1,15,1.0,0.308105,4096,0.981197
20,2026-03-27T19:51:34.372922+00:00,EQE1,15,3.0,0.082031,4096,0.981197
20,2026-03-27T19:51:34.372922+00:00,EQE1,15,5.0,-0.114258,4096,0.981197
20,2026-03-27T19:51:34.372922+00:00,EQE1,16,1.0,0.292969,4096,0.981197
20,2026-03-27T19:51:34.372922+00:00,EQE1,16,3.0,0.111328,4096,0.981197
20,2026-03-27T19:51:34.372922+00:00,EQE1,16,5.0,-0.081543,4096,0.981197
20,2026-03-27T19:51:34.372922+00:00,EQE1,17,1.0,0.313477,4096,0.981197
20,2026-03-27T19:51:34.372922+00:00,EQE1,17,3.0,0.057129,4096,0.981197
20,2026-03-27T19:51:34.372922+00:00,EQE1,17,5.0,-0.072266,4096,0.981197
20,2026-03-27T19:51:34.372922+00:00,EQE1,18,1.0,0.315430,4096,0.981197
20,2026-03-27T19:51:34.372922+00:00,EQE1,18,3.0,0.093750,4096,0.981197
20,2026-03-27T19:51:34.372922+00:00,EQE1,18,5.0,-0.098633,4096,0.981197
20,2026-03-27T19:51:34.372922+00:00,EQE1,19,1.0,0.282715,4096,0.981197
20,2026-03-27T19:51:34.372922+00:00,EQE1,19,3.0,0.110840,4096,0.981197
20,2026-03-27T19:51:34.372922+00:00,EQE1,19,5.0,-0.097168,4096,0.981197
20,2026-03-27T19:51:34.372922+00:00,EQE1,20,1.0,0.287109,4096,0.981197
20,2026-03-27T19:51:34.372922+00:00,EQE1,20,3.0,0.082520,4096,0.981197
20,2026-03-27T19:51:34.372922+00:00,EQE1,20,5.0,-0.124512,4096,0.981197
20,2026-03-27T19:51:34.372922+00:00,EQE1,21,1.0,0.313477,4096,0.981197
20,2026-03-27T19:51:34.372922+00:00,EQE1,21,3.0,0.122070,4096,0.981197
20,2026-03-27T19:51:34.372922+00:00,EQE1,21,5.0,-0.066406,4096,0.981197
20,2026-03-27T19:51:34.372922+00:00,EQE1,22,1.0,0.327637,4096,0.981197
20,2026-03-27T19:51:34.372922+00:00,EQE1,22,3.0,0.110352,4096,0.981197
20,2026-03-27T19:51:34.372922+00:00,EQE1,22,5.0,-0.080078,4096,0.981197
20,2026-03-27T19:51:34.372922+00:00,EQE1,23,1.0,0.288574,4096,0.981197
20,2026-03-27T19:51:34.372922+00:00,EQE1,23,3.0,0.088379,4096,0.981197
20,2026-03-27T19:51:34.372922+00:00,EQE1,23,5.0,-0.090820,4096,0.981197
20,2026-03-27T19:51:34.372922+00:00,EQE1,24,1.0,0.286621,4096,0.981197
20,2026-03-27T19:51:34.372922+00:00,EQE1,24,3.0,0.092773,4096,0.981197
20,2026-03-27T19:51:34.372922+00:00,EQE1,24,5.0,-0.064453,4096,0.981197
20,2026-03-27T19:51:34.372922+00:00,EQE1,25,1.0,0.316895,4096,0.981197
20,2026-03-27T19:51:34.372922+00:00,EQE1,25,3.0,0.078613,4096,0.981197
20,2026-03-27T19:51:34.372922+00:00,EQE1,25,5.0,-0.075684,4096,0.981197
20,2026-03-27T19:51:34.372922+00:00,EQE1,26,1.0,0.290527,4096,0.981197
20,2026-03-27T19:51:34.372922+00:00,EQE1,26,3.0,0.106445,4096,0.981197
20,2026-03-27T19:51:34.372922+00:00,EQE1,26,5.0,-0.095703,4096,0.981197
20,2026-03-27T19:51:34.372922+00:00,EQE1,27,1.0,0.296387,4096,0.981197
20,2026-03-27T19:51:34.372922+00:00,EQE1,27,3.0,0.084961,4096,0.981197
20,2026-03-27T19:51:34.372922+00:00,EQE1,27,5.0,-0.095215,4096,0.981197
20,2026-03-27T19:51:34.372922+00:00,EQE1,28,1.0,0.277832,4096,0.981197
20,2026-03-27T19:51:34.372922+00:00,EQE1,28,3.0,0.081543,4096,0.981197
20,2026-03-27T19:51:34.372922+00:00,EQE1,28,5.0,-0.059570,4096,0.981197
20,2026-03-27T19:51:34.372922+00:00,EQE1,29,1.0,0.275391,4096,0.981197
20,2026-03-27T19:51:34.372922+00:00,EQE1,29,3.0,0.079590,4096,0.981197
20,2026-03-27T19:51:34.372922+00:00,EQE1,29,5.0,-0.090820,4096,0.981197
21,2026-03-27T20:21:34.370256+00:00,EQE1,0,1.0,0.278320,4096,0.981197
21,2026-03-27T20:21:34.370256+00:00,EQE1,0,3.0,0.083984,4096,0.981197
21,2026-03-27T20:21:34.370256+00:00,EQE1,0,5.0,-0.095215,4096,0.981197
21,2026-03-27T20:21:34.370256+00:00,EQE1,1,1.0,0.314941,4096,0.981197
21,2026-03-27T20:21:34.370256+00:00,EQE1,1,3.0,0.057129,4096,0.981197
21,2026-03-27T20:21:34.370256+00:00,EQE1,1,5.0,-0.107422,4096,0.981197
21,2026-03-27T20:21:34.370256+00:00,EQE1,2,1.0,0.283203,4096,0.981197
21,2026-03-27T20:21:34.370256+00:00,EQE1,2,3.0,0.089355,4096,0.981197
21,2026-03-27T20:21:34.370256+00:00,EQE1,2,5.0,-0.099121,4096,0.981197
21,2026-03-27T20:21:34.370256+00:00,EQE1,3,1.0,0.300293,4096,0.981197
21,2026-03-27T20:21:34.370256+00:00,EQE1,3,3.0,0.079590,4096,0.981197
21,2026-03-27T20:21:34.370256+00:00,EQE1,3,5.0,-0.091309,4096,0.981197
21,2026-03-27T20:21:34.370256+00:00,EQE1,4,1.0,0.271484,4096,0.981197
21,2026-03-27T20:21:34.370256+00:00,EQE1,4,3.0,0.080566,4096,0.981197
21,2026-03-27T20:21:34.370256+00:00,EQE1,4,5.0,-0.111816,4096,0.981197
21,2026-03-27T20:21:34.370256+00:00,EQE1,5,1.0,0.299805,4096,0.981197
21,2026-03-27T20:21:34.370256+00:00,EQE1,5,3.0,0.087402,4096,0.981197
21,2026-03-27T20:21:34.370256+00:00,EQE1,5,5.0,-0.091309,4096,0.981197
21,2026-03-27T20:21:34.370256+00:00,EQE1,6,1.0,0.307129,4096,0.981197
21,2026-03-27T20:21:34.370256+00:00,EQE1,6,3.0,0.099121,4096,0.981197
21,2026-03-27T20:21:34.370256+00:00,EQE1,6,5.0,-0.096680,4096,0.981197
21,2026-03-27T20:21:34.370256+00:00,EQE1,7,1.0,0.297852,4096,0.981197
21,2026-03-27T20:21:34.370256+00:00,EQE1,7,3.0,0.103516,4096,0.981197
21,2026-03-27T20:21:34.370256+00:00,EQE1,7,5.0,-0.064453,4096,0.981197
21,2026-03-27T20:21:34.370256+00:00,EQE1,8,1.0,0.300781,4096,0.981197
21,2026-03-27T20:21:34.370256+00:00,EQE1,8,3.0,0.078125,4096,0.981197
21,2026-03-27T20:21:34.370256+00:00,EQE1,8,5.0,-0.109863,4096,0.981197
21,2026-03-27T20:21:34.370256+00:00,EQE1,9,1.0,0.308594,4096,0.981197
21,2026-03-27T20:21:34.370256+00:00,EQE1,9,3.0,0.086426,4096,0.981197
21,2026-03-27T20:21:34.370256+00:00,EQE1,9,5.0,-0.087402,4096,0.981197
21,2026-03-27T20:21:34.370256+00:00,EQE1,10,1.0,0.284180,4096,0.981197
21,2026-03-27T20:21:34.370256+00:00,EQE1,10,3.0,0.066406,4096,0.981197
21,2026-03-27T20:21:34.370256+00:00,EQE1,10,5.0,-0.090820,4096,0.981197
21,2026-03-27T20:21:34.370256+00:00,EQE1,11,1.0,0.301758,4096,0.981197
21,2026-03-27T20:21:34.370256+00:00,EQE1,11,3.0,0.084961,4096,0.981197
21,2026-03-27T20:21:34.370256+00:00,EQE1,11,5.0,-0.086426,4096,0.981197
21,2026-03-27T20:21:34.370256+00:00,EQE1,12,1.0,0.267090,4096,0.981197
21,2026-03-27T20:21:34.370256+00:00,EQE1,12,3.0,0.108398,4096,0.981197
21,2026-03-27T20:21:34.370256+00:00,EQE1,12,5.0,-0.082031,4096,0.981197
21,2026-03-27T20:21:34.370256+00:00,EQE1,13,1.0,0.301758,4096,0.981197
21,2026-03-27T20:21:34.370256+00:00,EQE1,13,3.0,0.105957,4096,0.981197
21,2026-03-27T20:21:34.370256+00:00,EQE1,13,5.0,-0.104492,4096,0.981197
21,2026-03-27T20:21:34.370256+00:00,EQE1,14,1.0,0.288086,4096,0.981197
21,2026-03-27T20:21:34.370256+00:00,EQE1,14,3.0,0.099121,4096,0.981197
21,2026-03-27T20:21:34.370256+00:00,EQE1,14,5.0,-0.108887,4096,0.981197
21,2026-03-27T20:21:34.370256+00:00,EQE1,15,1.0,0.275879,4096,0.981197
21,2026-03-27T20:21:34.370256+00:00,EQE1,15,3.0,0.076172,4096,0.981197
21,2026-03-27T20:21:34.370256+00:00,EQE1,15,5.0,-0.133789,4096,0.981197
21,2026-03-27T20:21:34.370256+00:00,EQE1,16,1.0,0.294922,4096,0.981197
21,2026-03-27T20:21:34.370256+00:00,EQE1,16,3.0,0.053223,4096,0.981197
21,2026-03-27T20:21:34.370256+00:00,EQE1,16,5.0,-0.077148,4096,0.981197
21,2026-03-27T20:21:34.370256+00:00,EQE1,17,1.0,0.312988,4096,0.981197
21,2026-03-27T20:21:34.370256+00:00,EQE1,17,3.0,0.097656,4096,0.981197
21,2026-03-27T20:21:34.370256+00:00,EQE1,17,5.0,-0.065430,4096,0.981197
21,2026-03-27T20:21:34.370256+00:00,EQE1,18,1.0,0.295410,4096,0.981197
21,2026-03-27T20:21:34.370256+00:00,EQE1,18,3.0,0.103516,4096,0.981197
21,2026-03-27T20:21:34.370256+00:00,EQE1,18,5.0,-0.087402,4096,0.981197
21,2026-03-27T20:21:34.370256+00:00,EQE1,19,1.0,0.290527,4096,0.981197
21,2026-03-27T20:21:34.370256+00:00,EQE1,19,3.0,0.103027,4096,0.981197
21,2026-03-27T20:21:34.370256+00:00,EQE1,19,5.0,-0.064941,4096,0.981197
21,2026-03-27T20:21:34.370256+00:00,EQE1,20,1.0,0.288086,4096,0.981197
21,2026-03-27T20:21:34.370256+00:00,EQE1,20,3.0,0.072266,4096,0.981197
21,2026-03-27T20:21:34.370256+00:00,EQE1,20,5.0,-0.111816,4096,0.981197
21,2026-03-27T20:21:34.370256+00:00,EQE1,21,1.0,0.290527,4096,0.981197
21,2026-03-27T20:21:34.370256+00:00,EQE1,21,3.0,0.066895,4096,0.981197
21,2026-03-27T20:21:34.370256+00:00,EQE1,21,5.0,-0.095215,4096,0.981197
21,2026-03-27T20:21:34.370256+00:00,EQE1,22,1.0,0.309570,4096,0.981197
21,2026-03-27T20:21:34.370256+00:00,EQE1,22,3.0,0.101562,4096,0.981197
21,2026-03-27T20:21:34.370256+00:00,EQE1,22,5.0,-0.084473,4096,0.981197
21,2026-03-27T20:21:34.370256+00:00,EQE1,23,1.0,0.325195,4096,0.981197
21,2026-03-27T20:21:34.370256+00:00,EQE1,23,3.0,0.086914,4096,0.981197
21,2026-03-27T20:21:34.370256+00:00,EQE1,23,5.0,-0.075684,4096,0.981197
21,2026-03-27T20:21:34.370256+00:00,EQE1,24,1.0,0.295410,4096,0.981197
21,2026-03-27T20:21:34.370256+00:00,EQE1,24,3.0,0.073730,4096,0.981197
21,2026-03-27T20:21:34.370256+00:00,EQE1,24,5.0,-0.097168,4096,0.981197
21,2026-03-27T20:21:34.370256+00:00,EQE1,25,1.0,0.294434,4096,0.981197
21,2026-03-27T20:21:34.370256+00:00,EQE1,25,3.0,0.074219,4096,0.981197
21,2026-03-27T20:21:34.370256+00:00,EQE1,25,5.0,-0.090332,4096,0.981197
21,2026-03-27T20:21:34.370256+00:00,EQE1,26,1.0,0.304199,4096,0.981197
21,2026-03-27T20:21:34.370256+00:00,EQE1,26,3.0,0.103027,4096,0.981197
21,2026-03-27T20:21:34.370256+00:00,EQE1,26,5.0,-0.129395,4096,0.981197
21,2026-03-27T20:21:34.370256+00:00,EQE1,27,1.0,0.250488,4096,0.981197
21,2026-03-27T20:21:34.370256+00:00,EQE1,27,3.0,0.081543,4096,0.981197
21,2026-03-27T20:21:34.370256+00:00,EQE1,27,5.0,-0.122559,4096,0.981197
21,2026-03-27T20:21:34.370256+00:00,EQE1,28,1.0,0.291016,4096,0.981197
21,2026-03-27T20:21:34.370256+00:00,EQE1,28,3.0,0.077637,4096,0.981197
21,2026-03-27T20:21:34.370256+00:00,EQE1,28,5.0,-0.071289,4096,0.981197
21,2026-03-27T20:21:34.370256+00:00,EQE1,29,1.0,0.275391,4096,0.981197
21,2026-03-27T20:21:34.370256+00:00,EQE1,29,3.0,0.084473,4096,0.981197
21,2026-03-27T20:21:34.370256+00:00,EQE1,29,5.0,-0.090820,4096,0.981197
22,2026-03-27T20:51:34.372853+00:00,EQE1,0,1.0,0.308105,4096,0.981197
22,2026-03-27T20:51:34.372853+00:00,EQE1,0,3.0,0.103516,4096,0.981197
22,2026-03-27T20:51:34.372853+00:00,EQE1,0,5.0,-0.062988,4096,0.981197
22,2026-03-27T20:51:34.372853+00:00,EQE1,1,1.0,0.303223,4096,0.981197
22,2026-03-27T20:51:34.372853+00:00,EQE1,1,3.0,0.102051,4096,0.981197
22,2026-03-27T20:51:34.372853+00:00,EQE1,1,5.0,-0.100586,4096,0.981197
22,2026-03-27T20:51:34.372853+00:00,EQE1,2,1.0,0.266113,4096,0.981197
22,2026-03-27T20:51:34.372853+00:00,EQE1,2,3.0,0.113281,4096,0.981197
22,2026-03-27T20:51:34.372853+00:00,EQE1,2,5.0,-0.085938,4096,0.981197
22,2026-03-27T20:51:34.372853+00:00,EQE1,3,1.0,0.316406,4096,0.981197
22,2026-03-27T20:51:34.372853+00:00,EQE1,3,3.0,0.096191,4096,0.981197
22,2026-03-27T20:51:34.372853+00:00,EQE1,3,5.0,-0.086426,4096,0.981197
22,2026-03-27T20:51:34.372853+00:00,EQE1,4,1.0,0.270020,4096,0.981197
22,2026-03-27T20:51:34.372853+00:00,EQE1,4,3.0,0.080078,4096,0.981197
22,2026-03-27T20:51:34.372853+00:00,EQE1,4,5.0,-0.081543,4096,0.981197
22,2026-03-27T20:51:34.372853+00:00,EQE1,5,1.0,0.288086,4096,0.981197
22,2026-03-27T20:51:34.372853+00:00,EQE1,5,3.0,0.067383,4096,0.981197
22,2026-03-27T20:51:34.372853+00:00,EQE1,5,5.0,-0.088379,4096,0.981197
22,2026-03-27T20:51:34.372853+00:00,EQE1,6,1.0,0.277344,4096,0.981197
22,2026-03-27T20:51:34.372853+00:00,EQE1,6,3.0,0.066895,4096,0.981197
22,2026-03-27T20:51:34.372853+00:00,EQE1,6,5.0,-0.094727,4096,0.981197
22,2026-03-27T20:51:34.372853+00:00,EQE1,7,1.0,0.295410,4096,0.981197
22,2026-03-27T20:51:34.372853+00:00,EQE1,7,3.0,0.080078,4096,0.981197
22,2026-03-27T20:51:34.372853+00:00,EQE1,7,5.0,-0.097168,4096,0.981197
22,2026-03-27T20:51:34.372853+00:00,EQE1,8,1.0,0.277832,4096,0.981197
22,2026-03-27T20:51:34.372853+00:00,EQE1,8,3.0,0.081055,4096,0.981197
22,2026-03-27T20:51:34.372853+00:00,EQE1,8,5.0,-0.111328,4096,0.981197
22,2026-03-27T20:51:34.372853+00:00,EQE1,9,1.0,0.272461,4096,0.981197
22,2026-03-27T20:51:34.372853+00:00,EQE1,9,3.0,0.082520,4096,0.981197
22,2026-03-27T20:51:34.372853+00:00,EQE1,9,5.0,-0.105957,4096,0.981197
22,2026-03-27T20:51:34.372853+00:00,EQE1,10,1.0,0.256348,4096,0.981197
22,2026-03-27T20:51:34.372853+00:00,EQE1,10,3.0,0.102539,4096,0.981197
22,2026-03-27T20:51:34.372853+00:00,EQE1,10,5.0,-0.099121,4096,0.981197
22,2026-03-27T20:51:34.372853+00:00,EQE1,11,1.0,0.295410,4096,0.981197
22,2026-03-27T20:51:34.372853+00:00,EQE1,11,3.0,0.101074,4096,0.981197
22,2026-03-27T20:51:34.372853+00:00,EQE1,11,5.0,-0.078613,4096,0.981197
22,2026-03-27T20:51:34.372853+00:00,EQE1,12,1.0,0.272461,4096,0.981197
22,2026-03-27T20:51:34.372853+00:00,EQE1,12,3.0,0.083496,4096,0.981197
22,2026-03-27T20:51:34.372853+00:00,EQE1,12,5.0,-0.104004,4096,0.981197
22,2026-03-27T20:51:34.372853+00:00,EQE1,13,1.0,0.298340,4096,0.981197
22,2026-03-27T20:51:34.372853+00:00,EQE1,13,3.0,0.084961,4096,0.981197
22,2026-03-27T20:51:34.372853+00:00,EQE1,13,5.0,-0.125000,4096,0.981197
22,2026-03-27T20:51:34.372853+00:00,EQE1,14,1.0,0.290039,4096,0.981197
22,2026-03-27T20:51:34.372853+00:00,EQE1,14,3.0,0.103027,4096,0.981197
22,2026-03-27T20:51:34.372853+00:00,EQE1,14,5.0,-0.114258,4096,0.981197
22,2026-03-27T20:51:34.372853+00:00,EQE1,15,1.0,0.301270,4096,0.981197
22,2026-03-27T20:51:34.372853+00:00,EQE1,15,3.0,0.113281,4096,0.981197
22,2026-03-27T20:51:34.372853+00:00,EQE1,15,5.0,-0.102051,4096,0.981197
22,2026-03-27T20:51:34.372853+00:00,EQE1,16,1.0,0.285645,4096,0.981197
22,2026-03-27T20:51:34.372853+00:00,EQE1,16,3.0,0.085938,4096,0.981197
22,2026-03-27T20:51:34.372853+00:00,EQE1,16,5.0,-0.085938,4096,0.981197
22,2026-03-27T20:51:34.372853+00:00,EQE1,17,1.0,0.301758,4096,0.981197
22,2026-03-27T20:51:34.372853+00:00,EQE1,17,3.0,0.080078,4096,0.981197
22,2026-03-27T20:51:34.372853+00:00,EQE1,17,5.0,-0.098633,4096,0.981197
22,2026-03-27T20:51:34.372853+00:00,EQE1,18,1.0,0.306152,4096,0.981197
22,2026-03-27T20:51:34.372853+00:00,EQE1,18,3.0,0.084961,4096,0.981197
22,2026-03-27T20:51:34.372853+00:00,EQE1,18,5.0,-0.091309,4096,0.981197
22,2026-03-27T20:51:34.372853+00:00,EQE1,19,1.0,0.295898,4096,0.981197
22,2026-03-27T20:51:34.372853+00:00,EQE1,19,3.0,0.083008,4096,0.981197
22,2026-03-27T20:51:34.372853+00:00,EQE1,19,5.0,-0.071777,4096,0.981197
22,2026-03-27T20:51:34.372853+00:00,EQE1,20,1.0,0.291504,4096,0.981197
22,2026-03-27T20:51:34.372853+00:00,EQE1,20,3.0,0.096680,4096,0.981197
22,2026-03-27T20:51:34.372853+00:00,EQE1,20,5.0,-0.096680,4096,0.981197
22,2026-03-27T20:51:34.372853+00:00,EQE1,21,1.0,0.284180,4096,0.981197
22,2026-03-27T20:51:34.372853+00:00,EQE1,21,3.0,0.096191,4096,0.981197
22,2026-03-27T20:51:34.372853+00:00,EQE1,21,5.0,-0.105957,4096,0.981197
22,2026-03-27T20:51:34.372853+00:00,EQE1,22,1.0,0.291992,4096,0.981197
22,2026-03-27T20:51:34.372853+00:00,EQE1,22,3.0,0.089844,4096,0.981197
22,2026-03-27T20:51:34.372853+00:00,EQE1,22,5.0,-0.089355,4096,0.981197
22,2026-03-27T20:51:34.372853+00:00,EQE1,23,1.0,0.266113,4096,0.981197
22,2026-03-27T20:51:34.372853+00:00,EQE1,23,3.0,0.116211,4096,0.981197
22,2026-03-27T20:51:34.372853+00:00,EQE1,23,5.0,-0.069824,4096,0.981197
22,2026-03-27T20:51:34.372853+00:00,EQE1,24,1.0,0.288574,4096,0.981197
22,2026-03-27T20:51:34.372853+00:00,EQE1,24,3.0,0.104492,4096,0.981197
22,2026-03-27T20:51:34.372853+00:00,EQE1,24,5.0,-0.083984,4096,0.981197
22,2026-03-27T20:51:34.372853+00:00,EQE1,25,1.0,0.284180,4096,0.981197
22,2026-03-27T20:51:34.372853+00:00,EQE1,25,3.0,0.105957,4096,0.981197
22,2026-03-27T20:51:34.372853+00:00,EQE1,25,5.0,-0.100098,4096,0.981197
22,2026-03-27T20:51:34.372853+00:00,EQE1,26,1.0,0.301758,4096,0.981197
22,2026-03-27T20:51:34.372853+00:00,EQE1,26,3.0,0.076660,4096,0.981197
22,2026-03-27T20:51:34.372853+00:00,EQE1,26,5.0,-0.119141,4096,0.981197
22,2026-03-27T20:51:34.372853+00:00,EQE1,27,1.0,0.311523,4096,0.981197
22,2026-03-27T20:51:34.372853+00:00,EQE1,27,3.0,0.087402,4096,0.981197
22,2026-03-27T20:51:34.372853+00:00,EQE1,27,5.0,-0.091309,4096,0.981197
22,2026-03-27T20:51:34.372853+00:00,EQE1,28,1.0,0.299805,4096,0.981197
22,2026-03-27T20:51:34.372853+00:00,EQE1,28,3.0,0.091309,4096,0.981197
22,2026-03-27T20:51:34.372853+00:00,EQE1,28,5.0,-0.102051,4096,0.981197
22,2026-03-27T20:51:34.372853+00:00,EQE1,29,1.0,0.276367,4096,0.981197
22,2026-03-27T20:51:34.372853+00:00,EQE1,29,3.0,0.095703,4096,0.981197
22,2026-03-27T20:51:34.372853+00:00,EQE1,29,5.0,-0.090332,4096,0.981197
23,2026-03-27T21:21:34.372864+00:00,EQE1,0,1.0,0.306152,4096,0.981197
23,2026-03-27T21:21:34.372864+00:00,EQE1,0,3.0,0.084473,4096,0.981197
23,2026-03-27T21:21:34.372864+00:00,EQE1,0,5.0,-0.068848,4096,0.981197
23,2026-03-27T21:21:34.372864+00:00,EQE1,1,1.0,0.298340,4096,0.981197
23,2026-03-27T21:21:34.372864+00:00,EQE1,1,3.0,0.069824,4096,0.981197
23,2026-03-27T21:21:34.372864+00:00,EQE1,1,5.0,-0.098145,4096,0.981197
23,2026-03-27T21:21:34.372864+00:00,EQE1,2,1.0,0.300293,4096,0.981197
23,2026-03-27T21:21:34.372864+00:00,EQE1,2,3.0,0.104980,4096,0.981197
23,2026-03-27T21:21:34.372864+00:00,EQE1,2,5.0,-0.100098,4096,0.981197
23,2026-03-27T21:21:34.372864+00:00,EQE1,3,1.0,0.299316,4096,0.981197
23,2026-03-27T21:21:34.372864+00:00,EQE1,3,3.0,0.083496,4096,0.981197
23,2026-03-27T21:21:34.372864+00:00,EQE1,3,5.0,-0.081543,4096,0.981197
23,2026-03-27T21:21:34.372864+00:00,EQE1,4,1.0,0.274414,4096,0.981197
23,2026-03-27T21:21:34.372864+00:00,EQE1,4,3.0,0.090820,4096,0.981197
23,2026-03-27T21:21:34.372864+00:00,EQE1,4,5.0,-0.104980,4096,0.981197
23,2026-03-27T21:21:34.372864+00:00,EQE1,5,1.0,0.279785,4096,0.981197
23,2026-03-27T21:21:34.372864+00:00,EQE1,5,3.0,0.093262,4096,0.981197
23,2026-03-27T21:21:34.372864+00:00,EQE1,5,5.0,-0.091309,4096,0.981197
23,2026-03-27T21:21:34.372864+00:00,EQE1,6,1.0,0.288086,4096,0.981197
23,2026-03-27T21:21:34.372864+00:00,EQE1,6,3.0,0.094727,4096,0.981197
23,2026-03-27T21:21:34.372864+00:00,EQE1,6,5.0,-0.072266,4096,0.981197
23,2026-03-27T21:21:34.372864+00:00,EQE1,7,1.0,0.302734,4096,0.981197
23,2026-03-27T21:21:34.372864+00:00,EQE1,7,3.0,0.073242,4096,0.981197
23,2026-03-27T21:21:34.372864+00:00,EQE1,7,5.0,-0.093750,4096,0.981197
23,2026-03-27T21:21:34.372864+00:00,EQE1,8,1.0,0.282715,4096,0.981197
23,2026-03-27T21:21:34.372864+00:00,EQE1,8,3.0,0.076660,4096,0.981197
23,2026-03-27T21:21:34.372864+00:00,EQE1,8,5.0,-0.096191,4096,0.981197
23,2026-03-27T21:21:34.372864+00:00,EQE1,9,1.0,0.293945,4096,0.981197
23,2026-03-27T21:21:34.372864+00:00,EQE1,9,3.0,0.100586,4096,0.981197
23,2026-03-27T21:21:34.372864+00:00,EQE1,9,5.0,-0.098633,4096,0.981197
23,2026-03-27T21:21:34.372864+00:00,EQE1,10,1.0,0.294922,4096,0.981197
23,2026-03-27T21:21:34.372864+00:00,EQE1,10,3.0,0.093262,4096,0.981197
23,2026-03-27T21:21:34.372864+00:00,EQE1,10,5.0,-0.104004,4096,0.981197
23,2026-03-27T21:21:34.372864+00:00,EQE1,11,1.0,0.298340,4096,0.981197
23,2026-03-27T21:21:34.372864+00:00,EQE1,11,3.0,0.083008,4096,0.981197
23,2026-03-27T21:21:34.372864+00:00,EQE1,11,5.0,-0.104980,4096,0.981197
23,2026-03-27T21:21:34.372864+00:00,EQE1,12,1.0,0.275391,4096,0.981197
23,2026-03-27T21:21:34.372864+00:00,EQE1,12,3.0,0.080078,4096,0.981197
23,2026-03-27T21:21:34.372864+00:00,EQE1,12,5.0,-0.114746,4096,0.981197
23,2026-03-27T21:21:34.372864+00:00,EQE1,13,1.0,0.270020,4096,0.981197
23,2026-03-27T21:21:34.372864+00:00,EQE1,13,3.0,0.066406,4096,0.981197
23,2026-03-27T21:21:34.372864+00:00,EQE1,13,5.0,-0.105469,4096,0.981197
23,2026-03-27T21:21:34.372864+00:00,EQE1,14,1.0,0.294434,4096,0.981197
23,2026-03-27T21:21:34.372864+00:00,EQE1,14,3.0,0.098633,4096,0.981197
23,2026-03-27T21:21:34.372864+00:00,EQE1,14,5.0,-0.103027,4096,0.981197
23,2026-03-27T21:21:34.372864+00:00,EQE1,15,1.0,0.272461,4096,0.981197
23,2026-03-27T21:21:34.372864+00:00,EQE1,15,3.0,0.084961,4096,0.981197
23,2026-03-27T21:21:34.372864+00:00,EQE1,15,5.0,-0.089844,4096,0.981197
23,2026-03-27T21:21:34.372864+00:00,EQE1,16,1.0,0.291504,4096,0.981197
23,2026-03-27T21:21:34.372864+00:00,EQE1,16,3.0,0.084961,4096,0.981197
23,2026-03-27T21:21:34.372864+00:00,EQE1,16,5.0,-0.078613,4096,0.981197
23,2026-03-27T21:21:34.372864+00:00,EQE1,17,1.0,0.312012,4096,0.981197
23,2026-03-27T21:21:34.372864+00:00,EQE1,17,3.0,0.083496,4096,0.981197
23,2026-03-27T21:21:34.372864+00:00,EQE1,17,5.0,-0.106445,4096,0.981197
23,2026-03-27T21:21:34.372864+00:00,EQE1,18,1.0,0.294434,4096,0.981197
23,2026-03-27T21:21:34.372864+00:00,EQE1,18,3.0,0.074707,4096,0.981197
23,2026-03-27T21:21:34.372864+00:00,EQE1,18,5.0,-0.100586,4096,0.981197
23,2026-03-27T21:21:34.372864+00:00,EQE1,19,1.0,0.297852,4096,0.981197
23,2026-03-27T21:21:34.372864+00:00,EQE1,19,3.0,0.079102,4096,0.981197
23,2026-03-27T21:21:34.372864+00:00,EQE1,19,5.0,-0.092773,4096,0.981197
23,2026-03-27T21:21:34.372864+00:00,EQE1,20,1.0,0.286621,4096,0.981197
23,2026-03-27T21:21:34.372864+00:00,EQE1,20,3.0,0.064941,4096,0.981197
23,2026-03-27T21:21:34.372864+00:00,EQE1,20,5.0,-0.124512,4096,0.981197
23,2026-03-27T21:21:34.372864+00:00,EQE1,21,1.0,0.309082,4096,0.981197
23,2026-03-27T21:21:34.372864+00:00,EQE1,21,3.0,0.083984,4096,0.981197
23,2026-03-27T21:21:34.372864+00:00,EQE1,21,5.0,-0.088867,4096,0.981197
23,2026-03-27T21:21:34.372864+00:00,EQE1,22,1.0,0.295898,4096,0.981197
23,2026-03-27T21:21:34.372864+00:00,EQE1,22,3.0,0.077148,4096,0.981197
23,2026-03-27T21:21:34.372864+00:00,EQE1,22,5.0,-0.087891,4096,0.981197
23,2026-03-27T21:21:34.372864+00:00,EQE1,23,1.0,0.265137,4096,0.981197
23,2026-03-27T21:21:34.372864+00:00,EQE1,23,3.0,0.098145,4096,0.981197
23,2026-03-27T21:21:34.372864+00:00,EQE1,23,5.0,-0.122559,4096,0.981197
23,2026-03-27T21:21:34.372864+00:00,EQE1,24,1.0,0.325684,4096,0.981197
23,2026-03-27T21:21:34.372864+00:00,EQE1,24,3.0,0.078613,4096,0.981197
23,2026-03-27T21:21:34.372864+00:00,EQE1,24,5.0,-0.100586,4096,0.981197
23,2026-03-27T21:21:34.372864+00:00,EQE1,25,1.0,0.287109,4096,0.981197
23,2026-03-27T21:21:34.372864+00:00,EQE1,25,3.0,0.081543,4096,0.981197
23,2026-03-27T21:21:34.372864+00:00,EQE1,25,5.0,-0.079102,4096,0.981197
23,2026-03-27T21:21:34.372864+00:00,EQE1,26,1.0,0.310547,4096,0.981197
23,2026-03-27T21:21:34.372864+00:00,EQE1,26,3.0,0.080078,4096,0.981197
23,2026-03-27T21:21:34.372864+00:00,EQE1,26,5.0,-0.095703,4096,0.981197
23,2026-03-27T21:21:34.372864+00:00,EQE1,27,1.0,0.278809,4096,0.981197
23,2026-03-27T21:21:34.372864+00:00,EQE1,27,3.0,0.118164,4096,0.981197
23,2026-03-27T21:21:34.372864+00:00,EQE1,27,5.0,-0.109375,4096,0.981197
23,2026-03-27T21:21:34.372864+00:00,EQE1,28,1.0,0.288574,4096,0.981197
23,2026-03-27T21:21:34.372864+00:00,EQE1,28,3.0,0.080566,4096,0.981197
23,2026-03-27T21:21:34.372864+00:00,EQE1,28,5.0,-0.124512,4096,0.981197
23,2026-03-27T21:21:34.372864+00:00,EQE1,29,1.0,0.275879,4096,0.981197
23,2026-03-27T21:21:34.372864+00:00,EQE1,29,3.0,0.090820,4096,0.981197
23,2026-03-27T21:21:34.372864+00:00,EQE1,29,5.0,-0.085449,4096,0.981197
24,2026-03-27T21:51:34.372857+00:00,EQE1,0,1.0,0.302734,4096,0.981197
24,2026-03-27T21:51:34.372857+00:00,EQE1,0,3.0,0.102051,4096,0.981197
24,2026-03-27T21:51:34.372857+00:00,EQE1,0,5.0,-0.093262,4096,0.981197
24,2026-03-27T21:51:34.372857+00:00,EQE1,1,1.0,0.285156,4096,0.981197
24,2026-03-27T21:51:34.372857+00:00,EQE1,1,3.0,0.105957,4096,0.981197
24,2026-03-27T21:51:34.372857+00:00,EQE1,1,5.0,-0.085938,4096,0.981197
24,2026-03-27T21:51:34.372857+00:00,EQE1,2,1.0,0.282715,4096,0.981197
24,2026-03-27T21:51:34.372857+00:00,EQE1,2,3.0,0.089844,4096,0.981197
24,2026-03-27T21:51:34.372857+00:00,EQE1,2,5.0,-0.086426,4096,0.981197
24,2026-03-27T21:51:34.372857+00:00,EQE1,3,1.0,0.297852,4096,0.981197
24,2026-03-27T21:51:34.372857+00:00,EQE1,3,3.0,0.081543,4096,0.981197
24,2026-03-27T21:51:34.372857+00:00,EQE1,3,5.0,-0.069336,4096,0.981197
24,2026-03-27T21:51:34.372857+00:00,EQE1,4,1.0,0.291992,4096,0.981197
24,2026-03-27T21:51:34.372857+00:00,EQE1,4,3.0,0.088867,4096,0.981197
24,2026-03-27T21:51:34.372857+00:00,EQE1,4,5.0,-0.075684,4096,0.981197
24,2026-03-27T21:51:34.372857+00:00,EQE1,5,1.0,0.297363,4096,0.981197
24,2026-03-27T21:51:34.372857+00:00,EQE1,5,3.0,0.098633,4096,0.981197
24,2026-03-27T21:51:34.372857+00:00,EQE1,5,5.0,-0.090332,4096,0.981197
24,2026-03-27T21:51:34.372857+00:00,EQE1,6,1.0,0.269043,4096,0.981197
24,2026-03-27T21:51:34.372857+00:00,EQE1,6,3.0,0.108887,4096,0.981197
24,2026-03-27T21:51:34.372857+00:00,EQE1,6,5.0,-0.095215,4096,0.981197
24,2026-03-27T21:51:34.372857+00:00,EQE1,7,1.0,0.305664,4096,0.981197
24,2026-03-27T21:51:34.372857+00:00,EQE1,7,3.0,0.077637,4096,0.981197
24,2026-03-27T21:51:34.372857+00:00,EQE1,7,5.0,-0.100098,4096,0.981197
24,2026-03-27T21:51:34.372857+00:00,EQE1,8,1.0,0.270020,4096,0.981197
24,2026-03-27T21:51:34.372857+00:00,EQE1,8,3.0,0.079590,4096,0.981197
24,2026-03-27T21:51:34.372857+00:00,EQE1,8,5.0,-0.093750,4096,0.981197
24,2026-03-27T21:51:34.372857+00:00,EQE1,9,1.0,0.291016,4096,0.981197
24,2026-03-27T21:51:34.372857+00:00,EQE1,9,3.0,0.094727,4096,0.981197
24,2026-03-27T21:51:34.372857+00:00,EQE1,9,5.0,-0.094238,4096,0.981197
24,2026-03-27T21:51:34.372857+00:00,EQE1,10,1.0,0.279297,4096,0.981197
24,2026-03-27T21:51:34.372857+00:00,EQE1,10,3.0,0.082031,4096,0.981197
24,2026-03-27T21:51:34.372857+00:00,EQE1,10,5.0,-0.098633,4096,0.981197
24,2026-03-27T21:51:34.372857+00:00,EQE1,11,1.0,0.302246,4096,0.981197
24,2026-03-27T21:51:34.372857+00:00,EQE1,11,3.0,0.071289,4096,0.981197
24,2026-03-27T21:51:34.372857+00:00,EQE1,11,5.0,-0.078613,4096,0.981197
24,2026-03-27T21:51:34.372857+00:00,EQE1,12,1.0,0.267090,4096,0.981197
24,2026-03-27T21:51:34.372857+00:00,EQE1,12,3.0,0.069824,4096,0.981197
24,2026-03-27T21:51:34.372857+00:00,EQE1,12,5.0,-0.056152,4096,0.981197
24,2026-03-27T21:51:34.372857+00:00,EQE1,13,1.0,0.288086,4096,0.981197
24,2026-03-27T21:51:34.372857+00:00,EQE1,13,3.0,0.092773,4096,0.981197
24,2026-03-27T21:51:34.372857+00:00,EQE1,13,5.0,-0.095703,4096,0.981197
24,2026-03-27T21:51:34.372857+00:00,EQE1,14,1.0,0.276855,4096,0.981197
24,2026-03-27T21:51:34.372857+00:00,EQE1,14,3.0,0.089355,4096,0.981197
24,2026-03-27T21:51:34.372857+00:00,EQE1,14,5.0,-0.077148,4096,0.981197
24,2026-03-27T21:51:34.372857+00:00,EQE1,15,1.0,0.309082,4096,0.981197
24,2026-03-27T21:51:34.372857+00:00,EQE1,15,3.0,0.096191,4096,0.981197
24,2026-03-27T21:51:34.372857+00:00,EQE1,15,5.0,-0.090820,4096,0.981197
24,2026-03-27T21:51:34.372857+00:00,EQE1,16,1.0,0.281738,4096,0.981197
24,2026-03-27T21:51:34.372857+00:00,EQE1,16,3.0,0.076660,4096,0.981197
24,2026-03-27T21:51:34.372857+00:00,EQE1,16,5.0,-0.066895,4096,0.981197
24,2026-03-27T21:51:34.372857+00:00,EQE1,17,1.0,0.283203,4096,0.981197
24,2026-03-27T21:51:34.372857+00:00,EQE1,17,3.0,0.112793,4096,0.981197
24,2026-03-27T21:51:34.372857+00:00,EQE1,17,5.0,-0.066406,4096,0.981197
24,2026-03-27T21:51:34.372857+00:00,EQE1,18,1.0,0.304199,4096,0.981197
24,2026-03-27T21:51:34.372857+00:00,EQE1,18,3.0,0.084473,4096,0.981197
24,2026-03-27T21:51:34.372857+00:00,EQE1,18,5.0,-0.093750,4096,0.981197
24,2026-03-27T21:51:34.372857+00:00,EQE1,19,1.0,0.293457,4096,0.981197
24,2026-03-27T21:51:34.372857+00:00,EQE1,19,3.0,0.083496,4096,0.981197
24,2026-03-27T21:51:34.372857+00:00,EQE1,19,5.0,-0.088867,4096,0.981197
24,2026-03-27T21:51:34.372857+00:00,EQE1,20,1.0,0.283203,4096,0.981197
24,2026-03-27T21:51:34.372857+00:00,EQE1,20,3.0,0.112793,4096,0.981197
24,2026-03-27T21:51:34.372857+00:00,EQE1,20,5.0,-0.103027,4096,0.981197
24,2026-03-27T21:51:34.372857+00:00,EQE1,21,1.0,0.285645,4096,0.981197
24,2026-03-27T21:51:34.372857+00:00,EQE1,21,3.0,0.082031,4096,0.981197
24,2026-03-27T21:51:34.372857+00:00,EQE1,21,5.0,-0.074707,4096,0.981197
24,2026-03-27T21:51:34.372857+00:00,EQE1,22,1.0,0.286621,4096,0.981197
24,2026-03-27T21:51:34.372857+00:00,EQE1,22,3.0,0.068359,4096,0.981197
24,2026-03-27T21:51:34.372857+00:00,EQE1,22,5.0,-0.096680,4096,0.981197
24,2026-03-27T21:51:34.372857+00:00,EQE1,23,1.0,0.309082,4096,0.981197
24,2026-03-27T21:51:34.372857+00:00,EQE1,23,3.0,0.088379,4096,0.981197
24,2026-03-27T21:51:34.372857+00:00,EQE1,23,5.0,-0.095703,4096,0.981197
24,2026-03-27T21:51:34.372857+00:00,EQE1,24,1.0,0.294434,4096,0.981197
24,2026-03-27T21:51:34.372857+00:00,EQE1,24,3.0,0.063477,4096,0.981197
24,2026-03-27T21:51:34.372857+00:00,EQE1,24,5.0,-0.092773,4096,0.981197
24,2026-03-27T21:51:34.372857+00:00,EQE1,25,1.0,0.286621,4096,0.981197
24,2026-03-27T21:51:34.372857+00:00,EQE1,25,3.0,0.109375,4096,0.981197
24,2026-03-27T21:51:34.372857+00:00,EQE1,25,5.0,-0.102539,4096,0.981197
24,2026-03-27T21:51:34.372857+00:00,EQE1,26,1.0,0.287109,4096,0.981197
24,2026-03-27T21:51:34.372857+00:00,EQE1,26,3.0,0.095703,4096,0.981197
24,2026-03-27T21:51:34.372857+00:00,EQE1,26,5.0,-0.061523,4096,0.981197
24,2026-03-27T21:51:34.372857+00:00,EQE1,27,1.0,0.291504,4096,0.981197
24,2026-03-27T21:51:34.372857+00:00,EQE1,27,3.0,0.089844,4096,0.981197
24,2026-03-27T21:51:34.372857+00:00,EQE1,27,5.0,-0.074707,4096,0.981197
24,2026-03-27T21:51:34.372857+00:00,EQE1,28,1.0,0.295410,4096,0.981197
24,2026-03-27T21:51:34.372857+00:00,EQE1,28,3.0,0.105957,4096,0.981197
24,2026-03-27T21:51:34.372857+00:00,EQE1,28,5.0,-0.104004,4096,0.981197
24,2026-03-27T21:51:34.372857+00:00,EQE1,29,1.0,0.281250,4096,0.981197
24,2026-03-27T21:51:34.372857+00:00,EQE1,29,3.0,0.101562,4096,0.981197
24,2026-03-27T21:51:34.372857+00:00,EQE1,29,5.0,-0.102539,4096,0.981197
25,2026-03-27T22:21:34.372834+00:00,EQE1,0,1.0,0.272461,4096,0.981197
25,2026-03-27T22:21:34.372834+00:00,EQE1,0,3.0,0.096680,4096,0.981197
25,2026-03-27T22:21:34.372834+00:00,EQE1,0,5.0,-0.070801,4096,0.981197
25,2026-03-27T22:21:34.372834+00:00,EQE1,1,1.0,0.287598,4096,0.981197
25,2026-03-27T22:21:34.372834+00:00,EQE1,1,3.0,0.087402,4096,0.981197
25,2026-03-27T22:21:34.372834+00:00,EQE1,1,5.0,-0.073242,4096,0.981197
25,2026-03-27T22:21:34.372834+00:00,EQE1,2,1.0,0.280273,4096,0.981197
25,2026-03-27T22:21:34.372834+00:00,EQE1,2,3.0,0.100098,4096,0.981197
25,2026-03-27T22:21:34.372834+00:00,EQE1,2,5.0,-0.089355,4096,0.981197
25,2026-03-27T22:21:34.372834+00:00,EQE1,3,1.0,0.271973,4096,0.981197
25,2026-03-27T22:21:34.372834+00:00,EQE1,3,3.0,0.098145,4096,0.981197
25,2026-03-27T22:21:34.372834+00:00,EQE1,3,5.0,-0.086914,4096,0.981197
25,2026-03-27T22:21:34.372834+00:00,EQE1,4,1.0,0.286133,4096,0.981197
25,2026-03-27T22:21:34.372834+00:00,EQE1,4,3.0,0.079102,4096,0.981197
25,2026-03-27T22:21:34.372834+00:00,EQE1,4,5.0,-0.071777,4096,0.981197
25,2026-03-27T22:21:34.372834+00:00,EQE1,5,1.0,0.278320,4096,0.981197
25,2026-03-27T22:21:34.372834+00:00,EQE1,5,3.0,0.051270,4096,0.981197
25,2026-03-27T22:21:34.372834+00:00,EQE1,5,5.0,-0.080566,4096,0.981197
25,2026-03-27T22:21:34.372834+00:00,EQE1,6,1.0,0.284180,4096,0.981197
25,2026-03-27T22:21:34.372834+00:00,EQE1,6,3.0,0.076172,4096,0.981197
25,2026-03-27T22:21:34.372834+00:00,EQE1,6,5.0,-0.080566,4096,0.981197
25,2026-03-27T22:21:34.372834+00:00,EQE1,7,1.0,0.267578,4096,0.981197
25,2026-03-27T22:21:34.372834+00:00,EQE1,7,3.0,0.105469,4096,0.981197
25,2026-03-27T22:21:34.372834+00:00,EQE1,7,5.0,-0.079590,4096,0.981197
25,2026-03-27T22:21:34.372834+00:00,EQE1,8,1.0,0.295898,4096,0.981197
25,2026-03-27T22:21:34.372834+00:00,EQE1,8,3.0,0.104004,4096,0.981197
25,2026-03-27T22:21:34.372834+00:00,EQE1,8,5.0,-0.091309,4096,0.981197
25,2026-03-27T22:21:34.372834+00:00,EQE1,9,1.0,0.274414,4096,0.981197
25,2026-03-27T22:21:34.372834+00:00,EQE1,9,3.0,0.081543,4096,0.981197
25,2026-03-27T22:21:34.372834+00:00,EQE1,9,5.0,-0.084961,4096,0.981197
25,2026-03-27T22:21:34.372834+00:00,EQE1,10,1.0,0.274902,4096,0.981197
25,2026-03-27T22:21:34.372834+00:00,EQE1,10,3.0,0.084473,4096,0.981197
25,2026-03-27T22:21:34.372834+00:00,EQE1,10,5.0,-0.073730,4096,0.981197
25,2026-03-27T22:21:34.372834+00:00,EQE1,11,1.0,0.278809,4096,0.981197
25,2026-03-27T22:21:34.372834+00:00,EQE1,11,3.0,0.071289,4096,0.981197
25,2026-03-27T22:21:34.372834+00:00,EQE1,11,5.0,-0.078613,4096,0.981197
25,2026-03-27T22:21:34.372834+00:00,EQE1,12,1.0,0.301758,4096,0.981197
25,2026-03-27T22:21:34.372834+00:00,EQE1,12,3.0,0.086426,4096,0.981197
25,2026-03-27T22:21:34.372834+00:00,EQE1,12,5.0,-0.105957,4096,0.981197
25,2026-03-27T22:21:34.372834+00:00,EQE1,13,1.0,0.271973,4096,0.981197
25,2026-03-27T22:21:34.372834+00:00,EQE1,13,3.0,0.097656,4096,0.981197
25,2026-03-27T22:21:34.372834+00:00,EQE1,13,5.0,-0.076172,4096,0.981197
25,2026-03-27T22:21:34.372834+00:00,EQE1,14,1.0,0.288086,4096,0.981197
25,2026-03-27T22:21:34.372834+00:00,EQE1,14,3.0,0.090820,4096,0.981197
25,2026-03-27T22:21:34.372834+00:00,EQE1,14,5.0,-0.064453,4096,0.981197
25,2026-03-27T22:21:34.372834+00:00,EQE1,15,1.0,0.282227,4096,0.981197
25,2026-03-27T22:21:34.372834+00:00,EQE1,15,3.0,0.084961,4096,0.981197
25,2026-03-27T22:21:34.372834+00:00,EQE1,15,5.0,-0.107422,4096,0.981197
25,2026-03-27T22:21:34.372834+00:00,EQE1,16,1.0,0.280762,4096,0.981197
25,2026-03-27T22:21:34.372834+00:00,EQE1,16,3.0,0.105469,4096,0.981197
25,2026-03-27T22:21:34.372834+00:00,EQE1,16,5.0,-0.078125,4096,0.981197
25,2026-03-27T22:21:34.372834+00:00,EQE1,17,1.0,0.269531,4096,0.981197
25,2026-03-27T22:21:34.372834+00:00,EQE1,17,3.0,0.067871,4096,0.981197
25,2026-03-27T22:21:34.372834+00:00,EQE1,17,5.0,-0.063965,4096,0.981197
25,2026-03-27T22:21:34.372834+00:00,EQE1,18,1.0,0.280273,4096,0.981197
25,2026-03-27T22:21:34.372834+00:00,EQE1,18,3.0,0.097656,4096,0.981197
25,2026-03-27T22:21:34.372834+00:00,EQE1,18,5.0,-0.098145,4096,0.981197
25,2026-03-27T22:21:34.372834+00:00,EQE1,19,1.0,0.288086,4096,0.981197
25,2026-03-27T22:21:34.372834+00:00,EQE1,19,3.0,0.095215,4096,0.981197
25,2026-03-27T22:21:34.372834+00:00,EQE1,19,5.0,-0.105957,4096,0.981197
25,2026-03-27T22:21:34.372834+00:00,EQE1,20,1.0,0.261230,4096,0.981197
25,2026-03-27T22:21:34.372834+00:00,EQE1,20,3.0,0.086426,4096,0.981197
25,2026-03-27T22:21:34.372834+00:00,EQE1,20,5.0,-0.080078,4096,0.981197
25,2026-03-27T22:21:34.372834+00:00,EQE1,21,1.0,0.302734,4096,0.981197
25,2026-03-27T22:21:34.372834+00:00,EQE1,21,3.0,0.090820,4096,0.981197
25,2026-03-27T22:21:34.372834+00:00,EQE1,21,5.0,-0.089844,4096,0.981197
25,2026-03-27T22:21:34.372834+00:00,EQE1,22,1.0,0.260254,4096,0.981197
25,2026-03-27T22:21:34.372834+00:00,EQE1,22,3.0,0.070801,4096,0.981197
25,2026-03-27T22:21:34.372834+00:00,EQE1,22,5.0,-0.069824,4096,0.981197
25,2026-03-27T22:21:34.372834+00:00,EQE1,23,1.0,0.263184,4096,0.981197
25,2026-03-27T22:21:34.372834+00:00,EQE1,23,3.0,0.098633,4096,0.981197
25,2026-03-27T22:21:34.372834+00:00,EQE1,23,5.0,-0.103516,4096,0.981197
25,2026-03-27T22:21:34.372834+00:00,EQE1,24,1.0,0.256348,4096,0.981197
25,2026-03-27T22:21:34.372834+00:00,EQE1,24,3.0,0.096680,4096,0.981197
25,2026-03-27T22:21:34.372834+00:00,EQE1,24,5.0,-0.071777,4096,0.981197
25,2026-03-27T22:21:34.372834+00:00,EQE1,25,1.0,0.272949,4096,0.981197
25,2026-03-27T22:21:34.372834+00:00,EQE1,25,3.0,0.088867,4096,0.981197
25,2026-03-27T22:21:34.372834+00:00,EQE1,25,5.0,-0.103516,4096,0.981197
25,2026-03-27T22:21:34.372834+00:00,EQE1,26,1.0,0.288574,4096,0.981197
25,2026-03-27T22:21:34.372834+00:00,EQE1,26,3.0,0.064941,4096,0.981197
25,2026-03-27T22:21:34.372834+00:00,EQE1,26,5.0,-0.096680,4096,0.981197
25,2026-03-27T22:21:34.372834+00:00,EQE1,27,1.0,0.301270,4096,0.981197
25,2026-03-27T22:21:34.372834+00:00,EQE1,27,3.0,0.104004,4096,0.981197
25,2026-03-27T22:21:34.372834+00:00,EQE1,27,5.0,-0.093750,4096,0.981197
25,2026-03-27T22:21:34.372834+00:00,EQE1,28,1.0,0.298828,4096,0.981197
25,2026-03-27T22:21:34.372834+00:00,EQE1,28,3.0,0.095215,4096,0.981197
25,2026-03-27T22:21:34.372834+00:00,EQE1,28,5.0,-0.120117,4096,0.981197
25,2026-03-27T22:21:34.372834+00:00,EQE1,29,1.0,0.314941,4096,0.981197
25,2026-03-27T22:21:34.372834+00:00,EQE1,29,3.0,0.074707,4096,0.981197
25,2026-03-27T22:21:34.372834+00:00,EQE1,29,5.0,-0.086426,4096,0.981197
26,2026-03-27T22:51:34.366266+00:00,EQE1,0,1.0,0.308105,4096,0.981197
26,2026-03-27T22:51:34.366266+00:00,EQE1,0,3.0,0.093262,4096,0.981197
26,2026-03-27T22:51:34.366266+00:00,EQE1,0,5.0,-0.092285,4096,0.981197
26,2026-03-27T22:51:34.366266+00:00,EQE1,1,1.0,0.294434,4096,0.981197
26,2026-03-27T22:51:34.366266+00:00,EQE1,1,3.0,0.074707,4096,0.981197
26,2026-03-27T22:51:34.366266+00:00,EQE1,1,5.0,-0.108887,4096,0.981197
26,2026-03-27T22:51:34.366266+00:00,EQE1,2,1.0,0.287109,4096,0.981197
26,2026-03-27T22:51:34.366266+00:00,EQE1,2,3.0,0.086914,4096,0.981197
26,2026-03-27T22:51:34.366266+00:00,EQE1,2,5.0,-0.067871,4096,0.981197
26,2026-03-27T22:51:34.366266+00:00,EQE1,3,1.0,0.286621,4096,0.981197
26,2026-03-27T22:51:34.366266+00:00,EQE1,3,3.0,0.104004,4096,0.981197
26,2026-03-27T22:51:34.366266+00:00,EQE1,3,5.0,-0.095215,4096,0.981197
26,2026-03-27T22:51:34.366266+00:00,EQE1,4,1.0,0.302246,4096,0.981197
26,2026-03-27T22:51:34.366266+00:00,EQE1,4,3.0,0.088867,4096,0.981197
26,2026-03-27T22:51:34.366266+00:00,EQE1,4,5.0,-0.096680,4096,0.981197
26,2026-03-27T22:51:34.366266+00:00,EQE1,5,1.0,0.299316,4096,0.981197
26,2026-03-27T22:51:34.366266+00:00,EQE1,5,3.0,0.112793,4096,0.981197
26,2026-03-27T22:51:34.366266+00:00,EQE1,5,5.0,-0.102051,4096,0.981197
26,2026-03-27T22:51:34.366266+00:00,EQE1,6,1.0,0.248535,4096,0.981197
26,2026-03-27T22:51:34.366266+00:00,EQE1,6,3.0,0.068359,4096,0.981197
26,2026-03-27T22:51:34.366266+00:00,EQE1,6,5.0,-0.095215,4096,0.981197
26,2026-03-27T22:51:34.366266+00:00,EQE1,7,1.0,0.294434,4096,0.981197
26,2026-03-27T22:51:34.366266+00:00,EQE1,7,3.0,0.122559,4096,0.981197
26,2026-03-27T22:51:34.366266+00:00,EQE1,7,5.0,-0.110352,4096,0.981197
26,2026-03-27T22:51:34.366266+00:00,EQE1,8,1.0,0.306152,4096,0.981197
26,2026-03-27T22:51:34.366266+00:00,EQE1,8,3.0,0.088379,4096,0.981197
26,2026-03-27T22:51:34.366266+00:00,EQE1,8,5.0,-0.095215,4096,0.981197
26,2026-03-27T22:51:34.366266+00:00,EQE1,9,1.0,0.298828,4096,0.981197
26,2026-03-27T22:51:34.366266+00:00,EQE1,9,3.0,0.079590,4096,0.981197
26,2026-03-27T22:51:34.366266+00:00,EQE1,9,5.0,-0.086426,4096,0.981197
26,2026-03-27T22:51:34.366266+00:00,EQE1,10,1.0,0.277344,4096,0.981197
26,2026-03-27T22:51:34.366266+00:00,EQE1,10,3.0,0.112305,4096,0.981197
26,2026-03-27T22:51:34.366266+00:00,EQE1,10,5.0,-0.089355,4096,0.981197
26,2026-03-27T22:51:34.366266+00:00,EQE1,11,1.0,0.316406,4096,0.981197
26,2026-03-27T22:51:34.366266+00:00,EQE1,11,3.0,0.071289,4096,0.981197
26,2026-03-27T22:51:34.366266+00:00,EQE1,11,5.0,-0.100586,4096,0.981197
26,2026-03-27T22:51:34.366266+00:00,EQE1,12,1.0,0.294922,4096,0.981197
26,2026-03-27T22:51:34.366266+00:00,EQE1,12,3.0,0.083008,4096,0.981197
26,2026-03-27T22:51:34.366266+00:00,EQE1,12,5.0,-0.106445,4096,0.981197
26,2026-03-27T22:51:34.366266+00:00,EQE1,13,1.0,0.289551,4096,0.981197
26,2026-03-27T22:51:34.366266+00:00,EQE1,13,3.0,0.098145,4096,0.981197
26,2026-03-27T22:51:34.366266+00:00,EQE1,13,5.0,-0.099609,4096,0.981197
26,2026-03-27T22:51:34.366266+00:00,EQE1,14,1.0,0.323730,4096,0.981197
26,2026-03-27T22:51:34.366266+00:00,EQE1,14,3.0,0.116211,4096,0.981197
26,2026-03-27T22:51:34.366266+00:00,EQE1,14,5.0,-0.086914,4096,0.981197
26,2026-03-27T22:51:34.366266+00:00,EQE1,15,1.0,0.275879,4096,0.981197
26,2026-03-27T22:51:34.366266+00:00,EQE1,15,3.0,0.082520,4096,0.981197
26,2026-03-27T22:51:34.366266+00:00,EQE1,15,5.0,-0.087891,4096,0.981197
26,2026-03-27T22:51:34.366266+00:00,EQE1,16,1.0,0.291992,4096,0.981197
26,2026-03-27T22:51:34.366266+00:00,EQE1,16,3.0,0.106934,4096,0.981197
26,2026-03-27T22:51:34.366266+00:00,EQE1,16,5.0,-0.110352,4096,0.981197
26,2026-03-27T22:51:34.366266+00:00,EQE1,17,1.0,0.299316,4096,0.981197
26,2026-03-27T22:51:34.366266+00:00,EQE1,17,3.0,0.087891,4096,0.981197
26,2026-03-27T22:51:34.366266+00:00,EQE1,17,5.0,-0.085449,4096,0.981197
26,2026-03-27T22:51:34.366266+00:00,EQE1,18,1.0,0.283691,4096,0.981197
26,2026-03-27T22:51:34.366266+00:00,EQE1,18,3.0,0.084473,4096,0.981197
26,2026-03-27T22:51:34.366266+00:00,EQE1,18,5.0,-0.084473,4096,0.981197
26,2026-03-27T22:51:34.366266+00:00,EQE1,19,1.0,0.294922,4096,0.981197
26,2026-03-27T22:51:34.366266+00:00,EQE1,19,3.0,0.061035,4096,0.981197
26,2026-03-27T22:51:34.366266+00:00,EQE1,19,5.0,-0.070312,4096,0.981197
26,2026-03-27T22:51:34.366266+00:00,EQE1,20,1.0,0.281250,4096,0.981197
26,2026-03-27T22:51:34.366266+00:00,EQE1,20,3.0,0.077637,4096,0.981197
26,2026-03-27T22:51:34.366266+00:00,EQE1,20,5.0,-0.103027,4096,0.981197
26,2026-03-27T22:51:34.366266+00:00,EQE1,21,1.0,0.289551,4096,0.981197
26,2026-03-27T22:51:34.366266+00:00,EQE1,21,3.0,0.079102,4096,0.981197
26,2026-03-27T22:51:34.366266+00:00,EQE1,21,5.0,-0.095215,4096,0.981197
26,2026-03-27T22:51:34.366266+00:00,EQE1,22,1.0,0.309570,4096,0.981197
26,2026-03-27T22:51:34.366266+00:00,EQE1,22,3.0,0.105469,4096,0.981197
26,2026-03-27T22:51:34.366266+00:00,EQE1,22,5.0,-0.073242,4096,0.981197
26,2026-03-27T22:51:34.366266+00:00,EQE1,23,1.0,0.274414,4096,0.981197
26,2026-03-27T22:51:34.366266+00:00,EQE1,23,3.0,0.085938,4096,0.981197
26,2026-03-27T22:51:34.366266+00:00,EQE1,23,5.0,-0.079590,4096,0.981197
26,2026-03-27T22:51:34.366266+00:00,EQE1,24,1.0,0.309570,4096,0.981197
26,2026-03-27T22:51:34.366266+00:00,EQE1,24,3.0,0.103027,4096,0.981197
26,2026-03-27T22:51:34.366266+00:00,EQE1,24,5.0,-0.103516,4096,0.981197
26,2026-03-27T22:51:34.366266+00:00,EQE1,25,1.0,0.295410,4096,0.981197
26,2026-03-27T22:51:34.366266+00:00,EQE1,25,3.0,0.113770,4096,0.981197
26,2026-03-27T22:51:34.366266+00:00,EQE1,25,5.0,-0.066406,4096,0.981197
26,2026-03-27T22:51:34.366266+00:00,EQE1,26,1.0,0.301270,4096,0.981197
26,2026-03-27T22:51:34.366266+00:00,EQE1,26,3.0,0.076660,4096,0.981197
26,2026-03-27T22:51:34.366266+00:00,EQE1,26,5.0,-0.119141,4096,0.981197
26,2026-03-27T22:51:34.366266+00:00,EQE1,27,1.0,0.276367,4096,0.981197
26,2026-03-27T22:51:34.366266+00:00,EQE1,27,3.0,0.080078,4096,0.981197
26,2026-03-27T22:51:34.366266+00:00,EQE1,27,5.0,-0.096191,4096,0.981197
26,2026-03-27T22:51:34.366266+00:00,EQE1,28,1.0,0.279785,4096,0.981197
26,2026-03-27T22:51:34.366266+00:00,EQE1,28,3.0,0.122070,4096,0.981197
26,2026-03-27T22:51:34.366266+00:00,EQE1,28,5.0,-0.097656,4096,0.981197
26,2026-03-27T22:51:34.366266+00:00,EQE1,29,1.0,0.295898,4096,0.981197
26,2026-03-27T22:51:34.366266+00:00,EQE1,29,3.0,0.130371,4096,0.981197
26,2026-03-27T22:51:34.366266+00:00,EQE1,29,5.0,-0.070312,4096,0.981197
27,2026-03-27T23:21:34.372854+00:00,EQE1,0,1.0,0.299316,4096,0.981197
27,2026-03-27T23:21:34.372854+00:00,EQE1,0,3.0,0.100586,4096,0.981197
27,2026-03-27T23:21:34.372854+00:00,EQE1,0,5.0,-0.071289,4096,0.981197
27,2026-03-27T23:21:34.372854+00:00,EQE1,1,1.0,0.296875,4096,0.981197
27,2026-03-27T23:21:34.372854+00:00,EQE1,1,3.0,0.093262,4096,0.981197
27,2026-03-27T23:21:34.372854+00:00,EQE1,1,5.0,-0.082031,4096,0.981197
27,2026-03-27T23:21:34.372854+00:00,EQE1,2,1.0,0.268066,4096,0.981197
27,2026-03-27T23:21:34.372854+00:00,EQE1,2,3.0,0.106445,4096,0.981197
27,2026-03-27T23:21:34.372854+00:00,EQE1,2,5.0,-0.079590,4096,0.981197
27,2026-03-27T23:21:34.372854+00:00,EQE1,3,1.0,0.282227,4096,0.981197
27,2026-03-27T23:21:34.372854+00:00,EQE1,3,3.0,0.102051,4096,0.981197
27,2026-03-27T23:21:34.372854+00:00,EQE1,3,5.0,-0.097656,4096,0.981197
27,2026-03-27T23:21:34.372854+00:00,EQE1,4,1.0,0.274414,4096,0.981197
27,2026-03-27T23:21:34.372854+00:00,EQE1,4,3.0,0.093750,4096,0.981197
27,2026-03-27T23:21:34.372854+00:00,EQE1,4,5.0,-0.087402,4096,0.981197
27,2026-03-27T23:21:34.372854+00:00,EQE1,5,1.0,0.289062,4096,0.981197
27,2026-03-27T23:21:34.372854+00:00,EQE1,5,3.0,0.096680,4096,0.981197
27,2026-03-27T23:21:34.372854+00:00,EQE1,5,5.0,-0.082520,4096,0.981197
27,2026-03-27T23:21:34.372854+00:00,EQE1,6,1.0,0.254395,4096,0.981197
27,2026-03-27T23:21:34.372854+00:00,EQE1,6,3.0,0.094238,4096,0.981197
27,2026-03-27T23:21:34.372854+00:00,EQE1,6,5.0,-0.095215,4096,0.981197
27,2026-03-27T23:21:34.372854+00:00,EQE1,7,1.0,0.299805,4096,0.981197
27,2026-03-27T23:21:34.372854+00:00,EQE1,7,3.0,0.067383,4096,0.981197
27,2026-03-27T23:21:34.372854+00:00,EQE1,7,5.0,-0.085938,4096,0.981197
27,2026-03-27T23:21:34.372854+00:00,EQE1,8,1.0,0.320312,4096,0.981197
27,2026-03-27T23:21:34.372854+00:00,EQE1,8,3.0,0.117188,4096,0.981197
27,2026-03-27T23:21:34.372854+00:00,EQE1,8,5.0,-0.064453,4096,0.981197
27,2026-03-27T23:21:34.372854+00:00,EQE1,9,1.0,0.311523,4096,0.981197
27,2026-03-27T23:21:34.372854+00:00,EQE1,9,3.0,0.085938,4096,0.981197
27,2026-03-27T23:21:34.372854+00:00,EQE1,9,5.0,-0.119629,4096,0.981197
27,2026-03-27T23:21:34.372854+00:00,EQE1,10,1.0,0.283203,4096,0.981197
27,2026-03-27T23:21:34.372854+00:00,EQE1,10,3.0,0.069824,4096,0.981197
27,2026-03-27T23:21:34.372854+00:00,EQE1,10,5.0,-0.098633,4096,0.981197
27,2026-03-27T23:21:34.372854+00:00,EQE1,11,1.0,0.293945,4096,0.981197
27,2026-03-27T23:21:34.372854+00:00,EQE1,11,3.0,0.081543,4096,0.981197
27,2026-03-27T23:21:34.372854+00:00,EQE1,11,5.0,-0.089355,4096,0.981197
27,2026-03-27T23:21:34.372854+00:00,EQE1,12,1.0,0.291504,4096,0.981197
27,2026-03-27T23:21:34.372854+00:00,EQE1,12,3.0,0.079102,4096,0.981197
27,2026-03-27T23:21:34.372854+00:00,EQE1,12,5.0,-0.087891,4096,0.981197
27,2026-03-27T23:21:34.372854+00:00,EQE1,13,1.0,0.303711,4096,0.981197
27,2026-03-27T23:21:34.372854+00:00,EQE1,13,3.0,0.117188,4096,0.981197
27,2026-03-27T23:21:34.372854+00:00,EQE1,13,5.0,-0.123047,4096,0.981197
27,2026-03-27T23:21:34.372854+00:00,EQE1,14,1.0,0.294922,4096,0.981197
27,2026-03-27T23:21:34.372854+00:00,EQE1,14,3.0,0.094238,4096,0.981197
27,2026-03-27T23:21:34.372854+00:00,EQE1,14,5.0,-0.147461,4096,0.981197
27,2026-03-27T23:21:34.372854+00:00,EQE1,15,1.0,0.276855,4096,0.981197
27,2026-03-27T23:21:34.372854+00:00,EQE1,15,3.0,0.095215,4096,0.981197
27,2026-03-27T23:21:34.372854+00:00,EQE1,15,5.0,-0.086914,4096,0.981197
27,2026-03-27T23:21:34.372854+00:00,EQE1,16,1.0,0.298340,4096,0.981197
27,2026-03-27T23:21:34.372854+00:00,EQE1,16,3.0,0.100098,4096,0.981197
27,2026-03-27T23:21:34.372854+00:00,EQE1,16,5.0,-0.086914,4096,0.981197
27,2026-03-27T23:21:34.372854+00:00,EQE1,17,1.0,0.319336,4096,0.981197
27,2026-03-27T23:21:34.372854+00:00,EQE1,17,3.0,0.082031,4096,0.981197
27,2026-03-27T23:21:34.372854+00:00,EQE1,17,5.0,-0.104004,4096,0.981197
27,2026-03-27T23:21:34.372854+00:00,EQE1,18,1.0,0.292969,4096,0.981197
27,2026-03-27T23:21:34.372854+00:00,EQE1,18,3.0,0.073242,4096,0.981197
27,2026-03-27T23:21:34.372854+00:00,EQE1,18,5.0,-0.104980,4096,0.981197
27,2026-03-27T23:21:34.372854+00:00,EQE1,19,1.0,0.281250,4096,0.981197
27,2026-03-27T23:21:34.372854+00:00,EQE1,19,3.0,0.123047,4096,0.981197
27,2026-03-27T23:21:34.372854+00:00,EQE1,19,5.0,-0.100586,4096,0.981197
27,2026-03-27T23:21:34.372854+00:00,EQE1,20,1.0,0.296387,4096,0.981197
27,2026-03-27T23:21:34.372854+00:00,EQE1,20,3.0,0.123535,4096,0.981197
27,2026-03-27T23:21:34.372854+00:00,EQE1,20,5.0,-0.082520,4096,0.981197
27,2026-03-27T23:21:34.372854+00:00,EQE1,21,1.0,0.284668,4096,0.981197
27,2026-03-27T23:21:34.372854+00:00,EQE1,21,3.0,0.095215,4096,0.981197
27,2026-03-27T23:21:34.372854+00:00,EQE1,21,5.0,-0.062500,4096,0.981197
27,2026-03-27T23:21:34.372854+00:00,EQE1,22,1.0,0.324219,4096,0.981197
27,2026-03-27T23:21:34.372854+00:00,EQE1,22,3.0,0.074219,4096,0.981197
27,2026-03-27T23:21:34.372854+00:00,EQE1,22,5.0,-0.094727,4096,0.981197
27,2026-03-27T23:21:34.372854+00:00,EQE1,23,1.0,0.280273,4096,0.981197
27,2026-03-27T23:21:34.372854+00:00,EQE1,23,3.0,0.080078,4096,0.981197
27,2026-03-27T23:21:34.372854+00:00,EQE1,23,5.0,-0.084961,4096,0.981197
27,2026-03-27T23:21:34.372854+00:00,EQE1,24,1.0,0.267090,4096,0.981197
27,2026-03-27T23:21:34.372854+00:00,EQE1,24,3.0,0.083008,4096,0.981197
27,2026-03-27T23:21:34.372854+00:00,EQE1,24,5.0,-0.106445,4096,0.981197
27,2026-03-27T23:21:34.372854+00:00,EQE1,25,1.0,0.282227,4096,0.981197
27,2026-03-27T23:21:34.372854+00:00,EQE1,25,3.0,0.101074,4096,0.981197
27,2026-03-27T23:21:34.372854+00:00,EQE1,25,5.0,-0.057129,4096,0.981197
27,2026-03-27T23:21:34.372854+00:00,EQE1,26,1.0,0.297363,4096,0.981197
27,2026-03-27T23:21:34.372854+00:00,EQE1,26,3.0,0.110352,4096,0.981197
27,2026-03-27T23:21:34.372854+00:00,EQE1,26,5.0,-0.096191,4096,0.981197
27,2026-03-27T23:21:34.372854+00:00,EQE1,27,1.0,0.303223,4096,0.981197
27,2026-03-27T23:21:34.372854+00:00,EQE1,27,3.0,0.093750,4096,0.981197
27,2026-03-27T23:21:34.372854+00:00,EQE1,27,5.0,-0.092285,4096,0.981197
27,2026-03-27T23:21:34.372854+00:00,EQE1,28,1.0,0.241699,4096,0.981197
27,2026-03-27T23:21:34.372854+00:00,EQE1,28,3.0,0.062012,4096,0.981197
27,2026-03-27T23:21:34.372854+00:00,EQE1,28,5.0,-0.129883,4096,0.981197
27,2026-03-27T23:21:34.372854+00:00,EQE1,29,1.0,0.309082,4096,0.981197
27,2026-03-27T23:21:34.372854+00:00,EQE1,29,3.0,0.096191,4096,0.981197
27,2026-03-27T23:21:34.372854+00:00,EQE1,29,5.0,-0.088379,4096,0.981197
28,2026-03-27T23:51:34.366258+00:00,EQE1,0,1.0,0.296875,4096,0.981197
28,2026-03-27T23:51:34.366258+00:00,EQE1,0,3.0,0.098145,4096,0.981197
28,2026-03-27T23:51:34.366258+00:00,EQE1,0,5.0,-0.064941,4096,0.981197
28,2026-03-27T23:51:34.366258+00:00,EQE1,1,1.0,0.305176,4096,0.981197
28,2026-03-27T23:51:34.366258+00:00,EQE1,1,3.0,0.108887,4096,0.981197
28,2026-03-27T23:51:34.366258+00:00,EQE1,1,5.0,-0.100586,4096,0.981197
28,2026-03-27T23:51:34.366258+00:00,EQE1,2,1.0,0.293457,4096,0.981197
28,2026-03-27T23:51:34.366258+00:00,EQE1,2,3.0,0.120117,4096,0.981197
28,2026-03-27T23:51:34.366258+00:00,EQE1,2,5.0,-0.101074,4096,0.981197
28,2026-03-27T23:51:34.366258+00:00,EQE1,3,1.0,0.294434,4096,0.981197
28,2026-03-27T23:51:34.366258+00:00,EQE1,3,3.0,0.119141,4096,0.981197
28,2026-03-27T23:51:34.366258+00:00,EQE1,3,5.0,-0.074707,4096,0.981197
28,2026-03-27T23:51:34.366258+00:00,EQE1,4,1.0,0.311523,4096,0.981197
28,2026-03-27T23:51:34.366258+00:00,EQE1,4,3.0,0.092773,4096,0.981197
28,2026-03-27T23:51:34.366258+00:00,EQE1,4,5.0,-0.104980,4096,0.981197
28,2026-03-27T23:51:34.366258+00:00,EQE1,5,1.0,0.278320,4096,0.981197
28,2026-03-27T23:51:34.366258+00:00,EQE1,5,3.0,0.103516,4096,0.981197
28,2026-03-27T23:51:34.366258+00:00,EQE1,5,5.0,-0.107910,4096,0.981197
28,2026-03-27T23:51:34.366258+00:00,EQE1,6,1.0,0.281250,4096,0.981197
28,2026-03-27T23:51:34.366258+00:00,EQE1,6,3.0,0.064453,4096,0.981197
28,2026-03-27T23:51:34.366258+00:00,EQE1,6,5.0,-0.134766,4096,0.981197
28,2026-03-27T23:51:34.366258+00:00,EQE1,7,1.0,0.288086,4096,0.981197
28,2026-03-27T23:51:34.366258+00:00,EQE1,7,3.0,0.095703,4096,0.981197
28,2026-03-27T23:51:34.366258+00:00,EQE1,7,5.0,-0.100586,4096,0.981197
28,2026-03-27T23:51:34.366258+00:00,EQE1,8,1.0,0.268555,4096,0.981197
28,2026-03-27T23:51:34.366258+00:00,EQE1,8,3.0,0.088867,4096,0.981197
28,2026-03-27T23:51:34.366258+00:00,EQE1,8,5.0,-0.101562,4096,0.981197
28,2026-03-27T23:51:34.366258+00:00,EQE1,9,1.0,0.306641,4096,0.981197
28,2026-03-27T23:51:34.366258+00:00,EQE1,9,3.0,0.096680,4096,0.981197
28,2026-03-27T23:51:34.366258+00:00,EQE1,9,5.0,-0.103027,4096,0.981197
28,2026-03-27T23:51:34.366258+00:00,EQE1,10,1.0,0.292969,4096,0.981197
28,2026-03-27T23:51:34.366258+00:00,EQE1,10,3.0,0.080078,4096,0.981197
28,2026-03-27T23:51:34.366258+00:00,EQE1,10,5.0,-0.102051,4096,0.981197
28,2026-03-27T23:51:34.366258+00:00,EQE1,11,1.0,0.287598,4096,0.981197
28,2026-03-27T23:51:34.366258+00:00,EQE1,11,3.0,0.097656,4096,0.981197
28,2026-03-27T23:51:34.366258+00:00,EQE1,11,5.0,-0.080566,4096,0.981197
28,2026-03-27T23:51:34.366258+00:00,EQE1,12,1.0,0.267090,4096,0.981197
28,2026-03-27T23:51:34.366258+00:00,EQE1,12,3.0,0.085449,4096,0.981197
28,2026-03-27T23:51:34.366258+00:00,EQE1,12,5.0,-0.083496,4096,0.981197
28,2026-03-27T23:51:34.366258+00:00,EQE1,13,1.0,0.300293,4096,0.981197
28,2026-03-27T23:51:34.366258+00:00,EQE1,13,3.0,0.087402,4096,0.981197
28,2026-03-27T23:51:34.366258+00:00,EQE1,13,5.0,-0.080078,4096,0.981197
28,2026-03-27T23:51:34.366258+00:00,EQE1,14,1.0,0.293945,4096,0.981197
28,2026-03-27T23:51:34.366258+00:00,EQE1,14,3.0,0.098145,4096,0.981197
28,2026-03-27T23:51:34.366258+00:00,EQE1,14,5.0,-0.080566,4096,0.981197
28,2026-03-27T23:51:34.366258+00:00,EQE1,15,1.0,0.270508,4096,0.981197
28,2026-03-27T23:51:34.366258+00:00,EQE1,15,3.0,0.102539,4096,0.981197
28,2026-03-27T23:51:34.366258+00:00,EQE1,15,5.0,-0.077148,4096,0.981197
28,2026-03-27T23:51:34.366258+00:00,EQE1,16,1.0,0.307617,4096,0.981197
28,2026-03-27T23:51:34.366258+00:00,EQE1,16,3.0,0.068359,4096,0.981197
28,2026-03-27T23:51:34.366258+00:00,EQE1,16,5.0,-0.094238,4096,0.981197
28,2026-03-27T23:51:34.366258+00:00,EQE1,17,1.0,0.293457,4096,0.981197
28,2026-03-27T23:51:34.366258+00:00,EQE1,17,3.0,0.054199,4096,0.981197
28,2026-03-27T23:51:34.366258+00:00,EQE1,17,5.0,-0.096680,4096,0.981197
28,2026-03-27T23:51:34.366258+00:00,EQE1,18,1.0,0.307617,4096,0.981197
28,2026-03-27T23:51:34.366258+00:00,EQE1,18,3.0,0.081543,4096,0.981197
28,2026-03-27T23:51:34.366258+00:00,EQE1,18,5.0,-0.112793,4096,0.981197
28,2026-03-27T23:51:34.366258+00:00,EQE1,19,1.0,0.285645,4096,0.981197
28,2026-03-27T23:51:34.366258+00:00,EQE1,19,3.0,0.086426,4096,0.981197
28,2026-03-27T23:51:34.366258+00:00,EQE1,19,5.0,-0.097168,4096,0.981197
28,2026-03-27T23:51:34.366258+00:00,EQE1,20,1.0,0.277344,4096,0.981197
28,2026-03-27T23:51:34.366258+00:00,EQE1,20,3.0,0.083984,4096,0.981197
28,2026-03-27T23:51:34.366258+00:00,EQE1,20,5.0,-0.069336,4096,0.981197
28,2026-03-27T23:51:34.366258+00:00,EQE1,21,1.0,0.312012,4096,0.981197
28,2026-03-27T23:51:34.366258+00:00,EQE1,21,3.0,0.089844,4096,0.981197
28,2026-03-27T23:51:34.366258+00:00,EQE1,21,5.0,-0.100098,4096,0.981197
28,2026-03-27T23:51:34.366258+00:00,EQE1,22,1.0,0.305176,4096,0.981197
28,2026-03-27T23:51:34.366258+00:00,EQE1,22,3.0,0.067871,4096,0.981197
28,2026-03-27T23:51:34.366258+00:00,EQE1,22,5.0,-0.099121,4096,0.981197
28,2026-03-27T23:51:34.366258+00:00,EQE1,23,1.0,0.292480,4096,0.981197
28,2026-03-27T23:51:34.366258+00:00,EQE1,23,3.0,0.073730,4096,0.981197
28,2026-03-27T23:51:34.366258+00:00,EQE1,23,5.0,-0.066406,4096,0.981197
28,2026-03-27T23:51:34.366258+00:00,EQE1,24,1.0,0.297363,4096,0.981197
28,2026-03-27T23:51:34.366258+00:00,EQE1,24,3.0,0.069336,4096,0.981197
28,2026-03-27T23:51:34.366258+00:00,EQE1,24,5.0,-0.114746,4096,0.981197
28,2026-03-27T23:51:34.366258+00:00,EQE1,25,1.0,0.304688,4096,0.981197
28,2026-03-27T23:51:34.366258+00:00,EQE1,25,3.0,0.074707,4096,0.981197
28,2026-03-27T23:51:34.366258+00:00,EQE1,25,5.0,-0.079590,4096,0.981197
28,2026-03-27T23:51:34.366258+00:00,EQE1,26,1.0,0.296387,4096,0.981197
28,2026-03-27T23:51:34.366258+00:00,EQE1,26,3.0,0.089844,4096,0.981197
28,2026-03-27T23:51:34.366258+00:00,EQE1,26,5.0,-0.101074,4096,0.981197
28,2026-03-27T23:51:34.366258+00:00,EQE1,27,1.0,0.274902,4096,0.981197
28,2026-03-27T23:51:34.366258+00:00,EQE1,27,3.0,0.076660,4096,0.981197
28,2026-03-27T23:51:34.366258+00:00,EQE1,27,5.0,-0.113281,4096,0.981197
28,2026-03-27T23:51:34.366258+00:00,EQE1,28,1.0,0.288574,4096,0.981197
28,2026-03-27T23:51:34.366258+00:00,EQE1,28,3.0,0.063477,4096,0.981197
28,2026-03-27T23:51:34.366258+00:00,EQE1,28,5.0,-0.086914,4096,0.981197
28,2026-03-27T23:51:34.366258+00:00,EQE1,29,1.0,0.276855,4096,0.981197
28,2026-03-27T23:51:34.366258+00:00,EQE1,29,3.0,0.101562,4096,0.981197
28,2026-03-27T23:51:34.366258+00:00,EQE1,29,5.0,-0.087402,4096,0.981197
29,2026-03-28T00:21:34.372844+00:00,EQE1,0,1.0,0.294922,4096,0.981197
29,2026-03-28T00:21:34.372844+00:00,EQE1,0,3.0,0.074707,4096,0.981197
29,2026-03-28T00:21:34.372844+00:00,EQE1,0,5.0,-0.066406,4096,0.981197
29,2026-03-28T00:21:34.372844+00:00,EQE1,1,1.0,0.284180,4096,0.981197
29,2026-03-28T00:21:34.372844+00:00,EQE1,1,3.0,0.087891,4096,0.981197
29,2026-03-28T00:21:34.372844+00:00,EQE1,1,5.0,-0.080566,4096,0.981197
29,2026-03-28T00:21:34.372844+00:00,EQE1,2,1.0,0.303223,4096,0.981197
29,2026-03-28T00:21:34.372844+00:00,EQE1,2,3.0,0.086426,4096,0.981197
29,2026-03-28T00:21:34.372844+00:00,EQE1,2,5.0,-0.093262,4096,0.981197
29,2026-03-28T00:21:34.372844+00:00,EQE1,3,1.0,0.255371,4096,0.981197
29,2026-03-28T00:21:34.372844+00:00,EQE1,3,3.0,0.068848,4096,0.981197
29,2026-03-28T00:21:34.372844+00:00,EQE1,3,5.0,-0.081055,4096,0.981197
29,2026-03-28T00:21:34.372844+00:00,EQE1,4,1.0,0.284180,4096,0.981197
29,2026-03-28T00:21:34.372844+00:00,EQE1,4,3.0,0.119141,4096,0.981197
29,2026-03-28T00:21:34.372844+00:00,EQE1,4,5.0,-0.096680,4096,0.981197
29,2026-03-28T00:21:34.372844+00:00,EQE1,5,1.0,0.299805,4096,0.981197
29,2026-03-28T00:21:34.372844+00:00,EQE1,5,3.0,0.094727,4096,0.981197
29,2026-03-28T00:21:34.372844+00:00,EQE1,5,5.0,-0.075195,4096,0.981197
29,2026-03-28T00:21:34.372844+00:00,EQE1,6,1.0,0.281738,4096,0.981197
29,2026-03-28T00:21:34.372844+00:00,EQE1,6,3.0,0.103516,4096,0.981197
29,2026-03-28T00:21:34.372844+00:00,EQE1,6,5.0,-0.108887,4096,0.981197
29,2026-03-28T00:21:34.372844+00:00,EQE1,7,1.0,0.301270,4096,0.981197
29,2026-03-28T00:21:34.372844+00:00,EQE1,7,3.0,0.099609,4096,0.981197
29,2026-03-28T00:21:34.372844+00:00,EQE1,7,5.0,-0.094727,4096,0.981197
29,2026-03-28T00:21:34.372844+00:00,EQE1,8,1.0,0.302734,4096,0.981197
29,2026-03-28T00:21:34.372844+00:00,EQE1,8,3.0,0.085449,4096,0.981197
29,2026-03-28T00:21:34.372844+00:00,EQE1,8,5.0,-0.085449,4096,0.981197
29,2026-03-28T00:21:34.372844+00:00,EQE1,9,1.0,0.254395,4096,0.981197
29,2026-03-28T00:21:34.372844+00:00,EQE1,9,3.0,0.109863,4096,0.981197
29,2026-03-28T00:21:34.372844+00:00,EQE1,9,5.0,-0.060547,4096,0.981197
29,2026-03-28T00:21:34.372844+00:00,EQE1,10,1.0,0.287598,4096,0.981197
29,2026-03-28T00:21:34.372844+00:00,EQE1,10,3.0,0.045410,4096,0.981197
29,2026-03-28T00:21:34.372844+00:00,EQE1,10,5.0,-0.105957,4096,0.981197
29,2026-03-28T00:21:34.372844+00:00,EQE1,11,1.0,0.274414,4096,0.981197
29,2026-03-28T00:21:34.372844+00:00,EQE1,11,3.0,0.090820,4096,0.981197
29,2026-03-28T00:21:34.372844+00:00,EQE1,11,5.0,-0.076172,4096,0.981197
29,2026-03-28T00:21:34.372844+00:00,EQE1,12,1.0,0.281738,4096,0.981197
29,2026-03-28T00:21:34.372844+00:00,EQE1,12,3.0,0.078125,4096,0.981197
29,2026-03-28T00:21:34.372844+00:00,EQE1,12,5.0,-0.116699,4096,0.981197
29,2026-03-28T00:21:34.372844+00:00,EQE1,13,1.0,0.305664,4096,0.981197
29,2026-03-28T00:21:34.372844+00:00,EQE1,13,3.0,0.040527,4096,0.981197
29,2026-03-28T00:21:34.372844+00:00,EQE1,13,5.0,-0.095703,4096,0.981197
29,2026-03-28T00:21:34.372844+00:00,EQE1,14,1.0,0.304688,4096,0.981197
29,2026-03-28T00:21:34.372844+00:00,EQE1,14,3.0,0.058105,4096,0.981197
29,2026-03-28T00:21:34.372844+00:00,EQE1,14,5.0,-0.098145,4096,0.981197
29,2026-03-28T00:21:34.372844+00:00,EQE1,15,1.0,0.262207,4096,0.981197
29,2026-03-28T00:21:34.372844+00:00,EQE1,15,3.0,0.082031,4096,0.981197
29,2026-03-28T00:21:34.372844+00:00,EQE1,15,5.0,-0.107910,4096,0.981197
29,2026-03-28T00:21:34.372844+00:00,EQE1,16,1.0,0.291992,4096,0.981197
29,2026-03-28T00:21:34.372844+00:00,EQE1,16,3.0,0.085449,4096,0.981197
29,2026-03-28T00:21:34.372844+00:00,EQE1,16,5.0,-0.103516,4096,0.981197
29,2026-03-28T00:21:34.372844+00:00,EQE1,17,1.0,0.282715,4096,0.981197
29,2026-03-28T00:21:34.372844+00:00,EQE1,17,3.0,0.103027,4096,0.981197
29,2026-03-28T00:21:34.372844+00:00,EQE1,17,5.0,-0.060547,4096,0.981197
29,2026-03-28T00:21:34.372844+00:00,EQE1,18,1.0,0.275879,4096,0.981197
29,2026-03-28T00:21:34.372844+00:00,EQE1,18,3.0,0.093750,4096,0.981197
29,2026-03-28T00:21:34.372844+00:00,EQE1,18,5.0,-0.080078,4096,0.981197
29,2026-03-28T00:21:34.372844+00:00,EQE1,19,1.0,0.250488,4096,0.981197
29,2026-03-28T00:21:34.372844+00:00,EQE1,19,3.0,0.094727,4096,0.981197
29,2026-03-28T00:21:34.372844+00:00,EQE1,19,5.0,-0.091797,4096,0.981197
29,2026-03-28T00:21:34.372844+00:00,EQE1,20,1.0,0.273926,4096,0.981197
29,2026-03-28T00:21:34.372844+00:00,EQE1,20,3.0,0.104004,4096,0.981197
29,2026-03-28T00:21:34.372844+00:00,EQE1,20,5.0,-0.118652,4096,0.981197
29,2026-03-28T00:21:34.372844+00:00,EQE1,21,1.0,0.283203,4096,0.981197
29,2026-03-28T00:21:34.372844+00:00,EQE1,21,3.0,0.106445,4096,0.981197
29,2026-03-28T00:21:34.372844+00:00,EQE1,21,5.0,-0.105469,4096,0.981197
29,2026-03-28T00:21:34.372844+00:00,EQE1,22,1.0,0.237793,4096,0.981197
29,2026-03-28T00:21:34.372844+00:00,EQE1,22,3.0,0.088867,4096,0.981197
29,2026-03-28T00:21:34.372844+00:00,EQE1,22,5.0,-0.105469,4096,0.981197
29,2026-03-28T00:21:34.372844+00:00,EQE1,23,1.0,0.269043,4096,0.981197
29,2026-03-28T00:21:34.372844+00:00,EQE1,23,3.0,0.082031,4096,0.981197
29,2026-03-28T00:21:34.372844+00:00,EQE1,23,5.0,-0.100098,4096,0.981197
29,2026-03-28T00:21:34.372844+00:00,EQE1,24,1.0,0.282227,4096,0.981197
29,2026-03-28T00:21:34.372844+00:00,EQE1,24,3.0,0.092773,4096,0.981197
29,2026-03-28T00:21:34.372844+00:00,EQE1,24,5.0,-0.113281,4096,0.981197
29,2026-03-28T00:21:34.372844+00:00,EQE1,25,1.0,0.286133,4096,0.981197
29,2026-03-28T00:21:34.372844+00:00,EQE1,25,3.0,0.090332,4096,0.981197
29,2026-03-28T00:21:34.372844+00:00,EQE1,25,5.0,-0.085938,4096,0.981197
29,2026-03-28T00:21:34.372844+00:00,EQE1,26,1.0,0.303223,4096,0.981197
29,2026-03-28T00:21:34.372844+00:00,EQE1,26,3.0,0.112793,4096,0.981197
29,2026-03-28T00:21:34.372844+00:00,EQE1,26,5.0,-0.112305,4096,0.981197
29,2026-03-28T00:21:34.372844+00:00,EQE1,27,1.0,0.291504,4096,0.981197
29,2026-03-28T00:21:34.372844+00:00,EQE1,27,3.0,0.079590,4096,0.981197
29,2026-03-28T00:21:34.372844+00:00,EQE1,27,5.0,-0.091309,4096,0.981197
29,2026-03-28T00:21:34.372844+00:00,EQE1,28,1.0,0.283691,4096,0.981197
29,2026-03-28T00:21:34.372844+00:00,EQE1,28,3.0,0.090332,4096,0.981197
29,2026-03-28T00:21:34.372844+00:00,EQE1,28,5.0,-0.080566,4096,0.981197
29,2026-03-28T00:21:34.372844+00:00,EQE1,29,1.0,0.249512,4096,0.981197
29,2026-03-28T00:21:34.372844+00:00,EQE1,29,3.0,0.096680,4096,0.981197
29,2026-03-28T00:21:34.372844+00:00,EQE1,29,5.0,-0.115723,4096,0.981197
30,2026-03-28T00:51:34.372856+00:00,EQE1,0,1.0,0.310059,4096,0.981197
30,2026-03-28T00:51:34.372856+00:00,EQE1,0,3.0,0.099121,4096,0.981197
30,2026-03-28T00:51:34.372856+00:00,EQE1,0,5.0,-0.095703,4096,0.981197
30,2026-03-28T00:51:34.372856+00:00,EQE1,1,1.0,0.290039,4096,0.981197
30,2026-03-28T00:51:34.372856+00:00,EQE1,1,3.0,0.081543,4096,0.981197
30,2026-03-28T00:51:34.372856+00:00,EQE1,1,5.0,-0.087891,4096,0.981197
30,2026-03-28T00:51:34.372856+00:00,EQE1,2,1.0,0.273926,4096,0.981197
30,2026-03-28T00:51:34.372856+00:00,EQE1,2,3.0,0.088867,4096,0.981197
30,2026-03-28T00:51:34.372856+00:00,EQE1,2,5.0,-0.055664,4096,0.981197
30,2026-03-28T00:51:34.372856+00:00,EQE1,3,1.0,0.268066,4096,0.981197
30,2026-03-28T00:51:34.372856+00:00,EQE1,3,3.0,0.103516,4096,0.981197
30,2026-03-28T00:51:34.372856+00:00,EQE1,3,5.0,-0.105957,4096,0.981197
30,2026-03-28T00:51:34.372856+00:00,EQE1,4,1.0,0.291504,4096,0.981197
30,2026-03-28T00:51:34.372856+00:00,EQE1,4,3.0,0.093750,4096,0.981197
30,2026-03-28T00:51:34.372856+00:00,EQE1,4,5.0,-0.095703,4096,0.981197
30,2026-03-28T00:51:34.372856+00:00,EQE1,5,1.0,0.303223,4096,0.981197
30,2026-03-28T00:51:34.372856+00:00,EQE1,5,3.0,0.064941,4096,0.981197
30,2026-03-28T00:51:34.372856+00:00,EQE1,5,5.0,-0.087891,4096,0.981197
30,2026-03-28T00:51:34.372856+00:00,EQE1,6,1.0,0.273438,4096,0.981197
30,2026-03-28T00:51:34.372856+00:00,EQE1,6,3.0,0.063965,4096,0.981197
30,2026-03-28T00:51:34.372856+00:00,EQE1,6,5.0,-0.087891,4096,0.981197
30,2026-03-28T00:51:34.372856+00:00,EQE1,7,1.0,0.270508,4096,0.981197
30,2026-03-28T00:51:34.372856+00:00,EQE1,7,3.0,0.107422,4096,0.981197
30,2026-03-28T00:51:34.372856+00:00,EQE1,7,5.0,-0.095703,4096,0.981197
30,2026-03-28T00:51:34.372856+00:00,EQE1,8,1.0,0.276855,4096,0.981197
30,2026-03-28T00:51:34.372856+00:00,EQE1,8,3.0,0.083008,4096,0.981197
30,2026-03-28T00:51:34.372856+00:00,EQE1,8,5.0,-0.046875,4096,0.981197
30,2026-03-28T00:51:34.372856+00:00,EQE1,9,1.0,0.292480,4096,0.981197
30,2026-03-28T00:51:34.372856+00:00,EQE1,9,3.0,0.108398,4096,0.981197
30,2026-03-28T00:51:34.372856+00:00,EQE1,9,5.0,-0.081055,4096,0.981197
30,2026-03-28T00:51:34.372856+00:00,EQE1,10,1.0,0.263672,4096,0.981197
30,2026-03-28T00:51:34.372856+00:00,EQE1,10,3.0,0.069336,4096,0.981197
30,2026-03-28T00:51:34.372856+00:00,EQE1,10,5.0,-0.079590,4096,0.981197
30,2026-03-28T00:51:34.372856+00:00,EQE1,11,1.0,0.299316,4096,0.981197
30,2026-03-28T00:51:34.372856+00:00,EQE1,11,3.0,0.105469,4096,0.981197
30,2026-03-28T00:51:34.372856+00:00,EQE1,11,5.0,-0.100098,4096,0.981197
30,2026-03-28T00:51:34.372856+00:00,EQE1,12,1.0,0.275391,4096,0.981197
30,2026-03-28T00:51:34.372856+00:00,EQE1,12,3.0,0.111328,4096,0.981197
30,2026-03-28T00:51:34.372856+00:00,EQE1,12,5.0,-0.109863,4096,0.981197
30,2026-03-28T00:51:34.372856+00:00,EQE1,13,1.0,0.279297,4096,0.981197
30,2026-03-28T00:51:34.372856+00:00,EQE1,13,3.0,0.095215,4096,0.981197
30,2026-03-28T00:51:34.372856+00:00,EQE1,13,5.0,-0.087402,4096,0.981197
30,2026-03-28T00:51:34.372856+00:00,EQE1,14,1.0,0.290039,4096,0.981197
30,2026-03-28T00:51:34.372856+00:00,EQE1,14,3.0,0.092285,4096,0.981197
30,2026-03-28T00:51:34.372856+00:00,EQE1,14,5.0,-0.084961,4096,0.981197
30,2026-03-28T00:51:34.372856+00:00,EQE1,15,1.0,0.299316,4096,0.981197
30,2026-03-28T00:51:34.372856+00:00,EQE1,15,3.0,0.106445,4096,0.981197
30,2026-03-28T00:51:34.372856+00:00,EQE1,15,5.0,-0.110352,4096,0.981197
30,2026-03-28T00:51:34.372856+00:00,EQE1,16,1.0,0.258301,4096,0.981197
30,2026-03-28T00:51:34.372856+00:00,EQE1,16,3.0,0.077637,4096,0.981197
30,2026-03-28T00:51:34.372856+00:00,EQE1,16,5.0,-0.099609,4096,0.981197
30,2026-03-28T00:51:34.372856+00:00,EQE1,17,1.0,0.263184,4096,0.981197
30,2026-03-28T00:51:34.372856+00:00,EQE1,17,3.0,0.087891,4096,0.981197
30,2026-03-28T00:51:34.372856+00:00,EQE1,17,5.0,-0.079102,4096,0.981197
30,2026-03-28T00:51:34.372856+00:00,EQE1,18,1.0,0.286621,4096,0.981197
30,2026-03-28T00:51:34.372856+00:00,EQE1,18,3.0,0.083496,4096,0.981197
30,2026-03-28T00:51:34.372856+00:00,EQE1,18,5.0,-0.110840,4096,0.981197
30,2026-03-28T00:51:34.372856+00:00,EQE1,19,1.0,0.277832,4096,0.981197
30,2026-03-28T00:51:34.372856+00:00,EQE1,19,3.0,0.110352,4096,0.981197
30,2026-03-28T00:51:34.372856+00:00,EQE1,19,5.0,-0.100098,4096,0.981197
30,2026-03-28T00:51:34.372856+00:00,EQE1,20,1.0,0.273438,4096,0.981197
30,2026-03-28T00:51:34.372856+00:00,EQE1,20,3.0,0.097168,4096,0.981197
30,2026-03-28T00:51:34.372856+00:00,EQE1,20,5.0,-0.101074,4096,0.981197
30,2026-03-28T00:51:34.372856+00:00,EQE1,21,1.0,0.289551,4096,0.981197
30,2026-03-28T00:51:34.372856+00:00,EQE1,21,3.0,0.101074,4096,0.981197
30,2026-03-28T00:51:34.372856+00:00,EQE1,21,5.0,-0.104004,4096,0.981197
30,2026-03-28T00:51:34.372856+00:00,EQE1,22,1.0,0.269043,4096,0.981197
30,2026-03-28T00:51:34.372856+00:00,EQE1,22,3.0,0.097656,4096,0.981197
30,2026-03-28T00:51:34.372856+00:00,EQE1,22,5.0,-0.084961,4096,0.981197
30,2026-03-28T00:51:34.372856+00:00,EQE1,23,1.0,0.335938,4096,0.981197
30,2026-03-28T00:51:34.372856+00:00,EQE1,23,3.0,0.088867,4096,0.981197
30,2026-03-28T00:51:34.372856+00:00,EQE1,23,5.0,-0.104004,4096,0.981197
30,2026-03-28T00:51:34.372856+00:00,EQE1,24,1.0,0.292969,4096,0.981197
30,2026-03-28T00:51:34.372856+00:00,EQE1,24,3.0,0.066406,4096,0.981197
30,2026-03-28T00:51:34.372856+00:00,EQE1,24,5.0,-0.113281,4096,0.981197
30,2026-03-28T00:51:34.372856+00:00,EQE1,25,1.0,0.261719,4096,0.981197
30,2026-03-28T00:51:34.372856+00:00,EQE1,25,3.0,0.077148,4096,0.981197
30,2026-03-28T00:51:34.372856+00:00,EQE1,25,5.0,-0.101562,4096,0.981197
30,2026-03-28T00:51:34.372856+00:00,EQE1,26,1.0,0.311523,4096,0.981197
30,2026-03-28T00:51:34.372856+00:00,EQE1,26,3.0,0.110352,4096,0.981197
30,2026-03-28T00:51:34.372856+00:00,EQE1,26,5.0,-0.068359,4096,0.981197
30,2026-03-28T00:51:34.372856+00:00,EQE1,27,1.0,0.275879,4096,0.981197
30,2026-03-28T00:51:34.372856+00:00,EQE1,27,3.0,0.080566,4096,0.981197
30,2026-03-28T00:51:34.372856+00:00,EQE1,27,5.0,-0.106934,4096,0.981197
30,2026-03-28T00:51:34.372856+00:00,EQE1,28,1.0,0.308105,4096,0.981197
30,2026-03-28T00:51:34.372856+00:00,EQE1,28,3.0,0.085449,4096,0.981197
30,2026-03-28T00:51:34.372856+00:00,EQE1,28,5.0,-0.092773,4096,0.981197
30,2026-03-28T00:51:34.372856+00:00,EQE1,29,1.0,0.270508,4096,0.981197
30,2026-03-28T00:51:34.372856+00:00,EQE1,29,3.0,0.086914,4096,0.981197
30,2026-03-28T00:51:34.372856+00:00,EQE1,29,5.0,-0.084473,4096,0.981197
31,2026-03-28T01:21:34.298277+00:00,EQE1,0,1.0,0.274902,4096,0.981197
31,2026-03-28T01:21:34.298277+00:00,EQE1,0,3.0,0.098633,4096,0.981197
31,2026-03-28T01:21:34.298277+00:00,EQE1,0,5.0,-0.071777,4096,0.981197
31,2026-03-28T01:21:34.298277+00:00,EQE1,1,1.0,0.284668,4096,0.981197
31,2026-03-28T01:21:34.298277+00:00,EQE1,1,3.0,0.085938,4096,0.981197
31,2026-03-28T01:21:34.298277+00:00,EQE1,1,5.0,-0.104492,4096,0.981197
31,2026-03-28T01:21:34.298277+00:00,EQE1,2,1.0,0.296875,4096,0.981197
31,2026-03-28T01:21:34.298277+00:00,EQE1,2,3.0,0.086914,4096,0.981197
31,2026-03-28T01:21:34.298277+00:00,EQE1,2,5.0,-0.083008,4096,0.981197
31,2026-03-28T01:21:34.298277+00:00,EQE1,3,1.0,0.278320,4096,0.981197
31,2026-03-28T01:21:34.298277+00:00,EQE1,3,3.0,0.059570,4096,0.981197
31,2026-03-28T01:21:34.298277+00:00,EQE1,3,5.0,-0.123535,4096,0.981197
31,2026-03-28T01:21:34.298277+00:00,EQE1,4,1.0,0.293457,4096,0.981197
31,2026-03-28T01:21:34.298277+00:00,EQE1,4,3.0,0.064941,4096,0.981197
31,2026-03-28T01:21:34.298277+00:00,EQE1,4,5.0,-0.081543,4096,0.981197
31,2026-03-28T01:21:34.298277+00:00,EQE1,5,1.0,0.290527,4096,0.981197
31,2026-03-28T01:21:34.298277+00:00,EQE1,5,3.0,0.079590,4096,0.981197
31,2026-03-28T01:21:34.298277+00:00,EQE1,5,5.0,-0.090332,4096,0.981197
31,2026-03-28T01:21:34.298277+00:00,EQE1,6,1.0,0.297363,4096,0.981197
31,2026-03-28T01:21:34.298277+00:00,EQE1,6,3.0,0.058105,4096,0.981197
31,2026-03-28T01:21:34.298277+00:00,EQE1,6,5.0,-0.105469,4096,0.981197
31,2026-03-28T01:21:34.298277+00:00,EQE1,7,1.0,0.307129,4096,0.981197
31,2026-03-28T01:21:34.298277+00:00,EQE1,7,3.0,0.084961,4096,0.981197
31,2026-03-28T01:21:34.298277+00:00,EQE1,7,5.0,-0.091797,4096,0.981197
31,2026-03-28T01:21:34.298277+00:00,EQE1,8,1.0,0.273926,4096,0.981197
31,2026-03-28T01:21:34.298277+00:00,EQE1,8,3.0,0.073242,4096,0.981197
31,2026-03-28T01:21:34.298277+00:00,EQE1,8,5.0,-0.115723,4096,0.981197
31,2026-03-28T01:21:34.298277+00:00,EQE1,9,1.0,0.267578,4096,0.981197
31,2026-03-28T01:21:34.298277+00:00,EQE1,9,3.0,0.109375,4096,0.981197
31,2026-03-28T01:21:34.298277+00:00,EQE1,9,5.0,-0.089844,4096,0.981197
31,2026-03-28T01:21:34.298277+00:00,EQE1,10,1.0,0.289551,4096,0.981197
31,2026-03-28T01:21:34.298277+00:00,EQE1,10,3.0,0.084961,4096,0.981197
31,2026-03-28T01:21:34.298277+00:00,EQE1,10,5.0,-0.087402,4096,0.981197
31,2026-03-28T01:21:34.298277+00:00,EQE1,11,1.0,0.303711,4096,0.981197
31,2026-03-28T01:21:34.298277+00:00,EQE1,11,3.0,0.104004,4096,0.981197
31,2026-03-28T01:21:34.298277+00:00,EQE1,11,5.0,-0.123535,4096,0.981197
31,2026-03-28T01:21:34.298277+00:00,EQE1,12,1.0,0.294434,4096,0.981197
31,2026-03-28T01:21:34.298277+00:00,EQE1,12,3.0,0.081055,4096,0.981197
31,2026-03-28T01:21:34.298277+00:00,EQE1,12,5.0,-0.120117,4096,0.981197
31,2026-03-28T01:21:34.298277+00:00,EQE1,13,1.0,0.274902,4096,0.981197
31,2026-03-28T01:21:34.298277+00:00,EQE1,13,3.0,0.077148,4096,0.981197
31,2026-03-28T01:21:34.298277+00:00,EQE1,13,5.0,-0.104492,4096,0.981197
31,2026-03-28T01:21:34.298277+00:00,EQE1,14,1.0,0.302246,4096,0.981197
31,2026-03-28T01:21:34.298277+00:00,EQE1,14,3.0,0.098633,4096,0.981197
31,2026-03-28T01:21:34.298277+00:00,EQE1,14,5.0,-0.091797,4096,0.981197
31,2026-03-28T01:21:34.298277+00:00,EQE1,15,1.0,0.302246,4096,0.981197
31,2026-03-28T01:21:34.298277+00:00,EQE1,15,3.0,0.072266,4096,0.981197
31,2026-03-28T01:21:34.298277+00:00,EQE1,15,5.0,-0.104492,4096,0.981197
31,2026-03-28T01:21:34.298277+00:00,EQE1,16,1.0,0.280273,4096,0.981197
31,2026-03-28T01:21:34.298277+00:00,EQE1,16,3.0,0.096191,4096,0.981197
31,2026-03-28T01:21:34.298277+00:00,EQE1,16,5.0,-0.099121,4096,0.981197
31,2026-03-28T01:21:34.298277+00:00,EQE1,17,1.0,0.315918,4096,0.981197
31,2026-03-28T01:21:34.298277+00:00,EQE1,17,3.0,0.078613,4096,0.981197
31,2026-03-28T01:21:34.298277+00:00,EQE1,17,5.0,-0.097168,4096,0.981197
31,2026-03-28T01:21:34.298277+00:00,EQE1,18,1.0,0.261719,4096,0.981197
31,2026-03-28T01:21:34.298277+00:00,EQE1,18,3.0,0.061035,4096,0.981197
31,2026-03-28T01:21:34.298277+00:00,EQE1,18,5.0,-0.104492,4096,0.981197
31,2026-03-28T01:21:34.298277+00:00,EQE1,19,1.0,0.269043,4096,0.981197
31,2026-03-28T01:21:34.298277+00:00,EQE1,19,3.0,0.061523,4096,0.981197
31,2026-03-28T01:21:34.298277+00:00,EQE1,19,5.0,-0.104980,4096,0.981197
31,2026-03-28T01:21:34.298277+00:00,EQE1,20,1.0,0.295410,4096,0.981197
31,2026-03-28T01:21:34.298277+00:00,EQE1,20,3.0,0.085938,4096,0.981197
31,2026-03-28T01:21:34.298277+00:00,EQE1,20,5.0,-0.125977,4096,0.981197
31,2026-03-28T01:21:34.298277+00:00,EQE1,21,1.0,0.289062,4096,0.981197
31,2026-03-28T01:21:34.298277+00:00,EQE1,21,3.0,0.094238,4096,0.981197
31,2026-03-28T01:21:34.298277+00:00,EQE1,21,5.0,-0.102051,4096,0.981197
31,2026-03-28T01:21:34.298277+00:00,EQE1,22,1.0,0.270996,4096,0.981197
31,2026-03-28T01:21:34.298277+00:00,EQE1,22,3.0,0.105957,4096,0.981197
31,2026-03-28T01:21:34.298277+00:00,EQE1,22,5.0,-0.132812,4096,0.981197
31,2026-03-28T01:21:34.298277+00:00,EQE1,23,1.0,0.294434,4096,0.981197
31,2026-03-28T01:21:34.298277+00:00,EQE1,23,3.0,0.066895,4096,0.981197
31,2026-03-28T01:21:34.298277+00:00,EQE1,23,5.0,-0.073242,4096,0.981197
31,2026-03-28T01:21:34.298277+00:00,EQE1,24,1.0,0.273438,4096,0.981197
31,2026-03-28T01:21:34.298277+00:00,EQE1,24,3.0,0.091309,4096,0.981197
31,2026-03-28T01:21:34.298277+00:00,EQE1,24,5.0,-0.114258,4096,0.981197
31,2026-03-28T01:21:34.298277+00:00,EQE1,25,1.0,0.282715,4096,0.981197
31,2026-03-28T01:21:34.298277+00:00,EQE1,25,3.0,0.083496,4096,0.981197
31,2026-03-28T01:21:34.298277+00:00,EQE1,25,5.0,-0.071289,4096,0.981197
31,2026-03-28T01:21:34.298277+00:00,EQE1,26,1.0,0.313965,4096,0.981197
31,2026-03-28T01:21:34.298277+00:00,EQE1,26,3.0,0.064453,4096,0.981197
31,2026-03-28T01:21:34.298277+00:00,EQE1,26,5.0,-0.098633,4096,0.981197
31,2026-03-28T01:21:34.298277+00:00,EQE1,27,1.0,0.312988,4096,0.981197
31,2026-03-28T01:21:34.298277+00:00,EQE1,27,3.0,0.074219,4096,0.981197
31,2026-03-28T01:21:34.298277+00:00,EQE1,27,5.0,-0.097656,4096,0.981197
31,2026-03-28T01:21:34.298277+00:00,EQE1,28,1.0,0.271484,4096,0.981197
31,2026-03-28T01:21:34.298277+00:00,EQE1,28,3.0,0.104492,4096,0.981197
31,2026-03-28T01:21:34.298277+00:00,EQE1,28,5.0,-0.079102,4096,0.981197
31,2026-03-28T01:21:34.298277+00:00,EQE1,29,1.0,0.303711,4096,0.981197
31,2026-03-28T01:21:34.298277+00:00,EQE1,29,3.0,0.083496,4096,0.981197
31,2026-03-28T01:21:34.298277+00:00,EQE1,29,5.0,-0.115723,4096,0.981197
32,2026-03-28T01:51:34.372884+00:00,EQE1,0,1.0,0.288574,4096,0.981197
32,2026-03-28T01:51:34.372884+00:00,EQE1,0,3.0,0.091309,4096,0.981197
32,2026-03-28T01:51:34.372884+00:00,EQE1,0,5.0,-0.092773,4096,0.981197
32,2026-03-28T01:51:34.372884+00:00,EQE1,1,1.0,0.301758,4096,0.981197
32,2026-03-28T01:51:34.372884+00:00,EQE1,1,3.0,0.078125,4096,0.981197
32,2026-03-28T01:51:34.372884+00:00,EQE1,1,5.0,-0.105957,4096,0.981197
32,2026-03-28T01:51:34.372884+00:00,EQE1,2,1.0,0.305176,4096,0.981197
32,2026-03-28T01:51:34.372884+00:00,EQE1,2,3.0,0.080566,4096,0.981197
32,2026-03-28T01:51:34.372884+00:00,EQE1,2,5.0,-0.074707,4096,0.981197
32,2026-03-28T01:51:34.372884+00:00,EQE1,3,1.0,0.272949,4096,0.981197
32,2026-03-28T01:51:34.372884+00:00,EQE1,3,3.0,0.073730,4096,0.981197
32,2026-03-28T01:51:34.372884+00:00,EQE1,3,5.0,-0.077148,4096,0.981197
32,2026-03-28T01:51:34.372884+00:00,EQE1,4,1.0,0.302246,4096,0.981197
32,2026-03-28T01:51:34.372884+00:00,EQE1,4,3.0,0.103516,4096,0.981197
32,2026-03-28T01:51:34.372884+00:00,EQE1,4,5.0,-0.103027,4096,0.981197
32,2026-03-28T01:51:34.372884+00:00,EQE1,5,1.0,0.291504,4096,0.981197
32,2026-03-28T01:51:34.372884+00:00,EQE1,5,3.0,0.092773,4096,0.981197
32,2026-03-28T01:51:34.372884+00:00,EQE1,5,5.0,-0.093750,4096,0.981197
32,2026-03-28T01:51:34.372884+00:00,EQE1,6,1.0,0.257324,4096,0.981197
32,2026-03-28T01:51:34.372884+00:00,EQE1,6,3.0,0.066895,4096,0.981197
32,2026-03-28T01:51:34.372884+00:00,EQE1,6,5.0,-0.120117,4096,0.981197
32,2026-03-28T01:51:34.372884+00:00,EQE1,7,1.0,0.296387,4096,0.981197
32,2026-03-28T01:51:34.372884+00:00,EQE1,7,3.0,0.124023,4096,0.981197
32,2026-03-28T01:51:34.372884+00:00,EQE1,7,5.0,-0.061523,4096,0.981197
32,2026-03-28T01:51:34.372884+00:00,EQE1,8,1.0,0.269043,4096,0.981197
32,2026-03-28T01:51:34.372884+00:00,EQE1,8,3.0,0.072754,4096,0.981197
32,2026-03-28T01:51:34.372884+00:00,EQE1,8,5.0,-0.098633,4096,0.981197
32,2026-03-28T01:51:34.372884+00:00,EQE1,9,1.0,0.299805,4096,0.981197
32,2026-03-28T01:51:34.372884+00:00,EQE1,9,3.0,0.067383,4096,0.981197
32,2026-03-28T01:51:34.372884+00:00,EQE1,9,5.0,-0.099121,4096,0.981197
32,2026-03-28T01:51:34.372884+00:00,EQE1,10,1.0,0.290039,4096,0.981197
32,2026-03-28T01:51:34.372884+00:00,EQE1,10,3.0,0.106934,4096,0.981197
32,2026-03-28T01:51:34.372884+00:00,EQE1,10,5.0,-0.082031,4096,0.981197
32,2026-03-28T01:51:34.372884+00:00,EQE1,11,1.0,0.288574,4096,0.981197
32,2026-03-28T01:51:34.372884+00:00,EQE1,11,3.0,0.080566,4096,0.981197
32,2026-03-28T01:51:34.372884+00:00,EQE1,11,5.0,-0.088867,4096,0.981197
32,2026-03-28T01:51:34.372884+00:00,EQE1,12,1.0,0.278809,4096,0.981197
32,2026-03-28T01:51:34.372884+00:00,EQE1,12,3.0,0.072266,4096,0.981197
32,2026-03-28T01:51:34.372884+00:00,EQE1,12,5.0,-0.110840,4096,0.981197
32,2026-03-28T01:51:34.372884+00:00,EQE1,13,1.0,0.313965,4096,0.981197
32,2026-03-28T01:51:34.372884+00:00,EQE1,13,3.0,0.103516,4096,0.981197
32,2026-03-28T01:51:34.372884+00:00,EQE1,13,5.0,-0.099121,4096,0.981197
32,2026-03-28T01:51:34.372884+00:00,EQE1,14,1.0,0.299805,4096,0.981197
32,2026-03-28T01:51:34.372884+00:00,EQE1,14,3.0,0.075684,4096,0.981197
32,2026-03-28T01:51:34.372884+00:00,EQE1,14,5.0,-0.082031,4096,0.981197
32,2026-03-28T01:51:34.372884+00:00,EQE1,15,1.0,0.303711,4096,0.981197
32,2026-03-28T01:51:34.372884+00:00,EQE1,15,3.0,0.109375,4096,0.981197
32,2026-03-28T01:51:34.372884+00:00,EQE1,15,5.0,-0.064453,4096,0.981197
32,2026-03-28T01:51:34.372884+00:00,EQE1,16,1.0,0.294922,4096,0.981197
32,2026-03-28T01:51:34.372884+00:00,EQE1,16,3.0,0.079590,4096,0.981197
32,2026-03-28T01:51:34.372884+00:00,EQE1,16,5.0,-0.104004,4096,0.981197
32,2026-03-28T01:51:34.372884+00:00,EQE1,17,1.0,0.308105,4096,0.981197
32,2026-03-28T01:51:34.372884+00:00,EQE1,17,3.0,0.071289,4096,0.981197
32,2026-03-28T01:51:34.372884+00:00,EQE1,17,5.0,-0.052734,4096,0.981197
32,2026-03-28T01:51:34.372884+00:00,EQE1,18,1.0,0.292969,4096,0.981197
32,2026-03-28T01:51:34.372884+00:00,EQE1,18,3.0,0.100586,4096,0.981197
32,2026-03-28T01:51:34.372884+00:00,EQE1,18,5.0,-0.094238,4096,0.981197
32,2026-03-28T01:51:34.372884+00:00,EQE1,19,1.0,0.288574,4096,0.981197
32,2026-03-28T01:51:34.372884+00:00,EQE1,19,3.0,0.091309,4096,0.981197
32,2026-03-28T01:51:34.372884+00:00,EQE1,19,5.0,-0.082520,4096,0.981197
32,2026-03-28T01:51:34.372884+00:00,EQE1,20,1.0,0.291016,4096,0.981197
32,2026-03-28T01:51:34.372884+00:00,EQE1,20,3.0,0.077637,4096,0.981197
32,2026-03-28T01:51:34.372884+00:00,EQE1,20,5.0,-0.112305,4096,0.981197
32,2026-03-28T01:51:34.372884+00:00,EQE1,21,1.0,0.287109,4096,0.981197
32,2026-03-28T01:51:34.372884+00:00,EQE1,21,3.0,0.071289,4096,0.981197
32,2026-03-28T01:51:34.372884+00:00,EQE1,21,5.0,-0.086914,4096,0.981197
32,2026-03-28T01:51:34.372884+00:00,EQE1,22,1.0,0.262695,4096,0.981197
32,2026-03-28T01:51:34.372884+00:00,EQE1,22,3.0,0.112793,4096,0.981197
32,2026-03-28T01:51:34.372884+00:00,EQE1,22,5.0,-0.068359,4096,0.981197
32,2026-03-28T01:51:34.372884+00:00,EQE1,23,1.0,0.279297,4096,0.981197
32,2026-03-28T01:51:34.372884+00:00,EQE1,23,3.0,0.095215,4096,0.981197
32,2026-03-28T01:51:34.372884+00:00,EQE1,23,5.0,-0.088379,4096,0.981197
32,2026-03-28T01:51:34.372884+00:00,EQE1,24,1.0,0.295898,4096,0.981197
32,2026-03-28T01:51:34.372884+00:00,EQE1,24,3.0,0.067383,4096,0.981197
32,2026-03-28T01:51:34.372884+00:00,EQE1,24,5.0,-0.098145,4096,0.981197
32,2026-03-28T01:51:34.372884+00:00,EQE1,25,1.0,0.278320,4096,0.981197
32,2026-03-28T01:51:34.372884+00:00,EQE1,25,3.0,0.104492,4096,0.981197
32,2026-03-28T01:51:34.372884+00:00,EQE1,25,5.0,-0.072266,4096,0.981197
32,2026-03-28T01:51:34.372884+00:00,EQE1,26,1.0,0.286621,4096,0.981197
32,2026-03-28T01:51:34.372884+00:00,EQE1,26,3.0,0.089355,4096,0.981197
32,2026-03-28T01:51:34.372884+00:00,EQE1,26,5.0,-0.109863,4096,0.981197
32,2026-03-28T01:51:34.372884+00:00,EQE1,27,1.0,0.289062,4096,0.981197
32,2026-03-28T01:51:34.372884+00:00,EQE1,27,3.0,0.070801,4096,0.981197
32,2026-03-28T01:51:34.372884+00:00,EQE1,27,5.0,-0.088379,4096,0.981197
32,2026-03-28T01:51:34.372884+00:00,EQE1,28,1.0,0.274902,4096,0.981197
32,2026-03-28T01:51:34.372884+00:00,EQE1,28,3.0,0.103516,4096,0.981197
32,2026-03-28T01:51:34.372884+00:00,EQE1,28,5.0,-0.090820,4096,0.981197
32,2026-03-28T01:51:34.372884+00:00,EQE1,29,1.0,0.294434,4096,0.981197
32,2026-03-28T01:51:34.372884+00:00,EQE1,29,3.0,0.090820,4096,0.981197
32,2026-03-28T01:51:34.372884+00:00,EQE1,29,5.0,-0.064453,4096,0.981197
33,2026-03-28T02:21:34.372870+00:00,EQE1,0,1.0,0.296387,4096,0.981197
33,2026-03-28T02:21:34.372870+00:00,EQE1,0,3.0,0.092773,4096,0.981197
33,2026-03-28T02:21:34.372870+00:00,EQE1,0,5.0,-0.085938,4096,0.981197
33,2026-03-28T02:21:34.372870+00:00,EQE1,1,1.0,0.296387,4096,0.981197
33,2026-03-28T02:21:34.372870+00:00,EQE1,1,3.0,0.092773,4096,0.981197
33,2026-03-28T02:21:34.372870+00:00,EQE1,1,5.0,-0.096680,4096,0.981197
33,2026-03-28T02:21:34.372870+00:00,EQE1,2,1.0,0.319824,4096,0.981197
33,2026-03-28T02:21:34.372870+00:00,EQE1,2,3.0,0.102539,4096,0.981197
33,2026-03-28T02:21:34.372870+00:00,EQE1,2,5.0,-0.089355,4096,0.981197
33,2026-03-28T02:21:34.372870+00:00,EQE1,3,1.0,0.291016,4096,0.981197
33,2026-03-28T02:21:34.372870+00:00,EQE1,3,3.0,0.089844,4096,0.981197
33,2026-03-28T02:21:34.372870+00:00,EQE1,3,5.0,-0.086914,4096,0.981197
33,2026-03-28T02:21:34.372870+00:00,EQE1,4,1.0,0.285156,4096,0.981197
33,2026-03-28T02:21:34.372870+00:00,EQE1,4,3.0,0.090820,4096,0.981197
33,2026-03-28T02:21:34.372870+00:00,EQE1,4,5.0,-0.080566,4096,0.981197
33,2026-03-28T02:21:34.372870+00:00,EQE1,5,1.0,0.301270,4096,0.981197
33,2026-03-28T02:21:34.372870+00:00,EQE1,5,3.0,0.080566,4096,0.981197
33,2026-03-28T02:21:34.372870+00:00,EQE1,5,5.0,-0.072266,4096,0.981197
33,2026-03-28T02:21:34.372870+00:00,EQE1,6,1.0,0.304199,4096,0.981197
33,2026-03-28T02:21:34.372870+00:00,EQE1,6,3.0,0.094238,4096,0.981197
33,2026-03-28T02:21:34.372870+00:00,EQE1,6,5.0,-0.090820,4096,0.981197
33,2026-03-28T02:21:34.372870+00:00,EQE1,7,1.0,0.309570,4096,0.981197
33,2026-03-28T02:21:34.372870+00:00,EQE1,7,3.0,0.107910,4096,0.981197
33,2026-03-28T02:21:34.372870+00:00,EQE1,7,5.0,-0.101074,4096,0.981197
33,2026-03-28T02:21:34.372870+00:00,EQE1,8,1.0,0.322754,4096,0.981197
33,2026-03-28T02:21:34.372870+00:00,EQE1,8,3.0,0.088379,4096,0.981197
33,2026-03-28T02:21:34.372870+00:00,EQE1,8,5.0,-0.080078,4096,0.981197
33,2026-03-28T02:21:34.372870+00:00,EQE1,9,1.0,0.291016,4096,0.981197
33,2026-03-28T02:21:34.372870+00:00,EQE1,9,3.0,0.090820,4096,0.981197
33,2026-03-28T02:21:34.372870+00:00,EQE1,9,5.0,-0.097168,4096,0.981197
33,2026-03-28T02:21:34.372870+00:00,EQE1,10,1.0,0.331543,4096,0.981197
33,2026-03-28T02:21:34.372870+00:00,EQE1,10,3.0,0.088867,4096,0.981197
33,2026-03-28T02:21:34.372870+00:00,EQE1,10,5.0,-0.076660,4096,0.981197
33,2026-03-28T02:21:34.372870+00:00,EQE1,11,1.0,0.310547,4096,0.981197
33,2026-03-28T02:21:34.372870+00:00,EQE1,11,3.0,0.102051,4096,0.981197
33,2026-03-28T02:21:34.372870+00:00,EQE1,11,5.0,-0.112793,4096,0.981197
33,2026-03-28T02:21:34.372870+00:00,EQE1,12,1.0,0.303223,4096,0.981197
33,2026-03-28T02:21:34.372870+00:00,EQE1,12,3.0,0.069824,4096,0.981197
33,2026-03-28T02:21:34.372870+00:00,EQE1,12,5.0,-0.122559,4096,0.981197
33,2026-03-28T02:21:34.372870+00:00,EQE1,13,1.0,0.308594,4096,0.981197
33,2026-03-28T02:21:34.372870+00:00,EQE1,13,3.0,0.072754,4096,0.981197
33,2026-03-28T02:21:34.372870+00:00,EQE1,13,5.0,-0.074707,4096,0.981197
33,2026-03-28T02:21:34.372870+00:00,EQE1,14,1.0,0.265625,4096,0.981197
33,2026-03-28T02:21:34.372870+00:00,EQE1,14,3.0,0.094238,4096,0.981197
33,2026-03-28T02:21:34.372870+00:00,EQE1,14,5.0,-0.096680,4096,0.981197
33,2026-03-28T02:21:34.372870+00:00,EQE1,15,1.0,0.305176,4096,0.981197
33,2026-03-28T02:21:34.372870+00:00,EQE1,15,3.0,0.083496,4096,0.981197
33,2026-03-28T02:21:34.372870+00:00,EQE1,15,5.0,-0.078125,4096,0.981197
33,2026-03-28T02:21:34.372870+00:00,EQE1,16,1.0,0.294922,4096,0.981197
33,2026-03-28T02:21:34.372870+00:00,EQE1,16,3.0,0.098633,4096,0.981197
33,2026-03-28T02:21:34.372870+00:00,EQE1,16,5.0,-0.071289,4096,0.981197
33,2026-03-28T02:21:34.372870+00:00,EQE1,17,1.0,0.325195,4096,0.981197
33,2026-03-28T02:21:34.372870+00:00,EQE1,17,3.0,0.104980,4096,0.981197
33,2026-03-28T02:21:34.372870+00:00,EQE1,17,5.0,-0.083008,4096,0.981197
33,2026-03-28T02:21:34.372870+00:00,EQE1,18,1.0,0.293457,4096,0.981197
33,2026-03-28T02:21:34.372870+00:00,EQE1,18,3.0,0.109375,4096,0.981197
33,2026-03-28T02:21:34.372870+00:00,EQE1,18,5.0,-0.088867,4096,0.981197
33,2026-03-28T02:21:34.372870+00:00,EQE1,19,1.0,0.269531,4096,0.981197
33,2026-03-28T02:21:34.372870+00:00,EQE1,19,3.0,0.072266,4096,0.981197
33,2026-03-28T02:21:34.372870+00:00,EQE1,19,5.0,-0.122559,4096,0.981197
33,2026-03-28T02:21:34.372870+00:00,EQE1,20,1.0,0.293945,4096,0.981197
33,2026-03-28T02:21:34.372870+00:00,EQE1,20,3.0,0.102539,4096,0.981197
33,2026-03-28T02:21:34.372870+00:00,EQE1,20,5.0,-0.103027,4096,0.981197
33,2026-03-28T02:21:34.372870+00:00,EQE1,21,1.0,0.299805,4096,0.981197
33,2026-03-28T02:21:34.372870+00:00,EQE1,21,3.0,0.110352,4096,0.981197
33,2026-03-28T02:21:34.372870+00:00,EQE1,21,5.0,-0.082520,4096,0.981197
33,2026-03-28T02:21:34.372870+00:00,EQE1,22,1.0,0.320801,4096,0.981197
33,2026-03-28T02:21:34.372870+00:00,EQE1,22,3.0,0.089355,4096,0.981197
33,2026-03-28T02:21:34.372870+00:00,EQE1,22,5.0,-0.103516,4096,0.981197
33,2026-03-28T02:21:34.372870+00:00,EQE1,23,1.0,0.310059,4096,0.981197
33,2026-03-28T02:21:34.372870+00:00,EQE1,23,3.0,0.084473,4096,0.981197
33,2026-03-28T02:21:34.372870+00:00,EQE1,23,5.0,-0.108398,4096,0.981197
33,2026-03-28T02:21:34.372870+00:00,EQE1,24,1.0,0.289551,4096,0.981197
33,2026-03-28T02:21:34.372870+00:00,EQE1,24,3.0,0.132812,4096,0.981197
33,2026-03-28T02:21:34.372870+00:00,EQE1,24,5.0,-0.110352,4096,0.981197
33,2026-03-28T02:21:34.372870+00:00,EQE1,25,1.0,0.326660,4096,0.981197
33,2026-03-28T02:21:34.372870+00:00,EQE1,25,3.0,0.112305,4096,0.981197
33,2026-03-28T02:21:34.372870+00:00,EQE1,25,5.0,-0.104980,4096,0.981197
33,2026-03-28T02:21:34.372870+00:00,EQE1,26,1.0,0.297363,4096,0.981197
33,2026-03-28T02:21:34.372870+00:00,EQE1,26,3.0,0.072266,4096,0.981197
33,2026-03-28T02:21:34.372870+00:00,EQE1,26,5.0,-0.084961,4096,0.981197
33,2026-03-28T02:21:34.372870+00:00,EQE1,27,1.0,0.321289,4096,0.981197
33,2026-03-28T02:21:34.372870+00:00,EQE1,27,3.0,0.053711,4096,0.981197
33,2026-03-28T02:21:34.372870+00:00,EQE1,27,5.0,-0.074219,4096,0.981197
33,2026-03-28T02:21:34.372870+00:00,EQE1,28,1.0,0.318359,4096,0.981197
33,2026-03-28T02:21:34.372870+00:00,EQE1,28,3.0,0.098145,4096,0.981197
33,2026-03-28T02:21:34.372870+00:00,EQE1,28,5.0,-0.094238,4096,0.981197
33,2026-03-28T02:21:34.372870+00:00,EQE1,29,1.0,0.270996,4096,0.981197
33,2026-03-28T02:21:34.372870+00:00,EQE1,29,3.0,0.104004,4096,0.981197
33,2026-03-28T02:21:34.372870+00:00,EQE1,29,5.0,-0.115234,4096,0.981197
34,2026-03-28T02:51:34.372840+00:00,EQE1,0,1.0,0.269043,4096,0.981197
34,2026-03-28T02:51:34.372840+00:00,EQE1,0,3.0,0.056641,4096,0.981197
34,2026-03-28T02:51:34.372840+00:00,EQE1,0,5.0,-0.090332,4096,0.981197
34,2026-03-28T02:51:34.372840+00:00,EQE1,1,1.0,0.305664,4096,0.981197
34,2026-03-28T02:51:34.372840+00:00,EQE1,1,3.0,0.077148,4096,0.981197
34,2026-03-28T02:51:34.372840+00:00,EQE1,1,5.0,-0.084473,4096,0.981197
34,2026-03-28T02:51:34.372840+00:00,EQE1,2,1.0,0.258789,4096,0.981197
34,2026-03-28T02:51:34.372840+00:00,EQE1,2,3.0,0.073242,4096,0.981197
34,2026-03-28T02:51:34.372840+00:00,EQE1,2,5.0,-0.070801,4096,0.981197
34,2026-03-28T02:51:34.372840+00:00,EQE1,3,1.0,0.297852,4096,0.981197
34,2026-03-28T02:51:34.372840+00:00,EQE1,3,3.0,0.083984,4096,0.981197
34,2026-03-28T02:51:34.372840+00:00,EQE1,3,5.0,-0.088379,4096,0.981197
34,2026-03-28T02:51:34.372840+00:00,EQE1,4,1.0,0.274902,4096,0.981197
34,2026-03-28T02:51:34.372840+00:00,EQE1,4,3.0,0.074707,4096,0.981197
34,2026-03-28T02:51:34.372840+00:00,EQE1,4,5.0,-0.108398,4096,0.981197
34,2026-03-28T02:51:34.372840+00:00,EQE1,5,1.0,0.275391,4096,0.981197
34,2026-03-28T02:51:34.372840+00:00,EQE1,5,3.0,0.070801,4096,0.981197
34,2026-03-28T02:51:34.372840+00:00,EQE1,5,5.0,-0.097656,4096,0.981197
34,2026-03-28T02:51:34.372840+00:00,EQE1,6,1.0,0.276367,4096,0.981197
34,2026-03-28T02:51:34.372840+00:00,EQE1,6,3.0,0.070312,4096,0.981197
34,2026-03-28T02:51:34.372840+00:00,EQE1,6,5.0,-0.102539,4096,0.981197
34,2026-03-28T02:51:34.372840+00:00,EQE1,7,1.0,0.285645,4096,0.981197
34,2026-03-28T02:51:34.372840+00:00,EQE1,7,3.0,0.069824,4096,0.981197
34,2026-03-28T02:51:34.372840+00:00,EQE1,7,5.0,-0.070312,4096,0.981197
34,2026-03-28T02:51:34.372840+00:00,EQE1,8,1.0,0.308594,4096,0.981197
34,2026-03-28T02:51:34.372840+00:00,EQE1,8,3.0,0.068359,4096,0.981197
34,2026-03-28T02:51:34.372840+00:00,EQE1,8,5.0,-0.074219,4096,0.981197
34,2026-03-28T02:51:34.372840+00:00,EQE1,9,1.0,0.261719,4096,0.981197
34,2026-03-28T02:51:34.372840+00:00,EQE1,9,3.0,0.070312,4096,0.981197
34,2026-03-28T02:51:34.372840+00:00,EQE1,9,5.0,-0.093262,4096,0.981197
34,2026-03-28T02:51:34.372840+00:00,EQE1,10,1.0,0.275879,4096,0.981197
34,2026-03-28T02:51:34.372840+00:00,EQE1,10,3.0,0.078125,4096,0.981197
34,2026-03-28T02:51:34.372840+00:00,EQE1,10,5.0,-0.115723,4096,0.981197
34,2026-03-28T02:51:34.372840+00:00,EQE1,11,1.0,0.306152,4096,0.981197
34,2026-03-28T02:51:34.372840+00:00,EQE1,11,3.0,0.111328,4096,0.981197
34,2026-03-28T02:51:34.372840+00:00,EQE1,11,5.0,-0.098145,4096,0.981197
34,2026-03-28T02:51:34.372840+00:00,EQE1,12,1.0,0.278809,4096,0.981197
34,2026-03-28T02:51:34.372840+00:00,EQE1,12,3.0,0.077637,4096,0.981197
34,2026-03-28T02:51:34.372840+00:00,EQE1,12,5.0,-0.109375,4096,0.981197
34,2026-03-28T02:51:34.372840+00:00,EQE1,13,1.0,0.303223,4096,0.981197
34,2026-03-28T02:51:34.372840+00:00,EQE1,13,3.0,0.083984,4096,0.981197
34,2026-03-28T02:51:34.372840+00:00,EQE1,13,5.0,-0.093262,4096,0.981197
34,2026-03-28T02:51:34.372840+00:00,EQE1,14,1.0,0.258301,4096,0.981197
34,2026-03-28T02:51:34.372840+00:00,EQE1,14,3.0,0.078613,4096,0.981197
34,2026-03-28T02:51:34.372840+00:00,EQE1,14,5.0,-0.095215,4096,0.981197
34,2026-03-28T02:51:34.372840+00:00,EQE1,15,1.0,0.268555,4096,0.981197
34,2026-03-28T02:51:34.372840+00:00,EQE1,15,3.0,0.102539,4096,0.981197
34,2026-03-28T02:51:34.372840+00:00,EQE1,15,5.0,-0.111328,4096,0.981197
34,2026-03-28T02:51:34.372840+00:00,EQE1,16,1.0,0.282227,4096,0.981197
34,2026-03-28T02:51:34.372840+00:00,EQE1,16,3.0,0.094727,4096,0.981197
34,2026-03-28T02:51:34.372840+00:00,EQE1,16,5.0,-0.109863,4096,0.981197
34,2026-03-28T02:51:34.372840+00:00,EQE1,17,1.0,0.270020,4096,0.981197
34,2026-03-28T02:51:34.372840+00:00,EQE1,17,3.0,0.094727,4096,0.981197
34,2026-03-28T02:51:34.372840+00:00,EQE1,17,5.0,-0.101074,4096,0.981197
34,2026-03-28T02:51:34.372840+00:00,EQE1,18,1.0,0.285645,4096,0.981197
34,2026-03-28T02:51:34.372840+00:00,EQE1,18,3.0,0.094238,4096,0.981197
34,2026-03-28T02:51:34.372840+00:00,EQE1,18,5.0,-0.108398,4096,0.981197
34,2026-03-28T02:51:34.372840+00:00,EQE1,19,1.0,0.301270,4096,0.981197
34,2026-03-28T02:51:34.372840+00:00,EQE1,19,3.0,0.102051,4096,0.981197
34,2026-03-28T02:51:34.372840+00:00,EQE1,19,5.0,-0.093262,4096,0.981197
34,2026-03-28T02:51:34.372840+00:00,EQE1,20,1.0,0.280273,4096,0.981197
34,2026-03-28T02:51:34.372840+00:00,EQE1,20,3.0,0.062988,4096,0.981197
34,2026-03-28T02:51:34.372840+00:00,EQE1,20,5.0,-0.081055,4096,0.981197
34,2026-03-28T02:51:34.372840+00:00,EQE1,21,1.0,0.308594,4096,0.981197
34,2026-03-28T02:51:34.372840+00:00,EQE1,21,3.0,0.096191,4096,0.981197
34,2026-03-28T02:51:34.372840+00:00,EQE1,21,5.0,-0.096191,4096,0.981197
34,2026-03-28T02:51:34.372840+00:00,EQE1,22,1.0,0.259766,4096,0.981197
34,2026-03-28T02:51:34.372840+00:00,EQE1,22,3.0,0.065430,4096,0.981197
34,2026-03-28T02:51:34.372840+00:00,EQE1,22,5.0,-0.106445,4096,0.981197
34,2026-03-28T02:51:34.372840+00:00,EQE1,23,1.0,0.293945,4096,0.981197
34,2026-03-28T02:51:34.372840+00:00,EQE1,23,3.0,0.099609,4096,0.981197
34,2026-03-28T02:51:34.372840+00:00,EQE1,23,5.0,-0.103027,4096,0.981197
34,2026-03-28T02:51:34.372840+00:00,EQE1,24,1.0,0.273438,4096,0.981197
34,2026-03-28T02:51:34.372840+00:00,EQE1,24,3.0,0.078125,4096,0.981197
34,2026-03-28T02:51:34.372840+00:00,EQE1,24,5.0,-0.075684,4096,0.981197
34,2026-03-28T02:51:34.372840+00:00,EQE1,25,1.0,0.287598,4096,0.981197
34,2026-03-28T02:51:34.372840+00:00,EQE1,25,3.0,0.070312,4096,0.981197
34,2026-03-28T02:51:34.372840+00:00,EQE1,25,5.0,-0.107422,4096,0.981197
34,2026-03-28T02:51:34.372840+00:00,EQE1,26,1.0,0.265137,4096,0.981197
34,2026-03-28T02:51:34.372840+00:00,EQE1,26,3.0,0.108887,4096,0.981197
34,2026-03-28T02:51:34.372840+00:00,EQE1,26,5.0,-0.096191,4096,0.981197
34,2026-03-28T02:51:34.372840+00:00,EQE1,27,1.0,0.280762,4096,0.981197
34,2026-03-28T02:51:34.372840+00:00,EQE1,27,3.0,0.082031,4096,0.981197
34,2026-03-28T02:51:34.372840+00:00,EQE1,27,5.0,-0.086426,4096,0.981197
34,2026-03-28T02:51:34.372840+00:00,EQE1,28,1.0,0.306152,4096,0.981197
34,2026-03-28T02:51:34.372840+00:00,EQE1,28,3.0,0.084473,4096,0.981197
34,2026-03-28T02:51:34.372840+00:00,EQE1,28,5.0,-0.097656,4096,0.981197
34,2026-03-28T02:51:34.372840+00:00,EQE1,29,1.0,0.304199,4096,0.981197
34,2026-03-28T02:51:34.372840+00:00,EQE1,29,3.0,0.095215,4096,0.981197
34,2026-03-28T02:51:34.372840+00:00,EQE1,29,5.0,-0.089355,4096,0.981197
35,2026-03-28T03:21:34.372910+00:00,EQE1,0,1.0,0.262207,4096,0.981197
35,2026-03-28T03:21:34.372910+00:00,EQE1,0,3.0,0.083008,4096,0.981197
35,2026-03-28T03:21:34.372910+00:00,EQE1,0,5.0,-0.049805,4096,0.981197
35,2026-03-28T03:21:34.372910+00:00,EQE1,1,1.0,0.278809,4096,0.981197
35,2026-03-28T03:21:34.372910+00:00,EQE1,1,3.0,0.074219,4096,0.981197
35,2026-03-28T03:21:34.372910+00:00,EQE1,1,5.0,-0.086426,4096,0.981197
35,2026-03-28T03:21:34.372910+00:00,EQE1,2,1.0,0.298828,4096,0.981197
35,2026-03-28T03:21:34.372910+00:00,EQE1,2,3.0,0.099121,4096,0.981197
35,2026-03-28T03:21:34.372910+00:00,EQE1,2,5.0,-0.088867,4096,0.981197
35,2026-03-28T03:21:34.372910+00:00,EQE1,3,1.0,0.271484,4096,0.981197
35,2026-03-28T03:21:34.372910+00:00,EQE1,3,3.0,0.087891,4096,0.981197
35,2026-03-28T03:21:34.372910+00:00,EQE1,3,5.0,-0.090820,4096,0.981197
35,2026-03-28T03:21:34.372910+00:00,EQE1,4,1.0,0.281250,4096,0.981197
35,2026-03-28T03:21:34.372910+00:00,EQE1,4,3.0,0.086426,4096,0.981197
35,2026-03-28T03:21:34.372910+00:00,EQE1,4,5.0,-0.075684,4096,0.981197
35,2026-03-28T03:21:34.372910+00:00,EQE1,5,1.0,0.298340,4096,0.981197
35,2026-03-28T03:21:34.372910+00:00,EQE1,5,3.0,0.103027,4096,0.981197
35,2026-03-28T03:21:34.372910+00:00,EQE1,5,5.0,-0.096191,4096,0.981197
35,2026-03-28T03:21:34.372910+00:00,EQE1,6,1.0,0.295410,4096,0.981197
35,2026-03-28T03:21:34.372910+00:00,EQE1,6,3.0,0.084961,4096,0.981197
35,2026-03-28T03:21:34.372910+00:00,EQE1,6,5.0,-0.057617,4096,0.981197
35,2026-03-28T03:21:34.372910+00:00,EQE1,7,1.0,0.287109,4096,0.981197
35,2026-03-28T03:21:34.372910+00:00,EQE1,7,3.0,0.060059,4096,0.981197
35,2026-03-28T03:21:34.372910+00:00,EQE1,7,5.0,-0.088867,4096,0.981197
35,2026-03-28T03:21:34.372910+00:00,EQE1,8,1.0,0.273926,4096,0.981197
35,2026-03-28T03:21:34.372910+00:00,EQE1,8,3.0,0.097168,4096,0.981197
35,2026-03-28T03:21:34.372910+00:00,EQE1,8,5.0,-0.079102,4096,0.981197
35,2026-03-28T03:21:34.372910+00:00,EQE1,9,1.0,0.295898,4096,0.981197
35,2026-03-28T03:21:34.372910+00:00,EQE1,9,3.0,0.089844,4096,0.981197
35,2026-03-28T03:21:34.372910+00:00,EQE1,9,5.0,-0.082031,4096,0.981197
35,2026-03-28T03:21:34.372910+00:00,EQE1,10,1.0,0.257812,4096,0.981197
35,2026-03-28T03:21:34.372910+00:00,EQE1,10,3.0,0.073730,4096,0.981197
35,2026-03-28T03:21:34.372910+00:00,EQE1,10,5.0,-0.096680,4096,0.981197
35,2026-03-28T03:21:34.372910+00:00,EQE1,11,1.0,0.278809,4096,0.981197
35,2026-03-28T03:21:34.372910+00:00,EQE1,11,3.0,0.087891,4096,0.981197
35,2026-03-28T03:21:34.372910+00:00,EQE1,11,5.0,-0.108398,4096,0.981197
35,2026-03-28T03:21:34.372910+00:00,EQE1,12,1.0,0.285156,4096,0.981197
35,2026-03-28T03:21:34.372910+00:00,EQE1,12,3.0,0.075195,4096,0.981197
35,2026-03-28T03:21:34.372910+00:00,EQE1,12,5.0,-0.080566,4096,0.981197
35,2026-03-28T03:21:34.372910+00:00,EQE1,13,1.0,0.318848,4096,0.981197
35,2026-03-28T03:21:34.372910+00:00,EQE1,13,3.0,0.079102,4096,0.981197
35,2026-03-28T03:21:34.372910+00:00,EQE1,13,5.0,-0.103516,4096,0.981197
35,2026-03-28T03:21:34.372910+00:00,EQE1,14,1.0,0.262695,4096,0.981197
35,2026-03-28T03:21:34.372910+00:00,EQE1,14,3.0,0.079102,4096,0.981197
35,2026-03-28T03:21:34.372910+00:00,EQE1,14,5.0,-0.104004,4096,0.981197
35,2026-03-28T03:21:34.372910+00:00,EQE1,15,1.0,0.301270,4096,0.981197
35,2026-03-28T03:21:34.372910+00:00,EQE1,15,3.0,0.112305,4096,0.981197
35,2026-03-28T03:21:34.372910+00:00,EQE1,15,5.0,-0.059082,4096,0.981197
35,2026-03-28T03:21:34.372910+00:00,EQE1,16,1.0,0.299316,4096,0.981197
35,2026-03-28T03:21:34.372910+00:00,EQE1,16,3.0,0.092773,4096,0.981197
35,2026-03-28T03:21:34.372910+00:00,EQE1,16,5.0,-0.099121,4096,0.981197
35,2026-03-28T03:21:34.372910+00:00,EQE1,17,1.0,0.309082,4096,0.981197
35,2026-03-28T03:21:34.372910+00:00,EQE1,17,3.0,0.083008,4096,0.981197
35,2026-03-28T03:21:34.372910+00:00,EQE1,17,5.0,-0.077637,4096,0.981197
35,2026-03-28T03:21:34.372910+00:00,EQE1,18,1.0,0.287598,4096,0.981197
35,2026-03-28T03:21:34.372910+00:00,EQE1,18,3.0,0.066895,4096,0.981197
35,2026-03-28T03:21:34.372910+00:00,EQE1,18,5.0,-0.092285,4096,0.981197
35,2026-03-28T03:21:34.372910+00:00,EQE1,19,1.0,0.271973,4096,0.981197
35,2026-03-28T03:21:34.372910+00:00,EQE1,19,3.0,0.121094,4096,0.981197
35,2026-03-28T03:21:34.372910+00:00,EQE1,19,5.0,-0.129883,4096,0.981197
35,2026-03-28T03:21:34.372910+00:00,EQE1,20,1.0,0.273926,4096,0.981197
35,2026-03-28T03:21:34.372910+00:00,EQE1,20,3.0,0.071777,4096,0.981197
35,2026-03-28T03:21:34.372910+00:00,EQE1,20,5.0,-0.091797,4096,0.981197
35,2026-03-28T03:21:34.372910+00:00,EQE1,21,1.0,0.311523,4096,0.981197
35,2026-03-28T03:21:34.372910+00:00,EQE1,21,3.0,0.094727,4096,0.981197
35,2026-03-28T03:21:34.372910+00:00,EQE1,21,5.0,-0.085449,4096,0.981197
35,2026-03-28T03:21:34.372910+00:00,EQE1,22,1.0,0.273438,4096,0.981197
35,2026-03-28T03:21:34.372910+00:00,EQE1,22,3.0,0.077637,4096,0.981197
35,2026-03-28T03:21:34.372910+00:00,EQE1,22,5.0,-0.102539,4096,0.981197
35,2026-03-28T03:21:34.372910+00:00,EQE1,23,1.0,0.306641,4096,0.981197
35,2026-03-28T03:21:34.372910+00:00,EQE1,23,3.0,0.047363,4096,0.981197
35,2026-03-28T03:21:34.372910+00:00,EQE1,23,5.0,-0.067383,4096,0.981197
35,2026-03-28T03:21:34.372910+00:00,EQE1,24,1.0,0.309570,4096,0.981197
35,2026-03-28T03:21:34.372910+00:00,EQE1,24,3.0,0.071777,4096,0.981197
35,2026-03-28T03:21:34.372910+00:00,EQE1,24,5.0,-0.085938,4096,0.981197
35,2026-03-28T03:21:34.372910+00:00,EQE1,25,1.0,0.293457,4096,0.981197
35,2026-03-28T03:21:34.372910+00:00,EQE1,25,3.0,0.087891,4096,0.981197
35,2026-03-28T03:21:34.372910+00:00,EQE1,25,5.0,-0.071289,4096,0.981197
35,2026-03-28T03:21:34.372910+00:00,EQE1,26,1.0,0.315918,4096,0.981197
35,2026-03-28T03:21:34.372910+00:00,EQE1,26,3.0,0.103516,4096,0.981197
35,2026-03-28T03:21:34.372910+00:00,EQE1,26,5.0,-0.089844,4096,0.981197
35,2026-03-28T03:21:34.372910+00:00,EQE1,27,1.0,0.296875,4096,0.981197
35,2026-03-28T03:21:34.372910+00:00,EQE1,27,3.0,0.119141,4096,0.981197
35,2026-03-28T03:21:34.372910+00:00,EQE1,27,5.0,-0.109863,4096,0.981197
35,2026-03-28T03:21:34.372910+00:00,EQE1,28,1.0,0.299316,4096,0.981197
35,2026-03-28T03:21:34.372910+00:00,EQE1,28,3.0,0.103516,4096,0.981197
35,2026-03-28T03:21:34.372910+00:00,EQE1,28,5.0,-0.088379,4096,0.981197
35,2026-03-28T03:21:34.372910+00:00,EQE1,29,1.0,0.280762,4096,0.981197
35,2026-03-28T03:21:34.372910+00:00,EQE1,29,3.0,0.077148,4096,0.981197
35,2026-03-28T03:21:34.372910+00:00,EQE1,29,5.0,-0.083008,4096,0.981197
36,2026-03-28T03:51:34.370420+00:00,EQE1,0,1.0,0.292969,4096,0.981197
36,2026-03-28T03:51:34.370420+00:00,EQE1,0,3.0,0.019043,4096,0.981197
36,2026-03-28T03:51:34.370420+00:00,EQE1,0,5.0,-0.069824,4096,0.981197
36,2026-03-28T03:51:34.370420+00:00,EQE1,1,1.0,0.240723,4096,0.981197
36,2026-03-28T03:51:34.370420+00:00,EQE1,1,3.0,0.006836,4096,0.981197
36,2026-03-28T03:51:34.370420+00:00,EQE1,1,5.0,-0.122559,4096,0.981197
36,2026-03-28T03:51:34.370420+00:00,EQE1,2,1.0,0.278809,4096,0.981197
36,2026-03-28T03:51:34.370420+00:00,EQE1,2,3.0,0.004395,4096,0.981197
36,2026-03-28T03:51:34.370420+00:00,EQE1,2,5.0,-0.091309,4096,0.981197
36,2026-03-28T03:51:34.370420+00:00,EQE1,3,1.0,0.283691,4096,0.981197
36,2026-03-28T03:51:34.370420+00:00,EQE1,3,3.0,0.000000,4096,0.981197
36,2026-03-28T03:51:34.370420+00:00,EQE1,3,5.0,-0.103516,4096,0.981197
36,2026-03-28T03:51:34.370420+00:00,EQE1,4,1.0,0.295410,4096,0.981197
36,2026-03-28T03:51:34.370420+00:00,EQE1,4,3.0,0.000488,4096,0.981197
36,2026-03-28T03:51:34.370420+00:00,EQE1,4,5.0,-0.096680,4096,0.981197
36,2026-03-28T03:51:34.370420+00:00,EQE1,5,1.0,0.285645,4096,0.981197
36,2026-03-28T03:51:34.370420+00:00,EQE1,5,3.0,-0.008301,4096,0.981197
36,2026-03-28T03:51:34.370420+00:00,EQE1,5,5.0,-0.117676,4096,0.981197
36,2026-03-28T03:51:34.370420+00:00,EQE1,6,1.0,0.291992,4096,0.981197
36,2026-03-28T03:51:34.370420+00:00,EQE1,6,3.0,0.018066,4096,0.981197
36,2026-03-28T03:51:34.370420+00:00,EQE1,6,5.0,-0.075195,4096,0.981197
36,2026-03-28T03:51:34.370420+00:00,EQE1,7,1.0,0.275391,4096,0.981197
36,2026-03-28T03:51:34.370420+00:00,EQE1,7,3.0,0.026367,4096,0.981197
36,2026-03-28T03:51:34.370420+00:00,EQE1,7,5.0,-0.083496,4096,0.981197
36,2026-03-28T03:51:34.370420+00:00,EQE1,8,1.0,0.333496,4096,0.981197
36,2026-03-28T03:51:34.370420+00:00,EQE1,8,3.0,-0.004883,4096,0.981197
36,2026-03-28T03:51:34.370420+00:00,EQE1,8,5.0,-0.076660,4096,0.981197
36,2026-03-28T03:51:34.370420+00:00,EQE1,9,1.0,0.276855,4096,0.981197
36,2026-03-28T03:51:34.370420+00:00,EQE1,9,3.0,-0.016602,4096,0.981197
36,2026-03-28T03:51:34.370420+00:00,EQE1,9,5.0,-0.129883,4096,0.981197
36,2026-03-28T03:51:34.370420+00:00,EQE1,10,1.0,0.275391,4096,0.981197
36,2026-03-28T03:51:34.370420+00:00,EQE1,10,3.0,-0.004883,4096,0.981197
36,2026-03-28T03:51:34.370420+00:00,EQE1,10,5.0,-0.104492,4096,0.981197
36,2026-03-28T03:51:34.370420+00:00,EQE1,11,1.0,0.310547,4096,0.981197
36,2026-03-28T03:51:34.370420+00:00,EQE1,11,3.0,-0.009277,4096,0.981197
36,2026-03-28T03:51:34.370420+00:00,EQE1,11,5.0,-0.103027,4096,0.981197
36,2026-03-28T03:51:34.370420+00:00,EQE1,12,1.0,0.253906,4096,0.981197
36,2026-03-28T03:51:34.370420+00:00,EQE1,12,3.0,0.012207,4096,0.981197
36,2026-03-28T03:51:34.370420+00:00,EQE1,12,5.0,-0.117676,4096,0.981197
36,2026-03-28T03:51:34.370420+00:00,EQE1,13,1.0,0.303711,4096,0.981197
36,2026-03-28T03:51:34.370420+00:00,EQE1,13,3.0,0.008789,4096,0.981197
36,2026-03-28T03:51:34.370420+00:00,EQE1,13,5.0,-0.083008,4096,0.981197
36,2026-03-28T03:51:34.370420+00:00,EQE1,14,1.0,0.288574,4096,0.981197
36,2026-03-28T03:51:34.370420+00:00,EQE1,14,3.0,-0.003906,4096,0.981197
36,2026-03-28T03:51:34.370420+00:00,EQE1,14,5.0,-0.085449,4096,0.981197
36,2026-03-28T03:51:34.370420+00:00,EQE1,15,1.0,0.272949,4096,0.981197
36,2026-03-28T03:51:34.370420+00:00,EQE1,15,3.0,-0.004395,4096,0.981197
36,2026-03-28T03:51:34.370420+00:00,EQE1,15,5.0,-0.071777,4096,0.981197
36,2026-03-28T03:51:34.370420+00:00,EQE1,16,1.0,0.311523,4096,0.981197
36,2026-03-28T03:51:34.370420+00:00,EQE1,16,3.0,-0.013672,4096,0.981197
36,2026-03-28T03:51:34.370420+00:00,EQE1,16,5.0,-0.093262,4096,0.981197
36,2026-03-28T03:51:34.370420+00:00,EQE1,17,1.0,0.293945,4096,0.981197
36,2026-03-28T03:51:34.370420+00:00,EQE1,17,3.0,0.005371,4096,0.981197
36,2026-03-28T03:51:34.370420+00:00,EQE1,17,5.0,-0.091309,4096,0.981197
36,2026-03-28T03:51:34.370420+00:00,EQE1,18,1.0,0.278320,4096,0.981197
36,2026-03-28T03:51:34.370420+00:00,EQE1,18,3.0,0.007324,4096,0.981197
36,2026-03-28T03:51:34.370420+00:00,EQE1,18,5.0,-0.088867,4096,0.981197
36,2026-03-28T03:51:34.370420+00:00,EQE1,19,1.0,0.283203,4096,0.981197
36,2026-03-28T03:51:34.370420+00:00,EQE1,19,3.0,-0.017578,4096,0.981197
36,2026-03-28T03:51:34.370420+00:00,EQE1,19,5.0,-0.100098,4096,0.981197
36,2026-03-28T03:51:34.370420+00:00,EQE1,20,1.0,0.317871,4096,0.981197
36,2026-03-28T03:51:34.370420+00:00,EQE1,20,3.0,-0.004883,4096,0.981197
36,2026-03-28T03:51:34.370420+00:00,EQE1,20,5.0,-0.094238,4096,0.981197
36,2026-03-28T03:51:34.370420+00:00,EQE1,21,1.0,0.266602,4096,0.981197
36,2026-03-28T03:51:34.370420+00:00,EQE1,21,3.0,0.016113,4096,0.981197
36,2026-03-28T03:51:34.370420+00:00,EQE1,21,5.0,-0.069824,4096,0.981197
36,2026-03-28T03:51:34.370420+00:00,EQE1,22,1.0,0.290527,4096,0.981197
36,2026-03-28T03:51:34.370420+00:00,EQE1,22,3.0,-0.011230,4096,0.981197
36,2026-03-28T03:51:34.370420+00:00,EQE1,22,5.0,-0.083008,4096,0.981197
36,2026-03-28T03:51:34.370420+00:00,EQE1,23,1.0,0.299805,4096,0.981197
36,2026-03-28T03:51:34.370420+00:00,EQE1,23,3.0,0.000977,4096,0.981197
36,2026-03-28T03:51:34.370420+00:00,EQE1,23,5.0,-0.089844,4096,0.981197
36,2026-03-28T03:51:34.370420+00:00,EQE1,24,1.0,0.304688,4096,0.981197
36,2026-03-28T03:51:34.370420+00:00,EQE1,24,3.0,0.001953,4096,0.981197
36,2026-03-28T03:51:34.370420+00:00,EQE1,24,5.0,-0.128906,4096,0.981197
36,2026-03-28T03:51:34.370420+00:00,EQE1,25,1.0,0.262207,4096,0.981197
36,2026-03-28T03:51:34.370420+00:00,EQE1,25,3.0,0.011719,4096,0.981197
36,2026-03-28T03:51:34.370420+00:00,EQE1,25,5.0,-0.108398,4096,0.981197
36,2026-03-28T03:51:34.370420+00:00,EQE1,26,1.0,0.296875,4096,0.981197
36,2026-03-28T03:51:34.370420+00:00,EQE1,26,3.0,0.033691,4096,0.981197
36,2026-03-28T03:51:34.370420+00:00,EQE1,26,5.0,-0.102539,4096,0.981197
36,2026-03-28T03:51:34.370420+00:00,EQE1,27,1.0,0.278320,4096,0.981197
36,2026-03-28T03:51:34.370420+00:00,EQE1,27,3.0,0.007812,4096,0.981197
36,2026-03-28T03:51:34.370420+00:00,EQE1,27,5.0,-0.062500,4096,0.981197
36,2026-03-28T03:51:34.370420+00:00,EQE1,28,1.0,0.279785,4096,0.981197
36,2026-03-28T03:51:34.370420+00:00,EQE1,28,3.0,0.042969,4096,0.981197
36,2026-03-28T03:51:34.370420+00:00,EQE1,28,5.0,-0.076660,4096,0.981197
36,2026-03-28T03:51:34.370420+00:00,EQE1,29,1.0,0.267578,4096,0.981197
36,2026-03-28T03:51:34.370420+00:00,EQE1,29,3.0,0.024902,4096,0.981197
36,2026-03-28T03:51:34.370420+00:00,EQE1,29,5.0,-0.098633,4096,0.981197
37,2026-03-28T04:21:34.372883+00:00,EQE1,0,1.0,0.319336,4096,0.981197
37,2026-03-28T04:21:34.372883+00:00,EQE1,0,3.0,0.013184,4096,0.981197
37,2026-03-28T04:21:34.372883+00:00,EQE1,0,5.0,-0.111328,4096,0.981197
37,2026-03-28T04:21:34.372883+00:00,EQE1,1,1.0,0.293945,4096,0.981197
37,2026-03-28T04:21:34.372883+00:00,EQE1,1,3.0,0.008789,4096,0.981197
37,2026-03-28T04:21:34.372883+00:00,EQE1,1,5.0,-0.081543,4096,0.981197
37,2026-03-28T04:21:34.372883+00:00,EQE1,2,1.0,0.257324,4096,0.981197
37,2026-03-28T04:21:34.372883+00:00,EQE1,2,3.0,0.021484,4096,0.981197
37,2026-03-28T04:21:34.372883+00:00,EQE1,2,5.0,-0.076660,4096,0.981197
37,2026-03-28T04:21:34.372883+00:00,EQE1,3,1.0,0.310059,4096,0.981197
37,2026-03-28T04:21:34.372883+00:00,EQE1,3,3.0,0.031250,4096,0.981197
37,2026-03-28T04:21:34.372883+00:00,EQE1,3,5.0,-0.115234,4096,0.981197
37,2026-03-28T04:21:34.372883+00:00,EQE1,4,1.0,0.306152,4096,0.981197
37,2026-03-28T04:21:34.372883+00:00,EQE1,4,3.0,-0.003418,4096,0.981197
37,2026-03-28T04:21:34.372883+00:00,EQE1,4,5.0,-0.125488,4096,0.981197
37,2026-03-28T04:21:34.372883+00:00,EQE1,5,1.0,0.299316,4096,0.981197
37,2026-03-28T04:21:34.372883+00:00,EQE1,5,3.0,-0.018066,4096,0.981197
37,2026-03-28T04:21:34.372883+00:00,EQE1,5,5.0,-0.103027,4096,0.981197
37,2026-03-28T04:21:34.372883+00:00,EQE1,6,1.0,0.288086,4096,0.981197
37,2026-03-28T04:21:34.372883+00:00,EQE1,6,3.0,-0.013184,4096,0.981197
37,2026-03-28T04:21:34.372883+00:00,EQE1,6,5.0,-0.090820,4096,0.981197
37,2026-03-28T04:21:34.372883+00:00,EQE1,7,1.0,0.302734,4096,0.981197
37,2026-03-28T04:21:34.372883+00:00,EQE1,7,3.0,0.008301,4096,0.981197
37,2026-03-28T04:21:34.372883+00:00,EQE1,7,5.0,-0.113770,4096,0.981197
37,2026-03-28T04:21:34.372883+00:00,EQE1,8,1.0,0.286621,4096,0.981197
37,2026-03-28T04:21:34.372883+00:00,EQE1,8,3.0,0.016602,4096,0.981197
37,2026-03-28T04:21:34.372883+00:00,EQE1,8,5.0,-0.125488,4096,0.981197
37,2026-03-28T04:21:34.372883+00:00,EQE1,9,1.0,0.283203,4096,0.981197
37,2026-03-28T04:21:34.372883+00:00,EQE1,9,3.0,0.015625,4096,0.981197
37,2026-03-28T04:21:34.372883+00:00,EQE1,9,5.0,-0.116699,4096,0.981197
37,2026-03-28T04:21:34.372883+00:00,EQE1,10,1.0,0.321777,4096,0.981197
37,2026-03-28T04:21:34.372883+00:00,EQE1,10,3.0,0.034668,4096,0.981197
37,2026-03-28T04:21:34.372883+00:00,EQE1,10,5.0,-0.103516,4096,0.981197
37,2026-03-28T04:21:34.372883+00:00,EQE1,11,1.0,0.273926,4096,0.981197
37,2026-03-28T04:21:34.372883+00:00,EQE1,11,3.0,-0.013672,4096,0.981197
37,2026-03-28T04:21:34.372883+00:00,EQE1,11,5.0,-0.079102,4096,0.981197
37,2026-03-28T04:21:34.372883+00:00,EQE1,12,1.0,0.298828,4096,0.981197
37,2026-03-28T04:21:34.372883+00:00,EQE1,12,3.0,0.014648,4096,0.981197
37,2026-03-28T04:21:34.372883+00:00,EQE1,12,5.0,-0.087402,4096,0.981197
37,2026-03-28T04:21:34.372883+00:00,EQE1,13,1.0,0.294434,4096,0.981197
37,2026-03-28T04:21:34.372883+00:00,EQE1,13,3.0,-0.001465,4096,0.981197
37,2026-03-28T04:21:34.372883+00:00,EQE1,13,5.0,-0.093750,4096,0.981197
37,2026-03-28T04:21:34.372883+00:00,EQE1,14,1.0,0.293945,4096,0.981197
37,2026-03-28T04:21:34.372883+00:00,EQE1,14,3.0,0.020508,4096,0.981197
37,2026-03-28T04:21:34.372883+00:00,EQE1,14,5.0,-0.103516,4096,0.981197
37,2026-03-28T04:21:34.372883+00:00,EQE1,15,1.0,0.294922,4096,0.981197
37,2026-03-28T04:21:34.372883+00:00,EQE1,15,3.0,0.040039,4096,0.981197
37,2026-03-28T04:21:34.372883+00:00,EQE1,15,5.0,-0.099609,4096,0.981197
37,2026-03-28T04:21:34.372883+00:00,EQE1,16,1.0,0.309570,4096,0.981197
37,2026-03-28T04:21:34.372883+00:00,EQE1,16,3.0,0.003906,4096,0.981197
37,2026-03-28T04:21:34.372883+00:00,EQE1,16,5.0,-0.120117,4096,0.981197
37,2026-03-28T04:21:34.372883+00:00,EQE1,17,1.0,0.302734,4096,0.981197
37,2026-03-28T04:21:34.372883+00:00,EQE1,17,3.0,-0.004883,4096,0.981197
37,2026-03-28T04:21:34.372883+00:00,EQE1,17,5.0,-0.102539,4096,0.981197
37,2026-03-28T04:21:34.372883+00:00,EQE1,18,1.0,0.284180,4096,0.981197
37,2026-03-28T04:21:34.372883+00:00,EQE1,18,3.0,0.022461,4096,0.981197
37,2026-03-28T04:21:34.372883+00:00,EQE1,18,5.0,-0.100586,4096,0.981197
37,2026-03-28T04:21:34.372883+00:00,EQE1,19,1.0,0.314453,4096,0.981197
37,2026-03-28T04:21:34.372883+00:00,EQE1,19,3.0,0.022949,4096,0.981197
37,2026-03-28T04:21:34.372883+00:00,EQE1,19,5.0,-0.069824,4096,0.981197
37,2026-03-28T04:21:34.372883+00:00,EQE1,20,1.0,0.302246,4096,0.981197
37,2026-03-28T04:21:34.372883+00:00,EQE1,20,3.0,0.016602,4096,0.981197
37,2026-03-28T04:21:34.372883+00:00,EQE1,20,5.0,-0.106934,4096,0.981197
37,2026-03-28T04:21:34.372883+00:00,EQE1,21,1.0,0.307617,4096,0.981197
37,2026-03-28T04:21:34.372883+00:00,EQE1,21,3.0,0.018066,4096,0.981197
37,2026-03-28T04:21:34.372883+00:00,EQE1,21,5.0,-0.107910,4096,0.981197
37,2026-03-28T04:21:34.372883+00:00,EQE1,22,1.0,0.275391,4096,0.981197
37,2026-03-28T04:21:34.372883+00:00,EQE1,22,3.0,0.029297,4096,0.981197
37,2026-03-28T04:21:34.372883+00:00,EQE1,22,5.0,-0.104492,4096,0.981197
37,2026-03-28T04:21:34.372883+00:00,EQE1,23,1.0,0.293457,4096,0.981197
37,2026-03-28T04:21:34.372883+00:00,EQE1,23,3.0,0.019043,4096,0.981197
37,2026-03-28T04:21:34.372883+00:00,EQE1,23,5.0,-0.121094,4096,0.981197
37,2026-03-28T04:21:34.372883+00:00,EQE1,24,1.0,0.286133,4096,0.981197
37,2026-03-28T04:21:34.372883+00:00,EQE1,24,3.0,-0.004883,4096,0.981197
37,2026-03-28T04:21:34.372883+00:00,EQE1,24,5.0,-0.104004,4096,0.981197
37,2026-03-28T04:21:34.372883+00:00,EQE1,25,1.0,0.307617,4096,0.981197
37,2026-03-28T04:21:34.372883+00:00,EQE1,25,3.0,0.002441,4096,0.981197
37,2026-03-28T04:21:34.372883+00:00,EQE1,25,5.0,-0.082031,4096,0.981197
37,2026-03-28T04:21:34.372883+00:00,EQE1,26,1.0,0.301270,4096,0.981197
37,2026-03-28T04:21:34.372883+00:00,EQE1,26,3.0,0.004395,4096,0.981197
37,2026-03-28T04:21:34.372883+00:00,EQE1,26,5.0,-0.100586,4096,0.981197
37,2026-03-28T04:21:34.372883+00:00,EQE1,27,1.0,0.297363,4096,0.981197
37,2026-03-28T04:21:34.372883+00:00,EQE1,27,3.0,0.016602,4096,0.981197
37,2026-03-28T04:21:34.372883+00:00,EQE1,27,5.0,-0.085938,4096,0.981197
37,2026-03-28T04:21:34.372883+00:00,EQE1,28,1.0,0.296387,4096,0.981197
37,2026-03-28T04:21:34.372883+00:00,EQE1,28,3.0,-0.007812,4096,0.981197
37,2026-03-28T04:21:34.372883+00:00,EQE1,28,5.0,-0.114258,4096,0.981197
37,2026-03-28T04:21:34.372883+00:00,EQE1,29,1.0,0.279297,4096,0.981197
37,2026-03-28T04:21:34.372883+00:00,EQE1,29,3.0,0.025391,4096,0.981197
37,2026-03-28T04:21:34.372883+00:00,EQE1,29,5.0,-0.108398,4096,0.981197
38,2026-03-28T04:51:34.372861+00:00,EQE1,0,1.0,0.271484,4096,0.981197
38,2026-03-28T04:51:34.372861+00:00,EQE1,0,3.0,-0.002441,4096,0.981197
38,2026-03-28T04:51:34.372861+00:00,EQE1,0,5.0,-0.087402,4096,0.981197
38,2026-03-28T04:51:34.372861+00:00,EQE1,1,1.0,0.299805,4096,0.981197
38,2026-03-28T04:51:34.372861+00:00,EQE1,1,3.0,0.012695,4096,0.981197
38,2026-03-28T04:51:34.372861+00:00,EQE1,1,5.0,-0.082520,4096,0.981197
38,2026-03-28T04:51:34.372861+00:00,EQE1,2,1.0,0.252441,4096,0.981197
38,2026-03-28T04:51:34.372861+00:00,EQE1,2,3.0,0.015625,4096,0.981197
38,2026-03-28T04:51:34.372861+00:00,EQE1,2,5.0,-0.097168,4096,0.981197
38,2026-03-28T04:51:34.372861+00:00,EQE1,3,1.0,0.292969,4096,0.981197
38,2026-03-28T04:51:34.372861+00:00,EQE1,3,3.0,0.020020,4096,0.981197
38,2026-03-28T04:51:34.372861+00:00,EQE1,3,5.0,-0.087402,4096,0.981197
38,2026-03-28T04:51:34.372861+00:00,EQE1,4,1.0,0.295410,4096,0.981197
38,2026-03-28T04:51:34.372861+00:00,EQE1,4,3.0,0.001465,4096,0.981197
38,2026-03-28T04:51:34.372861+00:00,EQE1,4,5.0,-0.110352,4096,0.981197
38,2026-03-28T04:51:34.372861+00:00,EQE1,5,1.0,0.290527,4096,0.981197
38,2026-03-28T04:51:34.372861+00:00,EQE1,5,3.0,0.000000,4096,0.981197
38,2026-03-28T04:51:34.372861+00:00,EQE1,5,5.0,-0.120117,4096,0.981197
38,2026-03-28T04:51:34.372861+00:00,EQE1,6,1.0,0.281250,4096,0.981197
38,2026-03-28T04:51:34.372861+00:00,EQE1,6,3.0,0.044922,4096,0.981197
38,2026-03-28T04:51:34.372861+00:00,EQE1,6,5.0,-0.080078,4096,0.981197
38,2026-03-28T04:51:34.372861+00:00,EQE1,7,1.0,0.268066,4096,0.981197
38,2026-03-28T04:51:34.372861+00:00,EQE1,7,3.0,0.001953,4096,0.981197
38,2026-03-28T04:51:34.372861+00:00,EQE1,7,5.0,-0.085938,4096,0.981197
38,2026-03-28T04:51:34.372861+00:00,EQE1,8,1.0,0.309570,4096,0.981197
38,2026-03-28T04:51:34.372861+00:00,EQE1,8,3.0,0.013672,4096,0.981197
38,2026-03-28T04:51:34.372861+00:00,EQE1,8,5.0,-0.066895,4096,0.981197
38,2026-03-28T04:51:34.372861+00:00,EQE1,9,1.0,0.295410,4096,0.981197
38,2026-03-28T04:51:34.372861+00:00,EQE1,9,3.0,0.002930,4096,0.981197
38,2026-03-28T04:51:34.372861+00:00,EQE1,9,5.0,-0.099609,4096,0.981197
38,2026-03-28T04:51:34.372861+00:00,EQE1,10,1.0,0.315918,4096,0.981197
38,2026-03-28T04:51:34.372861+00:00,EQE1,10,3.0,0.008789,4096,0.981197
38,2026-03-28T04:51:34.372861+00:00,EQE1,10,5.0,-0.100098,4096,0.981197
38,2026-03-28T04:51:34.372861+00:00,EQE1,11,1.0,0.320312,4096,0.981197
38,2026-03-28T04:51:34.372861+00:00,EQE1,11,3.0,0.000488,4096,0.981197
38,2026-03-28T04:51:34.372861+00:00,EQE1,11,5.0,-0.122070,4096,0.981197
38,2026-03-28T04:51:34.372861+00:00,EQE1,12,1.0,0.295898,4096,0.981197
38,2026-03-28T04:51:34.372861+00:00,EQE1,12,3.0,0.008301,4096,0.981197
38,2026-03-28T04:51:34.372861+00:00,EQE1,12,5.0,-0.109375,4096,0.981197
38,2026-03-28T04:51:34.372861+00:00,EQE1,13,1.0,0.270508,4096,0.981197
38,2026-03-28T04:51:34.372861+00:00,EQE1,13,3.0,-0.005371,4096,0.981197
38,2026-03-28T04:51:34.372861+00:00,EQE1,13,5.0,-0.075684,4096,0.981197
38,2026-03-28T04:51:34.372861+00:00,EQE1,14,1.0,0.280762,4096,0.981197
38,2026-03-28T04:51:34.372861+00:00,EQE1,14,3.0,0.023438,4096,0.981197
38,2026-03-28T04:51:34.372861+00:00,EQE1,14,5.0,-0.099609,4096,0.981197
38,2026-03-28T04:51:34.372861+00:00,EQE1,15,1.0,0.283691,4096,0.981197
38,2026-03-28T04:51:34.372861+00:00,EQE1,15,3.0,0.042480,4096,0.981197
38,2026-03-28T04:51:34.372861+00:00,EQE1,15,5.0,-0.084473,4096,0.981197
38,2026-03-28T04:51:34.372861+00:00,EQE1,16,1.0,0.282227,4096,0.981197
38,2026-03-28T04:51:34.372861+00:00,EQE1,16,3.0,-0.014160,4096,0.981197
38,2026-03-28T04:51:34.372861+00:00,EQE1,16,5.0,-0.082031,4096,0.981197
38,2026-03-28T04:51:34.372861+00:00,EQE1,17,1.0,0.252930,4096,0.981197
38,2026-03-28T04:51:34.372861+00:00,EQE1,17,3.0,-0.003418,4096,0.981197
38,2026-03-28T04:51:34.372861+00:00,EQE1,17,5.0,-0.094727,4096,0.981197
38,2026-03-28T04:51:34.372861+00:00,EQE1,18,1.0,0.295898,4096,0.981197
38,2026-03-28T04:51:34.372861+00:00,EQE1,18,3.0,0.034668,4096,0.981197
38,2026-03-28T04:51:34.372861+00:00,EQE1,18,5.0,-0.067871,4096,0.981197
38,2026-03-28T04:51:34.372861+00:00,EQE1,19,1.0,0.271484,4096,0.981197
38,2026-03-28T04:51:34.372861+00:00,EQE1,19,3.0,0.014648,4096,0.981197
38,2026-03-28T04:51:34.372861+00:00,EQE1,19,5.0,-0.076172,4096,0.981197
38,2026-03-28T04:51:34.372861+00:00,EQE1,20,1.0,0.319336,4096,0.981197
38,2026-03-28T04:51:34.372861+00:00,EQE1,20,3.0,0.014648,4096,0.981197
38,2026-03-28T04:51:34.372861+00:00,EQE1,20,5.0,-0.085938,4096,0.981197
38,2026-03-28T04:51:34.372861+00:00,EQE1,21,1.0,0.270508,4096,0.981197
38,2026-03-28T04:51:34.372861+00:00,EQE1,21,3.0,0.023926,4096,0.981197
38,2026-03-28T04:51:34.372861+00:00,EQE1,21,5.0,-0.087891,4096,0.981197
38,2026-03-28T04:51:34.372861+00:00,EQE1,22,1.0,0.279785,4096,0.981197
38,2026-03-28T04:51:34.372861+00:00,EQE1,22,3.0,0.031738,4096,0.981197
38,2026-03-28T04:51:34.372861+00:00,EQE1,22,5.0,-0.116211,4096,0.981197
38,2026-03-28T04:51:34.372861+00:00,EQE1,23,1.0,0.265137,4096,0.981197
38,2026-03-28T04:51:34.372861+00:00,EQE1,23,3.0,0.026855,4096,0.981197
38,2026-03-28T04:51:34.372861+00:00,EQE1,23,5.0,-0.110840,4096,0.981197
38,2026-03-28T04:51:34.372861+00:00,EQE1,24,1.0,0.303223,4096,0.981197
38,2026-03-28T04:51:34.372861+00:00,EQE1,24,3.0,0.019043,4096,0.981197
38,2026-03-28T04:51:34.372861+00:00,EQE1,24,5.0,-0.124512,4096,0.981197
38,2026-03-28T04:51:34.372861+00:00,EQE1,25,1.0,0.292480,4096,0.981197
38,2026-03-28T04:51:34.372861+00:00,EQE1,25,3.0,0.003906,4096,0.981197
38,2026-03-28T04:51:34.372861+00:00,EQE1,25,5.0,-0.083496,4096,0.981197
38,2026-03-28T04:51:34.372861+00:00,EQE1,26,1.0,0.289551,4096,0.981197
38,2026-03-28T04:51:34.372861+00:00,EQE1,26,3.0,-0.011230,4096,0.981197
38,2026-03-28T04:51:34.372861+00:00,EQE1,26,5.0,-0.075195,4096,0.981197
38,2026-03-28T04:51:34.372861+00:00,EQE1,27,1.0,0.276367,4096,0.981197
38,2026-03-28T04:51:34.372861+00:00,EQE1,27,3.0,0.016113,4096,0.981197
38,2026-03-28T04:51:34.372861+00:00,EQE1,27,5.0,-0.117188,4096,0.981197
38,2026-03-28T04:51:34.372861+00:00,EQE1,28,1.0,0.293945,4096,0.981197
38,2026-03-28T04:51:34.372861+00:00,EQE1,28,3.0,-0.003418,4096,0.981197
38,2026-03-28T04:51:34.372861+00:00,EQE1,28,5.0,-0.120605,4096,0.981197
38,2026-03-28T04:51:34.372861+00:00,EQE1,29,1.0,0.288086,4096,0.981197
38,2026-03-28T04:51:34.372861+00:00,EQE1,29,3.0,0.018066,4096,0.981197
38,2026-03-28T04:51:34.372861+00:00,EQE1,29,5.0,-0.082031,4096,0.981197
39,2026-03-28T05:21:34.372890+00:00,EQE1,0,1.0,0.273926,4096,0.981197
39,2026-03-28T05:21:34.372890+00:00,EQE1,0,3.0,0.025391,4096,0.981197
39,2026-03-28T05:21:34.372890+00:00,EQE1,0,5.0,-0.082520,4096,0.981197
39,2026-03-28T05:21:34.372890+00:00,EQE1,1,1.0,0.299805,4096,0.981197
39,2026-03-28T05:21:34.372890+00:00,EQE1,1,3.0,0.004395,4096,0.981197
39,2026-03-28T05:21:34.372890+00:00,EQE1,1,5.0,-0.112793,4096,0.981197
39,2026-03-28T05:21:34.372890+00:00,EQE1,2,1.0,0.289062,4096,0.981197
39,2026-03-28T05:21:34.372890+00:00,EQE1,2,3.0,0.029785,4096,0.981197
39,2026-03-28T05:21:34.372890+00:00,EQE1,2,5.0,-0.092773,4096,0.981197
39,2026-03-28T05:21:34.372890+00:00,EQE1,3,1.0,0.278809,4096,0.981197
39,2026-03-28T05:21:34.372890+00:00,EQE1,3,3.0,-0.003418,4096,0.981197
39,2026-03-28T05:21:34.372890+00:00,EQE1,3,5.0,-0.076172,4096,0.981197
39,2026-03-28T05:21:34.372890+00:00,EQE1,4,1.0,0.306641,4096,0.981197
39,2026-03-28T05:21:34.372890+00:00,EQE1,4,3.0,0.020996,4096,0.981197
39,2026-03-28T05:21:34.372890+00:00,EQE1,4,5.0,-0.071777,4096,0.981197
39,2026-03-28T05:21:34.372890+00:00,EQE1,5,1.0,0.263184,4096,0.981197
39,2026-03-28T05:21:34.372890+00:00,EQE1,5,3.0,0.043945,4096,0.981197
39,2026-03-28T05:21:34.372890+00:00,EQE1,5,5.0,-0.094727,4096,0.981197
39,2026-03-28T05:21:34.372890+00:00,EQE1,6,1.0,0.297363,4096,0.981197
39,2026-03-28T05:21:34.372890+00:00,EQE1,6,3.0,0.016602,4096,0.981197
39,2026-03-28T05:21:34.372890+00:00,EQE1,6,5.0,-0.108398,4096,0.981197
39,2026-03-28T05:21:34.372890+00:00,EQE1,7,1.0,0.283203,4096,0.981197
39,2026-03-28T05:21:34.372890+00:00,EQE1,7,3.0,0.030273,4096,0.981197
39,2026-03-28T05:21:34.372890+00:00,EQE1,7,5.0,-0.123047,4096,0.981197
39,2026-03-28T05:21:34.372890+00:00,EQE1,8,1.0,0.297363,4096,0.981197
39,2026-03-28T05:21:34.372890+00:00,EQE1,8,3.0,0.017090,4096,0.981197
39,2026-03-28T05:21:34.372890+00:00,EQE1,8,5.0,-0.079102,4096,0.981197
39,2026-03-28T05:21:34.372890+00:00,EQE1,9,1.0,0.262695,4096,0.981197
39,2026-03-28T05:21:34.372890+00:00,EQE1,9,3.0,0.036133,4096,0.981197
39,2026-03-28T05:21:34.372890+00:00,EQE1,9,5.0,-0.086914,4096,0.981197
39,2026-03-28T05:21:34.372890+00:00,EQE1,10,1.0,0.263184,4096,0.981197
39,2026-03-28T05:21:34.372890+00:00,EQE1,10,3.0,0.012207,4096,0.981197
39,2026-03-28T05:21:34.372890+00:00,EQE1,10,5.0,-0.123535,4096,0.981197
39,2026-03-28T05:21:34.372890+00:00,EQE1,11,1.0,0.287109,4096,0.981197
39,2026-03-28T05:21:34.372890+00:00,EQE1,11,3.0,0.031250,4096,0.981197
39,2026-03-28T05:21:34.372890+00:00,EQE1,11,5.0,-0.080078,4096,0.981197
39,2026-03-28T05:21:34.372890+00:00,EQE1,12,1.0,0.288086,4096,0.981197
39,2026-03-28T05:21:34.372890+00:00,EQE1,12,3.0,0.013184,4096,0.981197
39,2026-03-28T05:21:34.372890+00:00,EQE1,12,5.0,-0.117188,4096,0.981197
39,2026-03-28T05:21:34.372890+00:00,EQE1,13,1.0,0.260742,4096,0.981197
39,2026-03-28T05:21:34.372890+00:00,EQE1,13,3.0,0.017090,4096,0.981197
39,2026-03-28T05:21:34.372890+00:00,EQE1,13,5.0,-0.091309,4096,0.981197
39,2026-03-28T05:21:34.372890+00:00,EQE1,14,1.0,0.291016,4096,0.981197
39,2026-03-28T05:21:34.372890+00:00,EQE1,14,3.0,0.000488,4096,0.981197
39,2026-03-28T05:21:34.372890+00:00,EQE1,14,5.0,-0.104492,4096,0.981197
39,2026-03-28T05:21:34.372890+00:00,EQE1,15,1.0,0.294922,4096,0.981197
39,2026-03-28T05:21:34.372890+00:00,EQE1,15,3.0,-0.009277,4096,0.981197
39,2026-03-28T05:21:34.372890+00:00,EQE1,15,5.0,-0.080566,4096,0.981197
39,2026-03-28T05:21:34.372890+00:00,EQE1,16,1.0,0.277344,4096,0.981197
39,2026-03-28T05:21:34.372890+00:00,EQE1,16,3.0,-0.015137,4096,0.981197
39,2026-03-28T05:21:34.372890+00:00,EQE1,16,5.0,-0.096191,4096,0.981197
39,2026-03-28T05:21:34.372890+00:00,EQE1,17,1.0,0.266602,4096,0.981197
39,2026-03-28T05:21:34.372890+00:00,EQE1,17,3.0,-0.000977,4096,0.981197
39,2026-03-28T05:21:34.372890+00:00,EQE1,17,5.0,-0.091797,4096,0.981197
39,2026-03-28T05:21:34.372890+00:00,EQE1,18,1.0,0.285156,4096,0.981197
39,2026-03-28T05:21:34.372890+00:00,EQE1,18,3.0,-0.007324,4096,0.981197
39,2026-03-28T05:21:34.372890+00:00,EQE1,18,5.0,-0.076660,4096,0.981197
39,2026-03-28T05:21:34.372890+00:00,EQE1,19,1.0,0.297363,4096,0.981197
39,2026-03-28T05:21:34.372890+00:00,EQE1,19,3.0,-0.020508,4096,0.981197
39,2026-03-28T05:21:34.372890+00:00,EQE1,19,5.0,-0.092773,4096,0.981197
39,2026-03-28T05:21:34.372890+00:00,EQE1,20,1.0,0.272461,4096,0.981197
39,2026-03-28T05:21:34.372890+00:00,EQE1,20,3.0,-0.009277,4096,0.981197
39,2026-03-28T05:21:34.372890+00:00,EQE1,20,5.0,-0.092285,4096,0.981197
39,2026-03-28T05:21:34.372890+00:00,EQE1,21,1.0,0.320312,4096,0.981197
39,2026-03-28T05:21:34.372890+00:00,EQE1,21,3.0,0.001465,4096,0.981197
39,2026-03-28T05:21:34.372890+00:00,EQE1,21,5.0,-0.081055,4096,0.981197
39,2026-03-28T05:21:34.372890+00:00,EQE1,22,1.0,0.299316,4096,0.981197
39,2026-03-28T05:21:34.372890+00:00,EQE1,22,3.0,0.026367,4096,0.981197
39,2026-03-28T05:21:34.372890+00:00,EQE1,22,5.0,-0.107422,4096,0.981197
39,2026-03-28T05:21:34.372890+00:00,EQE1,23,1.0,0.284180,4096,0.981197
39,2026-03-28T05:21:34.372890+00:00,EQE1,23,3.0,-0.009766,4096,0.981197
39,2026-03-28T05:21:34.372890+00:00,EQE1,23,5.0,-0.078125,4096,0.981197
39,2026-03-28T05:21:34.372890+00:00,EQE1,24,1.0,0.308594,4096,0.981197
39,2026-03-28T05:21:34.372890+00:00,EQE1,24,3.0,0.011719,4096,0.981197
39,2026-03-28T05:21:34.372890+00:00,EQE1,24,5.0,-0.112793,4096,0.981197
39,2026-03-28T05:21:34.372890+00:00,EQE1,25,1.0,0.268066,4096,0.981197
39,2026-03-28T05:21:34.372890+00:00,EQE1,25,3.0,-0.022949,4096,0.981197
39,2026-03-28T05:21:34.372890+00:00,EQE1,25,5.0,-0.084473,4096,0.981197
39,2026-03-28T05:21:34.372890+00:00,EQE1,26,1.0,0.269531,4096,0.981197
39,2026-03-28T05:21:34.372890+00:00,EQE1,26,3.0,0.029785,4096,0.981197
39,2026-03-28T05:21:34.372890+00:00,EQE1,26,5.0,-0.083984,4096,0.981197
39,2026-03-28T05:21:34.372890+00:00,EQE1,27,1.0,0.277832,4096,0.981197
39,2026-03-28T05:21:34.372890+00:00,EQE1,27,3.0,0.022461,4096,0.981197
39,2026-03-28T05:21:34.372890+00:00,EQE1,27,5.0,-0.083984,4096,0.981197
39,2026-03-28T05:21:34.372890+00:00,EQE1,28,1.0,0.296387,4096,0.981197
39,2026-03-28T05:21:34.372890+00:00,EQE1,28,3.0,-0.001953,4096,0.981197
39,2026-03-28T05:21:34.372890+00:00,EQE1,28,5.0,-0.106934,4096,0.981197
39,2026-03-28T05:21:34.372890+00:00,EQE1,29,1.0,0.273926,4096,0.981197
39,2026-03-28T05:21:34.372890+00:00,EQE1,29,3.0,0.015137,4096,0.981197
39,2026-03-28T05:21:34.372890+00:00,EQE1,29,5.0,-0.097656,4096,0.981197
40,2026-03-28T05:51:34.370289+00:00,EQE1,0,1.0,0.297363,4096,0.981197
40,2026-03-28T05:51:34.370289+00:00,EQE1,0,3.0,-0.014648,4096,0.981197
40,2026-03-28T05:51:34.370289+00:00,EQE1,0,5.0,-0.101074,4096,0.981197
40,2026-03-28T05:51:34.370289+00:00,EQE1,1,1.0,0.264648,4096,0.981197
40,2026-03-28T05:51:34.370289+00:00,EQE1,1,3.0,-0.004395,4096,0.981197
40,2026-03-28T05:51:34.370289+00:00,EQE1,1,5.0,-0.108887,4096,0.981197
40,2026-03-28T05:51:34.370289+00:00,EQE1,2,1.0,0.265137,4096,0.981197
40,2026-03-28T05:51:34.370289+00:00,EQE1,2,3.0,-0.001953,4096,0.981197
40,2026-03-28T05:51:34.370289+00:00,EQE1,2,5.0,-0.116211,4096,0.981197
40,2026-03-28T05:51:34.370289+00:00,EQE1,3,1.0,0.275391,4096,0.981197
40,2026-03-28T05:51:34.370289+00:00,EQE1,3,3.0,0.011230,4096,0.981197
40,2026-03-28T05:51:34.370289+00:00,EQE1,3,5.0,-0.097656,4096,0.981197
40,2026-03-28T05:51:34.370289+00:00,EQE1,4,1.0,0.284668,4096,0.981197
40,2026-03-28T05:51:34.370289+00:00,EQE1,4,3.0,0.002441,4096,0.981197
40,2026-03-28T05:51:34.370289+00:00,EQE1,4,5.0,-0.112793,4096,0.981197
40,2026-03-28T05:51:34.370289+00:00,EQE1,5,1.0,0.268066,4096,0.981197
40,2026-03-28T05:51:34.370289+00:00,EQE1,5,3.0,0.024902,4096,0.981197
40,2026-03-28T05:51:34.370289+00:00,EQE1,5,5.0,-0.068359,4096,0.981197
40,2026-03-28T05:51:34.370289+00:00,EQE1,6,1.0,0.281738,4096,0.981197
40,2026-03-28T05:51:34.370289+00:00,EQE1,6,3.0,0.025391,4096,0.981197
40,2026-03-28T05:51:34.370289+00:00,EQE1,6,5.0,-0.097168,4096,0.981197
40,2026-03-28T05:51:34.370289+00:00,EQE1,7,1.0,0.297852,4096,0.981197
40,2026-03-28T05:51:34.370289+00:00,EQE1,7,3.0,-0.011719,4096,0.981197
40,2026-03-28T05:51:34.370289+00:00,EQE1,7,5.0,-0.085938,4096,0.981197
40,2026-03-28T05:51:34.370289+00:00,EQE1,8,1.0,0.303223,4096,0.981197
40,2026-03-28T05:51:34.370289+00:00,EQE1,8,3.0,0.000977,4096,0.981197
40,2026-03-28T05:51:34.370289+00:00,EQE1,8,5.0,-0.086914,4096,0.981197
40,2026-03-28T05:51:34.370289+00:00,EQE1,9,1.0,0.293457,4096,0.981197
40,2026-03-28T05:51:34.370289+00:00,EQE1,9,3.0,0.002930,4096,0.981197
40,2026-03-28T05:51:34.370289+00:00,EQE1,9,5.0,-0.075195,4096,0.981197
40,2026-03-28T05:51:34.370289+00:00,EQE1,10,1.0,0.313965,4096,0.981197
40,2026-03-28T05:51:34.370289+00:00,EQE1,10,3.0,-0.021484,4096,0.981197
40,2026-03-28T05:51:34.370289+00:00,EQE1,10,5.0,-0.089355,4096,0.981197
40,2026-03-28T05:51:34.370289+00:00,EQE1,11,1.0,0.290527,4096,0.981197
40,2026-03-28T05:51:34.370289+00:00,EQE1,11,3.0,0.009277,4096,0.981197
40,2026-03-28T05:51:34.370289+00:00,EQE1,11,5.0,-0.090820,4096,0.981197
40,2026-03-28T05:51:34.370289+00:00,EQE1,12,1.0,0.281738,4096,0.981197
40,2026-03-28T05:51:34.370289+00:00,EQE1,12,3.0,0.016602,4096,0.981197
40,2026-03-28T05:51:34.370289+00:00,EQE1,12,5.0,-0.101074,4096,0.981197
40,2026-03-28T05:51:34.370289+00:00,EQE1,13,1.0,0.290039,4096,0.981197
40,2026-03-28T05:51:34.370289+00:00,EQE1,13,3.0,-0.004395,4096,0.981197
40,2026-03-28T05:51:34.370289+00:00,EQE1,13,5.0,-0.108398,4096,0.981197
40,2026-03-28T05:51:34.370289+00:00,EQE1,14,1.0,0.298340,4096,0.981197
40,2026-03-28T05:51:34.370289+00:00,EQE1,14,3.0,0.004395,4096,0.981197
40,2026-03-28T05:51:34.370289+00:00,EQE1,14,5.0,-0.095703,4096,0.981197
40,2026-03-28T05:51:34.370289+00:00,EQE1,15,1.0,0.327148,4096,0.981197
40,2026-03-28T05:51:34.370289+00:00,EQE1,15,3.0,0.001465,4096,0.981197
40,2026-03-28T05:51:34.370289+00:00,EQE1,15,5.0,-0.106934,4096,0.981197
40,2026-03-28T05:51:34.370289+00:00,EQE1,16,1.0,0.290527,4096,0.981197
40,2026-03-28T05:51:34.370289+00:00,EQE1,16,3.0,0.001953,4096,0.981197
40,2026-03-28T05:51:34.370289+00:00,EQE1,16,5.0,-0.088379,4096,0.981197
40,2026-03-28T05:51:34.370289+00:00,EQE1,17,1.0,0.288574,4096,0.981197
40,2026-03-28T05:51:34.370289+00:00,EQE1,17,3.0,0.005859,4096,0.981197
40,2026-03-28T05:51:34.370289+00:00,EQE1,17,5.0,-0.091797,4096,0.981197
40,2026-03-28T05:51:34.370289+00:00,EQE1,18,1.0,0.312988,4096,0.981197
40,2026-03-28T05:51:34.370289+00:00,EQE1,18,3.0,0.004883,4096,0.981197
40,2026-03-28T05:51:34.370289+00:00,EQE1,18,5.0,-0.088379,4096,0.981197
40,2026-03-28T05:51:34.370289+00:00,EQE1,19,1.0,0.303223,4096,0.981197
40,2026-03-28T05:51:34.370289+00:00,EQE1,19,3.0,0.022461,4096,0.981197
40,2026-03-28T05:51:34.370289+00:00,EQE1,19,5.0,-0.104980,4096,0.981197
40,2026-03-28T05:51:34.370289+00:00,EQE1,20,1.0,0.312012,4096,0.981197
40,2026-03-28T05:51:34.370289+00:00,EQE1,20,3.0,-0.009277,4096,0.981197
40,2026-03-28T05:51:34.370289+00:00,EQE1,20,5.0,-0.077148,4096,0.981197
40,2026-03-28T05:51:34.370289+00:00,EQE1,21,1.0,0.284180,4096,0.981197
40,2026-03-28T05:51:34.370289+00:00,EQE1,21,3.0,-0.007812,4096,0.981197
40,2026-03-28T05:51:34.370289+00:00,EQE1,21,5.0,-0.101074,4096,0.981197
40,2026-03-28T05:51:34.370289+00:00,EQE1,22,1.0,0.305664,4096,0.981197
40,2026-03-28T05:51:34.370289+00:00,EQE1,22,3.0,0.015625,4096,0.981197
40,2026-03-28T05:51:34.370289+00:00,EQE1,22,5.0,-0.102051,4096,0.981197
40,2026-03-28T05:51:34.370289+00:00,EQE1,23,1.0,0.275879,4096,0.981197
40,2026-03-28T05:51:34.370289+00:00,EQE1,23,3.0,0.010742,4096,0.981197
40,2026-03-28T05:51:34.370289+00:00,EQE1,23,5.0,-0.063965,4096,0.981197
40,2026-03-28T05:51:34.370289+00:00,EQE1,24,1.0,0.261719,4096,0.981197
40,2026-03-28T05:51:34.370289+00:00,EQE1,24,3.0,0.018066,4096,0.981197
40,2026-03-28T05:51:34.370289+00:00,EQE1,24,5.0,-0.085938,4096,0.981197
40,2026-03-28T05:51:34.370289+00:00,EQE1,25,1.0,0.293457,4096,0.981197
40,2026-03-28T05:51:34.370289+00:00,EQE1,25,3.0,0.000977,4096,0.981197
40,2026-03-28T05:51:34.370289+00:00,EQE1,25,5.0,-0.076172,4096,0.981197
40,2026-03-28T05:51:34.370289+00:00,EQE1,26,1.0,0.262695,4096,0.981197
40,2026-03-28T05:51:34.370289+00:00,EQE1,26,3.0,0.015625,4096,0.981197
40,2026-03-28T05:51:34.370289+00:00,EQE1,26,5.0,-0.103516,4096,0.981197
40,2026-03-28T05:51:34.370289+00:00,EQE1,27,1.0,0.294922,4096,0.981197
40,2026-03-28T05:51:34.370289+00:00,EQE1,27,3.0,0.017578,4096,0.981197
40,2026-03-28T05:51:34.370289+00:00,EQE1,27,5.0,-0.073242,4096,0.981197
40,2026-03-28T05:51:34.370289+00:00,EQE1,28,1.0,0.265625,4096,0.981197
40,2026-03-28T05:51:34.370289+00:00,EQE1,28,3.0,0.018066,4096,0.981197
40,2026-03-28T05:51:34.370289+00:00,EQE1,28,5.0,-0.124023,4096,0.981197
40,2026-03-28T05:51:34.370289+00:00,EQE1,29,1.0,0.293457,4096,0.981197
40,2026-03-28T05:51:34.370289+00:00,EQE1,29,3.0,0.019043,4096,0.981197
40,2026-03-28T05:51:34.370289+00:00,EQE1,29,5.0,-0.112305,4096,0.981197
41,2026-03-28T06:21:34.372876+00:00,EQE1,0,1.0,0.284180,4096,0.981197
41,2026-03-28T06:21:34.372876+00:00,EQE1,0,3.0,0.005859,4096,0.981197
41,2026-03-28T06:21:34.372876+00:00,EQE1,0,5.0,-0.060059,4096,0.981197
41,2026-03-28T06:21:34.372876+00:00,EQE1,1,1.0,0.287109,4096,0.981197
41,2026-03-28T06:21:34.372876+00:00,EQE1,1,3.0,0.028809,4096,0.981197
41,2026-03-28T06:21:34.372876+00:00,EQE1,1,5.0,-0.090332,4096,0.981197
41,2026-03-28T06:21:34.372876+00:00,EQE1,2,1.0,0.288574,4096,0.981197
41,2026-03-28T06:21:34.372876+00:00,EQE1,2,3.0,-0.012695,4096,0.981197
41,2026-03-28T06:21:34.372876+00:00,EQE1,2,5.0,-0.070312,4096,0.981197
41,2026-03-28T06:21:34.372876+00:00,EQE1,3,1.0,0.285645,4096,0.981197
41,2026-03-28T06:21:34.372876+00:00,EQE1,3,3.0,0.006836,4096,0.981197
41,2026-03-28T06:21:34.372876+00:00,EQE1,3,5.0,-0.112793,4096,0.981197
41,2026-03-28T06:21:34.372876+00:00,EQE1,4,1.0,0.272949,4096,0.981197
41,2026-03-28T06:21:34.372876+00:00,EQE1,4,3.0,0.012207,4096,0.981197
41,2026-03-28T06:21:34.372876+00:00,EQE1,4,5.0,-0.091797,4096,0.981197
41,2026-03-28T06:21:34.372876+00:00,EQE1,5,1.0,0.276367,4096,0.981197
41,2026-03-28T06:21:34.372876+00:00,EQE1,5,3.0,0.016602,4096,0.981197
41,2026-03-28T06:21:34.372876+00:00,EQE1,5,5.0,-0.078125,4096,0.981197
41,2026-03-28T06:21:34.372876+00:00,EQE1,6,1.0,0.263672,4096,0.981197
41,2026-03-28T06:21:34.372876+00:00,EQE1,6,3.0,0.032715,4096,0.981197
41,2026-03-28T06:21:34.372876+00:00,EQE1,6,5.0,-0.072754,4096,0.981197
41,2026-03-28T06:21:34.372876+00:00,EQE1,7,1.0,0.273438,4096,0.981197
41,2026-03-28T06:21:34.372876+00:00,EQE1,7,3.0,0.009766,4096,0.981197
41,2026-03-28T06:21:34.372876+00:00,EQE1,7,5.0,-0.105469,4096,0.981197
41,2026-03-28T06:21:34.372876+00:00,EQE1,8,1.0,0.294922,4096,0.981197
41,2026-03-28T06:21:34.372876+00:00,EQE1,8,3.0,0.013184,4096,0.981197
41,2026-03-28T06:21:34.372876+00:00,EQE1,8,5.0,-0.077637,4096,0.981197
41,2026-03-28T06:21:34.372876+00:00,EQE1,9,1.0,0.275391,4096,0.981197
41,2026-03-28T06:21:34.372876+00:00,EQE1,9,3.0,0.039551,4096,0.981197
41,2026-03-28T06:21:34.372876+00:00,EQE1,9,5.0,-0.084961,4096,0.981197
41,2026-03-28T06:21:34.372876+00:00,EQE1,10,1.0,0.274902,4096,0.981197
41,2026-03-28T06:21:34.372876+00:00,EQE1,10,3.0,-0.008301,4096,0.981197
41,2026-03-28T06:21:34.372876+00:00,EQE1,10,5.0,-0.081543,4096,0.981197
41,2026-03-28T06:21:34.372876+00:00,EQE1,11,1.0,0.276855,4096,0.981197
41,2026-03-28T06:21:34.372876+00:00,EQE1,11,3.0,0.007812,4096,0.981197
41,2026-03-28T06:21:34.372876+00:00,EQE1,11,5.0,-0.084961,4096,0.981197
41,2026-03-28T06:21:34.372876+00:00,EQE1,12,1.0,0.251465,4096,0.981197
41,2026-03-28T06:21:34.372876+00:00,EQE1,12,3.0,0.017578,4096,0.981197
41,2026-03-28T06:21:34.372876+00:00,EQE1,12,5.0,-0.096191,4096,0.981197
41,2026-03-28T06:21:34.372876+00:00,EQE1,13,1.0,0.291504,4096,0.981197
41,2026-03-28T06:21:34.372876+00:00,EQE1,13,3.0,-0.000488,4096,0.981197
41,2026-03-28T06:21:34.372876+00:00,EQE1,13,5.0,-0.107910,4096,0.981197
41,2026-03-28T06:21:34.372876+00:00,EQE1,14,1.0,0.263672,4096,0.981197
41,2026-03-28T06:21:34.372876+00:00,EQE1,14,3.0,-0.009766,4096,0.981197
41,2026-03-28T06:21:34.372876+00:00,EQE1,14,5.0,-0.067383,4096,0.981197
41,2026-03-28T06:21:34.372876+00:00,EQE1,15,1.0,0.273926,4096,0.981197
41,2026-03-28T06:21:34.372876+00:00,EQE1,15,3.0,0.018555,4096,0.981197
41,2026-03-28T06:21:34.372876+00:00,EQE1,15,5.0,-0.095215,4096,0.981197
41,2026-03-28T06:21:34.372876+00:00,EQE1,16,1.0,0.284180,4096,0.981197
41,2026-03-28T06:21:34.372876+00:00,EQE1,16,3.0,0.024902,4096,0.981197
41,2026-03-28T06:21:34.372876+00:00,EQE1,16,5.0,-0.086914,4096,0.981197
41,2026-03-28T06:21:34.372876+00:00,EQE1,17,1.0,0.288086,4096,0.981197
41,2026-03-28T06:21:34.372876+00:00,EQE1,17,3.0,0.012207,4096,0.981197
41,2026-03-28T06:21:34.372876+00:00,EQE1,17,5.0,-0.104980,4096,0.981197
41,2026-03-28T06:21:34.372876+00:00,EQE1,18,1.0,0.312500,4096,0.981197
41,2026-03-28T06:21:34.372876+00:00,EQE1,18,3.0,0.004883,4096,0.981197
41,2026-03-28T06:21:34.372876+00:00,EQE1,18,5.0,-0.108887,4096,0.981197
41,2026-03-28T06:21:34.372876+00:00,EQE1,19,1.0,0.297363,4096,0.981197
41,2026-03-28T06:21:34.372876+00:00,EQE1,19,3.0,0.020996,4096,0.981197
41,2026-03-28T06:21:34.372876+00:00,EQE1,19,5.0,-0.084473,4096,0.981197
41,2026-03-28T06:21:34.372876+00:00,EQE1,20,1.0,0.284180,4096,0.981197
41,2026-03-28T06:21:34.372876+00:00,EQE1,20,3.0,0.022949,4096,0.981197
41,2026-03-28T06:21:34.372876+00:00,EQE1,20,5.0,-0.080566,4096,0.981197
41,2026-03-28T06:21:34.372876+00:00,EQE1,21,1.0,0.289062,4096,0.981197
41,2026-03-28T06:21:34.372876+00:00,EQE1,21,3.0,0.020508,4096,0.981197
41,2026-03-28T06:21:34.372876+00:00,EQE1,21,5.0,-0.094727,4096,0.981197
41,2026-03-28T06:21:34.372876+00:00,EQE1,22,1.0,0.256348,4096,0.981197
41,2026-03-28T06:21:34.372876+00:00,EQE1,22,3.0,0.013672,4096,0.981197
41,2026-03-28T06:21:34.372876+00:00,EQE1,22,5.0,-0.098145,4096,0.981197
41,2026-03-28T06:21:34.372876+00:00,EQE1,23,1.0,0.278809,4096,0.981197
41,2026-03-28T06:21:34.372876+00:00,EQE1,23,3.0,0.004883,4096,0.981197
41,2026-03-28T06:21:34.372876+00:00,EQE1,23,5.0,-0.080078,4096,0.981197
41,2026-03-28T06:21:34.372876+00:00,EQE1,24,1.0,0.294434,4096,0.981197
41,2026-03-28T06:21:34.372876+00:00,EQE1,24,3.0,0.024902,4096,0.981197
41,2026-03-28T06:21:34.372876+00:00,EQE1,24,5.0,-0.077637,4096,0.981197
41,2026-03-28T06:21:34.372876+00:00,EQE1,25,1.0,0.278809,4096,0.981197
41,2026-03-28T06:21:34.372876+00:00,EQE1,25,3.0,0.032227,4096,0.981197
41,2026-03-28T06:21:34.372876+00:00,EQE1,25,5.0,-0.119141,4096,0.981197
41,2026-03-28T06:21:34.372876+00:00,EQE1,26,1.0,0.300293,4096,0.981197
41,2026-03-28T06:21:34.372876+00:00,EQE1,26,3.0,0.030273,4096,0.981197
41,2026-03-28T06:21:34.372876+00:00,EQE1,26,5.0,-0.071289,4096,0.981197
41,2026-03-28T06:21:34.372876+00:00,EQE1,27,1.0,0.257812,4096,0.981197
41,2026-03-28T06:21:34.372876+00:00,EQE1,27,3.0,0.005859,4096,0.981197
41,2026-03-28T06:21:34.372876+00:00,EQE1,27,5.0,-0.094238,4096,0.981197
41,2026-03-28T06:21:34.372876+00:00,EQE1,28,1.0,0.315918,4096,0.981197
41,2026-03-28T06:21:34.372876+00:00,EQE1,28,3.0,-0.006836,4096,0.981197
41,2026-03-28T06:21:34.372876+00:00,EQE1,28,5.0,-0.072754,4096,0.981197
41,2026-03-28T06:21:34.372876+00:00,EQE1,29,1.0,0.270996,4096,0.981197
41,2026-03-28T06:21:34.372876+00:00,EQE1,29,3.0,-0.003906,4096,0.981197
41,2026-03-28T06:21:34.372876+00:00,EQE1,29,5.0,-0.124023,4096,0.981197
42,2026-03-28T06:51:34.372823+00:00,EQE1,0,1.0,0.259766,4096,0.981197
42,2026-03-28T06:51:34.372823+00:00,EQE1,0,3.0,0.000977,4096,0.981197
42,2026-03-28T06:51:34.372823+00:00,EQE1,0,5.0,-0.105469,4096,0.981197
42,2026-03-28T06:51:34.372823+00:00,EQE1,1,1.0,0.290039,4096,0.981197
42,2026-03-28T06:51:34.372823+00:00,EQE1,1,3.0,0.000488,4096,0.981197
42,2026-03-28T06:51:34.372823+00:00,EQE1,1,5.0,-0.103516,4096,0.981197
42,2026-03-28T06:51:34.372823+00:00,EQE1,2,1.0,0.289551,4096,0.981197
42,2026-03-28T06:51:34.372823+00:00,EQE1,2,3.0,0.009277,4096,0.981197
42,2026-03-28T06:51:34.372823+00:00,EQE1,2,5.0,-0.076660,4096,0.981197
42,2026-03-28T06:51:34.372823+00:00,EQE1,3,1.0,0.279785,4096,0.981197
42,2026-03-28T06:51:34.372823+00:00,EQE1,3,3.0,0.008301,4096,0.981197
42,2026-03-28T06:51:34.372823+00:00,EQE1,3,5.0,-0.097656,4096,0.981197
42,2026-03-28T06:51:34.372823+00:00,EQE1,4,1.0,0.287109,4096,0.981197
42,2026-03-28T06:51:34.372823+00:00,EQE1,4,3.0,-0.015137,4096,0.981197
42,2026-03-28T06:51:34.372823+00:00,EQE1,4,5.0,-0.106934,4096,0.981197
42,2026-03-28T06:51:34.372823+00:00,EQE1,5,1.0,0.238281,4096,0.981197
42,2026-03-28T06:51:34.372823+00:00,EQE1,5,3.0,0.009766,4096,0.981197
42,2026-03-28T06:51:34.372823+00:00,EQE1,5,5.0,-0.094727,4096,0.981197
42,2026-03-28T06:51:34.372823+00:00,EQE1,6,1.0,0.270996,4096,0.981197
42,2026-03-28T06:51:34.372823+00:00,EQE1,6,3.0,-0.001953,4096,0.981197
42,2026-03-28T06:51:34.372823+00:00,EQE1,6,5.0,-0.093750,4096,0.981197
42,2026-03-28T06:51:34.372823+00:00,EQE1,7,1.0,0.259277,4096,0.981197
42,2026-03-28T06:51:34.372823+00:00,EQE1,7,3.0,0.010742,4096,0.981197
42,2026-03-28T06:51:34.372823+00:00,EQE1,7,5.0,-0.100586,4096,0.981197
42,2026-03-28T06:51:34.372823+00:00,EQE1,8,1.0,0.299316,4096,0.981197
42,2026-03-28T06:51:34.372823+00:00,EQE1,8,3.0,-0.011230,4096,0.981197
42,2026-03-28T06:51:34.372823+00:00,EQE1,8,5.0,-0.097168,4096,0.981197
42,2026-03-28T06:51:34.372823+00:00,EQE1,9,1.0,0.295410,4096,0.981197
42,2026-03-28T06:51:34.372823+00:00,EQE1,9,3.0,-0.024414,4096,0.981197
42,2026-03-28T06:51:34.372823+00:00,EQE1,9,5.0,-0.101562,4096,0.981197
42,2026-03-28T06:51:34.372823+00:00,EQE1,10,1.0,0.287109,4096,0.981197
42,2026-03-28T06:51:34.372823+00:00,EQE1,10,3.0,0.018066,4096,0.981197
42,2026-03-28T06:51:34.372823+00:00,EQE1,10,5.0,-0.098145,4096,0.981197
42,2026-03-28T06:51:34.372823+00:00,EQE1,11,1.0,0.271484,4096,0.981197
42,2026-03-28T06:51:34.372823+00:00,EQE1,11,3.0,-0.003906,4096,0.981197
42,2026-03-28T06:51:34.372823+00:00,EQE1,11,5.0,-0.097168,4096,0.981197
42,2026-03-28T06:51:34.372823+00:00,EQE1,12,1.0,0.268066,4096,0.981197
42,2026-03-28T06:51:34.372823+00:00,EQE1,12,3.0,0.002441,4096,0.981197
42,2026-03-28T06:51:34.372823+00:00,EQE1,12,5.0,-0.105957,4096,0.981197
42,2026-03-28T06:51:34.372823+00:00,EQE1,13,1.0,0.277832,4096,0.981197
42,2026-03-28T06:51:34.372823+00:00,EQE1,13,3.0,0.020020,4096,0.981197
42,2026-03-28T06:51:34.372823+00:00,EQE1,13,5.0,-0.090332,4096,0.981197
42,2026-03-28T06:51:34.372823+00:00,EQE1,14,1.0,0.261230,4096,0.981197
42,2026-03-28T06:51:34.372823+00:00,EQE1,14,3.0,0.032227,4096,0.981197
42,2026-03-28T06:51:34.372823+00:00,EQE1,14,5.0,-0.099121,4096,0.981197
42,2026-03-28T06:51:34.372823+00:00,EQE1,15,1.0,0.274414,4096,0.981197
42,2026-03-28T06:51:34.372823+00:00,EQE1,15,3.0,0.019531,4096,0.981197
42,2026-03-28T06:51:34.372823+00:00,EQE1,15,5.0,-0.101074,4096,0.981197
42,2026-03-28T06:51:34.372823+00:00,EQE1,16,1.0,0.249023,4096,0.981197
42,2026-03-28T06:51:34.372823+00:00,EQE1,16,3.0,0.041016,4096,0.981197
42,2026-03-28T06:51:34.372823+00:00,EQE1,16,5.0,-0.107910,4096,0.981197
42,2026-03-28T06:51:34.372823+00:00,EQE1,17,1.0,0.272461,4096,0.981197
42,2026-03-28T06:51:34.372823+00:00,EQE1,17,3.0,-0.007812,4096,0.981197
42,2026-03-28T06:51:34.372823+00:00,EQE1,17,5.0,-0.105957,4096,0.981197
42,2026-03-28T06:51:34.372823+00:00,EQE1,18,1.0,0.278809,4096,0.981197
42,2026-03-28T06:51:34.372823+00:00,EQE1,18,3.0,0.014160,4096,0.981197
42,2026-03-28T06:51:34.372823+00:00,EQE1,18,5.0,-0.106934,4096,0.981197
42,2026-03-28T06:51:34.372823+00:00,EQE1,19,1.0,0.306152,4096,0.981197
42,2026-03-28T06:51:34.372823+00:00,EQE1,19,3.0,0.015625,4096,0.981197
42,2026-03-28T06:51:34.372823+00:00,EQE1,19,5.0,-0.083984,4096,0.981197
42,2026-03-28T06:51:34.372823+00:00,EQE1,20,1.0,0.288574,4096,0.981197
42,2026-03-28T06:51:34.372823+00:00,EQE1,20,3.0,0.008789,4096,0.981197
42,2026-03-28T06:51:34.372823+00:00,EQE1,20,5.0,-0.114746,4096,0.981197
42,2026-03-28T06:51:34.372823+00:00,EQE1,21,1.0,0.278320,4096,0.981197
42,2026-03-28T06:51:34.372823+00:00,EQE1,21,3.0,0.004395,4096,0.981197
42,2026-03-28T06:51:34.372823+00:00,EQE1,21,5.0,-0.102051,4096,0.981197
42,2026-03-28T06:51:34.372823+00:00,EQE1,22,1.0,0.274414,4096,0.981197
42,2026-03-28T06:51:34.372823+00:00,EQE1,22,3.0,0.034180,4096,0.981197
42,2026-03-28T06:51:34.372823+00:00,EQE1,22,5.0,-0.068359,4096,0.981197
42,2026-03-28T06:51:34.372823+00:00,EQE1,23,1.0,0.284180,4096,0.981197
42,2026-03-28T06:51:34.372823+00:00,EQE1,23,3.0,0.042969,4096,0.981197
42,2026-03-28T06:51:34.372823+00:00,EQE1,23,5.0,-0.102051,4096,0.981197
42,2026-03-28T06:51:34.372823+00:00,EQE1,24,1.0,0.296387,4096,0.981197
42,2026-03-28T06:51:34.372823+00:00,EQE1,24,3.0,0.013184,4096,0.981197
42,2026-03-28T06:51:34.372823+00:00,EQE1,24,5.0,-0.103027,4096,0.981197
42,2026-03-28T06:51:34.372823+00:00,EQE1,25,1.0,0.260254,4096,0.981197
42,2026-03-28T06:51:34.372823+00:00,EQE1,25,3.0,0.013672,4096,0.981197
42,2026-03-28T06:51:34.372823+00:00,EQE1,25,5.0,-0.100098,4096,0.981197
42,2026-03-28T06:51:34.372823+00:00,EQE1,26,1.0,0.299316,4096,0.981197
42,2026-03-28T06:51:34.372823+00:00,EQE1,26,3.0,0.015625,4096,0.981197
42,2026-03-28T06:51:34.372823+00:00,EQE1,26,5.0,-0.094238,4096,0.981197
42,2026-03-28T06:51:34.372823+00:00,EQE1,27,1.0,0.299316,4096,0.981197
42,2026-03-28T06:51:34.372823+00:00,EQE1,27,3.0,-0.004883,4096,0.981197
42,2026-03-28T06:51:34.372823+00:00,EQE1,27,5.0,-0.083984,4096,0.981197
42,2026-03-28T06:51:34.372823+00:00,EQE1,28,1.0,0.285645,4096,0.981197
42,2026-03-28T06:51:34.372823+00:00,EQE1,28,3.0,0.026367,4096,0.981197
42,2026-03-28T06:51:34.372823+00:00,EQE1,28,5.0,-0.097168,4096,0.981197
42,2026-03-28T06:51:34.372823+00:00,EQE1,29,1.0,0.276367,4096,0.981197
42,2026-03-28T06:51:34.372823+00:00,EQE1,29,3.0,0.020508,4096,0.981197
42,2026-03-28T06:51:34.372823+00:00,EQE1,29,5.0,-0.081055,4096,0.981197
43,2026-03-28T07:21:34.372839+00:00,EQE1,0,1.0,0.291992,4096,0.981197
43,2026-03-28T07:21:34.372839+00:00,EQE1,0,3.0,0.023926,4096,0.981197
43,2026-03-28T07:21:34.372839+00:00,EQE1,0,5.0,-0.114746,4096,0.981197
43,2026-03-28T07:21:34.372839+00:00,EQE1,1,1.0,0.303223,4096,0.981197
43,2026-03-28T07:21:34.372839+00:00,EQE1,1,3.0,-0.005859,4096,0.981197
43,2026-03-28T07:21:34.372839+00:00,EQE1,1,5.0,-0.086914,4096,0.981197
43,2026-03-28T07:21:34.372839+00:00,EQE1,2,1.0,0.292969,4096,0.981197
43,2026-03-28T07:21:34.372839+00:00,EQE1,2,3.0,0.004395,4096,0.981197
43,2026-03-28T07:21:34.372839+00:00,EQE1,2,5.0,-0.110352,4096,0.981197
43,2026-03-28T07:21:34.372839+00:00,EQE1,3,1.0,0.312012,4096,0.981197
43,2026-03-28T07:21:34.372839+00:00,EQE1,3,3.0,0.002441,4096,0.981197
43,2026-03-28T07:21:34.372839+00:00,EQE1,3,5.0,-0.111328,4096,0.981197
43,2026-03-28T07:21:34.372839+00:00,EQE1,4,1.0,0.295898,4096,0.981197
43,2026-03-28T07:21:34.372839+00:00,EQE1,4,3.0,0.000000,4096,0.981197
43,2026-03-28T07:21:34.372839+00:00,EQE1,4,5.0,-0.083984,4096,0.981197
43,2026-03-28T07:21:34.372839+00:00,EQE1,5,1.0,0.302246,4096,0.981197
43,2026-03-28T07:21:34.372839+00:00,EQE1,5,3.0,0.028320,4096,0.981197
43,2026-03-28T07:21:34.372839+00:00,EQE1,5,5.0,-0.092773,4096,0.981197
43,2026-03-28T07:21:34.372839+00:00,EQE1,6,1.0,0.312012,4096,0.981197
43,2026-03-28T07:21:34.372839+00:00,EQE1,6,3.0,0.010742,4096,0.981197
43,2026-03-28T07:21:34.372839+00:00,EQE1,6,5.0,-0.077637,4096,0.981197
43,2026-03-28T07:21:34.372839+00:00,EQE1,7,1.0,0.268066,4096,0.981197
43,2026-03-28T07:21:34.372839+00:00,EQE1,7,3.0,-0.000977,4096,0.981197
43,2026-03-28T07:21:34.372839+00:00,EQE1,7,5.0,-0.095703,4096,0.981197
43,2026-03-28T07:21:34.372839+00:00,EQE1,8,1.0,0.291016,4096,0.981197
43,2026-03-28T07:21:34.372839+00:00,EQE1,8,3.0,0.054688,4096,0.981197
43,2026-03-28T07:21:34.372839+00:00,EQE1,8,5.0,-0.075684,4096,0.981197
43,2026-03-28T07:21:34.372839+00:00,EQE1,9,1.0,0.283691,4096,0.981197
43,2026-03-28T07:21:34.372839+00:00,EQE1,9,3.0,0.006836,4096,0.981197
43,2026-03-28T07:21:34.372839+00:00,EQE1,9,5.0,-0.071777,4096,0.981197
43,2026-03-28T07:21:34.372839+00:00,EQE1,10,1.0,0.291504,4096,0.981197
43,2026-03-28T07:21:34.372839+00:00,EQE1,10,3.0,-0.005371,4096,0.981197
43,2026-03-28T07:21:34.372839+00:00,EQE1,10,5.0,-0.113770,4096,0.981197
43,2026-03-28T07:21:34.372839+00:00,EQE1,11,1.0,0.293457,4096,0.981197
43,2026-03-28T07:21:34.372839+00:00,EQE1,11,3.0,0.010254,4096,0.981197
43,2026-03-28T07:21:34.372839+00:00,EQE1,11,5.0,-0.117676,4096,0.981197
43,2026-03-28T07:21:34.372839+00:00,EQE1,12,1.0,0.305176,4096,0.981197
43,2026-03-28T07:21:34.372839+00:00,EQE1,12,3.0,0.012695,4096,0.981197
43,2026-03-28T07:21:34.372839+00:00,EQE1,12,5.0,-0.086914,4096,0.981197
43,2026-03-28T07:21:34.372839+00:00,EQE1,13,1.0,0.300781,4096,0.981197
43,2026-03-28T07:21:34.372839+00:00,EQE1,13,3.0,-0.002441,4096,0.981197
43,2026-03-28T07:21:34.372839+00:00,EQE1,13,5.0,-0.086914,4096,0.981197
43,2026-03-28T07:21:34.372839+00:00,EQE1,14,1.0,0.305176,4096,0.981197
43,2026-03-28T07:21:34.372839+00:00,EQE1,14,3.0,0.010254,4096,0.981197
43,2026-03-28T07:21:34.372839+00:00,EQE1,14,5.0,-0.101562,4096,0.981197
43,2026-03-28T07:21:34.372839+00:00,EQE1,15,1.0,0.293945,4096,0.981197
43,2026-03-28T07:21:34.372839+00:00,EQE1,15,3.0,0.007812,4096,0.981197
43,2026-03-28T07:21:34.372839+00:00,EQE1,15,5.0,-0.122559,4096,0.981197
43,2026-03-28T07:21:34.372839+00:00,EQE1,16,1.0,0.295898,4096,0.981197
43,2026-03-28T07:21:34.372839+00:00,EQE1,16,3.0,0.027832,4096,0.981197
43,2026-03-28T07:21:34.372839+00:00,EQE1,16,5.0,-0.108887,4096,0.981197
43,2026-03-28T07:21:34.372839+00:00,EQE1,17,1.0,0.282227,4096,0.981197
43,2026-03-28T07:21:34.372839+00:00,EQE1,17,3.0,0.024414,4096,0.981197
43,2026-03-28T07:21:34.372839+00:00,EQE1,17,5.0,-0.102051,4096,0.981197
43,2026-03-28T07:21:34.372839+00:00,EQE1,18,1.0,0.292969,4096,0.981197
43,2026-03-28T07:21:34.372839+00:00,EQE1,18,3.0,0.001465,4096,0.981197
43,2026-03-28T07:21:34.372839+00:00,EQE1,18,5.0,-0.094727,4096,0.981197
43,2026-03-28T07:21:34.372839+00:00,EQE1,19,1.0,0.284180,4096,0.981197
43,2026-03-28T07:21:34.372839+00:00,EQE1,19,3.0,0.007324,4096,0.981197
43,2026-03-28T07:21:34.372839+00:00,EQE1,19,5.0,-0.112305,4096,0.981197
43,2026-03-28T07:21:34.372839+00:00,EQE1,20,1.0,0.287598,4096,0.981197
43,2026-03-28T07:21:34.372839+00:00,EQE1,20,3.0,-0.004883,4096,0.981197
43,2026-03-28T07:21:34.372839+00:00,EQE1,20,5.0,-0.129883,4096,0.981197
43,2026-03-28T07:21:34.372839+00:00,EQE1,21,1.0,0.285156,4096,0.981197
43,2026-03-28T07:21:34.372839+00:00,EQE1,21,3.0,0.009277,4096,0.981197
43,2026-03-28T07:21:34.372839+00:00,EQE1,21,5.0,-0.111328,4096,0.981197
43,2026-03-28T07:21:34.372839+00:00,EQE1,22,1.0,0.312012,4096,0.981197
43,2026-03-28T07:21:34.372839+00:00,EQE1,22,3.0,0.021484,4096,0.981197
43,2026-03-28T07:21:34.372839+00:00,EQE1,22,5.0,-0.093750,4096,0.981197
43,2026-03-28T07:21:34.372839+00:00,EQE1,23,1.0,0.285645,4096,0.981197
43,2026-03-28T07:21:34.372839+00:00,EQE1,23,3.0,0.022461,4096,0.981197
43,2026-03-28T07:21:34.372839+00:00,EQE1,23,5.0,-0.111816,4096,0.981197
43,2026-03-28T07:21:34.372839+00:00,EQE1,24,1.0,0.293457,4096,0.981197
43,2026-03-28T07:21:34.372839+00:00,EQE1,24,3.0,0.023926,4096,0.981197
43,2026-03-28T07:21:34.372839+00:00,EQE1,24,5.0,-0.100586,4096,0.981197
43,2026-03-28T07:21:34.372839+00:00,EQE1,25,1.0,0.330078,4096,0.981197
43,2026-03-28T07:21:34.372839+00:00,EQE1,25,3.0,0.002441,4096,0.981197
43,2026-03-28T07:21:34.372839+00:00,EQE1,25,5.0,-0.117188,4096,0.981197
43,2026-03-28T07:21:34.372839+00:00,EQE1,26,1.0,0.310059,4096,0.981197
43,2026-03-28T07:21:34.372839+00:00,EQE1,26,3.0,0.032715,4096,0.981197
43,2026-03-28T07:21:34.372839+00:00,EQE1,26,5.0,-0.133789,4096,0.981197
43,2026-03-28T07:21:34.372839+00:00,EQE1,27,1.0,0.292480,4096,0.981197
43,2026-03-28T07:21:34.372839+00:00,EQE1,27,3.0,0.011230,4096,0.981197
43,2026-03-28T07:21:34.372839+00:00,EQE1,27,5.0,-0.066406,4096,0.981197
43,2026-03-28T07:21:34.372839+00:00,EQE1,28,1.0,0.286621,4096,0.981197
43,2026-03-28T07:21:34.372839+00:00,EQE1,28,3.0,-0.009277,4096,0.981197
43,2026-03-28T07:21:34.372839+00:00,EQE1,28,5.0,-0.104004,4096,0.981197
43,2026-03-28T07:21:34.372839+00:00,EQE1,29,1.0,0.275879,4096,0.981197
43,2026-03-28T07:21:34.372839+00:00,EQE1,29,3.0,0.027344,4096,0.981197
43,2026-03-28T07:21:34.372839+00:00,EQE1,29,5.0,-0.112793,4096,0.981197
44,2026-03-28T07:51:34.370431+00:00,EQE1,0,1.0,0.250977,4096,0.981197
44,2026-03-28T07:51:34.370431+00:00,EQE1,0,3.0,0.033203,4096,0.981197
44,2026-03-28T07:51:34.370431+00:00,EQE1,0,5.0,-0.083984,4096,0.981197
44,2026-03-28T07:51:34.370431+00:00,EQE1,1,1.0,0.257812,4096,0.981197
44,2026-03-28T07:51:34.370431+00:00,EQE1,1,3.0,0.006348,4096,0.981197
44,2026-03-28T07:51:34.370431+00:00,EQE1,1,5.0,-0.106445,4096,0.981197
44,2026-03-28T07:51:34.370431+00:00,EQE1,2,1.0,0.290527,4096,0.981197
44,2026-03-28T07:51:34.370431+00:00,EQE1,2,3.0,0.025879,4096,0.981197
44,2026-03-28T07:51:34.370431+00:00,EQE1,2,5.0,-0.085938,4096,0.981197
44,2026-03-28T07:51:34.370431+00:00,EQE1,3,1.0,0.280273,4096,0.981197
44,2026-03-28T07:51:34.370431+00:00,EQE1,3,3.0,-0.003418,4096,0.981197
44,2026-03-28T07:51:34.370431+00:00,EQE1,3,5.0,-0.100586,4096,0.981197
44,2026-03-28T07:51:34.370431+00:00,EQE1,4,1.0,0.299316,4096,0.981197
44,2026-03-28T07:51:34.370431+00:00,EQE1,4,3.0,0.005371,4096,0.981197
44,2026-03-28T07:51:34.370431+00:00,EQE1,4,5.0,-0.073242,4096,0.981197
44,2026-03-28T07:51:34.370431+00:00,EQE1,5,1.0,0.265625,4096,0.981197
44,2026-03-28T07:51:34.370431+00:00,EQE1,5,3.0,-0.008301,4096,0.981197
44,2026-03-28T07:51:34.370431+00:00,EQE1,5,5.0,-0.120605,4096,0.981197
44,2026-03-28T07:51:34.370431+00:00,EQE1,6,1.0,0.251465,4096,0.981197
44,2026-03-28T07:51:34.370431+00:00,EQE1,6,3.0,-0.017578,4096,0.981197
44,2026-03-28T07:51:34.370431+00:00,EQE1,6,5.0,-0.089844,4096,0.981197
44,2026-03-28T07:51:34.370431+00:00,EQE1,7,1.0,0.287598,4096,0.981197
44,2026-03-28T07:51:34.370431+00:00,EQE1,7,3.0,0.008301,4096,0.981197
44,2026-03-28T07:51:34.370431+00:00,EQE1,7,5.0,-0.081543,4096,0.981197
44,2026-03-28T07:51:34.370431+00:00,EQE1,8,1.0,0.253418,4096,0.981197
44,2026-03-28T07:51:34.370431+00:00,EQE1,8,3.0,0.015625,4096,0.981197
44,2026-03-28T07:51:34.370431+00:00,EQE1,8,5.0,-0.069336,4096,0.981197
44,2026-03-28T07:51:34.370431+00:00,EQE1,9,1.0,0.291504,4096,0.981197
44,2026-03-28T07:51:34.370431+00:00,EQE1,9,3.0,0.030762,4096,0.981197
44,2026-03-28T07:51:34.370431+00:00,EQE1,9,5.0,-0.106934,4096,0.981197
44,2026-03-28T07:51:34.370431+00:00,EQE1,10,1.0,0.271484,4096,0.981197
44,2026-03-28T07:51:34.370431+00:00,EQE1,10,3.0,0.018555,4096,0.981197
44,2026-03-28T07:51:34.370431+00:00,EQE1,10,5.0,-0.114746,4096,0.981197
44,2026-03-28T07:51:34.370431+00:00,EQE1,11,1.0,0.278320,4096,0.981197
44,2026-03-28T07:51:34.370431+00:00,EQE1,11,3.0,0.014648,4096,0.981197
44,2026-03-28T07:51:34.370431+00:00,EQE1,11,5.0,-0.108887,4096,0.981197
44,2026-03-28T07:51:34.370431+00:00,EQE1,12,1.0,0.248535,4096,0.981197
44,2026-03-28T07:51:34.370431+00:00,EQE1,12,3.0,-0.003906,4096,0.981197
44,2026-03-28T07:51:34.370431+00:00,EQE1,12,5.0,-0.103516,4096,0.981197
44,2026-03-28T07:51:34.370431+00:00,EQE1,13,1.0,0.284180,4096,0.981197
44,2026-03-28T07:51:34.370431+00:00,EQE1,13,3.0,0.027344,4096,0.981197
44,2026-03-28T07:51:34.370431+00:00,EQE1,13,5.0,-0.124512,4096,0.981197
44,2026-03-28T07:51:34.370431+00:00,EQE1,14,1.0,0.291016,4096,0.981197
44,2026-03-28T07:51:34.370431+00:00,EQE1,14,3.0,0.029785,4096,0.981197
44,2026-03-28T07:51:34.370431+00:00,EQE1,14,5.0,-0.097656,4096,0.981197
44,2026-03-28T07:51:34.370431+00:00,EQE1,15,1.0,0.295410,4096,0.981197
44,2026-03-28T07:51:34.370431+00:00,EQE1,15,3.0,-0.024902,4096,0.981197
44,2026-03-28T07:51:34.370431+00:00,EQE1,15,5.0,-0.084473,4096,0.981197
44,2026-03-28T07:51:34.370431+00:00,EQE1,16,1.0,0.294434,4096,0.981197
44,2026-03-28T07:51:34.370431+00:00,EQE1,16,3.0,0.039551,4096,0.981197
44,2026-03-28T07:51:34.370431+00:00,EQE1,16,5.0,-0.099121,4096,0.981197
44,2026-03-28T07:51:34.370431+00:00,EQE1,17,1.0,0.281250,4096,0.981197
44,2026-03-28T07:51:34.370431+00:00,EQE1,17,3.0,0.005859,4096,0.981197
44,2026-03-28T07:51:34.370431+00:00,EQE1,17,5.0,-0.084473,4096,0.981197
44,2026-03-28T07:51:34.370431+00:00,EQE1,18,1.0,0.296875,4096,0.981197
44,2026-03-28T07:51:34.370431+00:00,EQE1,18,3.0,-0.008301,4096,0.981197
44,2026-03-28T07:51:34.370431+00:00,EQE1,18,5.0,-0.118652,4096,0.981197
44,2026-03-28T07:51:34.370431+00:00,EQE1,19,1.0,0.277832,4096,0.981197
44,2026-03-28T07:51:34.370431+00:00,EQE1,19,3.0,0.010254,4096,0.981197
44,2026-03-28T07:51:34.370431+00:00,EQE1,19,5.0,-0.102051,4096,0.981197
44,2026-03-28T07:51:34.370431+00:00,EQE1,20,1.0,0.289062,4096,0.981197
44,2026-03-28T07:51:34.370431+00:00,EQE1,20,3.0,0.021973,4096,0.981197
44,2026-03-28T07:51:34.370431+00:00,EQE1,20,5.0,-0.092773,4096,0.981197
44,2026-03-28T07:51:34.370431+00:00,EQE1,21,1.0,0.280273,4096,0.981197
44,2026-03-28T07:51:34.370431+00:00,EQE1,21,3.0,0.027344,4096,0.981197
44,2026-03-28T07:51:34.370431+00:00,EQE1,21,5.0,-0.101562,4096,0.981197
44,2026-03-28T07:51:34.370431+00:00,EQE1,22,1.0,0.258301,4096,0.981197
44,2026-03-28T07:51:34.370431+00:00,EQE1,22,3.0,-0.006836,4096,0.981197
44,2026-03-28T07:51:34.370431+00:00,EQE1,22,5.0,-0.087402,4096,0.981197
44,2026-03-28T07:51:34.370431+00:00,EQE1,23,1.0,0.269043,4096,0.981197
44,2026-03-28T07:51:34.370431+00:00,EQE1,23,3.0,-0.015625,4096,0.981197
44,2026-03-28T07:51:34.370431+00:00,EQE1,23,5.0,-0.103027,4096,0.981197
44,2026-03-28T07:51:34.370431+00:00,EQE1,24,1.0,0.273438,4096,0.981197
44,2026-03-28T07:51:34.370431+00:00,EQE1,24,3.0,-0.004883,4096,0.981197
44,2026-03-28T07:51:34.370431+00:00,EQE1,24,5.0,-0.110840,4096,0.981197
44,2026-03-28T07:51:34.370431+00:00,EQE1,25,1.0,0.305176,4096,0.981197
44,2026-03-28T07:51:34.370431+00:00,EQE1,25,3.0,0.015137,4096,0.981197
44,2026-03-28T07:51:34.370431+00:00,EQE1,25,5.0,-0.077148,4096,0.981197
44,2026-03-28T07:51:34.370431+00:00,EQE1,26,1.0,0.280273,4096,0.981197
44,2026-03-28T07:51:34.370431+00:00,EQE1,26,3.0,0.009277,4096,0.981197
44,2026-03-28T07:51:34.370431+00:00,EQE1,26,5.0,-0.095703,4096,0.981197
44,2026-03-28T07:51:34.370431+00:00,EQE1,27,1.0,0.268066,4096,0.981197
44,2026-03-28T07:51:34.370431+00:00,EQE1,27,3.0,-0.020508,4096,0.981197
44,2026-03-28T07:51:34.370431+00:00,EQE1,27,5.0,-0.073242,4096,0.981197
44,2026-03-28T07:51:34.370431+00:00,EQE1,28,1.0,0.259766,4096,0.981197
44,2026-03-28T07:51:34.370431+00:00,EQE1,28,3.0,0.001953,4096,0.981197
44,2026-03-28T07:51:34.370431+00:00,EQE1,28,5.0,-0.120605,4096,0.981197
44,2026-03-28T07:51:34.370431+00:00,EQE1,29,1.0,0.282227,4096,0.981197
44,2026-03-28T07:51:34.370431+00:00,EQE1,29,3.0,0.000000,4096,0.981197
44,2026-03-28T07:51:34.370431+00:00,EQE1,29,5.0,-0.107422,4096,0.981197
45,2026-03-28T08:21:34.372857+00:00,EQE1,0,1.0,0.318848,4096,0.981197
45,2026-03-28T08:21:34.372857+00:00,EQE1,0,3.0,0.017578,4096,0.981197
45,2026-03-28T08:21:34.372857+00:00,EQE1,0,5.0,-0.087402,4096,0.981197
45,2026-03-28T08:21:34.372857+00:00,EQE1,1,1.0,0.279785,4096,0.981197
45,2026-03-28T08:21:34.372857+00:00,EQE1,1,3.0,-0.033691,4096,0.981197
45,2026-03-28T08:21:34.372857+00:00,EQE1,1,5.0,-0.089844,4096,0.981197
45,2026-03-28T08:21:34.372857+00:00,EQE1,2,1.0,0.270508,4096,0.981197
45,2026-03-28T08:21:34.372857+00:00,EQE1,2,3.0,0.021973,4096,0.981197
45,2026-03-28T08:21:34.372857+00:00,EQE1,2,5.0,-0.093262,4096,0.981197
45,2026-03-28T08:21:34.372857+00:00,EQE1,3,1.0,0.264160,4096,0.981197
45,2026-03-28T08:21:34.372857+00:00,EQE1,3,3.0,0.023438,4096,0.981197
45,2026-03-28T08:21:34.372857+00:00,EQE1,3,5.0,-0.117676,4096,0.981197
45,2026-03-28T08:21:34.372857+00:00,EQE1,4,1.0,0.296387,4096,0.981197
45,2026-03-28T08:21:34.372857+00:00,EQE1,4,3.0,0.013184,4096,0.981197
45,2026-03-28T08:21:34.372857+00:00,EQE1,4,5.0,-0.086426,4096,0.981197
45,2026-03-28T08:21:34.372857+00:00,EQE1,5,1.0,0.288086,4096,0.981197
45,2026-03-28T08:21:34.372857+00:00,EQE1,5,3.0,-0.021484,4096,0.981197
45,2026-03-28T08:21:34.372857+00:00,EQE1,5,5.0,-0.103516,4096,0.981197
45,2026-03-28T08:21:34.372857+00:00,EQE1,6,1.0,0.313965,4096,0.981197
45,2026-03-28T08:21:34.372857+00:00,EQE1,6,3.0,0.028320,4096,0.981197
45,2026-03-28T08:21:34.372857+00:00,EQE1,6,5.0,-0.084473,4096,0.981197
45,2026-03-28T08:21:34.372857+00:00,EQE1,7,1.0,0.260254,4096,0.981197
45,2026-03-28T08:21:34.372857+00:00,EQE1,7,3.0,0.020508,4096,0.981197
45,2026-03-28T08:21:34.372857+00:00,EQE1,7,5.0,-0.106934,4096,0.981197
45,2026-03-28T08:21:34.372857+00:00,EQE1,8,1.0,0.292480,4096,0.981197
45,2026-03-28T08:21:34.372857+00:00,EQE1,8,3.0,0.009766,4096,0.981197
45,2026-03-28T08:21:34.372857+00:00,EQE1,8,5.0,-0.116699,4096,0.981197
45,2026-03-28T08:21:34.372857+00:00,EQE1,9,1.0,0.285645,4096,0.981197
45,2026-03-28T08:21:34.372857+00:00,EQE1,9,3.0,0.015625,4096,0.981197
45,2026-03-28T08:21:34.372857+00:00,EQE1,9,5.0,-0.080566,4096,0.981197
45,2026-03-28T08:21:34.372857+00:00,EQE1,10,1.0,0.288574,4096,0.981197
45,2026-03-28T08:21:34.372857+00:00,EQE1,10,3.0,0.019043,4096,0.981197
45,2026-03-28T08:21:34.372857+00:00,EQE1,10,5.0,-0.099121,4096,0.981197
45,2026-03-28T08:21:34.372857+00:00,EQE1,11,1.0,0.304688,4096,0.981197
45,2026-03-28T08:21:34.372857+00:00,EQE1,11,3.0,0.002930,4096,0.981197
45,2026-03-28T08:21:34.372857+00:00,EQE1,11,5.0,-0.101562,4096,0.981197
45,2026-03-28T08:21:34.372857+00:00,EQE1,12,1.0,0.248535,4096,0.981197
45,2026-03-28T08:21:34.372857+00:00,EQE1,12,3.0,0.021973,4096,0.981197
45,2026-03-28T08:21:34.372857+00:00,EQE1,12,5.0,-0.108398,4096,0.981197
45,2026-03-28T08:21:34.372857+00:00,EQE1,13,1.0,0.301758,4096,0.981197
45,2026-03-28T08:21:34.372857+00:00,EQE1,13,3.0,0.014648,4096,0.981197
45,2026-03-28T08:21:34.372857+00:00,EQE1,13,5.0,-0.070312,4096,0.981197
45,2026-03-28T08:21:34.372857+00:00,EQE1,14,1.0,0.292969,4096,0.981197
45,2026-03-28T08:21:34.372857+00:00,EQE1,14,3.0,0.020508,4096,0.981197
45,2026-03-28T08:21:34.372857+00:00,EQE1,14,5.0,-0.121094,4096,0.981197
45,2026-03-28T08:21:34.372857+00:00,EQE1,15,1.0,0.289551,4096,0.981197
45,2026-03-28T08:21:34.372857+00:00,EQE1,15,3.0,0.032227,4096,0.981197
45,2026-03-28T08:21:34.372857+00:00,EQE1,15,5.0,-0.099121,4096,0.981197
45,2026-03-28T08:21:34.372857+00:00,EQE1,16,1.0,0.293945,4096,0.981197
45,2026-03-28T08:21:34.372857+00:00,EQE1,16,3.0,0.034668,4096,0.981197
45,2026-03-28T08:21:34.372857+00:00,EQE1,16,5.0,-0.083496,4096,0.981197
45,2026-03-28T08:21:34.372857+00:00,EQE1,17,1.0,0.283203,4096,0.981197
45,2026-03-28T08:21:34.372857+00:00,EQE1,17,3.0,0.000488,4096,0.981197
45,2026-03-28T08:21:34.372857+00:00,EQE1,17,5.0,-0.124512,4096,0.981197
45,2026-03-28T08:21:34.372857+00:00,EQE1,18,1.0,0.285645,4096,0.981197
45,2026-03-28T08:21:34.372857+00:00,EQE1,18,3.0,0.021484,4096,0.981197
45,2026-03-28T08:21:34.372857+00:00,EQE1,18,5.0,-0.107422,4096,0.981197
45,2026-03-28T08:21:34.372857+00:00,EQE1,19,1.0,0.260742,4096,0.981197
45,2026-03-28T08:21:34.372857+00:00,EQE1,19,3.0,-0.003418,4096,0.981197
45,2026-03-28T08:21:34.372857+00:00,EQE1,19,5.0,-0.096680,4096,0.981197
45,2026-03-28T08:21:34.372857+00:00,EQE1,20,1.0,0.317871,4096,0.981197
45,2026-03-28T08:21:34.372857+00:00,EQE1,20,3.0,0.012207,4096,0.981197
45,2026-03-28T08:21:34.372857+00:00,EQE1,20,5.0,-0.055176,4096,0.981197
45,2026-03-28T08:21:34.372857+00:00,EQE1,21,1.0,0.313965,4096,0.981197
45,2026-03-28T08:21:34.372857+00:00,EQE1,21,3.0,0.025879,4096,0.981197
45,2026-03-28T08:21:34.372857+00:00,EQE1,21,5.0,-0.110840,4096,0.981197
45,2026-03-28T08:21:34.372857+00:00,EQE1,22,1.0,0.294922,4096,0.981197
45,2026-03-28T08:21:34.372857+00:00,EQE1,22,3.0,0.052246,4096,0.981197
45,2026-03-28T08:21:34.372857+00:00,EQE1,22,5.0,-0.103516,4096,0.981197
45,2026-03-28T08:21:34.372857+00:00,EQE1,23,1.0,0.295410,4096,0.981197
45,2026-03-28T08:21:34.372857+00:00,EQE1,23,3.0,0.007324,4096,0.981197
45,2026-03-28T08:21:34.372857+00:00,EQE1,23,5.0,-0.078125,4096,0.981197
45,2026-03-28T08:21:34.372857+00:00,EQE1,24,1.0,0.299316,4096,0.981197
45,2026-03-28T08:21:34.372857+00:00,EQE1,24,3.0,0.019531,4096,0.981197
45,2026-03-28T08:21:34.372857+00:00,EQE1,24,5.0,-0.112305,4096,0.981197
45,2026-03-28T08:21:34.372857+00:00,EQE1,25,1.0,0.309570,4096,0.981197
45,2026-03-28T08:21:34.372857+00:00,EQE1,25,3.0,0.036133,4096,0.981197
45,2026-03-28T08:21:34.372857+00:00,EQE1,25,5.0,-0.093262,4096,0.981197
45,2026-03-28T08:21:34.372857+00:00,EQE1,26,1.0,0.299805,4096,0.981197
45,2026-03-28T08:21:34.372857+00:00,EQE1,26,3.0,0.003906,4096,0.981197
45,2026-03-28T08:21:34.372857+00:00,EQE1,26,5.0,-0.075684,4096,0.981197
45,2026-03-28T08:21:34.372857+00:00,EQE1,27,1.0,0.290527,4096,0.981197
45,2026-03-28T08:21:34.372857+00:00,EQE1,27,3.0,-0.007324,4096,0.981197
45,2026-03-28T08:21:34.372857+00:00,EQE1,27,5.0,-0.090332,4096,0.981197
45,2026-03-28T08:21:34.372857+00:00,EQE1,28,1.0,0.285645,4096,0.981197
45,2026-03-28T08:21:34.372857+00:00,EQE1,28,3.0,0.016113,4096,0.981197
45,2026-03-28T08:21:34.372857+00:00,EQE1,28,5.0,-0.082031,4096,0.981197
45,2026-03-28T08:21:34.372857+00:00,EQE1,29,1.0,0.339844,4096,0.981197
45,2026-03-28T08:21:34.372857+00:00,EQE1,29,3.0,-0.000488,4096,0.981197
45,2026-03-28T08:21:34.372857+00:00,EQE1,29,5.0,-0.099121,4096,0.981197
46,2026-03-28T08:51:34.372902+00:00,EQE1,0,1.0,0.313965,4096,0.981197
46,2026-03-28T08:51:34.372902+00:00,EQE1,0,3.0,0.029297,4096,0.981197
46,2026-03-28T08:51:34.372902+00:00,EQE1,0,5.0,-0.065918,4096,0.981197
46,2026-03-28T08:51:34.372902+00:00,EQE1,1,1.0,0.303711,4096,0.981197
46,2026-03-28T08:51:34.372902+00:00,EQE1,1,3.0,0.024414,4096,0.981197
46,2026-03-28T08:51:34.372902+00:00,EQE1,1,5.0,-0.093750,4096,0.981197
46,2026-03-28T08:51:34.372902+00:00,EQE1,2,1.0,0.264648,4096,0.981197
46,2026-03-28T08:51:34.372902+00:00,EQE1,2,3.0,0.015625,4096,0.981197
46,2026-03-28T08:51:34.372902+00:00,EQE1,2,5.0,-0.079590,4096,0.981197
46,2026-03-28T08:51:34.372902+00:00,EQE1,3,1.0,0.289062,4096,0.981197
46,2026-03-28T08:51:34.372902+00:00,EQE1,3,3.0,0.035645,4096,0.981197
46,2026-03-28T08:51:34.372902+00:00,EQE1,3,5.0,-0.096191,4096,0.981197
46,2026-03-28T08:51:34.372902+00:00,EQE1,4,1.0,0.281738,4096,0.981197
46,2026-03-28T08:51:34.372902+00:00,EQE1,4,3.0,0.021973,4096,0.981197
46,2026-03-28T08:51:34.372902+00:00,EQE1,4,5.0,-0.086914,4096,0.981197
46,2026-03-28T08:51:34.372902+00:00,EQE1,5,1.0,0.279297,4096,0.981197
46,2026-03-28T08:51:34.372902+00:00,EQE1,5,3.0,0.012695,4096,0.981197
46,2026-03-28T08:51:34.372902+00:00,EQE1,5,5.0,-0.087402,4096,0.981197
46,2026-03-28T08:51:34.372902+00:00,EQE1,6,1.0,0.271973,4096,0.981197
46,2026-03-28T08:51:34.372902+00:00,EQE1,6,3.0,0.026367,4096,0.981197
46,2026-03-28T08:51:34.372902+00:00,EQE1,6,5.0,-0.078125,4096,0.981197
46,2026-03-28T08:51:34.372902+00:00,EQE1,7,1.0,0.278809,4096,0.981197
46,2026-03-28T08:51:34.372902+00:00,EQE1,7,3.0,0.007812,4096,0.981197
46,2026-03-28T08:51:34.372902+00:00,EQE1,7,5.0,-0.109863,4096,0.981197
46,2026-03-28T08:51:34.372902+00:00,EQE1,8,1.0,0.295898,4096,0.981197
46,2026-03-28T08:51:34.372902+00:00,EQE1,8,3.0,0.001953,4096,0.981197
46,2026-03-28T08:51:34.372902+00:00,EQE1,8,5.0,-0.108398,4096,0.981197
46,2026-03-28T08:51:34.372902+00:00,EQE1,9,1.0,0.322754,4096,0.981197
46,2026-03-28T08:51:34.372902+00:00,EQE1,9,3.0,0.002441,4096,0.981197
46,2026-03-28T08:51:34.372902+00:00,EQE1,9,5.0,-0.071289,4096,0.981197
46,2026-03-28T08:51:34.372902+00:00,EQE1,10,1.0,0.290039,4096,0.981197
46,2026-03-28T08:51:34.372902+00:00,EQE1,10,3.0,-0.009277,4096,0.981197
46,2026-03-28T08:51:34.372902+00:00,EQE1,10,5.0,-0.106934,4096,0.981197
46,2026-03-28T08:51:34.372902+00:00,EQE1,11,1.0,0.308105,4096,0.981197
46,2026-03-28T08:51:34.372902+00:00,EQE1,11,3.0,0.006348,4096,0.981197
46,2026-03-28T08:51:34.372902+00:00,EQE1,11,5.0,-0.099609,4096,0.981197
46,2026-03-28T08:51:34.372902+00:00,EQE1,12,1.0,0.279297,4096,0.981197
46,2026-03-28T08:51:34.372902+00:00,EQE1,12,3.0,0.009766,4096,0.981197
46,2026-03-28T08:51:34.372902+00:00,EQE1,12,5.0,-0.093750,4096,0.981197
46,2026-03-28T08:51:34.372902+00:00,EQE1,13,1.0,0.293457,4096,0.981197
46,2026-03-28T08:51:34.372902+00:00,EQE1,13,3.0,0.008301,4096,0.981197
46,2026-03-28T08:51:34.372902+00:00,EQE1,13,5.0,-0.088867,4096,0.981197
46,2026-03-28T08:51:34.372902+00:00,EQE1,14,1.0,0.289551,4096,0.981197
46,2026-03-28T08:51:34.372902+00:00,EQE1,14,3.0,0.031250,4096,0.981197
46,2026-03-28T08:51:34.372902+00:00,EQE1,14,5.0,-0.087402,4096,0.981197
46,2026-03-28T08:51:34.372902+00:00,EQE1,15,1.0,0.266602,4096,0.981197
46,2026-03-28T08:51:34.372902+00:00,EQE1,15,3.0,0.037598,4096,0.981197
46,2026-03-28T08:51:34.372902+00:00,EQE1,15,5.0,-0.085938,4096,0.981197
46,2026-03-28T08:51:34.372902+00:00,EQE1,16,1.0,0.287598,4096,0.981197
46,2026-03-28T08:51:34.372902+00:00,EQE1,16,3.0,0.012695,4096,0.981197
46,2026-03-28T08:51:34.372902+00:00,EQE1,16,5.0,-0.127930,4096,0.981197
46,2026-03-28T08:51:34.372902+00:00,EQE1,17,1.0,0.285645,4096,0.981197
46,2026-03-28T08:51:34.372902+00:00,EQE1,17,3.0,0.017578,4096,0.981197
46,2026-03-28T08:51:34.372902+00:00,EQE1,17,5.0,-0.083008,4096,0.981197
46,2026-03-28T08:51:34.372902+00:00,EQE1,18,1.0,0.289551,4096,0.981197
46,2026-03-28T08:51:34.372902+00:00,EQE1,18,3.0,0.012695,4096,0.981197
46,2026-03-28T08:51:34.372902+00:00,EQE1,18,5.0,-0.091309,4096,0.981197
46,2026-03-28T08:51:34.372902+00:00,EQE1,19,1.0,0.281738,4096,0.981197
46,2026-03-28T08:51:34.372902+00:00,EQE1,19,3.0,0.027344,4096,0.981197
46,2026-03-28T08:51:34.372902+00:00,EQE1,19,5.0,-0.126953,4096,0.981197
46,2026-03-28T08:51:34.372902+00:00,EQE1,20,1.0,0.265625,4096,0.981197
46,2026-03-28T08:51:34.372902+00:00,EQE1,20,3.0,0.011719,4096,0.981197
46,2026-03-28T08:51:34.372902+00:00,EQE1,20,5.0,-0.083984,4096,0.981197
46,2026-03-28T08:51:34.372902+00:00,EQE1,21,1.0,0.275879,4096,0.981197
46,2026-03-28T08:51:34.372902+00:00,EQE1,21,3.0,0.005371,4096,0.981197
46,2026-03-28T08:51:34.372902+00:00,EQE1,21,5.0,-0.107910,4096,0.981197
46,2026-03-28T08:51:34.372902+00:00,EQE1,22,1.0,0.269531,4096,0.981197
46,2026-03-28T08:51:34.372902+00:00,EQE1,22,3.0,0.039062,4096,0.981197
46,2026-03-28T08:51:34.372902+00:00,EQE1,22,5.0,-0.096191,4096,0.981197
46,2026-03-28T08:51:34.372902+00:00,EQE1,23,1.0,0.302734,4096,0.981197
46,2026-03-28T08:51:34.372902+00:00,EQE1,23,3.0,0.010742,4096,0.981197
46,2026-03-28T08:51:34.372902+00:00,EQE1,23,5.0,-0.096680,4096,0.981197
46,2026-03-28T08:51:34.372902+00:00,EQE1,24,1.0,0.294922,4096,0.981197
46,2026-03-28T08:51:34.372902+00:00,EQE1,24,3.0,0.006348,4096,0.981197
46,2026-03-28T08:51:34.372902+00:00,EQE1,24,5.0,-0.114258,4096,0.981197
46,2026-03-28T08:51:34.372902+00:00,EQE1,25,1.0,0.296875,4096,0.981197
46,2026-03-28T08:51:34.372902+00:00,EQE1,25,3.0,0.016602,4096,0.981197
46,2026-03-28T08:51:34.372902+00:00,EQE1,25,5.0,-0.070312,4096,0.981197
46,2026-03-28T08:51:34.372902+00:00,EQE1,26,1.0,0.306152,4096,0.981197
46,2026-03-28T08:51:34.372902+00:00,EQE1,26,3.0,-0.001465,4096,0.981197
46,2026-03-28T08:51:34.372902+00:00,EQE1,26,5.0,-0.126953,4096,0.981197
46,2026-03-28T08:51:34.372902+00:00,EQE1,27,1.0,0.278809,4096,0.981197
46,2026-03-28T08:51:34.372902+00:00,EQE1,27,3.0,0.023926,4096,0.981197
46,2026-03-28T08:51:34.372902+00:00,EQE1,27,5.0,-0.124512,4096,0.981197
46,2026-03-28T08:51:34.372902+00:00,EQE1,28,1.0,0.289062,4096,0.981197
46,2026-03-28T08:51:34.372902+00:00,EQE1,28,3.0,0.005859,4096,0.981197
46,2026-03-28T08:51:34.372902+00:00,EQE1,28,5.0,-0.083008,4096,0.981197
46,2026-03-28T08:51:34.372902+00:00,EQE1,29,1.0,0.279785,4096,0.981197
46,2026-03-28T08:51:34.372902+00:00,EQE1,29,3.0,0.024902,4096,0.981197
46,2026-03-28T08:51:34.372902+00:00,EQE1,29,5.0,-0.092285,4096,0.981197
47,2026-03-28T09:21:34.372842+00:00,EQE1,0,1.0,0.264160,4096,0.981197
47,2026-03-28T09:21:34.372842+00:00,EQE1,0,3.0,0.010254,4096,0.981197
47,2026-03-28T09:21:34.372842+00:00,EQE1,0,5.0,-0.096191,4096,0.981197
47,2026-03-28T09:21:34.372842+00:00,EQE1,1,1.0,0.270508,4096,0.981197
47,2026-03-28T09:21:34.372842+00:00,EQE1,1,3.0,0.014648,4096,0.981197
47,2026-03-28T09:21:34.372842+00:00,EQE1,1,5.0,-0.107422,4096,0.981197
47,2026-03-28T09:21:34.372842+00:00,EQE1,2,1.0,0.273926,4096,0.981197
47,2026-03-28T09:21:34.372842+00:00,EQE1,2,3.0,-0.003906,4096,0.981197
47,2026-03-28T09:21:34.372842+00:00,EQE1,2,5.0,-0.076172,4096,0.981197
47,2026-03-28T09:21:34.372842+00:00,EQE1,3,1.0,0.276855,4096,0.981197
47,2026-03-28T09:21:34.372842+00:00,EQE1,3,3.0,0.037598,4096,0.981197
47,2026-03-28T09:21:34.372842+00:00,EQE1,3,5.0,-0.121094,4096,0.981197
47,2026-03-28T09:21:34.372842+00:00,EQE1,4,1.0,0.287109,4096,0.981197
47,2026-03-28T09:21:34.372842+00:00,EQE1,4,3.0,0.021973,4096,0.981197
47,2026-03-28T09:21:34.372842+00:00,EQE1,4,5.0,-0.104980,4096,0.981197
47,2026-03-28T09:21:34.372842+00:00,EQE1,5,1.0,0.284180,4096,0.981197
47,2026-03-28T09:21:34.372842+00:00,EQE1,5,3.0,0.026367,4096,0.981197
47,2026-03-28T09:21:34.372842+00:00,EQE1,5,5.0,-0.117188,4096,0.981197
47,2026-03-28T09:21:34.372842+00:00,EQE1,6,1.0,0.284180,4096,0.981197
47,2026-03-28T09:21:34.372842+00:00,EQE1,6,3.0,0.009766,4096,0.981197
47,2026-03-28T09:21:34.372842+00:00,EQE1,6,5.0,-0.133301,4096,0.981197
47,2026-03-28T09:21:34.372842+00:00,EQE1,7,1.0,0.303223,4096,0.981197
47,2026-03-28T09:21:34.372842+00:00,EQE1,7,3.0,0.016113,4096,0.981197
47,2026-03-28T09:21:34.372842+00:00,EQE1,7,5.0,-0.090820,4096,0.981197
47,2026-03-28T09:21:34.372842+00:00,EQE1,8,1.0,0.271484,4096,0.981197
47,2026-03-28T09:21:34.372842+00:00,EQE1,8,3.0,0.021973,4096,0.981197
47,2026-03-28T09:21:34.372842+00:00,EQE1,8,5.0,-0.097656,4096,0.981197
47,2026-03-28T09:21:34.372842+00:00,EQE1,9,1.0,0.287109,4096,0.981197
47,2026-03-28T09:21:34.372842+00:00,EQE1,9,3.0,-0.008789,4096,0.981197
47,2026-03-28T09:21:34.372842+00:00,EQE1,9,5.0,-0.106445,4096,0.981197
47,2026-03-28T09:21:34.372842+00:00,EQE1,10,1.0,0.254395,4096,0.981197
47,2026-03-28T09:21:34.372842+00:00,EQE1,10,3.0,0.001953,4096,0.981197
47,2026-03-28T09:21:34.372842+00:00,EQE1,10,5.0,-0.112793,4096,0.981197
47,2026-03-28T09:21:34.372842+00:00,EQE1,11,1.0,0.323242,4096,0.981197
47,2026-03-28T09:21:34.372842+00:00,EQE1,11,3.0,0.004883,4096,0.981197
47,2026-03-28T09:21:34.372842+00:00,EQE1,11,5.0,-0.088379,4096,0.981197
47,2026-03-28T09:21:34.372842+00:00,EQE1,12,1.0,0.271484,4096,0.981197
47,2026-03-28T09:21:34.372842+00:00,EQE1,12,3.0,0.000977,4096,0.981197
47,2026-03-28T09:21:34.372842+00:00,EQE1,12,5.0,-0.097656,4096,0.981197
47,2026-03-28T09:21:34.372842+00:00,EQE1,13,1.0,0.298828,4096,0.981197
47,2026-03-28T09:21:34.372842+00:00,EQE1,13,3.0,0.050781,4096,0.981197
47,2026-03-28T09:21:34.372842+00:00,EQE1,13,5.0,-0.070312,4096,0.981197
47,2026-03-28T09:21:34.372842+00:00,EQE1,14,1.0,0.295410,4096,0.981197
47,2026-03-28T09:21:34.372842+00:00,EQE1,14,3.0,0.027344,4096,0.981197
47,2026-03-28T09:21:34.372842+00:00,EQE1,14,5.0,-0.090820,4096,0.981197
47,2026-03-28T09:21:34.372842+00:00,EQE1,15,1.0,0.299805,4096,0.981197
47,2026-03-28T09:21:34.372842+00:00,EQE1,15,3.0,0.001953,4096,0.981197
47,2026-03-28T09:21:34.372842+00:00,EQE1,15,5.0,-0.088867,4096,0.981197
47,2026-03-28T09:21:34.372842+00:00,EQE1,16,1.0,0.292969,4096,0.981197
47,2026-03-28T09:21:34.372842+00:00,EQE1,16,3.0,0.014648,4096,0.981197
47,2026-03-28T09:21:34.372842+00:00,EQE1,16,5.0,-0.097168,4096,0.981197
47,2026-03-28T09:21:34.372842+00:00,EQE1,17,1.0,0.289062,4096,0.981197
47,2026-03-28T09:21:34.372842+00:00,EQE1,17,3.0,0.029785,4096,0.981197
47,2026-03-28T09:21:34.372842+00:00,EQE1,17,5.0,-0.096191,4096,0.981197
47,2026-03-28T09:21:34.372842+00:00,EQE1,18,1.0,0.281250,4096,0.981197
47,2026-03-28T09:21:34.372842+00:00,EQE1,18,3.0,0.033203,4096,0.981197
47,2026-03-28T09:21:34.372842+00:00,EQE1,18,5.0,-0.090820,4096,0.981197
47,2026-03-28T09:21:34.372842+00:00,EQE1,19,1.0,0.283691,4096,0.981197
47,2026-03-28T09:21:34.372842+00:00,EQE1,19,3.0,0.015625,4096,0.981197
47,2026-03-28T09:21:34.372842+00:00,EQE1,19,5.0,-0.107422,4096,0.981197
47,2026-03-28T09:21:34.372842+00:00,EQE1,20,1.0,0.307617,4096,0.981197
47,2026-03-28T09:21:34.372842+00:00,EQE1,20,3.0,0.018066,4096,0.981197
47,2026-03-28T09:21:34.372842+00:00,EQE1,20,5.0,-0.101074,4096,0.981197
47,2026-03-28T09:21:34.372842+00:00,EQE1,21,1.0,0.303223,4096,0.981197
47,2026-03-28T09:21:34.372842+00:00,EQE1,21,3.0,0.034180,4096,0.981197
47,2026-03-28T09:21:34.372842+00:00,EQE1,21,5.0,-0.077148,4096,0.981197
47,2026-03-28T09:21:34.372842+00:00,EQE1,22,1.0,0.293945,4096,0.981197
47,2026-03-28T09:21:34.372842+00:00,EQE1,22,3.0,0.018555,4096,0.981197
47,2026-03-28T09:21:34.372842+00:00,EQE1,22,5.0,-0.101074,4096,0.981197
47,2026-03-28T09:21:34.372842+00:00,EQE1,23,1.0,0.292480,4096,0.981197
47,2026-03-28T09:21:34.372842+00:00,EQE1,23,3.0,0.026367,4096,0.981197
47,2026-03-28T09:21:34.372842+00:00,EQE1,23,5.0,-0.097168,4096,0.981197
47,2026-03-28T09:21:34.372842+00:00,EQE1,24,1.0,0.271484,4096,0.981197
47,2026-03-28T09:21:34.372842+00:00,EQE1,24,3.0,-0.007324,4096,0.981197
47,2026-03-28T09:21:34.372842+00:00,EQE1,24,5.0,-0.098633,4096,0.981197
47,2026-03-28T09:21:34.372842+00:00,EQE1,25,1.0,0.285156,4096,0.981197
47,2026-03-28T09:21:34.372842+00:00,EQE1,25,3.0,0.029785,4096,0.981197
47,2026-03-28T09:21:34.372842+00:00,EQE1,25,5.0,-0.124023,4096,0.981197
47,2026-03-28T09:21:34.372842+00:00,EQE1,26,1.0,0.283203,4096,0.981197
47,2026-03-28T09:21:34.372842+00:00,EQE1,26,3.0,0.002930,4096,0.981197
47,2026-03-28T09:21:34.372842+00:00,EQE1,26,5.0,-0.083496,4096,0.981197
47,2026-03-28T09:21:34.372842+00:00,EQE1,27,1.0,0.277344,4096,0.981197
47,2026-03-28T09:21:34.372842+00:00,EQE1,27,3.0,0.026855,4096,0.981197
47,2026-03-28T09:21:34.372842+00:00,EQE1,27,5.0,-0.094727,4096,0.981197
47,2026-03-28T09:21:34.372842+00:00,EQE1,28,1.0,0.303223,4096,0.981197
47,2026-03-28T09:21:34.372842+00:00,EQE1,28,3.0,0.043457,4096,0.981197
47,2026-03-28T09:21:34.372842+00:00,EQE1,28,5.0,-0.108887,4096,0.981197
47,2026-03-28T09:21:34.372842+00:00,EQE1,29,1.0,0.290527,4096,0.981197
47,2026-03-28T09:21:34.372842+00:00,EQE1,29,3.0,0.000977,4096,0.981197
47,2026-03-28T09:21:34.372842+00:00,EQE1,29,5.0,-0.104004,4096,0.981197
48,2026-03-28T09:51:34.372915+00:00,EQE1,0,1.0,0.308105,4096,0.981197
48,2026-03-28T09:51:34.372915+00:00,EQE1,0,3.0,0.024902,4096,0.981197
48,2026-03-28T09:51:34.372915+00:00,EQE1,0,5.0,-0.083008,4096,0.981197
48,2026-03-28T09:51:34.372915+00:00,EQE1,1,1.0,0.282227,4096,0.981197
48,2026-03-28T09:51:34.372915+00:00,EQE1,1,3.0,-0.011230,4096,0.981197
48,2026-03-28T09:51:34.372915+00:00,EQE1,1,5.0,-0.085449,4096,0.981197
48,2026-03-28T09:51:34.372915+00:00,EQE1,2,1.0,0.307129,4096,0.981197
48,2026-03-28T09:51:34.372915+00:00,EQE1,2,3.0,0.037598,4096,0.981197
48,2026-03-28T09:51:34.372915+00:00,EQE1,2,5.0,-0.106934,4096,0.981197
48,2026-03-28T09:51:34.372915+00:00,EQE1,3,1.0,0.296387,4096,0.981197
48,2026-03-28T09:51:34.372915+00:00,EQE1,3,3.0,0.022949,4096,0.981197
48,2026-03-28T09:51:34.372915+00:00,EQE1,3,5.0,-0.080078,4096,0.981197
48,2026-03-28T09:51:34.372915+00:00,EQE1,4,1.0,0.290527,4096,0.981197
48,2026-03-28T09:51:34.372915+00:00,EQE1,4,3.0,0.017578,4096,0.981197
48,2026-03-28T09:51:34.372915+00:00,EQE1,4,5.0,-0.084473,4096,0.981197
48,2026-03-28T09:51:34.372915+00:00,EQE1,5,1.0,0.279297,4096,0.981197
48,2026-03-28T09:51:34.372915+00:00,EQE1,5,3.0,0.022949,4096,0.981197
48,2026-03-28T09:51:34.372915+00:00,EQE1,5,5.0,-0.095215,4096,0.981197
48,2026-03-28T09:51:34.372915+00:00,EQE1,6,1.0,0.254395,4096,0.981197
48,2026-03-28T09:51:34.372915+00:00,EQE1,6,3.0,0.035645,4096,0.981197
48,2026-03-28T09:51:34.372915+00:00,EQE1,6,5.0,-0.098145,4096,0.981197
48,2026-03-28T09:51:34.372915+00:00,EQE1,7,1.0,0.291992,4096,0.981197
48,2026-03-28T09:51:34.372915+00:00,EQE1,7,3.0,0.018555,4096,0.981197
48,2026-03-28T09:51:34.372915+00:00,EQE1,7,5.0,-0.125000,4096,0.981197
48,2026-03-28T09:51:34.372915+00:00,EQE1,8,1.0,0.291016,4096,0.981197
48,2026-03-28T09:51:34.372915+00:00,EQE1,8,3.0,-0.030273,4096,0.981197
48,2026-03-28T09:51:34.372915+00:00,EQE1,8,5.0,-0.086914,4096,0.981197
48,2026-03-28T09:51:34.372915+00:00,EQE1,9,1.0,0.275391,4096,0.981197
48,2026-03-28T09:51:34.372915+00:00,EQE1,9,3.0,0.007324,4096,0.981197
48,2026-03-28T09:51:34.372915+00:00,EQE1,9,5.0,-0.107422,4096,0.981197
48,2026-03-28T09:51:34.372915+00:00,EQE1,10,1.0,0.289062,4096,0.981197
48,2026-03-28T09:51:34.372915+00:00,EQE1,10,3.0,0.005371,4096,0.981197
48,2026-03-28T09:51:34.372915+00:00,EQE1,10,5.0,-0.090820,4096,0.981197
48,2026-03-28T09:51:34.372915+00:00,EQE1,11,1.0,0.290039,4096,0.981197
48,2026-03-28T09:51:34.372915+00:00,EQE1,11,3.0,0.020508,4096,0.981197
48,2026-03-28T09:51:34.372915+00:00,EQE1,11,5.0,-0.103516,4096,0.981197
48,2026-03-28T09:51:34.372915+00:00,EQE1,12,1.0,0.294922,4096,0.981197
48,2026-03-28T09:51:34.372915+00:00,EQE1,12,3.0,0.016113,4096,0.981197
48,2026-03-28T09:51:34.372915+00:00,EQE1,12,5.0,-0.088379,4096,0.981197
48,2026-03-28T09:51:34.372915+00:00,EQE1,13,1.0,0.279297,4096,0.981197
48,2026-03-28T09:51:34.372915+00:00,EQE1,13,3.0,0.013672,4096,0.981197
48,2026-03-28T09:51:34.372915+00:00,EQE1,13,5.0,-0.080566,4096,0.981197
48,2026-03-28T09:51:34.372915+00:00,EQE1,14,1.0,0.286621,4096,0.981197
48,2026-03-28T09:51:34.372915+00:00,EQE1,14,3.0,-0.003906,4096,0.981197
48,2026-03-28T09:51:34.372915+00:00,EQE1,14,5.0,-0.071777,4096,0.981197
48,2026-03-28T09:51:34.372915+00:00,EQE1,15,1.0,0.314941,4096,0.981197
48,2026-03-28T09:51:34.372915+00:00,EQE1,15,3.0,0.020020,4096,0.981197
48,2026-03-28T09:51:34.372915+00:00,EQE1,15,5.0,-0.128906,4096,0.981197
48,2026-03-28T09:51:34.372915+00:00,EQE1,16,1.0,0.289062,4096,0.981197
48,2026-03-28T09:51:34.372915+00:00,EQE1,16,3.0,0.006836,4096,0.981197
48,2026-03-28T09:51:34.372915+00:00,EQE1,16,5.0,-0.061523,4096,0.981197
48,2026-03-28T09:51:34.372915+00:00,EQE1,17,1.0,0.274414,4096,0.981197
48,2026-03-28T09:51:34.372915+00:00,EQE1,17,3.0,0.013184,4096,0.981197
48,2026-03-28T09:51:34.372915+00:00,EQE1,17,5.0,-0.083984,4096,0.981197
48,2026-03-28T09:51:34.372915+00:00,EQE1,18,1.0,0.279785,4096,0.981197
48,2026-03-28T09:51:34.372915+00:00,EQE1,18,3.0,0.014160,4096,0.981197
48,2026-03-28T09:51:34.372915+00:00,EQE1,18,5.0,-0.076660,4096,0.981197
48,2026-03-28T09:51:34.372915+00:00,EQE1,19,1.0,0.275879,4096,0.981197
48,2026-03-28T09:51:34.372915+00:00,EQE1,19,3.0,0.023926,4096,0.981197
48,2026-03-28T09:51:34.372915+00:00,EQE1,19,5.0,-0.098633,4096,0.981197
48,2026-03-28T09:51:34.372915+00:00,EQE1,20,1.0,0.304688,4096,0.981197
48,2026-03-28T09:51:34.372915+00:00,EQE1,20,3.0,0.038574,4096,0.981197
48,2026-03-28T09:51:34.372915+00:00,EQE1,20,5.0,-0.077637,4096,0.981197
48,2026-03-28T09:51:34.372915+00:00,EQE1,21,1.0,0.288086,4096,0.981197
48,2026-03-28T09:51:34.372915+00:00,EQE1,21,3.0,0.009766,4096,0.981197
48,2026-03-28T09:51:34.372915+00:00,EQE1,21,5.0,-0.096191,4096,0.981197
48,2026-03-28T09:51:34.372915+00:00,EQE1,22,1.0,0.287598,4096,0.981197
48,2026-03-28T09:51:34.372915+00:00,EQE1,22,3.0,0.031250,4096,0.981197
48,2026-03-28T09:51:34.372915+00:00,EQE1,22,5.0,-0.116211,4096,0.981197
48,2026-03-28T09:51:34.372915+00:00,EQE1,23,1.0,0.299316,4096,0.981197
48,2026-03-28T09:51:34.372915+00:00,EQE1,23,3.0,0.034180,4096,0.981197
48,2026-03-28T09:51:34.372915+00:00,EQE1,23,5.0,-0.078125,4096,0.981197
48,2026-03-28T09:51:34.372915+00:00,EQE1,24,1.0,0.273926,4096,0.981197
48,2026-03-28T09:51:34.372915+00:00,EQE1,24,3.0,-0.000977,4096,0.981197
48,2026-03-28T09:51:34.372915+00:00,EQE1,24,5.0,-0.087891,4096,0.981197
48,2026-03-28T09:51:34.372915+00:00,EQE1,25,1.0,0.285645,4096,0.981197
48,2026-03-28T09:51:34.372915+00:00,EQE1,25,3.0,0.018555,4096,0.981197
48,2026-03-28T09:51:34.372915+00:00,EQE1,25,5.0,-0.096191,4096,0.981197
48,2026-03-28T09:51:34.372915+00:00,EQE1,26,1.0,0.333496,4096,0.981197
48,2026-03-28T09:51:34.372915+00:00,EQE1,26,3.0,0.013672,4096,0.981197
48,2026-03-28T09:51:34.372915+00:00,EQE1,26,5.0,-0.092285,4096,0.981197
48,2026-03-28T09:51:34.372915+00:00,EQE1,27,1.0,0.289062,4096,0.981197
48,2026-03-28T09:51:34.372915+00:00,EQE1,27,3.0,0.013184,4096,0.981197
48,2026-03-28T09:51:34.372915+00:00,EQE1,27,5.0,-0.083984,4096,0.981197
48,2026-03-28T09:51:34.372915+00:00,EQE1,28,1.0,0.291016,4096,0.981197
48,2026-03-28T09:51:34.372915+00:00,EQE1,28,3.0,0.024902,4096,0.981197
48,2026-03-28T09:51:34.372915+00:00,EQE1,28,5.0,-0.093262,4096,0.981197
48,2026-03-28T09:51:34.372915+00:00,EQE1,29,1.0,0.267090,4096,0.981197
48,2026-03-28T09:51:34.372915+00:00,EQE1,29,3.0,0.002441,4096,0.981197
48,2026-03-28T09:51:34.372915+00:00,EQE1,29,5.0,-0.083496,4096,0.981197
49,2026-03-28T10:21:34.372870+00:00,EQE1,0,1.0,0.286133,4096,0.981197
49,2026-03-28T10:21:34.372870+00:00,EQE1,0,3.0,0.011719,4096,0.981197
49,2026-03-28T10:21:34.372870+00:00,EQE1,0,5.0,-0.125000,4096,0.981197
49,2026-03-28T10:21:34.372870+00:00,EQE1,1,1.0,0.275879,4096,0.981197
49,2026-03-28T10:21:34.372870+00:00,EQE1,1,3.0,-0.002441,4096,0.981197
49,2026-03-28T10:21:34.372870+00:00,EQE1,1,5.0,-0.088867,4096,0.981197
49,2026-03-28T10:21:34.372870+00:00,EQE1,2,1.0,0.289062,4096,0.981197
49,2026-03-28T10:21:34.372870+00:00,EQE1,2,3.0,-0.002930,4096,0.981197
49,2026-03-28T10:21:34.372870+00:00,EQE1,2,5.0,-0.077148,4096,0.981197
49,2026-03-28T10:21:34.372870+00:00,EQE1,3,1.0,0.296875,4096,0.981197
49,2026-03-28T10:21:34.372870+00:00,EQE1,3,3.0,0.029785,4096,0.981197
49,2026-03-28T10:21:34.372870+00:00,EQE1,3,5.0,-0.105957,4096,0.981197
49,2026-03-28T10:21:34.372870+00:00,EQE1,4,1.0,0.288574,4096,0.981197
49,2026-03-28T10:21:34.372870+00:00,EQE1,4,3.0,0.003418,4096,0.981197
49,2026-03-28T10:21:34.372870+00:00,EQE1,4,5.0,-0.121582,4096,0.981197
49,2026-03-28T10:21:34.372870+00:00,EQE1,5,1.0,0.303711,4096,0.981197
49,2026-03-28T10:21:34.372870+00:00,EQE1,5,3.0,0.026367,4096,0.981197
49,2026-03-28T10:21:34.372870+00:00,EQE1,5,5.0,-0.103516,4096,0.981197
49,2026-03-28T10:21:34.372870+00:00,EQE1,6,1.0,0.306152,4096,0.981197
49,2026-03-28T10:21:34.372870+00:00,EQE1,6,3.0,0.034180,4096,0.981197
49,2026-03-28T10:21:34.372870+00:00,EQE1,6,5.0,-0.114746,4096,0.981197
49,2026-03-28T10:21:34.372870+00:00,EQE1,7,1.0,0.308105,4096,0.981197
49,2026-03-28T10:21:34.372870+00:00,EQE1,7,3.0,0.011719,4096,0.981197
49,2026-03-28T10:21:34.372870+00:00,EQE1,7,5.0,-0.100098,4096,0.981197
49,2026-03-28T10:21:34.372870+00:00,EQE1,8,1.0,0.314453,4096,0.981197
49,2026-03-28T10:21:34.372870+00:00,EQE1,8,3.0,0.004395,4096,0.981197
49,2026-03-28T10:21:34.372870+00:00,EQE1,8,5.0,-0.135742,4096,0.981197
49,2026-03-28T10:21:34.372870+00:00,EQE1,9,1.0,0.307129,4096,0.981197
49,2026-03-28T10:21:34.372870+00:00,EQE1,9,3.0,0.008301,4096,0.981197
49,2026-03-28T10:21:34.372870+00:00,EQE1,9,5.0,-0.093262,4096,0.981197
49,2026-03-28T10:21:34.372870+00:00,EQE1,10,1.0,0.296875,4096,0.981197
49,2026-03-28T10:21:34.372870+00:00,EQE1,10,3.0,-0.020020,4096,0.981197
49,2026-03-28T10:21:34.372870+00:00,EQE1,10,5.0,-0.097656,4096,0.981197
49,2026-03-28T10:21:34.372870+00:00,EQE1,11,1.0,0.301270,4096,0.981197
49,2026-03-28T10:21:34.372870+00:00,EQE1,11,3.0,0.021484,4096,0.981197
49,2026-03-28T10:21:34.372870+00:00,EQE1,11,5.0,-0.126953,4096,0.981197
49,2026-03-28T10:21:34.372870+00:00,EQE1,12,1.0,0.304199,4096,0.981197
49,2026-03-28T10:21:34.372870+00:00,EQE1,12,3.0,0.031738,4096,0.981197
49,2026-03-28T10:21:34.372870+00:00,EQE1,12,5.0,-0.096191,4096,0.981197
49,2026-03-28T10:21:34.372870+00:00,EQE1,13,1.0,0.286621,4096,0.981197
49,2026-03-28T10:21:34.372870+00:00,EQE1,13,3.0,0.018555,4096,0.981197
49,2026-03-28T10:21:34.372870+00:00,EQE1,13,5.0,-0.112305,4096,0.981197
49,2026-03-28T10:21:34.372870+00:00,EQE1,14,1.0,0.311523,4096,0.981197
49,2026-03-28T10:21:34.372870+00:00,EQE1,14,3.0,0.023926,4096,0.981197
49,2026-03-28T10:21:34.372870+00:00,EQE1,14,5.0,-0.107910,4096,0.981197
49,2026-03-28T10:21:34.372870+00:00,EQE1,15,1.0,0.294434,4096,0.981197
49,2026-03-28T10:21:34.372870+00:00,EQE1,15,3.0,0.011230,4096,0.981197
49,2026-03-28T10:21:34.372870+00:00,EQE1,15,5.0,-0.129883,4096,0.981197
49,2026-03-28T10:21:34.372870+00:00,EQE1,16,1.0,0.308594,4096,0.981197
49,2026-03-28T10:21:34.372870+00:00,EQE1,16,3.0,0.022949,4096,0.981197
49,2026-03-28T10:21:34.372870+00:00,EQE1,16,5.0,-0.111328,4096,0.981197
49,2026-03-28T10:21:34.372870+00:00,EQE1,17,1.0,0.305664,4096,0.981197
49,2026-03-28T10:21:34.372870+00:00,EQE1,17,3.0,0.045898,4096,0.981197
49,2026-03-28T10:21:34.372870+00:00,EQE1,17,5.0,-0.117188,4096,0.981197
49,2026-03-28T10:21:34.372870+00:00,EQE1,18,1.0,0.276367,4096,0.981197
49,2026-03-28T10:21:34.372870+00:00,EQE1,18,3.0,0.019531,4096,0.981197
49,2026-03-28T10:21:34.372870+00:00,EQE1,18,5.0,-0.077637,4096,0.981197
49,2026-03-28T10:21:34.372870+00:00,EQE1,19,1.0,0.300293,4096,0.981197
49,2026-03-28T10:21:34.372870+00:00,EQE1,19,3.0,0.026855,4096,0.981197
49,2026-03-28T10:21:34.372870+00:00,EQE1,19,5.0,-0.120605,4096,0.981197
49,2026-03-28T10:21:34.372870+00:00,EQE1,20,1.0,0.296875,4096,0.981197
49,2026-03-28T10:21:34.372870+00:00,EQE1,20,3.0,0.019043,4096,0.981197
49,2026-03-28T10:21:34.372870+00:00,EQE1,20,5.0,-0.082520,4096,0.981197
49,2026-03-28T10:21:34.372870+00:00,EQE1,21,1.0,0.308105,4096,0.981197
49,2026-03-28T10:21:34.372870+00:00,EQE1,21,3.0,0.021973,4096,0.981197
49,2026-03-28T10:21:34.372870+00:00,EQE1,21,5.0,-0.080566,4096,0.981197
49,2026-03-28T10:21:34.372870+00:00,EQE1,22,1.0,0.315918,4096,0.981197
49,2026-03-28T10:21:34.372870+00:00,EQE1,22,3.0,0.047852,4096,0.981197
49,2026-03-28T10:21:34.372870+00:00,EQE1,22,5.0,-0.122559,4096,0.981197
49,2026-03-28T10:21:34.372870+00:00,EQE1,23,1.0,0.306152,4096,0.981197
49,2026-03-28T10:21:34.372870+00:00,EQE1,23,3.0,0.000488,4096,0.981197
49,2026-03-28T10:21:34.372870+00:00,EQE1,23,5.0,-0.108887,4096,0.981197
49,2026-03-28T10:21:34.372870+00:00,EQE1,24,1.0,0.316895,4096,0.981197
49,2026-03-28T10:21:34.372870+00:00,EQE1,24,3.0,-0.014160,4096,0.981197
49,2026-03-28T10:21:34.372870+00:00,EQE1,24,5.0,-0.127930,4096,0.981197
49,2026-03-28T10:21:34.372870+00:00,EQE1,25,1.0,0.285156,4096,0.981197
49,2026-03-28T10:21:34.372870+00:00,EQE1,25,3.0,-0.008789,4096,0.981197
49,2026-03-28T10:21:34.372870+00:00,EQE1,25,5.0,-0.093750,4096,0.981197
49,2026-03-28T10:21:34.372870+00:00,EQE1,26,1.0,0.302734,4096,0.981197
49,2026-03-28T10:21:34.372870+00:00,EQE1,26,3.0,0.027832,4096,0.981197
49,2026-03-28T10:21:34.372870+00:00,EQE1,26,5.0,-0.110840,4096,0.981197
49,2026-03-28T10:21:34.372870+00:00,EQE1,27,1.0,0.292969,4096,0.981197
49,2026-03-28T10:21:34.372870+00:00,EQE1,27,3.0,0.020020,4096,0.981197
49,2026-03-28T10:21:34.372870+00:00,EQE1,27,5.0,-0.083008,4096,0.981197
49,2026-03-28T10:21:34.372870+00:00,EQE1,28,1.0,0.314941,4096,0.981197
49,2026-03-28T10:21:34.372870+00:00,EQE1,28,3.0,-0.018555,4096,0.981197
49,2026-03-28T10:21:34.372870+00:00,EQE1,28,5.0,-0.098633,4096,0.981197
49,2026-03-28T10:21:34.372870+00:00,EQE1,29,1.0,0.302734,4096,0.981197
49,2026-03-28T10:21:34.372870+00:00,EQE1,29,3.0,0.003418,4096,0.981197
49,2026-03-28T10:21:34.372870+00:00,EQE1,29,5.0,-0.093262,4096,0.981197
50,2026-03-28T10:51:34.373053+00:00,EQE1,0,1.0,0.245605,4096,0.981197
50,2026-03-28T10:51:34.373053+00:00,EQE1,0,3.0,0.030762,4096,0.981197
50,2026-03-28T10:51:34.373053+00:00,EQE1,0,5.0,-0.089355,4096,0.981197
50,2026-03-28T10:51:34.373053+00:00,EQE1,1,1.0,0.301270,4096,0.981197
50,2026-03-28T10:51:34.373053+00:00,EQE1,1,3.0,0.007324,4096,0.981197
50,2026-03-28T10:51:34.373053+00:00,EQE1,1,5.0,-0.112305,4096,0.981197
50,2026-03-28T10:51:34.373053+00:00,EQE1,2,1.0,0.294434,4096,0.981197
50,2026-03-28T10:51:34.373053+00:00,EQE1,2,3.0,0.044922,4096,0.981197
50,2026-03-28T10:51:34.373053+00:00,EQE1,2,5.0,-0.103516,4096,0.981197
50,2026-03-28T10:51:34.373053+00:00,EQE1,3,1.0,0.275879,4096,0.981197
50,2026-03-28T10:51:34.373053+00:00,EQE1,3,3.0,0.022461,4096,0.981197
50,2026-03-28T10:51:34.373053+00:00,EQE1,3,5.0,-0.097656,4096,0.981197
50,2026-03-28T10:51:34.373053+00:00,EQE1,4,1.0,0.244141,4096,0.981197
50,2026-03-28T10:51:34.373053+00:00,EQE1,4,3.0,-0.005859,4096,0.981197
50,2026-03-28T10:51:34.373053+00:00,EQE1,4,5.0,-0.087891,4096,0.981197
50,2026-03-28T10:51:34.373053+00:00,EQE1,5,1.0,0.275391,4096,0.981197
50,2026-03-28T10:51:34.373053+00:00,EQE1,5,3.0,-0.007812,4096,0.981197
50,2026-03-28T10:51:34.373053+00:00,EQE1,5,5.0,-0.107910,4096,0.981197
50,2026-03-28T10:51:34.373053+00:00,EQE1,6,1.0,0.278809,4096,0.981197
50,2026-03-28T10:51:34.373053+00:00,EQE1,6,3.0,0.009766,4096,0.981197
50,2026-03-28T10:51:34.373053+00:00,EQE1,6,5.0,-0.096680,4096,0.981197
50,2026-03-28T10:51:34.373053+00:00,EQE1,7,1.0,0.270020,4096,0.981197
50,2026-03-28T10:51:34.373053+00:00,EQE1,7,3.0,0.018555,4096,0.981197
50,2026-03-28T10:51:34.373053+00:00,EQE1,7,5.0,-0.098633,4096,0.981197
50,2026-03-28T10:51:34.373053+00:00,EQE1,8,1.0,0.271484,4096,0.981197
50,2026-03-28T10:51:34.373053+00:00,EQE1,8,3.0,0.039062,4096,0.981197
50,2026-03-28T10:51:34.373053+00:00,EQE1,8,5.0,-0.097168,4096,0.981197
50,2026-03-28T10:51:34.373053+00:00,EQE1,9,1.0,0.256836,4096,0.981197
50,2026-03-28T10:51:34.373053+00:00,EQE1,9,3.0,-0.010254,4096,0.981197
50,2026-03-28T10:51:34.373053+00:00,EQE1,9,5.0,-0.115234,4096,0.981197
50,2026-03-28T10:51:34.373053+00:00,EQE1,10,1.0,0.259277,4096,0.981197
50,2026-03-28T10:51:34.373053+00:00,EQE1,10,3.0,-0.010254,4096,0.981197
50,2026-03-28T10:51:34.373053+00:00,EQE1,10,5.0,-0.079102,4096,0.981197
50,2026-03-28T10:51:34.373053+00:00,EQE1,11,1.0,0.312500,4096,0.981197
50,2026-03-28T10:51:34.373053+00:00,EQE1,11,3.0,0.020508,4096,0.981197
50,2026-03-28T10:51:34.373053+00:00,EQE1,11,5.0,-0.056152,4096,0.981197
50,2026-03-28T10:51:34.373053+00:00,EQE1,12,1.0,0.255371,4096,0.981197
50,2026-03-28T10:51:34.373053+00:00,EQE1,12,3.0,0.041992,4096,0.981197
50,2026-03-28T10:51:34.373053+00:00,EQE1,12,5.0,-0.101562,4096,0.981197
50,2026-03-28T10:51:34.373053+00:00,EQE1,13,1.0,0.280273,4096,0.981197
50,2026-03-28T10:51:34.373053+00:00,EQE1,13,3.0,0.056152,4096,0.981197
50,2026-03-28T10:51:34.373053+00:00,EQE1,13,5.0,-0.112793,4096,0.981197
50,2026-03-28T10:51:34.373053+00:00,EQE1,14,1.0,0.298340,4096,0.981197
50,2026-03-28T10:51:34.373053+00:00,EQE1,14,3.0,0.009277,4096,0.981197
50,2026-03-28T10:51:34.373053+00:00,EQE1,14,5.0,-0.081543,4096,0.981197
50,2026-03-28T10:51:34.373053+00:00,EQE1,15,1.0,0.293945,4096,0.981197
50,2026-03-28T10:51:34.373053+00:00,EQE1,15,3.0,0.021973,4096,0.981197
50,2026-03-28T10:51:34.373053+00:00,EQE1,15,5.0,-0.066895,4096,0.981197
50,2026-03-28T10:51:34.373053+00:00,EQE1,16,1.0,0.280273,4096,0.981197
50,2026-03-28T10:51:34.373053+00:00,EQE1,16,3.0,0.025879,4096,0.981197
50,2026-03-28T10:51:34.373053+00:00,EQE1,16,5.0,-0.109863,4096,0.981197
50,2026-03-28T10:51:34.373053+00:00,EQE1,17,1.0,0.288086,4096,0.981197
50,2026-03-28T10:51:34.373053+00:00,EQE1,17,3.0,-0.022461,4096,0.981197
50,2026-03-28T10:51:34.373053+00:00,EQE1,17,5.0,-0.097168,4096,0.981197
50,2026-03-28T10:51:34.373053+00:00,EQE1,18,1.0,0.267578,4096,0.981197
50,2026-03-28T10:51:34.373053+00:00,EQE1,18,3.0,0.029297,4096,0.981197
50,2026-03-28T10:51:34.373053+00:00,EQE1,18,5.0,-0.052734,4096,0.981197
50,2026-03-28T10:51:34.373053+00:00,EQE1,19,1.0,0.258301,4096,0.981197
50,2026-03-28T10:51:34.373053+00:00,EQE1,19,3.0,0.005859,4096,0.981197
50,2026-03-28T10:51:34.373053+00:00,EQE1,19,5.0,-0.110840,4096,0.981197
50,2026-03-28T10:51:34.373053+00:00,EQE1,20,1.0,0.257812,4096,0.981197
50,2026-03-28T10:51:34.373053+00:00,EQE1,20,3.0,0.049805,4096,0.981197
50,2026-03-28T10:51:34.373053+00:00,EQE1,20,5.0,-0.105957,4096,0.981197
50,2026-03-28T10:51:34.373053+00:00,EQE1,21,1.0,0.276367,4096,0.981197
50,2026-03-28T10:51:34.373053+00:00,EQE1,21,3.0,0.008789,4096,0.981197
50,2026-03-28T10:51:34.373053+00:00,EQE1,21,5.0,-0.099609,4096,0.981197
50,2026-03-28T10:51:34.373053+00:00,EQE1,22,1.0,0.260742,4096,0.981197
50,2026-03-28T10:51:34.373053+00:00,EQE1,22,3.0,0.002930,4096,0.981197
50,2026-03-28T10:51:34.373053+00:00,EQE1,22,5.0,-0.109375,4096,0.981197
50,2026-03-28T10:51:34.373053+00:00,EQE1,23,1.0,0.291504,4096,0.981197
50,2026-03-28T10:51:34.373053+00:00,EQE1,23,3.0,0.038086,4096,0.981197
50,2026-03-28T10:51:34.373053+00:00,EQE1,23,5.0,-0.124512,4096,0.981197
50,2026-03-28T10:51:34.373053+00:00,EQE1,24,1.0,0.271484,4096,0.981197
50,2026-03-28T10:51:34.373053+00:00,EQE1,24,3.0,0.024902,4096,0.981197
50,2026-03-28T10:51:34.373053+00:00,EQE1,24,5.0,-0.116211,4096,0.981197
50,2026-03-28T10:51:34.373053+00:00,EQE1,25,1.0,0.283691,4096,0.981197
50,2026-03-28T10:51:34.373053+00:00,EQE1,25,3.0,0.021484,4096,0.981197
50,2026-03-28T10:51:34.373053+00:00,EQE1,25,5.0,-0.102051,4096,0.981197
50,2026-03-28T10:51:34.373053+00:00,EQE1,26,1.0,0.296387,4096,0.981197
50,2026-03-28T10:51:34.373053+00:00,EQE1,26,3.0,-0.005371,4096,0.981197
50,2026-03-28T10:51:34.373053+00:00,EQE1,26,5.0,-0.093750,4096,0.981197
50,2026-03-28T10:51:34.373053+00:00,EQE1,27,1.0,0.285156,4096,0.981197
50,2026-03-28T10:51:34.373053+00:00,EQE1,27,3.0,0.016602,4096,0.981197
50,2026-03-28T10:51:34.373053+00:00,EQE1,27,5.0,-0.102051,4096,0.981197
50,2026-03-28T10:51:34.373053+00:00,EQE1,28,1.0,0.271484,4096,0.981197
50,2026-03-28T10:51:34.373053+00:00,EQE1,28,3.0,0.030762,4096,0.981197
50,2026-03-28T10:51:34.373053+00:00,EQE1,28,5.0,-0.110840,4096,0.981197
50,2026-03-28T10:51:34.373053+00:00,EQE1,29,1.0,0.259766,4096,0.981197
50,2026-03-28T10:51:34.373053+00:00,EQE1,29,3.0,0.020996,4096,0.981197
50,2026-03-28T10:51:34.373053+00:00,EQE1,29,5.0,-0.097168,4096,0.981197
51,2026-03-28T11:21:34.372923+00:00,EQE1,0,1.0,0.268555,4096,0.981197
51,2026-03-28T11:21:34.372923+00:00,EQE1,0,3.0,0.007324,4096,0.981197
51,2026-03-28T11:21:34.372923+00:00,EQE1,0,5.0,-0.087891,4096,0.981197
51,2026-03-28T11:21:34.372923+00:00,EQE1,1,1.0,0.301758,4096,0.981197
51,2026-03-28T11:21:34.372923+00:00,EQE1,1,3.0,0.017090,4096,0.981197
51,2026-03-28T11:21:34.372923+00:00,EQE1,1,5.0,-0.103516,4096,0.981197
51,2026-03-28T11:21:34.372923+00:00,EQE1,2,1.0,0.257324,4096,0.981197
51,2026-03-28T11:21:34.372923+00:00,EQE1,2,3.0,-0.009277,4096,0.981197
51,2026-03-28T11:21:34.372923+00:00,EQE1,2,5.0,-0.088867,4096,0.981197
51,2026-03-28T11:21:34.372923+00:00,EQE1,3,1.0,0.278809,4096,0.981197
51,2026-03-28T11:21:34.372923+00:00,EQE1,3,3.0,0.027344,4096,0.981197
51,2026-03-28T11:21:34.372923+00:00,EQE1,3,5.0,-0.119141,4096,0.981197
51,2026-03-28T11:21:34.372923+00:00,EQE1,4,1.0,0.282227,4096,0.981197
51,2026-03-28T11:21:34.372923+00:00,EQE1,4,3.0,0.003418,4096,0.981197
51,2026-03-28T11:21:34.372923+00:00,EQE1,4,5.0,-0.093262,4096,0.981197
51,2026-03-28T11:21:34.372923+00:00,EQE1,5,1.0,0.266113,4096,0.981197
51,2026-03-28T11:21:34.372923+00:00,EQE1,5,3.0,0.007324,4096,0.981197
51,2026-03-28T11:21:34.372923+00:00,EQE1,5,5.0,-0.104492,4096,0.981197
51,2026-03-28T11:21:34.372923+00:00,EQE1,6,1.0,0.275391,4096,0.981197
51,2026-03-28T11:21:34.372923+00:00,EQE1,6,3.0,-0.012207,4096,0.981197
51,2026-03-28T11:21:34.372923+00:00,EQE1,6,5.0,-0.053711,4096,0.981197
51,2026-03-28T11:21:34.372923+00:00,EQE1,7,1.0,0.295410,4096,0.981197
51,2026-03-28T11:21:34.372923+00:00,EQE1,7,3.0,0.009766,4096,0.981197
51,2026-03-28T11:21:34.372923+00:00,EQE1,7,5.0,-0.086914,4096,0.981197
51,2026-03-28T11:21:34.372923+00:00,EQE1,8,1.0,0.273438,4096,0.981197
51,2026-03-28T11:21:34.372923+00:00,EQE1,8,3.0,-0.012695,4096,0.981197
51,2026-03-28T11:21:34.372923+00:00,EQE1,8,5.0,-0.087402,4096,0.981197
51,2026-03-28T11:21:34.372923+00:00,EQE1,9,1.0,0.291016,4096,0.981197
51,2026-03-28T11:21:34.372923+00:00,EQE1,9,3.0,0.021973,4096,0.981197
51,2026-03-28T11:21:34.372923+00:00,EQE1,9,5.0,-0.112305,4096,0.981197
51,2026-03-28T11:21:34.372923+00:00,EQE1,10,1.0,0.279785,4096,0.981197
51,2026-03-28T11:21:34.372923+00:00,EQE1,10,3.0,0.008301,4096,0.981197
51,2026-03-28T11:21:34.372923+00:00,EQE1,10,5.0,-0.074707,4096,0.981197
51,2026-03-28T11:21:34.372923+00:00,EQE1,11,1.0,0.269043,4096,0.981197
51,2026-03-28T11:21:34.372923+00:00,EQE1,11,3.0,0.033691,4096,0.981197
51,2026-03-28T11:21:34.372923+00:00,EQE1,11,5.0,-0.086914,4096,0.981197
51,2026-03-28T11:21:34.372923+00:00,EQE1,12,1.0,0.286133,4096,0.981197
51,2026-03-28T11:21:34.372923+00:00,EQE1,12,3.0,0.009277,4096,0.981197
51,2026-03-28T11:21:34.372923+00:00,EQE1,12,5.0,-0.124023,4096,0.981197
51,2026-03-28T11:21:34.372923+00:00,EQE1,13,1.0,0.273926,4096,0.981197
51,2026-03-28T11:21:34.372923+00:00,EQE1,13,3.0,-0.008789,4096,0.981197
51,2026-03-28T11:21:34.372923+00:00,EQE1,13,5.0,-0.107422,4096,0.981197
51,2026-03-28T11:21:34.372923+00:00,EQE1,14,1.0,0.293457,4096,0.981197
51,2026-03-28T11:21:34.372923+00:00,EQE1,14,3.0,0.015137,4096,0.981197
51,2026-03-28T11:21:34.372923+00:00,EQE1,14,5.0,-0.079102,4096,0.981197
51,2026-03-28T11:21:34.372923+00:00,EQE1,15,1.0,0.241699,4096,0.981197
51,2026-03-28T11:21:34.372923+00:00,EQE1,15,3.0,0.004395,4096,0.981197
51,2026-03-28T11:21:34.372923+00:00,EQE1,15,5.0,-0.096680,4096,0.981197
51,2026-03-28T11:21:34.372923+00:00,EQE1,16,1.0,0.246582,4096,0.981197
51,2026-03-28T11:21:34.372923+00:00,EQE1,16,3.0,0.013184,4096,0.981197
51,2026-03-28T11:21:34.372923+00:00,EQE1,16,5.0,-0.101562,4096,0.981197
51,2026-03-28T11:21:34.372923+00:00,EQE1,17,1.0,0.277832,4096,0.981197
51,2026-03-28T11:21:34.372923+00:00,EQE1,17,3.0,0.003906,4096,0.981197
51,2026-03-28T11:21:34.372923+00:00,EQE1,17,5.0,-0.088379,4096,0.981197
51,2026-03-28T11:21:34.372923+00:00,EQE1,18,1.0,0.280273,4096,0.981197
51,2026-03-28T11:21:34.372923+00:00,EQE1,18,3.0,0.018066,4096,0.981197
51,2026-03-28T11:21:34.372923+00:00,EQE1,18,5.0,-0.078613,4096,0.981197
51,2026-03-28T11:21:34.372923+00:00,EQE1,19,1.0,0.282227,4096,0.981197
51,2026-03-28T11:21:34.372923+00:00,EQE1,19,3.0,0.016602,4096,0.981197
51,2026-03-28T11:21:34.372923+00:00,EQE1,19,5.0,-0.062500,4096,0.981197
51,2026-03-28T11:21:34.372923+00:00,EQE1,20,1.0,0.279297,4096,0.981197
51,2026-03-28T11:21:34.372923+00:00,EQE1,20,3.0,0.013672,4096,0.981197
51,2026-03-28T11:21:34.372923+00:00,EQE1,20,5.0,-0.097656,4096,0.981197
51,2026-03-28T11:21:34.372923+00:00,EQE1,21,1.0,0.271973,4096,0.981197
51,2026-03-28T11:21:34.372923+00:00,EQE1,21,3.0,-0.023926,4096,0.981197
51,2026-03-28T11:21:34.372923+00:00,EQE1,21,5.0,-0.048828,4096,0.981197
51,2026-03-28T11:21:34.372923+00:00,EQE1,22,1.0,0.287109,4096,0.981197
51,2026-03-28T11:21:34.372923+00:00,EQE1,22,3.0,0.016602,4096,0.981197
51,2026-03-28T11:21:34.372923+00:00,EQE1,22,5.0,-0.088867,4096,0.981197
51,2026-03-28T11:21:34.372923+00:00,EQE1,23,1.0,0.296387,4096,0.981197
51,2026-03-28T11:21:34.372923+00:00,EQE1,23,3.0,-0.018066,4096,0.981197
51,2026-03-28T11:21:34.372923+00:00,EQE1,23,5.0,-0.093262,4096,0.981197
51,2026-03-28T11:21:34.372923+00:00,EQE1,24,1.0,0.281738,4096,0.981197
51,2026-03-28T11:21:34.372923+00:00,EQE1,24,3.0,-0.020020,4096,0.981197
51,2026-03-28T11:21:34.372923+00:00,EQE1,24,5.0,-0.096191,4096,0.981197
51,2026-03-28T11:21:34.372923+00:00,EQE1,25,1.0,0.276367,4096,0.981197
51,2026-03-28T11:21:34.372923+00:00,EQE1,25,3.0,0.029785,4096,0.981197
51,2026-03-28T11:21:34.372923+00:00,EQE1,25,5.0,-0.077148,4096,0.981197
51,2026-03-28T11:21:34.372923+00:00,EQE1,26,1.0,0.275391,4096,0.981197
51,2026-03-28T11:21:34.372923+00:00,EQE1,26,3.0,-0.014160,4096,0.981197
51,2026-03-28T11:21:34.372923+00:00,EQE1,26,5.0,-0.085449,4096,0.981197
51,2026-03-28T11:21:34.372923+00:00,EQE1,27,1.0,0.292969,4096,0.981197
51,2026-03-28T11:21:34.372923+00:00,EQE1,27,3.0,0.023926,4096,0.981197
51,2026-03-28T11:21:34.372923+00:00,EQE1,27,5.0,-0.084961,4096,0.981197
51,2026-03-28T11:21:34.372923+00:00,EQE1,28,1.0,0.310547,4096,0.981197
51,2026-03-28T11:21:34.372923+00:00,EQE1,28,3.0,0.020996,4096,0.981197
51,2026-03-28T11:21:34.372923+00:00,EQE1,28,5.0,-0.094238,4096,0.981197
51,2026-03-28T11:21:34.372923+00:00,EQE1,29,1.0,0.279297,4096,0.981197
51,2026-03-28T11:21:34.372923+00:00,EQE1,29,3.0,0.028809,4096,0.981197
51,2026-03-28T11:21:34.372923+00:00,EQE1,29,5.0,-0.120117,4096,0.981197
52,2026-03-28T11:51:34.372931+00:00,EQE1,0,1.0,0.260254,4096,0.981197
52,2026-03-28T11:51:34.372931+00:00,EQE1,0,3.0,0.031738,4096,0.981197
52,2026-03-28T11:51:34.372931+00:00,EQE1,0,5.0,-0.094727,4096,0.981197
52,2026-03-28T11:51:34.372931+00:00,EQE1,1,1.0,0.305176,4096,0.981197
52,2026-03-28T11:51:34.372931+00:00,EQE1,1,3.0,-0.001465,4096,0.981197
52,2026-03-28T11:51:34.372931+00:00,EQE1,1,5.0,-0.083984,4096,0.981197
52,2026-03-28T11:51:34.372931+00:00,EQE1,2,1.0,0.262695,4096,0.981197
52,2026-03-28T11:51:34.372931+00:00,EQE1,2,3.0,0.025391,4096,0.981197
52,2026-03-28T11:51:34.372931+00:00,EQE1,2,5.0,-0.072266,4096,0.981197
52,2026-03-28T11:51:34.372931+00:00,EQE1,3,1.0,0.285645,4096,0.981197
52,2026-03-28T11:51:34.372931+00:00,EQE1,3,3.0,-0.002930,4096,0.981197
52,2026-03-28T11:51:34.372931+00:00,EQE1,3,5.0,-0.095703,4096,0.981197
52,2026-03-28T11:51:34.372931+00:00,EQE1,4,1.0,0.279785,4096,0.981197
52,2026-03-28T11:51:34.372931+00:00,EQE1,4,3.0,0.015137,4096,0.981197
52,2026-03-28T11:51:34.372931+00:00,EQE1,4,5.0,-0.107910,4096,0.981197
52,2026-03-28T11:51:34.372931+00:00,EQE1,5,1.0,0.280273,4096,0.981197
52,2026-03-28T11:51:34.372931+00:00,EQE1,5,3.0,0.036621,4096,0.981197
52,2026-03-28T11:51:34.372931+00:00,EQE1,5,5.0,-0.107910,4096,0.981197
52,2026-03-28T11:51:34.372931+00:00,EQE1,6,1.0,0.294434,4096,0.981197
52,2026-03-28T11:51:34.372931+00:00,EQE1,6,3.0,0.020508,4096,0.981197
52,2026-03-28T11:51:34.372931+00:00,EQE1,6,5.0,-0.133301,4096,0.981197
52,2026-03-28T11:51:34.372931+00:00,EQE1,7,1.0,0.280762,4096,0.981197
52,2026-03-28T11:51:34.372931+00:00,EQE1,7,3.0,0.001465,4096,0.981197
52,2026-03-28T11:51:34.372931+00:00,EQE1,7,5.0,-0.095703,4096,0.981197
52,2026-03-28T11:51:34.372931+00:00,EQE1,8,1.0,0.298340,4096,0.981197
52,2026-03-28T11:51:34.372931+00:00,EQE1,8,3.0,0.028809,4096,0.981197
52,2026-03-28T11:51:34.372931+00:00,EQE1,8,5.0,-0.079102,4096,0.981197
52,2026-03-28T11:51:34.372931+00:00,EQE1,9,1.0,0.291992,4096,0.981197
52,2026-03-28T11:51:34.372931+00:00,EQE1,9,3.0,0.028809,4096,0.981197
52,2026-03-28T11:51:34.372931+00:00,EQE1,9,5.0,-0.105469,4096,0.981197
52,2026-03-28T11:51:34.372931+00:00,EQE1,10,1.0,0.279297,4096,0.981197
52,2026-03-28T11:51:34.372931+00:00,EQE1,10,3.0,0.027344,4096,0.981197
52,2026-03-28T11:51:34.372931+00:00,EQE1,10,5.0,-0.083008,4096,0.981197
52,2026-03-28T11:51:34.372931+00:00,EQE1,11,1.0,0.263672,4096,0.981197
52,2026-03-28T11:51:34.372931+00:00,EQE1,11,3.0,0.022949,4096,0.981197
52,2026-03-28T11:51:34.372931+00:00,EQE1,11,5.0,-0.109375,4096,0.981197
52,2026-03-28T11:51:34.372931+00:00,EQE1,12,1.0,0.292969,4096,0.981197
52,2026-03-28T11:51:34.372931+00:00,EQE1,12,3.0,0.026367,4096,0.981197
52,2026-03-28T11:51:34.372931+00:00,EQE1,12,5.0,-0.072266,4096,0.981197
52,2026-03-28T11:51:34.372931+00:00,EQE1,13,1.0,0.280273,4096,0.981197
52,2026-03-28T11:51:34.372931+00:00,EQE1,13,3.0,0.026367,4096,0.981197
52,2026-03-28T11:51:34.372931+00:00,EQE1,13,5.0,-0.097656,4096,0.981197
52,2026-03-28T11:51:34.372931+00:00,EQE1,14,1.0,0.310059,4096,0.981197
52,2026-03-28T11:51:34.372931+00:00,EQE1,14,3.0,0.025391,4096,0.981197
52,2026-03-28T11:51:34.372931+00:00,EQE1,14,5.0,-0.076660,4096,0.981197
52,2026-03-28T11:51:34.372931+00:00,EQE1,15,1.0,0.283203,4096,0.981197
52,2026-03-28T11:51:34.372931+00:00,EQE1,15,3.0,0.007812,4096,0.981197
52,2026-03-28T11:51:34.372931+00:00,EQE1,15,5.0,-0.108887,4096,0.981197
52,2026-03-28T11:51:34.372931+00:00,EQE1,16,1.0,0.254883,4096,0.981197
52,2026-03-28T11:51:34.372931+00:00,EQE1,16,3.0,0.042969,4096,0.981197
52,2026-03-28T11:51:34.372931+00:00,EQE1,16,5.0,-0.073730,4096,0.981197
52,2026-03-28T11:51:34.372931+00:00,EQE1,17,1.0,0.291992,4096,0.981197
52,2026-03-28T11:51:34.372931+00:00,EQE1,17,3.0,0.014160,4096,0.981197
52,2026-03-28T11:51:34.372931+00:00,EQE1,17,5.0,-0.098633,4096,0.981197
52,2026-03-28T11:51:34.372931+00:00,EQE1,18,1.0,0.281738,4096,0.981197
52,2026-03-28T11:51:34.372931+00:00,EQE1,18,3.0,0.018066,4096,0.981197
52,2026-03-28T11:51:34.372931+00:00,EQE1,18,5.0,-0.066895,4096,0.981197
52,2026-03-28T11:51:34.372931+00:00,EQE1,19,1.0,0.287598,4096,0.981197
52,2026-03-28T11:51:34.372931+00:00,EQE1,19,3.0,0.045410,4096,0.981197
52,2026-03-28T11:51:34.372931+00:00,EQE1,19,5.0,-0.113770,4096,0.981197
52,2026-03-28T11:51:34.372931+00:00,EQE1,20,1.0,0.275879,4096,0.981197
52,2026-03-28T11:51:34.372931+00:00,EQE1,20,3.0,-0.011230,4096,0.981197
52,2026-03-28T11:51:34.372931+00:00,EQE1,20,5.0,-0.109375,4096,0.981197
52,2026-03-28T11:51:34.372931+00:00,EQE1,21,1.0,0.269043,4096,0.981197
52,2026-03-28T11:51:34.372931+00:00,EQE1,21,3.0,0.016113,4096,0.981197
52,2026-03-28T11:51:34.372931+00:00,EQE1,21,5.0,-0.112305,4096,0.981197
52,2026-03-28T11:51:34.372931+00:00,EQE1,22,1.0,0.289551,4096,0.981197
52,2026-03-28T11:51:34.372931+00:00,EQE1,22,3.0,0.014160,4096,0.981197
52,2026-03-28T11:51:34.372931+00:00,EQE1,22,5.0,-0.086426,4096,0.981197
52,2026-03-28T11:51:34.372931+00:00,EQE1,23,1.0,0.282715,4096,0.981197
52,2026-03-28T11:51:34.372931+00:00,EQE1,23,3.0,0.035156,4096,0.981197
52,2026-03-28T11:51:34.372931+00:00,EQE1,23,5.0,-0.107422,4096,0.981197
52,2026-03-28T11:51:34.372931+00:00,EQE1,24,1.0,0.267578,4096,0.981197
52,2026-03-28T11:51:34.372931+00:00,EQE1,24,3.0,0.044922,4096,0.981197
52,2026-03-28T11:51:34.372931+00:00,EQE1,24,5.0,-0.084473,4096,0.981197
52,2026-03-28T11:51:34.372931+00:00,EQE1,25,1.0,0.298340,4096,0.981197
52,2026-03-28T11:51:34.372931+00:00,EQE1,25,3.0,0.042480,4096,0.981197
52,2026-03-28T11:51:34.372931+00:00,EQE1,25,5.0,-0.066406,4096,0.981197
52,2026-03-28T11:51:34.372931+00:00,EQE1,26,1.0,0.283691,4096,0.981197
52,2026-03-28T11:51:34.372931+00:00,EQE1,26,3.0,-0.002930,4096,0.981197
52,2026-03-28T11:51:34.372931+00:00,EQE1,26,5.0,-0.091309,4096,0.981197
52,2026-03-28T11:51:34.372931+00:00,EQE1,27,1.0,0.291992,4096,0.981197
52,2026-03-28T11:51:34.372931+00:00,EQE1,27,3.0,0.009766,4096,0.981197
52,2026-03-28T11:51:34.372931+00:00,EQE1,27,5.0,-0.079590,4096,0.981197
52,2026-03-28T11:51:34.372931+00:00,EQE1,28,1.0,0.266113,4096,0.981197
52,2026-03-28T11:51:34.372931+00:00,EQE1,28,3.0,0.036133,4096,0.981197
52,2026-03-28T11:51:34.372931+00:00,EQE1,28,5.0,-0.094238,4096,0.981197
52,2026-03-28T11:51:34.372931+00:00,EQE1,29,1.0,0.287109,4096,0.981197
52,2026-03-28T11:51:34.372931+00:00,EQE1,29,3.0,-0.002441,4096,0.981197
52,2026-03-28T11:51:34.372931+00:00,EQE1,29,5.0,-0.085449,4096,0.981197
53,2026-03-28T12:21:34.370543+00:00,EQE1,0,1.0,0.269531,4096,0.981197
53,2026-03-28T12:21:34.370543+00:00,EQE1,0,3.0,0.014160,4096,0.981197
53,2026-03-28T12:21:34.370543+00:00,EQE1,0,5.0,-0.095215,4096,0.981197
53,2026-03-28T12:21:34.370543+00:00,EQE1,1,1.0,0.270508,4096,0.981197
53,2026-03-28T12:21:34.370543+00:00,EQE1,1,3.0,-0.014160,4096,0.981197
53,2026-03-28T12:21:34.370543+00:00,EQE1,1,5.0,-0.124512,4096,0.981197
53,2026-03-28T12:21:34.370543+00:00,EQE1,2,1.0,0.276367,4096,0.981197
53,2026-03-28T12:21:34.370543+00:00,EQE1,2,3.0,0.007324,4096,0.981197
53,2026-03-28T12:21:34.370543+00:00,EQE1,2,5.0,-0.065918,4096,0.981197
53,2026-03-28T12:21:34.370543+00:00,EQE1,3,1.0,0.281250,4096,0.981197
53,2026-03-28T12:21:34.370543+00:00,EQE1,3,3.0,0.028809,4096,0.981197
53,2026-03-28T12:21:34.370543+00:00,EQE1,3,5.0,-0.096680,4096,0.981197
53,2026-03-28T12:21:34.370543+00:00,EQE1,4,1.0,0.304199,4096,0.981197
53,2026-03-28T12:21:34.370543+00:00,EQE1,4,3.0,0.001465,4096,0.981197
53,2026-03-28T12:21:34.370543+00:00,EQE1,4,5.0,-0.086914,4096,0.981197
53,2026-03-28T12:21:34.370543+00:00,EQE1,5,1.0,0.276855,4096,0.981197
53,2026-03-28T12:21:34.370543+00:00,EQE1,5,3.0,-0.001465,4096,0.981197
53,2026-03-28T12:21:34.370543+00:00,EQE1,5,5.0,-0.092285,4096,0.981197
53,2026-03-28T12:21:34.370543+00:00,EQE1,6,1.0,0.262695,4096,0.981197
53,2026-03-28T12:21:34.370543+00:00,EQE1,6,3.0,0.004883,4096,0.981197
53,2026-03-28T12:21:34.370543+00:00,EQE1,6,5.0,-0.097656,4096,0.981197
53,2026-03-28T12:21:34.370543+00:00,EQE1,7,1.0,0.274414,4096,0.981197
53,2026-03-28T12:21:34.370543+00:00,EQE1,7,3.0,0.010254,4096,0.981197
53,2026-03-28T12:21:34.370543+00:00,EQE1,7,5.0,-0.113770,4096,0.981197
53,2026-03-28T12:21:34.370543+00:00,EQE1,8,1.0,0.261230,4096,0.981197
53,2026-03-28T12:21:34.370543+00:00,EQE1,8,3.0,-0.001953,4096,0.981197
53,2026-03-28T12:21:34.370543+00:00,EQE1,8,5.0,-0.073242,4096,0.981197
53,2026-03-28T12:21:34.370543+00:00,EQE1,9,1.0,0.290527,4096,0.981197
53,2026-03-28T12:21:34.370543+00:00,EQE1,9,3.0,0.047363,4096,0.981197
53,2026-03-28T12:21:34.370543+00:00,EQE1,9,5.0,-0.085449,4096,0.981197
53,2026-03-28T12:21:34.370543+00:00,EQE1,10,1.0,0.281250,4096,0.981197
53,2026-03-28T12:21:34.370543+00:00,EQE1,10,3.0,0.025391,4096,0.981197
53,2026-03-28T12:21:34.370543+00:00,EQE1,10,5.0,-0.083008,4096,0.981197
53,2026-03-28T12:21:34.370543+00:00,EQE1,11,1.0,0.277344,4096,0.981197
53,2026-03-28T12:21:34.370543+00:00,EQE1,11,3.0,0.013672,4096,0.981197
53,2026-03-28T12:21:34.370543+00:00,EQE1,11,5.0,-0.098145,4096,0.981197
53,2026-03-28T12:21:34.370543+00:00,EQE1,12,1.0,0.286133,4096,0.981197
53,2026-03-28T12:21:34.370543+00:00,EQE1,12,3.0,0.035645,4096,0.981197
53,2026-03-28T12:21:34.370543+00:00,EQE1,12,5.0,-0.099609,4096,0.981197
53,2026-03-28T12:21:34.370543+00:00,EQE1,13,1.0,0.276367,4096,0.981197
53,2026-03-28T12:21:34.370543+00:00,EQE1,13,3.0,0.007812,4096,0.981197
53,2026-03-28T12:21:34.370543+00:00,EQE1,13,5.0,-0.084961,4096,0.981197
53,2026-03-28T12:21:34.370543+00:00,EQE1,14,1.0,0.270020,4096,0.981197
53,2026-03-28T12:21:34.370543+00:00,EQE1,14,3.0,0.028320,4096,0.981197
53,2026-03-28T12:21:34.370543+00:00,EQE1,14,5.0,-0.085938,4096,0.981197
53,2026-03-28T12:21:34.370543+00:00,EQE1,15,1.0,0.285645,4096,0.981197
53,2026-03-28T12:21:34.370543+00:00,EQE1,15,3.0,0.041504,4096,0.981197
53,2026-03-28T12:21:34.370543+00:00,EQE1,15,5.0,-0.085449,4096,0.981197
53,2026-03-28T12:21:34.370543+00:00,EQE1,16,1.0,0.309570,4096,0.981197
53,2026-03-28T12:21:34.370543+00:00,EQE1,16,3.0,0.004883,4096,0.981197
53,2026-03-28T12:21:34.370543+00:00,EQE1,16,5.0,-0.074707,4096,0.981197
53,2026-03-28T12:21:34.370543+00:00,EQE1,17,1.0,0.288086,4096,0.981197
53,2026-03-28T12:21:34.370543+00:00,EQE1,17,3.0,0.012695,4096,0.981197
53,2026-03-28T12:21:34.370543+00:00,EQE1,17,5.0,-0.107422,4096,0.981197
53,2026-03-28T12:21:34.370543+00:00,EQE1,18,1.0,0.276367,4096,0.981197
53,2026-03-28T12:21:34.370543+00:00,EQE1,18,3.0,0.028320,4096,0.981197
53,2026-03-28T12:21:34.370543+00:00,EQE1,18,5.0,-0.079590,4096,0.981197
53,2026-03-28T12:21:34.370543+00:00,EQE1,19,1.0,0.272461,4096,0.981197
53,2026-03-28T12:21:34.370543+00:00,EQE1,19,3.0,0.011230,4096,0.981197
53,2026-03-28T12:21:34.370543+00:00,EQE1,19,5.0,-0.105469,4096,0.981197
53,2026-03-28T12:21:34.370543+00:00,EQE1,20,1.0,0.292480,4096,0.981197
53,2026-03-28T12:21:34.370543+00:00,EQE1,20,3.0,0.029785,4096,0.981197
53,2026-03-28T12:21:34.370543+00:00,EQE1,20,5.0,-0.102539,4096,0.981197
53,2026-03-28T12:21:34.370543+00:00,EQE1,21,1.0,0.278320,4096,0.981197
53,2026-03-28T12:21:34.370543+00:00,EQE1,21,3.0,0.007324,4096,0.981197
53,2026-03-28T12:21:34.370543+00:00,EQE1,21,5.0,-0.083984,4096,0.981197
53,2026-03-28T12:21:34.370543+00:00,EQE1,22,1.0,0.251465,4096,0.981197
53,2026-03-28T12:21:34.370543+00:00,EQE1,22,3.0,0.014648,4096,0.981197
53,2026-03-28T12:21:34.370543+00:00,EQE1,22,5.0,-0.082031,4096,0.981197
53,2026-03-28T12:21:34.370543+00:00,EQE1,23,1.0,0.273926,4096,0.981197
53,2026-03-28T12:21:34.370543+00:00,EQE1,23,3.0,-0.007324,4096,0.981197
53,2026-03-28T12:21:34.370543+00:00,EQE1,23,5.0,-0.066406,4096,0.981197
53,2026-03-28T12:21:34.370543+00:00,EQE1,24,1.0,0.278809,4096,0.981197
53,2026-03-28T12:21:34.370543+00:00,EQE1,24,3.0,0.030273,4096,0.981197
53,2026-03-28T12:21:34.370543+00:00,EQE1,24,5.0,-0.092773,4096,0.981197
53,2026-03-28T12:21:34.370543+00:00,EQE1,25,1.0,0.301270,4096,0.981197
53,2026-03-28T12:21:34.370543+00:00,EQE1,25,3.0,0.018066,4096,0.981197
53,2026-03-28T12:21:34.370543+00:00,EQE1,25,5.0,-0.100098,4096,0.981197
53,2026-03-28T12:21:34.370543+00:00,EQE1,26,1.0,0.261230,4096,0.981197
53,2026-03-28T12:21:34.370543+00:00,EQE1,26,3.0,0.021973,4096,0.981197
53,2026-03-28T12:21:34.370543+00:00,EQE1,26,5.0,-0.095703,4096,0.981197
53,2026-03-28T12:21:34.370543+00:00,EQE1,27,1.0,0.295898,4096,0.981197
53,2026-03-28T12:21:34.370543+00:00,EQE1,27,3.0,0.037109,4096,0.981197
53,2026-03-28T12:21:34.370543+00:00,EQE1,27,5.0,-0.094727,4096,0.981197
53,2026-03-28T12:21:34.370543+00:00,EQE1,28,1.0,0.307129,4096,0.981197
53,2026-03-28T12:21:34.370543+00:00,EQE1,28,3.0,0.015137,4096,0.981197
53,2026-03-28T12:21:34.370543+00:00,EQE1,28,5.0,-0.093262,4096,0.981197
53,2026-03-28T12:21:34.370543+00:00,EQE1,29,1.0,0.290527,4096,0.981197
53,2026-03-28T12:21:34.370543+00:00,EQE1,29,3.0,0.007324,4096,0.981197
53,2026-03-28T12:21:34.370543+00:00,EQE1,29,5.0,-0.086914,4096,0.981197
54,2026-03-28T12:51:34.370252+00:00,EQE1,0,1.0,0.290039,4096,0.981197
54,2026-03-28T12:51:34.370252+00:00,EQE1,0,3.0,0.022949,4096,0.981197
54,2026-03-28T12:51:34.370252+00:00,EQE1,0,5.0,-0.117676,4096,0.981197
54,2026-03-28T12:51:34.370252+00:00,EQE1,1,1.0,0.297852,4096,0.981197
54,2026-03-28T12:51:34.370252+00:00,EQE1,1,3.0,0.016113,4096,0.981197
54,2026-03-28T12:51:34.370252+00:00,EQE1,1,5.0,-0.101562,4096,0.981197
54,2026-03-28T12:51:34.370252+00:00,EQE1,2,1.0,0.285645,4096,0.981197
54,2026-03-28T12:51:34.370252+00:00,EQE1,2,3.0,0.005371,4096,0.981197
54,2026-03-28T12:51:34.370252+00:00,EQE1,2,5.0,-0.114746,4096,0.981197
54,2026-03-28T12:51:34.370252+00:00,EQE1,3,1.0,0.306152,4096,0.981197
54,2026-03-28T12:51:34.370252+00:00,EQE1,3,3.0,-0.003906,4096,0.981197
54,2026-03-28T12:51:34.370252+00:00,EQE1,3,5.0,-0.098145,4096,0.981197
54,2026-03-28T12:51:34.370252+00:00,EQE1,4,1.0,0.273438,4096,0.981197
54,2026-03-28T12:51:34.370252+00:00,EQE1,4,3.0,0.021973,4096,0.981197
54,2026-03-28T12:51:34.370252+00:00,EQE1,4,5.0,-0.092285,4096,0.981197
54,2026-03-28T12:51:34.370252+00:00,EQE1,5,1.0,0.296387,4096,0.981197
54,2026-03-28T12:51:34.370252+00:00,EQE1,5,3.0,-0.010254,4096,0.981197
54,2026-03-28T12:51:34.370252+00:00,EQE1,5,5.0,-0.092773,4096,0.981197
54,2026-03-28T12:51:34.370252+00:00,EQE1,6,1.0,0.278809,4096,0.981197
54,2026-03-28T12:51:34.370252+00:00,EQE1,6,3.0,0.025391,4096,0.981197
54,2026-03-28T12:51:34.370252+00:00,EQE1,6,5.0,-0.108887,4096,0.981197
54,2026-03-28T12:51:34.370252+00:00,EQE1,7,1.0,0.305664,4096,0.981197
54,2026-03-28T12:51:34.370252+00:00,EQE1,7,3.0,0.014160,4096,0.981197
54,2026-03-28T12:51:34.370252+00:00,EQE1,7,5.0,-0.096191,4096,0.981197
54,2026-03-28T12:51:34.370252+00:00,EQE1,8,1.0,0.267578,4096,0.981197
54,2026-03-28T12:51:34.370252+00:00,EQE1,8,3.0,-0.022461,4096,0.981197
54,2026-03-28T12:51:34.370252+00:00,EQE1,8,5.0,-0.092773,4096,0.981197
54,2026-03-28T12:51:34.370252+00:00,EQE1,9,1.0,0.289062,4096,0.981197
54,2026-03-28T12:51:34.370252+00:00,EQE1,9,3.0,0.006348,4096,0.981197
54,2026-03-28T12:51:34.370252+00:00,EQE1,9,5.0,-0.096191,4096,0.981197
54,2026-03-28T12:51:34.370252+00:00,EQE1,10,1.0,0.275879,4096,0.981197
54,2026-03-28T12:51:34.370252+00:00,EQE1,10,3.0,0.007324,4096,0.981197
54,2026-03-28T12:51:34.370252+00:00,EQE1,10,5.0,-0.118652,4096,0.981197
54,2026-03-28T12:51:34.370252+00:00,EQE1,11,1.0,0.316406,4096,0.981197
54,2026-03-28T12:51:34.370252+00:00,EQE1,11,3.0,-0.005859,4096,0.981197
54,2026-03-28T12:51:34.370252+00:00,EQE1,11,5.0,-0.088379,4096,0.981197
54,2026-03-28T12:51:34.370252+00:00,EQE1,12,1.0,0.289551,4096,0.981197
54,2026-03-28T12:51:34.370252+00:00,EQE1,12,3.0,0.013672,4096,0.981197
54,2026-03-28T12:51:34.370252+00:00,EQE1,12,5.0,-0.090820,4096,0.981197
54,2026-03-28T12:51:34.370252+00:00,EQE1,13,1.0,0.278320,4096,0.981197
54,2026-03-28T12:51:34.370252+00:00,EQE1,13,3.0,0.007324,4096,0.981197
54,2026-03-28T12:51:34.370252+00:00,EQE1,13,5.0,-0.122070,4096,0.981197
54,2026-03-28T12:51:34.370252+00:00,EQE1,14,1.0,0.288086,4096,0.981197
54,2026-03-28T12:51:34.370252+00:00,EQE1,14,3.0,0.021484,4096,0.981197
54,2026-03-28T12:51:34.370252+00:00,EQE1,14,5.0,-0.068359,4096,0.981197
54,2026-03-28T12:51:34.370252+00:00,EQE1,15,1.0,0.287598,4096,0.981197
54,2026-03-28T12:51:34.370252+00:00,EQE1,15,3.0,0.026367,4096,0.981197
54,2026-03-28T12:51:34.370252+00:00,EQE1,15,5.0,-0.096191,4096,0.981197
54,2026-03-28T12:51:34.370252+00:00,EQE1,16,1.0,0.313477,4096,0.981197
54,2026-03-28T12:51:34.370252+00:00,EQE1,16,3.0,0.008301,4096,0.981197
54,2026-03-28T12:51:34.370252+00:00,EQE1,16,5.0,-0.099121,4096,0.981197
54,2026-03-28T12:51:34.370252+00:00,EQE1,17,1.0,0.292480,4096,0.981197
54,2026-03-28T12:51:34.370252+00:00,EQE1,17,3.0,0.026367,4096,0.981197
54,2026-03-28T12:51:34.370252+00:00,EQE1,17,5.0,-0.111328,4096,0.981197
54,2026-03-28T12:51:34.370252+00:00,EQE1,18,1.0,0.310547,4096,0.981197
54,2026-03-28T12:51:34.370252+00:00,EQE1,18,3.0,0.016602,4096,0.981197
54,2026-03-28T12:51:34.370252+00:00,EQE1,18,5.0,-0.091797,4096,0.981197
54,2026-03-28T12:51:34.370252+00:00,EQE1,19,1.0,0.294434,4096,0.981197
54,2026-03-28T12:51:34.370252+00:00,EQE1,19,3.0,0.005371,4096,0.981197
54,2026-03-28T12:51:34.370252+00:00,EQE1,19,5.0,-0.089355,4096,0.981197
54,2026-03-28T12:51:34.370252+00:00,EQE1,20,1.0,0.293945,4096,0.981197
54,2026-03-28T12:51:34.370252+00:00,EQE1,20,3.0,0.042969,4096,0.981197
54,2026-03-28T12:51:34.370252+00:00,EQE1,20,5.0,-0.103516,4096,0.981197
54,2026-03-28T12:51:34.370252+00:00,EQE1,21,1.0,0.278809,4096,0.981197
54,2026-03-28T12:51:34.370252+00:00,EQE1,21,3.0,0.036621,4096,0.981197
54,2026-03-28T12:51:34.370252+00:00,EQE1,21,5.0,-0.089844,4096,0.981197
54,2026-03-28T12:51:34.370252+00:00,EQE1,22,1.0,0.259766,4096,0.981197
54,2026-03-28T12:51:34.370252+00:00,EQE1,22,3.0,0.006348,4096,0.981197
54,2026-03-28T12:51:34.370252+00:00,EQE1,22,5.0,-0.137207,4096,0.981197
54,2026-03-28T12:51:34.370252+00:00,EQE1,23,1.0,0.291016,4096,0.981197
54,2026-03-28T12:51:34.370252+00:00,EQE1,23,3.0,0.016113,4096,0.981197
54,2026-03-28T12:51:34.370252+00:00,EQE1,23,5.0,-0.104980,4096,0.981197
54,2026-03-28T12:51:34.370252+00:00,EQE1,24,1.0,0.304199,4096,0.981197
54,2026-03-28T12:51:34.370252+00:00,EQE1,24,3.0,0.003418,4096,0.981197
54,2026-03-28T12:51:34.370252+00:00,EQE1,24,5.0,-0.106445,4096,0.981197
54,2026-03-28T12:51:34.370252+00:00,EQE1,25,1.0,0.282227,4096,0.981197
54,2026-03-28T12:51:34.370252+00:00,EQE1,25,3.0,0.036621,4096,0.981197
54,2026-03-28T12:51:34.370252+00:00,EQE1,25,5.0,-0.106934,4096,0.981197
54,2026-03-28T12:51:34.370252+00:00,EQE1,26,1.0,0.281738,4096,0.981197
54,2026-03-28T12:51:34.370252+00:00,EQE1,26,3.0,0.001465,4096,0.981197
54,2026-03-28T12:51:34.370252+00:00,EQE1,26,5.0,-0.095703,4096,0.981197
54,2026-03-28T12:51:34.370252+00:00,EQE1,27,1.0,0.268555,4096,0.981197
54,2026-03-28T12:51:34.370252+00:00,EQE1,27,3.0,0.035156,4096,0.981197
54,2026-03-28T12:51:34.370252+00:00,EQE1,27,5.0,-0.091797,4096,0.981197
54,2026-03-28T12:51:34.370252+00:00,EQE1,28,1.0,0.289062,4096,0.981197
54,2026-03-28T12:51:34.370252+00:00,EQE1,28,3.0,0.007812,4096,0.981197
54,2026-03-28T12:51:34.370252+00:00,EQE1,28,5.0,-0.114746,4096,0.981197
54,2026-03-28T12:51:34.370252+00:00,EQE1,29,1.0,0.273926,4096,0.981197
54,2026-03-28T12:51:34.370252+00:00,EQE1,29,3.0,0.010742,4096,0.981197
54,2026-03-28T12:51:34.370252+00:00,EQE1,29,5.0,-0.064941,4096,0.981197
55,2026-03-28T13:21:34.372868+00:00,EQE1,0,1.0,0.287598,4096,0.981197
55,2026-03-28T13:21:34.372868+00:00,EQE1,0,3.0,0.013672,4096,0.981197
55,2026-03-28T13:21:34.372868+00:00,EQE1,0,5.0,-0.116211,4096,0.981197
55,2026-03-28T13:21:34.372868+00:00,EQE1,1,1.0,0.283203,4096,0.981197
55,2026-03-28T13:21:34.372868+00:00,EQE1,1,3.0,0.012207,4096,0.981197
55,2026-03-28T13:21:34.372868+00:00,EQE1,1,5.0,-0.071289,4096,0.981197
55,2026-03-28T13:21:34.372868+00:00,EQE1,2,1.0,0.276855,4096,0.981197
55,2026-03-28T13:21:34.372868+00:00,EQE1,2,3.0,0.042480,4096,0.981197
55,2026-03-28T13:21:34.372868+00:00,EQE1,2,5.0,-0.097656,4096,0.981197
55,2026-03-28T13:21:34.372868+00:00,EQE1,3,1.0,0.295898,4096,0.981197
55,2026-03-28T13:21:34.372868+00:00,EQE1,3,3.0,-0.011719,4096,0.981197
55,2026-03-28T13:21:34.372868+00:00,EQE1,3,5.0,-0.061035,4096,0.981197
55,2026-03-28T13:21:34.372868+00:00,EQE1,4,1.0,0.297852,4096,0.981197
55,2026-03-28T13:21:34.372868+00:00,EQE1,4,3.0,0.031738,4096,0.981197
55,2026-03-28T13:21:34.372868+00:00,EQE1,4,5.0,-0.098145,4096,0.981197
55,2026-03-28T13:21:34.372868+00:00,EQE1,5,1.0,0.301270,4096,0.981197
55,2026-03-28T13:21:34.372868+00:00,EQE1,5,3.0,0.008301,4096,0.981197
55,2026-03-28T13:21:34.372868+00:00,EQE1,5,5.0,-0.083984,4096,0.981197
55,2026-03-28T13:21:34.372868+00:00,EQE1,6,1.0,0.295410,4096,0.981197
55,2026-03-28T13:21:34.372868+00:00,EQE1,6,3.0,-0.012695,4096,0.981197
55,2026-03-28T13:21:34.372868+00:00,EQE1,6,5.0,-0.125000,4096,0.981197
55,2026-03-28T13:21:34.372868+00:00,EQE1,7,1.0,0.267090,4096,0.981197
55,2026-03-28T13:21:34.372868+00:00,EQE1,7,3.0,0.017090,4096,0.981197
55,2026-03-28T13:21:34.372868+00:00,EQE1,7,5.0,-0.088379,4096,0.981197
55,2026-03-28T13:21:34.372868+00:00,EQE1,8,1.0,0.293945,4096,0.981197
55,2026-03-28T13:21:34.372868+00:00,EQE1,8,3.0,-0.005371,4096,0.981197
55,2026-03-28T13:21:34.372868+00:00,EQE1,8,5.0,-0.087891,4096,0.981197
55,2026-03-28T13:21:34.372868+00:00,EQE1,9,1.0,0.277832,4096,0.981197
55,2026-03-28T13:21:34.372868+00:00,EQE1,9,3.0,-0.021484,4096,0.981197
55,2026-03-28T13:21:34.372868+00:00,EQE1,9,5.0,-0.084961,4096,0.981197
55,2026-03-28T13:21:34.372868+00:00,EQE1,10,1.0,0.299316,4096,0.981197
55,2026-03-28T13:21:34.372868+00:00,EQE1,10,3.0,0.020508,4096,0.981197
55,2026-03-28T13:21:34.372868+00:00,EQE1,10,5.0,-0.083984,4096,0.981197
55,2026-03-28T13:21:34.372868+00:00,EQE1,11,1.0,0.279297,4096,0.981197
55,2026-03-28T13:21:34.372868+00:00,EQE1,11,3.0,0.021484,4096,0.981197
55,2026-03-28T13:21:34.372868+00:00,EQE1,11,5.0,-0.094727,4096,0.981197
55,2026-03-28T13:21:34.372868+00:00,EQE1,12,1.0,0.270508,4096,0.981197
55,2026-03-28T13:21:34.372868+00:00,EQE1,12,3.0,0.024414,4096,0.981197
55,2026-03-28T13:21:34.372868+00:00,EQE1,12,5.0,-0.084961,4096,0.981197
55,2026-03-28T13:21:34.372868+00:00,EQE1,13,1.0,0.306152,4096,0.981197
55,2026-03-28T13:21:34.372868+00:00,EQE1,13,3.0,0.020020,4096,0.981197
55,2026-03-28T13:21:34.372868+00:00,EQE1,13,5.0,-0.114746,4096,0.981197
55,2026-03-28T13:21:34.372868+00:00,EQE1,14,1.0,0.265625,4096,0.981197
55,2026-03-28T13:21:34.372868+00:00,EQE1,14,3.0,0.027344,4096,0.981197
55,2026-03-28T13:21:34.372868+00:00,EQE1,14,5.0,-0.094727,4096,0.981197
55,2026-03-28T13:21:34.372868+00:00,EQE1,15,1.0,0.280762,4096,0.981197
55,2026-03-28T13:21:34.372868+00:00,EQE1,15,3.0,0.012207,4096,0.981197
55,2026-03-28T13:21:34.372868+00:00,EQE1,15,5.0,-0.103027,4096,0.981197
55,2026-03-28T13:21:34.372868+00:00,EQE1,16,1.0,0.292969,4096,0.981197
55,2026-03-28T13:21:34.372868+00:00,EQE1,16,3.0,0.018555,4096,0.981197
55,2026-03-28T13:21:34.372868+00:00,EQE1,16,5.0,-0.091309,4096,0.981197
55,2026-03-28T13:21:34.372868+00:00,EQE1,17,1.0,0.268555,4096,0.981197
55,2026-03-28T13:21:34.372868+00:00,EQE1,17,3.0,0.024414,4096,0.981197
55,2026-03-28T13:21:34.372868+00:00,EQE1,17,5.0,-0.126953,4096,0.981197
55,2026-03-28T13:21:34.372868+00:00,EQE1,18,1.0,0.269043,4096,0.981197
55,2026-03-28T13:21:34.372868+00:00,EQE1,18,3.0,0.018066,4096,0.981197
55,2026-03-28T13:21:34.372868+00:00,EQE1,18,5.0,-0.100586,4096,0.981197
55,2026-03-28T13:21:34.372868+00:00,EQE1,19,1.0,0.287109,4096,0.981197
55,2026-03-28T13:21:34.372868+00:00,EQE1,19,3.0,0.023438,4096,0.981197
55,2026-03-28T13:21:34.372868+00:00,EQE1,19,5.0,-0.104004,4096,0.981197
55,2026-03-28T13:21:34.372868+00:00,EQE1,20,1.0,0.259766,4096,0.981197
55,2026-03-28T13:21:34.372868+00:00,EQE1,20,3.0,0.003906,4096,0.981197
55,2026-03-28T13:21:34.372868+00:00,EQE1,20,5.0,-0.104004,4096,0.981197
55,2026-03-28T13:21:34.372868+00:00,EQE1,21,1.0,0.264160,4096,0.981197
55,2026-03-28T13:21:34.372868+00:00,EQE1,21,3.0,-0.020508,4096,0.981197
55,2026-03-28T13:21:34.372868+00:00,EQE1,21,5.0,-0.080566,4096,0.981197
55,2026-03-28T13:21:34.372868+00:00,EQE1,22,1.0,0.290039,4096,0.981197
55,2026-03-28T13:21:34.372868+00:00,EQE1,22,3.0,0.019531,4096,0.981197
55,2026-03-28T13:21:34.372868+00:00,EQE1,22,5.0,-0.116699,4096,0.981197
55,2026-03-28T13:21:34.372868+00:00,EQE1,23,1.0,0.291016,4096,0.981197
55,2026-03-28T13:21:34.372868+00:00,EQE1,23,3.0,0.001953,4096,0.981197
55,2026-03-28T13:21:34.372868+00:00,EQE1,23,5.0,-0.074219,4096,0.981197
55,2026-03-28T13:21:34.372868+00:00,EQE1,24,1.0,0.294922,4096,0.981197
55,2026-03-28T13:21:34.372868+00:00,EQE1,24,3.0,0.010254,4096,0.981197
55,2026-03-28T13:21:34.372868+00:00,EQE1,24,5.0,-0.051270,4096,0.981197
55,2026-03-28T13:21:34.372868+00:00,EQE1,25,1.0,0.275391,4096,0.981197
55,2026-03-28T13:21:34.372868+00:00,EQE1,25,3.0,0.007324,4096,0.981197
55,2026-03-28T13:21:34.372868+00:00,EQE1,25,5.0,-0.084473,4096,0.981197
55,2026-03-28T13:21:34.372868+00:00,EQE1,26,1.0,0.279297,4096,0.981197
55,2026-03-28T13:21:34.372868+00:00,EQE1,26,3.0,0.013672,4096,0.981197
55,2026-03-28T13:21:34.372868+00:00,EQE1,26,5.0,-0.118652,4096,0.981197
55,2026-03-28T13:21:34.372868+00:00,EQE1,27,1.0,0.282227,4096,0.981197
55,2026-03-28T13:21:34.372868+00:00,EQE1,27,3.0,0.000000,4096,0.981197
55,2026-03-28T13:21:34.372868+00:00,EQE1,27,5.0,-0.120117,4096,0.981197
55,2026-03-28T13:21:34.372868+00:00,EQE1,28,1.0,0.276367,4096,0.981197
55,2026-03-28T13:21:34.372868+00:00,EQE1,28,3.0,0.012695,4096,0.981197
55,2026-03-28T13:21:34.372868+00:00,EQE1,28,5.0,-0.109863,4096,0.981197
55,2026-03-28T13:21:34.372868+00:00,EQE1,29,1.0,0.280273,4096,0.981197
55,2026-03-28T13:21:34.372868+00:00,EQE1,29,3.0,0.033691,4096,0.981197
55,2026-03-28T13:21:34.372868+00:00,EQE1,29,5.0,-0.091309,4096,0.981197
56,2026-03-28T13:51:34.373099+00:00,EQE1,0,1.0,0.275391,4096,0.981197
56,2026-03-28T13:51:34.373099+00:00,EQE1,0,3.0,0.009277,4096,0.981197
56,2026-03-28T13:51:34.373099+00:00,EQE1,0,5.0,-0.082520,4096,0.981197
56,2026-03-28T13:51:34.373099+00:00,EQE1,1,1.0,0.290039,4096,0.981197
56,2026-03-28T13:51:34.373099+00:00,EQE1,1,3.0,-0.011719,4096,0.981197
56,2026-03-28T13:51:34.373099+00:00,EQE1,1,5.0,-0.119629,4096,0.981197
56,2026-03-28T13:51:34.373099+00:00,EQE1,2,1.0,0.288574,4096,0.981197
56,2026-03-28T13:51:34.373099+00:00,EQE1,2,3.0,0.040039,4096,0.981197
56,2026-03-28T13:51:34.373099+00:00,EQE1,2,5.0,-0.111816,4096,0.981197
56,2026-03-28T13:51:34.373099+00:00,EQE1,3,1.0,0.290039,4096,0.981197
56,2026-03-28T13:51:34.373099+00:00,EQE1,3,3.0,0.001953,4096,0.981197
56,2026-03-28T13:51:34.373099+00:00,EQE1,3,5.0,-0.113281,4096,0.981197
56,2026-03-28T13:51:34.373099+00:00,EQE1,4,1.0,0.288086,4096,0.981197
56,2026-03-28T13:51:34.373099+00:00,EQE1,4,3.0,0.014160,4096,0.981197
56,2026-03-28T13:51:34.373099+00:00,EQE1,4,5.0,-0.107422,4096,0.981197
56,2026-03-28T13:51:34.373099+00:00,EQE1,5,1.0,0.301270,4096,0.981197
56,2026-03-28T13:51:34.373099+00:00,EQE1,5,3.0,0.029785,4096,0.981197
56,2026-03-28T13:51:34.373099+00:00,EQE1,5,5.0,-0.080566,4096,0.981197
56,2026-03-28T13:51:34.373099+00:00,EQE1,6,1.0,0.295410,4096,0.981197
56,2026-03-28T13:51:34.373099+00:00,EQE1,6,3.0,0.018066,4096,0.981197
56,2026-03-28T13:51:34.373099+00:00,EQE1,6,5.0,-0.105957,4096,0.981197
56,2026-03-28T13:51:34.373099+00:00,EQE1,7,1.0,0.268066,4096,0.981197
56,2026-03-28T13:51:34.373099+00:00,EQE1,7,3.0,0.024902,4096,0.981197
56,2026-03-28T13:51:34.373099+00:00,EQE1,7,5.0,-0.096680,4096,0.981197
56,2026-03-28T13:51:34.373099+00:00,EQE1,8,1.0,0.296875,4096,0.981197
56,2026-03-28T13:51:34.373099+00:00,EQE1,8,3.0,0.035645,4096,0.981197
56,2026-03-28T13:51:34.373099+00:00,EQE1,8,5.0,-0.089844,4096,0.981197
56,2026-03-28T13:51:34.373099+00:00,EQE1,9,1.0,0.272461,4096,0.981197
56,2026-03-28T13:51:34.373099+00:00,EQE1,9,3.0,0.017090,4096,0.981197
56,2026-03-28T13:51:34.373099+00:00,EQE1,9,5.0,-0.122559,4096,0.981197
56,2026-03-28T13:51:34.373099+00:00,EQE1,10,1.0,0.330078,4096,0.981197
56,2026-03-28T13:51:34.373099+00:00,EQE1,10,3.0,0.004883,4096,0.981197
56,2026-03-28T13:51:34.373099+00:00,EQE1,10,5.0,-0.085938,4096,0.981197
56,2026-03-28T13:51:34.373099+00:00,EQE1,11,1.0,0.300781,4096,0.981197
56,2026-03-28T13:51:34.373099+00:00,EQE1,11,3.0,0.012207,4096,0.981197
56,2026-03-28T13:51:34.373099+00:00,EQE1,11,5.0,-0.057129,4096,0.981197
56,2026-03-28T13:51:34.373099+00:00,EQE1,12,1.0,0.281250,4096,0.981197
56,2026-03-28T13:51:34.373099+00:00,EQE1,12,3.0,0.008789,4096,0.981197
56,2026-03-28T13:51:34.373099+00:00,EQE1,12,5.0,-0.071289,4096,0.981197
56,2026-03-28T13:51:34.373099+00:00,EQE1,13,1.0,0.278809,4096,0.981197
56,2026-03-28T13:51:34.373099+00:00,EQE1,13,3.0,0.014160,4096,0.981197
56,2026-03-28T13:51:34.373099+00:00,EQE1,13,5.0,-0.097656,4096,0.981197
56,2026-03-28T13:51:34.373099+00:00,EQE1,14,1.0,0.309082,4096,0.981197
56,2026-03-28T13:51:34.373099+00:00,EQE1,14,3.0,0.007812,4096,0.981197
56,2026-03-28T13:51:34.373099+00:00,EQE1,14,5.0,-0.091309,4096,0.981197
56,2026-03-28T13:51:34.373099+00:00,EQE1,15,1.0,0.291016,4096,0.981197
56,2026-03-28T13:51:34.373099+00:00,EQE1,15,3.0,0.013672,4096,0.981197
56,2026-03-28T13:51:34.373099+00:00,EQE1,15,5.0,-0.104492,4096,0.981197
56,2026-03-28T13:51:34.373099+00:00,EQE1,16,1.0,0.292969,4096,0.981197
56,2026-03-28T13:51:34.373099+00:00,EQE1,16,3.0,-0.007324,4096,0.981197
56,2026-03-28T13:51:34.373099+00:00,EQE1,16,5.0,-0.097656,4096,0.981197
56,2026-03-28T13:51:34.373099+00:00,EQE1,17,1.0,0.302246,4096,0.981197
56,2026-03-28T13:51:34.373099+00:00,EQE1,17,3.0,0.027832,4096,0.981197
56,2026-03-28T13:51:34.373099+00:00,EQE1,17,5.0,-0.089844,4096,0.981197
56,2026-03-28T13:51:34.373099+00:00,EQE1,18,1.0,0.332520,4096,0.981197
56,2026-03-28T13:51:34.373099+00:00,EQE1,18,3.0,0.012207,4096,0.981197
56,2026-03-28T13:51:34.373099+00:00,EQE1,18,5.0,-0.127441,4096,0.981197
56,2026-03-28T13:51:34.373099+00:00,EQE1,19,1.0,0.285645,4096,0.981197
56,2026-03-28T13:51:34.373099+00:00,EQE1,19,3.0,-0.010742,4096,0.981197
56,2026-03-28T13:51:34.373099+00:00,EQE1,19,5.0,-0.088379,4096,0.981197
56,2026-03-28T13:51:34.373099+00:00,EQE1,20,1.0,0.274414,4096,0.981197
56,2026-03-28T13:51:34.373099+00:00,EQE1,20,3.0,0.016602,4096,0.981197
56,2026-03-28T13:51:34.373099+00:00,EQE1,20,5.0,-0.089844,4096,0.981197
56,2026-03-28T13:51:34.373099+00:00,EQE1,21,1.0,0.291016,4096,0.981197
56,2026-03-28T13:51:34.373099+00:00,EQE1,21,3.0,0.024414,4096,0.981197
56,2026-03-28T13:51:34.373099+00:00,EQE1,21,5.0,-0.069824,4096,0.981197
56,2026-03-28T13:51:34.373099+00:00,EQE1,22,1.0,0.294434,4096,0.981197
56,2026-03-28T13:51:34.373099+00:00,EQE1,22,3.0,0.051270,4096,0.981197
56,2026-03-28T13:51:34.373099+00:00,EQE1,22,5.0,-0.081055,4096,0.981197
56,2026-03-28T13:51:34.373099+00:00,EQE1,23,1.0,0.301270,4096,0.981197
56,2026-03-28T13:51:34.373099+00:00,EQE1,23,3.0,0.023438,4096,0.981197
56,2026-03-28T13:51:34.373099+00:00,EQE1,23,5.0,-0.094727,4096,0.981197
56,2026-03-28T13:51:34.373099+00:00,EQE1,24,1.0,0.289062,4096,0.981197
56,2026-03-28T13:51:34.373099+00:00,EQE1,24,3.0,0.015625,4096,0.981197
56,2026-03-28T13:51:34.373099+00:00,EQE1,24,5.0,-0.084961,4096,0.981197
56,2026-03-28T13:51:34.373099+00:00,EQE1,25,1.0,0.310059,4096,0.981197
56,2026-03-28T13:51:34.373099+00:00,EQE1,25,3.0,-0.008301,4096,0.981197
56,2026-03-28T13:51:34.373099+00:00,EQE1,25,5.0,-0.076660,4096,0.981197
56,2026-03-28T13:51:34.373099+00:00,EQE1,26,1.0,0.298340,4096,0.981197
56,2026-03-28T13:51:34.373099+00:00,EQE1,26,3.0,0.002441,4096,0.981197
56,2026-03-28T13:51:34.373099+00:00,EQE1,26,5.0,-0.064941,4096,0.981197
56,2026-03-28T13:51:34.373099+00:00,EQE1,27,1.0,0.297852,4096,0.981197
56,2026-03-28T13:51:34.373099+00:00,EQE1,27,3.0,-0.010254,4096,0.981197
56,2026-03-28T13:51:34.373099+00:00,EQE1,27,5.0,-0.117188,4096,0.981197
56,2026-03-28T13:51:34.373099+00:00,EQE1,28,1.0,0.278320,4096,0.981197
56,2026-03-28T13:51:34.373099+00:00,EQE1,28,3.0,0.012207,4096,0.981197
56,2026-03-28T13:51:34.373099+00:00,EQE1,28,5.0,-0.067383,4096,0.981197
56,2026-03-28T13:51:34.373099+00:00,EQE1,29,1.0,0.273438,4096,0.981197
56,2026-03-28T13:51:34.373099+00:00,EQE1,29,3.0,0.042969,4096,0.981197
56,2026-03-28T13:51:34.373099+00:00,EQE1,29,5.0,-0.108398,4096,0.981197
57,2026-03-28T14:21:34.373068+00:00,EQE1,0,1.0,0.278809,4096,0.981197
57,2026-03-28T14:21:34.373068+00:00,EQE1,0,3.0,0.011230,4096,0.981197
57,2026-03-28T14:21:34.373068+00:00,EQE1,0,5.0,-0.118164,4096,0.981197
57,2026-03-28T14:21:34.373068+00:00,EQE1,1,1.0,0.288574,4096,0.981197
57,2026-03-28T14:21:34.373068+00:00,EQE1,1,3.0,0.015137,4096,0.981197
57,2026-03-28T14:21:34.373068+00:00,EQE1,1,5.0,-0.104492,4096,0.981197
57,2026-03-28T14:21:34.373068+00:00,EQE1,2,1.0,0.288086,4096,0.981197
57,2026-03-28T14:21:34.373068+00:00,EQE1,2,3.0,0.019531,4096,0.981197
57,2026-03-28T14:21:34.373068+00:00,EQE1,2,5.0,-0.144531,4096,0.981197
57,2026-03-28T14:21:34.373068+00:00,EQE1,3,1.0,0.269043,4096,0.981197
57,2026-03-28T14:21:34.373068+00:00,EQE1,3,3.0,0.002441,4096,0.981197
57,2026-03-28T14:21:34.373068+00:00,EQE1,3,5.0,-0.075684,4096,0.981197
57,2026-03-28T14:21:34.373068+00:00,EQE1,4,1.0,0.285156,4096,0.981197
57,2026-03-28T14:21:34.373068+00:00,EQE1,4,3.0,-0.014160,4096,0.981197
57,2026-03-28T14:21:34.373068+00:00,EQE1,4,5.0,-0.105469,4096,0.981197
57,2026-03-28T14:21:34.373068+00:00,EQE1,5,1.0,0.276367,4096,0.981197
57,2026-03-28T14:21:34.373068+00:00,EQE1,5,3.0,0.014648,4096,0.981197
57,2026-03-28T14:21:34.373068+00:00,EQE1,5,5.0,-0.099609,4096,0.981197
57,2026-03-28T14:21:34.373068+00:00,EQE1,6,1.0,0.268555,4096,0.981197
57,2026-03-28T14:21:34.373068+00:00,EQE1,6,3.0,-0.002930,4096,0.981197
57,2026-03-28T14:21:34.373068+00:00,EQE1,6,5.0,-0.090820,4096,0.981197
57,2026-03-28T14:21:34.373068+00:00,EQE1,7,1.0,0.303223,4096,0.981197
57,2026-03-28T14:21:34.373068+00:00,EQE1,7,3.0,0.022949,4096,0.981197
57,2026-03-28T14:21:34.373068+00:00,EQE1,7,5.0,-0.096191,4096,0.981197
57,2026-03-28T14:21:34.373068+00:00,EQE1,8,1.0,0.266602,4096,0.981197
57,2026-03-28T14:21:34.373068+00:00,EQE1,8,3.0,0.012207,4096,0.981197
57,2026-03-28T14:21:34.373068+00:00,EQE1,8,5.0,-0.073730,4096,0.981197
57,2026-03-28T14:21:34.373068+00:00,EQE1,9,1.0,0.282227,4096,0.981197
57,2026-03-28T14:21:34.373068+00:00,EQE1,9,3.0,0.003418,4096,0.981197
57,2026-03-28T14:21:34.373068+00:00,EQE1,9,5.0,-0.084473,4096,0.981197
57,2026-03-28T14:21:34.373068+00:00,EQE1,10,1.0,0.286621,4096,0.981197
57,2026-03-28T14:21:34.373068+00:00,EQE1,10,3.0,0.005859,4096,0.981197
57,2026-03-28T14:21:34.373068+00:00,EQE1,10,5.0,-0.104004,4096,0.981197
57,2026-03-28T14:21:34.373068+00:00,EQE1,11,1.0,0.298340,4096,0.981197
57,2026-03-28T14:21:34.373068+00:00,EQE1,11,3.0,0.016113,4096,0.981197
57,2026-03-28T14:21:34.373068+00:00,EQE1,11,5.0,-0.073242,4096,0.981197
57,2026-03-28T14:21:34.373068+00:00,EQE1,12,1.0,0.291016,4096,0.981197
57,2026-03-28T14:21:34.373068+00:00,EQE1,12,3.0,0.004395,4096,0.981197
57,2026-03-28T14:21:34.373068+00:00,EQE1,12,5.0,-0.085938,4096,0.981197
57,2026-03-28T14:21:34.373068+00:00,EQE1,13,1.0,0.301270,4096,0.981197
57,2026-03-28T14:21:34.373068+00:00,EQE1,13,3.0,0.002930,4096,0.981197
57,2026-03-28T14:21:34.373068+00:00,EQE1,13,5.0,-0.091309,4096,0.981197
57,2026-03-28T14:21:34.373068+00:00,EQE1,14,1.0,0.295898,4096,0.981197
57,2026-03-28T14:21:34.373068+00:00,EQE1,14,3.0,-0.002441,4096,0.981197
57,2026-03-28T14:21:34.373068+00:00,EQE1,14,5.0,-0.079102,4096,0.981197
57,2026-03-28T14:21:34.373068+00:00,EQE1,15,1.0,0.289551,4096,0.981197
57,2026-03-28T14:21:34.373068+00:00,EQE1,15,3.0,0.019531,4096,0.981197
57,2026-03-28T14:21:34.373068+00:00,EQE1,15,5.0,-0.107422,4096,0.981197
57,2026-03-28T14:21:34.373068+00:00,EQE1,16,1.0,0.301758,4096,0.981197
57,2026-03-28T14:21:34.373068+00:00,EQE1,16,3.0,0.019043,4096,0.981197
57,2026-03-28T14:21:34.373068+00:00,EQE1,16,5.0,-0.106445,4096,0.981197
57,2026-03-28T14:21:34.373068+00:00,EQE1,17,1.0,0.280273,4096,0.981197
57,2026-03-28T14:21:34.373068+00:00,EQE1,17,3.0,0.001953,4096,0.981197
57,2026-03-28T14:21:34.373068+00:00,EQE1,17,5.0,-0.071777,4096,0.981197
57,2026-03-28T14:21:34.373068+00:00,EQE1,18,1.0,0.264648,4096,0.981197
57,2026-03-28T14:21:34.373068+00:00,EQE1,18,3.0,0.005371,4096,0.981197
57,2026-03-28T14:21:34.373068+00:00,EQE1,18,5.0,-0.101074,4096,0.981197
57,2026-03-28T14:21:34.373068+00:00,EQE1,19,1.0,0.300293,4096,0.981197
57,2026-03-28T14:21:34.373068+00:00,EQE1,19,3.0,-0.003418,4096,0.981197
57,2026-03-28T14:21:34.373068+00:00,EQE1,19,5.0,-0.096191,4096,0.981197
57,2026-03-28T14:21:34.373068+00:00,EQE1,20,1.0,0.292969,4096,0.981197
57,2026-03-28T14:21:34.373068+00:00,EQE1,20,3.0,0.049805,4096,0.981197
57,2026-03-28T14:21:34.373068+00:00,EQE1,20,5.0,-0.122070,4096,0.981197
57,2026-03-28T14:21:34.373068+00:00,EQE1,21,1.0,0.278320,4096,0.981197
57,2026-03-28T14:21:34.373068+00:00,EQE1,21,3.0,0.000488,4096,0.981197
57,2026-03-28T14:21:34.373068+00:00,EQE1,21,5.0,-0.101074,4096,0.981197
57,2026-03-28T14:21:34.373068+00:00,EQE1,22,1.0,0.290039,4096,0.981197
57,2026-03-28T14:21:34.373068+00:00,EQE1,22,3.0,0.021484,4096,0.981197
57,2026-03-28T14:21:34.373068+00:00,EQE1,22,5.0,-0.081543,4096,0.981197
57,2026-03-28T14:21:34.373068+00:00,EQE1,23,1.0,0.281250,4096,0.981197
57,2026-03-28T14:21:34.373068+00:00,EQE1,23,3.0,0.003906,4096,0.981197
57,2026-03-28T14:21:34.373068+00:00,EQE1,23,5.0,-0.086426,4096,0.981197
57,2026-03-28T14:21:34.373068+00:00,EQE1,24,1.0,0.272949,4096,0.981197
57,2026-03-28T14:21:34.373068+00:00,EQE1,24,3.0,-0.022949,4096,0.981197
57,2026-03-28T14:21:34.373068+00:00,EQE1,24,5.0,-0.081543,4096,0.981197
57,2026-03-28T14:21:34.373068+00:00,EQE1,25,1.0,0.267578,4096,0.981197
57,2026-03-28T14:21:34.373068+00:00,EQE1,25,3.0,0.023438,4096,0.981197
57,2026-03-28T14:21:34.373068+00:00,EQE1,25,5.0,-0.085449,4096,0.981197
57,2026-03-28T14:21:34.373068+00:00,EQE1,26,1.0,0.277832,4096,0.981197
57,2026-03-28T14:21:34.373068+00:00,EQE1,26,3.0,0.017578,4096,0.981197
57,2026-03-28T14:21:34.373068+00:00,EQE1,26,5.0,-0.081055,4096,0.981197
57,2026-03-28T14:21:34.373068+00:00,EQE1,27,1.0,0.306152,4096,0.981197
57,2026-03-28T14:21:34.373068+00:00,EQE1,27,3.0,0.028320,4096,0.981197
57,2026-03-28T14:21:34.373068+00:00,EQE1,27,5.0,-0.104492,4096,0.981197
57,2026-03-28T14:21:34.373068+00:00,EQE1,28,1.0,0.269043,4096,0.981197
57,2026-03-28T14:21:34.373068+00:00,EQE1,28,3.0,0.046387,4096,0.981197
57,2026-03-28T14:21:34.373068+00:00,EQE1,28,5.0,-0.107422,4096,0.981197
57,2026-03-28T14:21:34.373068+00:00,EQE1,29,1.0,0.282715,4096,0.981197
57,2026-03-28T14:21:34.373068+00:00,EQE1,29,3.0,0.015625,4096,0.981197
57,2026-03-28T14:21:34.373068+00:00,EQE1,29,5.0,-0.114746,4096,0.981197
58,2026-03-28T14:51:34.334360+00:00,EQE1,0,1.0,0.296387,4096,0.981197
58,2026-03-28T14:51:34.334360+00:00,EQE1,0,3.0,-0.027832,4096,0.981197
58,2026-03-28T14:51:34.334360+00:00,EQE1,0,5.0,-0.076660,4096,0.981197
58,2026-03-28T14:51:34.334360+00:00,EQE1,1,1.0,0.291992,4096,0.981197
58,2026-03-28T14:51:34.334360+00:00,EQE1,1,3.0,0.023926,4096,0.981197
58,2026-03-28T14:51:34.334360+00:00,EQE1,1,5.0,-0.092285,4096,0.981197
58,2026-03-28T14:51:34.334360+00:00,EQE1,2,1.0,0.275879,4096,0.981197
58,2026-03-28T14:51:34.334360+00:00,EQE1,2,3.0,0.006836,4096,0.981197
58,2026-03-28T14:51:34.334360+00:00,EQE1,2,5.0,-0.082520,4096,0.981197
58,2026-03-28T14:51:34.334360+00:00,EQE1,3,1.0,0.286621,4096,0.981197
58,2026-03-28T14:51:34.334360+00:00,EQE1,3,3.0,0.050781,4096,0.981197
58,2026-03-28T14:51:34.334360+00:00,EQE1,3,5.0,-0.092285,4096,0.981197
58,2026-03-28T14:51:34.334360+00:00,EQE1,4,1.0,0.251953,4096,0.981197
58,2026-03-28T14:51:34.334360+00:00,EQE1,4,3.0,0.001465,4096,0.981197
58,2026-03-28T14:51:34.334360+00:00,EQE1,4,5.0,-0.093750,4096,0.981197
58,2026-03-28T14:51:34.334360+00:00,EQE1,5,1.0,0.281738,4096,0.981197
58,2026-03-28T14:51:34.334360+00:00,EQE1,5,3.0,0.015625,4096,0.981197
58,2026-03-28T14:51:34.334360+00:00,EQE1,5,5.0,-0.110840,4096,0.981197
58,2026-03-28T14:51:34.334360+00:00,EQE1,6,1.0,0.288574,4096,0.981197
58,2026-03-28T14:51:34.334360+00:00,EQE1,6,3.0,0.013184,4096,0.981197
58,2026-03-28T14:51:34.334360+00:00,EQE1,6,5.0,-0.080566,4096,0.981197
58,2026-03-28T14:51:34.334360+00:00,EQE1,7,1.0,0.273926,4096,0.981197
58,2026-03-28T14:51:34.334360+00:00,EQE1,7,3.0,0.004883,4096,0.981197
58,2026-03-28T14:51:34.334360+00:00,EQE1,7,5.0,-0.099121,4096,0.981197
58,2026-03-28T14:51:34.334360+00:00,EQE1,8,1.0,0.287598,4096,0.981197
58,2026-03-28T14:51:34.334360+00:00,EQE1,8,3.0,0.013184,4096,0.981197
58,2026-03-28T14:51:34.334360+00:00,EQE1,8,5.0,-0.088867,4096,0.981197
58,2026-03-28T14:51:34.334360+00:00,EQE1,9,1.0,0.289551,4096,0.981197
58,2026-03-28T14:51:34.334360+00:00,EQE1,9,3.0,0.003906,4096,0.981197
58,2026-03-28T14:51:34.334360+00:00,EQE1,9,5.0,-0.108887,4096,0.981197
58,2026-03-28T14:51:34.334360+00:00,EQE1,10,1.0,0.309570,4096,0.981197
58,2026-03-28T14:51:34.334360+00:00,EQE1,10,3.0,0.025391,4096,0.981197
58,2026-03-28T14:51:34.334360+00:00,EQE1,10,5.0,-0.086914,4096,0.981197
58,2026-03-28T14:51:34.334360+00:00,EQE1,11,1.0,0.298340,4096,0.981197
58,2026-03-28T14:51:34.334360+00:00,EQE1,11,3.0,0.009277,4096,0.981197
58,2026-03-28T14:51:34.334360+00:00,EQE1,11,5.0,-0.096191,4096,0.981197
58,2026-03-28T14:51:34.334360+00:00,EQE1,12,1.0,0.310547,4096,0.981197
58,2026-03-28T14:51:34.334360+00:00,EQE1,12,3.0,-0.001953,4096,0.981197
58,2026-03-28T14:51:34.334360+00:00,EQE1,12,5.0,-0.106445,4096,0.981197
58,2026-03-28T14:51:34.334360+00:00,EQE1,13,1.0,0.281250,4096,0.981197
58,2026-03-28T14:51:34.334360+00:00,EQE1,13,3.0,0.027832,4096,0.981197
58,2026-03-28T14:51:34.334360+00:00,EQE1,13,5.0,-0.117676,4096,0.981197
58,2026-03-28T14:51:34.334360+00:00,EQE1,14,1.0,0.299316,4096,0.981197
58,2026-03-28T14:51:34.334360+00:00,EQE1,14,3.0,0.041992,4096,0.981197
58,2026-03-28T14:51:34.334360+00:00,EQE1,14,5.0,-0.084473,4096,0.981197
58,2026-03-28T14:51:34.334360+00:00,EQE1,15,1.0,0.302734,4096,0.981197
58,2026-03-28T14:51:34.334360+00:00,EQE1,15,3.0,0.000977,4096,0.981197
58,2026-03-28T14:51:34.334360+00:00,EQE1,15,5.0,-0.107422,4096,0.981197
58,2026-03-28T14:51:34.334360+00:00,EQE1,16,1.0,0.322754,4096,0.981197
58,2026-03-28T14:51:34.334360+00:00,EQE1,16,3.0,0.003418,4096,0.981197
58,2026-03-28T14:51:34.334360+00:00,EQE1,16,5.0,-0.123535,4096,0.981197
58,2026-03-28T14:51:34.334360+00:00,EQE1,17,1.0,0.266113,4096,0.981197
58,2026-03-28T14:51:34.334360+00:00,EQE1,17,3.0,-0.014160,4096,0.981197
58,2026-03-28T14:51:34.334360+00:00,EQE1,17,5.0,-0.090332,4096,0.981197
58,2026-03-28T14:51:34.334360+00:00,EQE1,18,1.0,0.292480,4096,0.981197
58,2026-03-28T14:51:34.334360+00:00,EQE1,18,3.0,0.016602,4096,0.981197
58,2026-03-28T14:51:34.334360+00:00,EQE1,18,5.0,-0.095215,4096,0.981197
58,2026-03-28T14:51:34.334360+00:00,EQE1,19,1.0,0.269531,4096,0.981197
58,2026-03-28T14:51:34.334360+00:00,EQE1,19,3.0,0.025879,4096,0.981197
58,2026-03-28T14:51:34.334360+00:00,EQE1,19,5.0,-0.092773,4096,0.981197
58,2026-03-28T14:51:34.334360+00:00,EQE1,20,1.0,0.266602,4096,0.981197
58,2026-03-28T14:51:34.334360+00:00,EQE1,20,3.0,-0.012207,4096,0.981197
58,2026-03-28T14:51:34.334360+00:00,EQE1,20,5.0,-0.127930,4096,0.981197
58,2026-03-28T14:51:34.334360+00:00,EQE1,21,1.0,0.301270,4096,0.981197
58,2026-03-28T14:51:34.334360+00:00,EQE1,21,3.0,0.006348,4096,0.981197
58,2026-03-28T14:51:34.334360+00:00,EQE1,21,5.0,-0.086914,4096,0.981197
58,2026-03-28T14:51:34.334360+00:00,EQE1,22,1.0,0.299805,4096,0.981197
58,2026-03-28T14:51:34.334360+00:00,EQE1,22,3.0,0.033203,4096,0.981197
58,2026-03-28T14:51:34.334360+00:00,EQE1,22,5.0,-0.096191,4096,0.981197
58,2026-03-28T14:51:34.334360+00:00,EQE1,23,1.0,0.277832,4096,0.981197
58,2026-03-28T14:51:34.334360+00:00,EQE1,23,3.0,0.003906,4096,0.981197
58,2026-03-28T14:51:34.334360+00:00,EQE1,23,5.0,-0.106934,4096,0.981197
58,2026-03-28T14:51:34.334360+00:00,EQE1,24,1.0,0.281738,4096,0.981197
58,2026-03-28T14:51:34.334360+00:00,EQE1,24,3.0,0.028809,4096,0.981197
58,2026-03-28T14:51:34.334360+00:00,EQE1,24,5.0,-0.114258,4096,0.981197
58,2026-03-28T14:51:34.334360+00:00,EQE1,25,1.0,0.299805,4096,0.981197
58,2026-03-28T14:51:34.334360+00:00,EQE1,25,3.0,0.026367,4096,0.981197
58,2026-03-28T14:51:34.334360+00:00,EQE1,25,5.0,-0.117188,4096,0.981197
58,2026-03-28T14:51:34.334360+00:00,EQE1,26,1.0,0.313477,4096,0.981197
58,2026-03-28T14:51:34.334360+00:00,EQE1,26,3.0,0.010254,4096,0.981197
58,2026-03-28T14:51:34.334360+00:00,EQE1,26,5.0,-0.082031,4096,0.981197
58,2026-03-28T14:51:34.334360+00:00,EQE1,27,1.0,0.300293,4096,0.981197
58,2026-03-28T14:51:34.334360+00:00,EQE1,27,3.0,0.000488,4096,0.981197
58,2026-03-28T14:51:34.334360+00:00,EQE1,27,5.0,-0.103027,4096,0.981197
58,2026-03-28T14:51:34.334360+00:00,EQE1,28,1.0,0.279297,4096,0.981197
58,2026-03-28T14:51:34.334360+00:00,EQE1,28,3.0,0.015137,4096,0.981197
58,2026-03-28T14:51:34.334360+00:00,EQE1,28,5.0,-0.089844,4096,0.981197
58,2026-03-28T14:51:34.334360+00:00,EQE1,29,1.0,0.306152,4096,0.981197
58,2026-03-28T14:51:34.334360+00:00,EQE1,29,3.0,-0.002441,4096,0.981197
58,2026-03-28T14:51:34.334360+00:00,EQE1,29,5.0,-0.106445,4096,0.981197
59,2026-03-28T15:21:34.373054+00:00,EQE1,0,1.0,0.298340,4096,0.981197
59,2026-03-28T15:21:34.373054+00:00,EQE1,0,3.0,0.030762,4096,0.981197
59,2026-03-28T15:21:34.373054+00:00,EQE1,0,5.0,-0.105469,4096,0.981197
59,2026-03-28T15:21:34.373054+00:00,EQE1,1,1.0,0.290527,4096,0.981197
59,2026-03-28T15:21:34.373054+00:00,EQE1,1,3.0,0.049805,4096,0.981197
59,2026-03-28T15:21:34.373054+00:00,EQE1,1,5.0,-0.117188,4096,0.981197
59,2026-03-28T15:21:34.373054+00:00,EQE1,2,1.0,0.268555,4096,0.981197
59,2026-03-28T15:21:34.373054+00:00,EQE1,2,3.0,0.026367,4096,0.981197
59,2026-03-28T15:21:34.373054+00:00,EQE1,2,5.0,-0.092773,4096,0.981197
59,2026-03-28T15:21:34.373054+00:00,EQE1,3,1.0,0.312988,4096,0.981197
59,2026-03-28T15:21:34.373054+00:00,EQE1,3,3.0,0.024414,4096,0.981197
59,2026-03-28T15:21:34.373054+00:00,EQE1,3,5.0,-0.082031,4096,0.981197
59,2026-03-28T15:21:34.373054+00:00,EQE1,4,1.0,0.319824,4096,0.981197
59,2026-03-28T15:21:34.373054+00:00,EQE1,4,3.0,0.018555,4096,0.981197
59,2026-03-28T15:21:34.373054+00:00,EQE1,4,5.0,-0.113281,4096,0.981197
59,2026-03-28T15:21:34.373054+00:00,EQE1,5,1.0,0.292480,4096,0.981197
59,2026-03-28T15:21:34.373054+00:00,EQE1,5,3.0,0.011230,4096,0.981197
59,2026-03-28T15:21:34.373054+00:00,EQE1,5,5.0,-0.098633,4096,0.981197
59,2026-03-28T15:21:34.373054+00:00,EQE1,6,1.0,0.301758,4096,0.981197
59,2026-03-28T15:21:34.373054+00:00,EQE1,6,3.0,0.001465,4096,0.981197
59,2026-03-28T15:21:34.373054+00:00,EQE1,6,5.0,-0.102539,4096,0.981197
59,2026-03-28T15:21:34.373054+00:00,EQE1,7,1.0,0.270020,4096,0.981197
59,2026-03-28T15:21:34.373054+00:00,EQE1,7,3.0,0.014648,4096,0.981197
59,2026-03-28T15:21:34.373054+00:00,EQE1,7,5.0,-0.107910,4096,0.981197
59,2026-03-28T15:21:34.373054+00:00,EQE1,8,1.0,0.304688,4096,0.981197
59,2026-03-28T15:21:34.373054+00:00,EQE1,8,3.0,0.015625,4096,0.981197
59,2026-03-28T15:21:34.373054+00:00,EQE1,8,5.0,-0.104492,4096,0.981197
59,2026-03-28T15:21:34.373054+00:00,EQE1,9,1.0,0.262207,4096,0.981197
59,2026-03-28T15:21:34.373054+00:00,EQE1,9,3.0,-0.025879,4096,0.981197
59,2026-03-28T15:21:34.373054+00:00,EQE1,9,5.0,-0.093750,4096,0.981197
59,2026-03-28T15:21:34.373054+00:00,EQE1,10,1.0,0.276855,4096,0.981197
59,2026-03-28T15:21:34.373054+00:00,EQE1,10,3.0,0.036133,4096,0.981197
59,2026-03-28T15:21:34.373054+00:00,EQE1,10,5.0,-0.109863,4096,0.981197
59,2026-03-28T15:21:34.373054+00:00,EQE1,11,1.0,0.281738,4096,0.981197
59,2026-03-28T15:21:34.373054+00:00,EQE1,11,3.0,-0.013672,4096,0.981197
59,2026-03-28T15:21:34.373054+00:00,EQE1,11,5.0,-0.108398,4096,0.981197
59,2026-03-28T15:21:34.373054+00:00,EQE1,12,1.0,0.290039,4096,0.981197
59,2026-03-28T15:21:34.373054+00:00,EQE1,12,3.0,-0.008789,4096,0.981197
59,2026-03-28T15:21:34.373054+00:00,EQE1,12,5.0,-0.119141,4096,0.981197
59,2026-03-28T15:21:34.373054+00:00,EQE1,13,1.0,0.306152,4096,0.981197
59,2026-03-28T15:21:34.373054+00:00,EQE1,13,3.0,0.046387,4096,0.981197
59,2026-03-28T15:21:34.373054+00:00,EQE1,13,5.0,-0.099609,4096,0.981197
59,2026-03-28T15:21:34.373054+00:00,EQE1,14,1.0,0.274414,4096,0.981197
59,2026-03-28T15:21:34.373054+00:00,EQE1,14,3.0,-0.004883,4096,0.981197
59,2026-03-28T15:21:34.373054+00:00,EQE1,14,5.0,-0.101074,4096,0.981197
59,2026-03-28T15:21:34.373054+00:00,EQE1,15,1.0,0.281738,4096,0.981197
59,2026-03-28T15:21:34.373054+00:00,EQE1,15,3.0,0.018066,4096,0.981197
59,2026-03-28T15:21:34.373054+00:00,EQE1,15,5.0,-0.118164,4096,0.981197
59,2026-03-28T15:21:34.373054+00:00,EQE1,16,1.0,0.283691,4096,0.981197
59,2026-03-28T15:21:34.373054+00:00,EQE1,16,3.0,0.017578,4096,0.981197
59,2026-03-28T15:21:34.373054+00:00,EQE1,16,5.0,-0.069824,4096,0.981197
59,2026-03-28T15:21:34.373054+00:00,EQE1,17,1.0,0.272949,4096,0.981197
59,2026-03-28T15:21:34.373054+00:00,EQE1,17,3.0,0.011230,4096,0.981197
59,2026-03-28T15:21:34.373054+00:00,EQE1,17,5.0,-0.085449,4096,0.981197
59,2026-03-28T15:21:34.373054+00:00,EQE1,18,1.0,0.306152,4096,0.981197
59,2026-03-28T15:21:34.373054+00:00,EQE1,18,3.0,0.033691,4096,0.981197
59,2026-03-28T15:21:34.373054+00:00,EQE1,18,5.0,-0.104980,4096,0.981197
59,2026-03-28T15:21:34.373054+00:00,EQE1,19,1.0,0.312988,4096,0.981197
59,2026-03-28T15:21:34.373054+00:00,EQE1,19,3.0,0.016602,4096,0.981197
59,2026-03-28T15:21:34.373054+00:00,EQE1,19,5.0,-0.093750,4096,0.981197
59,2026-03-28T15:21:34.373054+00:00,EQE1,20,1.0,0.304199,4096,0.981197
59,2026-03-28T15:21:34.373054+00:00,EQE1,20,3.0,0.008789,4096,0.981197
59,2026-03-28T15:21:34.373054+00:00,EQE1,20,5.0,-0.093750,4096,0.981197
59,2026-03-28T15:21:34.373054+00:00,EQE1,21,1.0,0.275391,4096,0.981197
59,2026-03-28T15:21:34.373054+00:00,EQE1,21,3.0,0.001465,4096,0.981197
59,2026-03-28T15:21:34.373054+00:00,EQE1,21,5.0,-0.087891,4096,0.981197
59,2026-03-28T15:21:34.373054+00:00,EQE1,22,1.0,0.298828,4096,0.981197
59,2026-03-28T15:21:34.373054+00:00,EQE1,22,3.0,0.006836,4096,0.981197
59,2026-03-28T15:21:34.373054+00:00,EQE1,22,5.0,-0.091309,4096,0.981197
59,2026-03-28T15:21:34.373054+00:00,EQE1,23,1.0,0.304199,4096,0.981197
59,2026-03-28T15:21:34.373054+00:00,EQE1,23,3.0,0.045898,4096,0.981197
59,2026-03-28T15:21:34.373054+00:00,EQE1,23,5.0,-0.088379,4096,0.981197
59,2026-03-28T15:21:34.373054+00:00,EQE1,24,1.0,0.285645,4096,0.981197
59,2026-03-28T15:21:34.373054+00:00,EQE1,24,3.0,0.015625,4096,0.981197
59,2026-03-28T15:21:34.373054+00:00,EQE1,24,5.0,-0.102051,4096,0.981197
59,2026-03-28T15:21:34.373054+00:00,EQE1,25,1.0,0.325195,4096,0.981197
59,2026-03-28T15:21:34.373054+00:00,EQE1,25,3.0,0.016602,4096,0.981197
59,2026-03-28T15:21:34.373054+00:00,EQE1,25,5.0,-0.115723,4096,0.981197
59,2026-03-28T15:21:34.373054+00:00,EQE1,26,1.0,0.311523,4096,0.981197
59,2026-03-28T15:21:34.373054+00:00,EQE1,26,3.0,0.019043,4096,0.981197
59,2026-03-28T15:21:34.373054+00:00,EQE1,26,5.0,-0.094238,4096,0.981197
59,2026-03-28T15:21:34.373054+00:00,EQE1,27,1.0,0.288574,4096,0.981197
59,2026-03-28T15:21:34.373054+00:00,EQE1,27,3.0,0.029297,4096,0.981197
59,2026-03-28T15:21:34.373054+00:00,EQE1,27,5.0,-0.109375,4096,0.981197
59,2026-03-28T15:21:34.373054+00:00,EQE1,28,1.0,0.315430,4096,0.981197
59,2026-03-28T15:21:34.373054+00:00,EQE1,28,3.0,0.018066,4096,0.981197
59,2026-03-28T15:21:34.373054+00:00,EQE1,28,5.0,-0.071777,4096,0.981197
59,2026-03-28T15:21:34.373054+00:00,EQE1,29,1.0,0.322266,4096,0.981197
59,2026-03-28T15:21:34.373054+00:00,EQE1,29,3.0,0.002930,4096,0.981197
59,2026-03-28T15:21:34.373054+00:00,EQE1,29,5.0,-0.093750,4096,0.981197
60,2026-03-28T15:51:34.372898+00:00,EQE1,0,1.0,0.265625,4096,0.981197
60,2026-03-28T15:51:34.372898+00:00,EQE1,0,3.0,0.026855,4096,0.981197
60,2026-03-28T15:51:34.372898+00:00,EQE1,0,5.0,-0.104980,4096,0.981197
60,2026-03-28T15:51:34.372898+00:00,EQE1,1,1.0,0.289551,4096,0.981197
60,2026-03-28T15:51:34.372898+00:00,EQE1,1,3.0,0.044434,4096,0.981197
60,2026-03-28T15:51:34.372898+00:00,EQE1,1,5.0,-0.091797,4096,0.981197
60,2026-03-28T15:51:34.372898+00:00,EQE1,2,1.0,0.301270,4096,0.981197
60,2026-03-28T15:51:34.372898+00:00,EQE1,2,3.0,0.012207,4096,0.981197
60,2026-03-28T15:51:34.372898+00:00,EQE1,2,5.0,-0.110352,4096,0.981197
60,2026-03-28T15:51:34.372898+00:00,EQE1,3,1.0,0.270020,4096,0.981197
60,2026-03-28T15:51:34.372898+00:00,EQE1,3,3.0,-0.003418,4096,0.981197
60,2026-03-28T15:51:34.372898+00:00,EQE1,3,5.0,-0.100586,4096,0.981197
60,2026-03-28T15:51:34.372898+00:00,EQE1,4,1.0,0.272461,4096,0.981197
60,2026-03-28T15:51:34.372898+00:00,EQE1,4,3.0,0.014648,4096,0.981197
60,2026-03-28T15:51:34.372898+00:00,EQE1,4,5.0,-0.096680,4096,0.981197
60,2026-03-28T15:51:34.372898+00:00,EQE1,5,1.0,0.308594,4096,0.981197
60,2026-03-28T15:51:34.372898+00:00,EQE1,5,3.0,0.025879,4096,0.981197
60,2026-03-28T15:51:34.372898+00:00,EQE1,5,5.0,-0.091309,4096,0.981197
60,2026-03-28T15:51:34.372898+00:00,EQE1,6,1.0,0.291016,4096,0.981197
60,2026-03-28T15:51:34.372898+00:00,EQE1,6,3.0,-0.000488,4096,0.981197
60,2026-03-28T15:51:34.372898+00:00,EQE1,6,5.0,-0.100586,4096,0.981197
60,2026-03-28T15:51:34.372898+00:00,EQE1,7,1.0,0.291016,4096,0.981197
60,2026-03-28T15:51:34.372898+00:00,EQE1,7,3.0,0.035156,4096,0.981197
60,2026-03-28T15:51:34.372898+00:00,EQE1,7,5.0,-0.129395,4096,0.981197
60,2026-03-28T15:51:34.372898+00:00,EQE1,8,1.0,0.271973,4096,0.981197
60,2026-03-28T15:51:34.372898+00:00,EQE1,8,3.0,0.021973,4096,0.981197
60,2026-03-28T15:51:34.372898+00:00,EQE1,8,5.0,-0.074219,4096,0.981197
60,2026-03-28T15:51:34.372898+00:00,EQE1,9,1.0,0.276367,4096,0.981197
60,2026-03-28T15:51:34.372898+00:00,EQE1,9,3.0,0.017090,4096,0.981197
60,2026-03-28T15:51:34.372898+00:00,EQE1,9,5.0,-0.063477,4096,0.981197
60,2026-03-28T15:51:34.372898+00:00,EQE1,10,1.0,0.292480,4096,0.981197
60,2026-03-28T15:51:34.372898+00:00,EQE1,10,3.0,0.016602,4096,0.981197
60,2026-03-28T15:51:34.372898+00:00,EQE1,10,5.0,-0.090332,4096,0.981197
60,2026-03-28T15:51:34.372898+00:00,EQE1,11,1.0,0.312500,4096,0.981197
60,2026-03-28T15:51:34.372898+00:00,EQE1,11,3.0,0.028809,4096,0.981197
60,2026-03-28T15:51:34.372898+00:00,EQE1,11,5.0,-0.102051,4096,0.981197
60,2026-03-28T15:51:34.372898+00:00,EQE1,12,1.0,0.311035,4096,0.981197
60,2026-03-28T15:51:34.372898+00:00,EQE1,12,3.0,0.012207,4096,0.981197
60,2026-03-28T15:51:34.372898+00:00,EQE1,12,5.0,-0.107422,4096,0.981197
60,2026-03-28T15:51:34.372898+00:00,EQE1,13,1.0,0.272461,4096,0.981197
60,2026-03-28T15:51:34.372898+00:00,EQE1,13,3.0,0.023438,4096,0.981197
60,2026-03-28T15:51:34.372898+00:00,EQE1,13,5.0,-0.104004,4096,0.981197
60,2026-03-28T15:51:34.372898+00:00,EQE1,14,1.0,0.296387,4096,0.981197
60,2026-03-28T15:51:34.372898+00:00,EQE1,14,3.0,0.006836,4096,0.981197
60,2026-03-28T15:51:34.372898+00:00,EQE1,14,5.0,-0.118652,4096,0.981197
60,2026-03-28T15:51:34.372898+00:00,EQE1,15,1.0,0.306641,4096,0.981197
60,2026-03-28T15:51:34.372898+00:00,EQE1,15,3.0,-0.012207,4096,0.981197
60,2026-03-28T15:51:34.372898+00:00,EQE1,15,5.0,-0.102051,4096,0.981197
60,2026-03-28T15:51:34.372898+00:00,EQE1,16,1.0,0.263184,4096,0.981197
60,2026-03-28T15:51:34.372898+00:00,EQE1,16,3.0,0.014648,4096,0.981197
60,2026-03-28T15:51:34.372898+00:00,EQE1,16,5.0,-0.073730,4096,0.981197
60,2026-03-28T15:51:34.372898+00:00,EQE1,17,1.0,0.303711,4096,0.981197
60,2026-03-28T15:51:34.372898+00:00,EQE1,17,3.0,-0.021484,4096,0.981197
60,2026-03-28T15:51:34.372898+00:00,EQE1,17,5.0,-0.092773,4096,0.981197
60,2026-03-28T15:51:34.372898+00:00,EQE1,18,1.0,0.291504,4096,0.981197
60,2026-03-28T15:51:34.372898+00:00,EQE1,18,3.0,0.020020,4096,0.981197
60,2026-03-28T15:51:34.372898+00:00,EQE1,18,5.0,-0.111816,4096,0.981197
60,2026-03-28T15:51:34.372898+00:00,EQE1,19,1.0,0.297363,4096,0.981197
60,2026-03-28T15:51:34.372898+00:00,EQE1,19,3.0,-0.004395,4096,0.981197
60,2026-03-28T15:51:34.372898+00:00,EQE1,19,5.0,-0.095215,4096,0.981197
60,2026-03-28T15:51:34.372898+00:00,EQE1,20,1.0,0.281738,4096,0.981197
60,2026-03-28T15:51:34.372898+00:00,EQE1,20,3.0,0.028320,4096,0.981197
60,2026-03-28T15:51:34.372898+00:00,EQE1,20,5.0,-0.082031,4096,0.981197
60,2026-03-28T15:51:34.372898+00:00,EQE1,21,1.0,0.265137,4096,0.981197
60,2026-03-28T15:51:34.372898+00:00,EQE1,21,3.0,0.002930,4096,0.981197
60,2026-03-28T15:51:34.372898+00:00,EQE1,21,5.0,-0.100586,4096,0.981197
60,2026-03-28T15:51:34.372898+00:00,EQE1,22,1.0,0.275391,4096,0.981197
60,2026-03-28T15:51:34.372898+00:00,EQE1,22,3.0,0.048828,4096,0.981197
60,2026-03-28T15:51:34.372898+00:00,EQE1,22,5.0,-0.105957,4096,0.981197
60,2026-03-28T15:51:34.372898+00:00,EQE1,23,1.0,0.275391,4096,0.981197
60,2026-03-28T15:51:34.372898+00:00,EQE1,23,3.0,0.031738,4096,0.981197
60,2026-03-28T15:51:34.372898+00:00,EQE1,23,5.0,-0.077148,4096,0.981197
60,2026-03-28T15:51:34.372898+00:00,EQE1,24,1.0,0.305664,4096,0.981197
60,2026-03-28T15:51:34.372898+00:00,EQE1,24,3.0,0.027344,4096,0.981197
60,2026-03-28T15:51:34.372898+00:00,EQE1,24,5.0,-0.137207,4096,0.981197
60,2026-03-28T15:51:34.372898+00:00,EQE1,25,1.0,0.286621,4096,0.981197
60,2026-03-28T15:51:34.372898+00:00,EQE1,25,3.0,0.030273,4096,0.981197
60,2026-03-28T15:51:34.372898+00:00,EQE1,25,5.0,-0.114746,4096,0.981197
60,2026-03-28T15:51:34.372898+00:00,EQE1,26,1.0,0.311035,4096,0.981197
60,2026-03-28T15:51:34.372898+00:00,EQE1,26,3.0,0.009766,4096,0.981197
60,2026-03-28T15:51:34.372898+00:00,EQE1,26,5.0,-0.102051,4096,0.981197
60,2026-03-28T15:51:34.372898+00:00,EQE1,27,1.0,0.267090,4096,0.981197
60,2026-03-28T15:51:34.372898+00:00,EQE1,27,3.0,0.021973,4096,0.981197
60,2026-03-28T15:51:34.372898+00:00,EQE1,27,5.0,-0.098145,4096,0.981197
60,2026-03-28T15:51:34.372898+00:00,EQE1,28,1.0,0.284180,4096,0.981197
60,2026-03-28T15:51:34.372898+00:00,EQE1,28,3.0,0.032715,4096,0.981197
60,2026-03-28T15:51:34.372898+00:00,EQE1,28,5.0,-0.085449,4096,0.981197
60,2026-03-28T15:51:34.372898+00:00,EQE1,29,1.0,0.274902,4096,0.981197
60,2026-03-28T15:51:34.372898+00:00,EQE1,29,3.0,0.016602,4096,0.981197
60,2026-03-28T15:51:34.372898+00:00,EQE1,29,5.0,-0.115723,4096,0.981197
61,2026-03-28T16:21:34.373054+00:00,EQE1,0,1.0,0.297363,4096,0.981197
61,2026-03-28T16:21:34.373054+00:00,EQE1,0,3.0,0.005371,4096,0.981197
61,2026-03-28T16:21:34.373054+00:00,EQE1,0,5.0,-0.081543,4096,0.981197
61,2026-03-28T16:21:34.373054+00:00,EQE1,1,1.0,0.280273,4096,0.981197
61,2026-03-28T16:21:34.373054+00:00,EQE1,1,3.0,0.013672,4096,0.981197
61,2026-03-28T16:21:34.373054+00:00,EQE1,1,5.0,-0.110840,4096,0.981197
61,2026-03-28T16:21:34.373054+00:00,EQE1,2,1.0,0.297852,4096,0.981197
61,2026-03-28T16:21:34.373054+00:00,EQE1,2,3.0,0.036133,4096,0.981197
61,2026-03-28T16:21:34.373054+00:00,EQE1,2,5.0,-0.090332,4096,0.981197
61,2026-03-28T16:21:34.373054+00:00,EQE1,3,1.0,0.283691,4096,0.981197
61,2026-03-28T16:21:34.373054+00:00,EQE1,3,3.0,0.014160,4096,0.981197
61,2026-03-28T16:21:34.373054+00:00,EQE1,3,5.0,-0.096191,4096,0.981197
61,2026-03-28T16:21:34.373054+00:00,EQE1,4,1.0,0.274414,4096,0.981197
61,2026-03-28T16:21:34.373054+00:00,EQE1,4,3.0,0.005859,4096,0.981197
61,2026-03-28T16:21:34.373054+00:00,EQE1,4,5.0,-0.109375,4096,0.981197
61,2026-03-28T16:21:34.373054+00:00,EQE1,5,1.0,0.288574,4096,0.981197
61,2026-03-28T16:21:34.373054+00:00,EQE1,5,3.0,0.006836,4096,0.981197
61,2026-03-28T16:21:34.373054+00:00,EQE1,5,5.0,-0.111328,4096,0.981197
61,2026-03-28T16:21:34.373054+00:00,EQE1,6,1.0,0.283203,4096,0.981197
61,2026-03-28T16:21:34.373054+00:00,EQE1,6,3.0,0.020020,4096,0.981197
61,2026-03-28T16:21:34.373054+00:00,EQE1,6,5.0,-0.073242,4096,0.981197
61,2026-03-28T16:21:34.373054+00:00,EQE1,7,1.0,0.273926,4096,0.981197
61,2026-03-28T16:21:34.373054+00:00,EQE1,7,3.0,0.001953,4096,0.981197
61,2026-03-28T16:21:34.373054+00:00,EQE1,7,5.0,-0.099121,4096,0.981197
61,2026-03-28T16:21:34.373054+00:00,EQE1,8,1.0,0.302734,4096,0.981197
61,2026-03-28T16:21:34.373054+00:00,EQE1,8,3.0,0.007324,4096,0.981197
61,2026-03-28T16:21:34.373054+00:00,EQE1,8,5.0,-0.099609,4096,0.981197
61,2026-03-28T16:21:34.373054+00:00,EQE1,9,1.0,0.293457,4096,0.981197
61,2026-03-28T16:21:34.373054+00:00,EQE1,9,3.0,0.014648,4096,0.981197
61,2026-03-28T16:21:34.373054+00:00,EQE1,9,5.0,-0.122559,4096,0.981197
61,2026-03-28T16:21:34.373054+00:00,EQE1,10,1.0,0.261719,4096,0.981197
61,2026-03-28T16:21:34.373054+00:00,EQE1,10,3.0,0.049316,4096,0.981197
61,2026-03-28T16:21:34.373054+00:00,EQE1,10,5.0,-0.073730,4096,0.981197
61,2026-03-28T16:21:34.373054+00:00,EQE1,11,1.0,0.264160,4096,0.981197
61,2026-03-28T16:21:34.373054+00:00,EQE1,11,3.0,0.007324,4096,0.981197
61,2026-03-28T16:21:34.373054+00:00,EQE1,11,5.0,-0.070801,4096,0.981197
61,2026-03-28T16:21:34.373054+00:00,EQE1,12,1.0,0.281250,4096,0.981197
61,2026-03-28T16:21:34.373054+00:00,EQE1,12,3.0,0.008789,4096,0.981197
61,2026-03-28T16:21:34.373054+00:00,EQE1,12,5.0,-0.079590,4096,0.981197
61,2026-03-28T16:21:34.373054+00:00,EQE1,13,1.0,0.268066,4096,0.981197
61,2026-03-28T16:21:34.373054+00:00,EQE1,13,3.0,-0.012695,4096,0.981197
61,2026-03-28T16:21:34.373054+00:00,EQE1,13,5.0,-0.117188,4096,0.981197
61,2026-03-28T16:21:34.373054+00:00,EQE1,14,1.0,0.283691,4096,0.981197
61,2026-03-28T16:21:34.373054+00:00,EQE1,14,3.0,0.000488,4096,0.981197
61,2026-03-28T16:21:34.373054+00:00,EQE1,14,5.0,-0.081543,4096,0.981197
61,2026-03-28T16:21:34.373054+00:00,EQE1,15,1.0,0.296875,4096,0.981197
61,2026-03-28T16:21:34.373054+00:00,EQE1,15,3.0,0.009277,4096,0.981197
61,2026-03-28T16:21:34.373054+00:00,EQE1,15,5.0,-0.111328,4096,0.981197
61,2026-03-28T16:21:34.373054+00:00,EQE1,16,1.0,0.289551,4096,0.981197
61,2026-03-28T16:21:34.373054+00:00,EQE1,16,3.0,0.018555,4096,0.981197
61,2026-03-28T16:21:34.373054+00:00,EQE1,16,5.0,-0.082031,4096,0.981197
61,2026-03-28T16:21:34.373054+00:00,EQE1,17,1.0,0.310059,4096,0.981197
61,2026-03-28T16:21:34.373054+00:00,EQE1,17,3.0,-0.007324,4096,0.981197
61,2026-03-28T16:21:34.373054+00:00,EQE1,17,5.0,-0.100586,4096,0.981197
61,2026-03-28T16:21:34.373054+00:00,EQE1,18,1.0,0.288086,4096,0.981197
61,2026-03-28T16:21:34.373054+00:00,EQE1,18,3.0,-0.025879,4096,0.981197
61,2026-03-28T16:21:34.373054+00:00,EQE1,18,5.0,-0.074707,4096,0.981197
61,2026-03-28T16:21:34.373054+00:00,EQE1,19,1.0,0.284180,4096,0.981197
61,2026-03-28T16:21:34.373054+00:00,EQE1,19,3.0,0.015625,4096,0.981197
61,2026-03-28T16:21:34.373054+00:00,EQE1,19,5.0,-0.107422,4096,0.981197
61,2026-03-28T16:21:34.373054+00:00,EQE1,20,1.0,0.309082,4096,0.981197
61,2026-03-28T16:21:34.373054+00:00,EQE1,20,3.0,0.043457,4096,0.981197
61,2026-03-28T16:21:34.373054+00:00,EQE1,20,5.0,-0.098633,4096,0.981197
61,2026-03-28T16:21:34.373054+00:00,EQE1,21,1.0,0.274902,4096,0.981197
61,2026-03-28T16:21:34.373054+00:00,EQE1,21,3.0,-0.000488,4096,0.981197
61,2026-03-28T16:21:34.373054+00:00,EQE1,21,5.0,-0.122070,4096,0.981197
61,2026-03-28T16:21:34.373054+00:00,EQE1,22,1.0,0.294922,4096,0.981197
61,2026-03-28T16:21:34.373054+00:00,EQE1,22,3.0,0.027832,4096,0.981197
61,2026-03-28T16:21:34.373054+00:00,EQE1,22,5.0,-0.075684,4096,0.981197
61,2026-03-28T16:21:34.373054+00:00,EQE1,23,1.0,0.287598,4096,0.981197
61,2026-03-28T16:21:34.373054+00:00,EQE1,23,3.0,0.017090,4096,0.981197
61,2026-03-28T16:21:34.373054+00:00,EQE1,23,5.0,-0.091797,4096,0.981197
61,2026-03-28T16:21:34.373054+00:00,EQE1,24,1.0,0.291992,4096,0.981197
61,2026-03-28T16:21:34.373054+00:00,EQE1,24,3.0,0.007812,4096,0.981197
61,2026-03-28T16:21:34.373054+00:00,EQE1,24,5.0,-0.104980,4096,0.981197
61,2026-03-28T16:21:34.373054+00:00,EQE1,25,1.0,0.285156,4096,0.981197
61,2026-03-28T16:21:34.373054+00:00,EQE1,25,3.0,0.018555,4096,0.981197
61,2026-03-28T16:21:34.373054+00:00,EQE1,25,5.0,-0.094238,4096,0.981197
61,2026-03-28T16:21:34.373054+00:00,EQE1,26,1.0,0.247559,4096,0.981197
61,2026-03-28T16:21:34.373054+00:00,EQE1,26,3.0,0.002930,4096,0.981197
61,2026-03-28T16:21:34.373054+00:00,EQE1,26,5.0,-0.143066,4096,0.981197
61,2026-03-28T16:21:34.373054+00:00,EQE1,27,1.0,0.299316,4096,0.981197
61,2026-03-28T16:21:34.373054+00:00,EQE1,27,3.0,0.017578,4096,0.981197
61,2026-03-28T16:21:34.373054+00:00,EQE1,27,5.0,-0.087891,4096,0.981197
61,2026-03-28T16:21:34.373054+00:00,EQE1,28,1.0,0.293945,4096,0.981197
61,2026-03-28T16:21:34.373054+00:00,EQE1,28,3.0,0.031250,4096,0.981197
61,2026-03-28T16:21:34.373054+00:00,EQE1,28,5.0,-0.120605,4096,0.981197
61,2026-03-28T16:21:34.373054+00:00,EQE1,29,1.0,0.291016,4096,0.981197
61,2026-03-28T16:21:34.373054+00:00,EQE1,29,3.0,-0.009766,4096,0.981197
61,2026-03-28T16:21:34.373054+00:00,EQE1,29,5.0,-0.094727,4096,0.981197
62,2026-03-28T16:51:34.373055+00:00,EQE1,0,1.0,0.305176,4096,0.981197
62,2026-03-28T16:51:34.373055+00:00,EQE1,0,3.0,0.013184,4096,0.981197
62,2026-03-28T16:51:34.373055+00:00,EQE1,0,5.0,-0.099609,4096,0.981197
62,2026-03-28T16:51:34.373055+00:00,EQE1,1,1.0,0.295410,4096,0.981197
62,2026-03-28T16:51:34.373055+00:00,EQE1,1,3.0,-0.008301,4096,0.981197
62,2026-03-28T16:51:34.373055+00:00,EQE1,1,5.0,-0.072266,4096,0.981197
62,2026-03-28T16:51:34.373055+00:00,EQE1,2,1.0,0.286621,4096,0.981197
62,2026-03-28T16:51:34.373055+00:00,EQE1,2,3.0,0.037109,4096,0.981197
62,2026-03-28T16:51:34.373055+00:00,EQE1,2,5.0,-0.089844,4096,0.981197
62,2026-03-28T16:51:34.373055+00:00,EQE1,3,1.0,0.265625,4096,0.981197
62,2026-03-28T16:51:34.373055+00:00,EQE1,3,3.0,0.010254,4096,0.981197
62,2026-03-28T16:51:34.373055+00:00,EQE1,3,5.0,-0.111328,4096,0.981197
62,2026-03-28T16:51:34.373055+00:00,EQE1,4,1.0,0.290527,4096,0.981197
62,2026-03-28T16:51:34.373055+00:00,EQE1,4,3.0,-0.015137,4096,0.981197
62,2026-03-28T16:51:34.373055+00:00,EQE1,4,5.0,-0.078613,4096,0.981197
62,2026-03-28T16:51:34.373055+00:00,EQE1,5,1.0,0.290527,4096,0.981197
62,2026-03-28T16:51:34.373055+00:00,EQE1,5,3.0,0.006836,4096,0.981197
62,2026-03-28T16:51:34.373055+00:00,EQE1,5,5.0,-0.089844,4096,0.981197
62,2026-03-28T16:51:34.373055+00:00,EQE1,6,1.0,0.306641,4096,0.981197
62,2026-03-28T16:51:34.373055+00:00,EQE1,6,3.0,0.023438,4096,0.981197
62,2026-03-28T16:51:34.373055+00:00,EQE1,6,5.0,-0.115234,4096,0.981197
62,2026-03-28T16:51:34.373055+00:00,EQE1,7,1.0,0.265137,4096,0.981197
62,2026-03-28T16:51:34.373055+00:00,EQE1,7,3.0,0.015625,4096,0.981197
62,2026-03-28T16:51:34.373055+00:00,EQE1,7,5.0,-0.084473,4096,0.981197
62,2026-03-28T16:51:34.373055+00:00,EQE1,8,1.0,0.281738,4096,0.981197
62,2026-03-28T16:51:34.373055+00:00,EQE1,8,3.0,0.012695,4096,0.981197
62,2026-03-28T16:51:34.373055+00:00,EQE1,8,5.0,-0.097656,4096,0.981197
62,2026-03-28T16:51:34.373055+00:00,EQE1,9,1.0,0.285156,4096,0.981197
62,2026-03-28T16:51:34.373055+00:00,EQE1,9,3.0,0.027832,4096,0.981197
62,2026-03-28T16:51:34.373055+00:00,EQE1,9,5.0,-0.109375,4096,0.981197
62,2026-03-28T16:51:34.373055+00:00,EQE1,10,1.0,0.292969,4096,0.981197
62,2026-03-28T16:51:34.373055+00:00,EQE1,10,3.0,-0.020020,4096,0.981197
62,2026-03-28T16:51:34.373055+00:00,EQE1,10,5.0,-0.114746,4096,0.981197
62,2026-03-28T16:51:34.373055+00:00,EQE1,11,1.0,0.281738,4096,0.981197
62,2026-03-28T16:51:34.373055+00:00,EQE1,11,3.0,0.023438,4096,0.981197
62,2026-03-28T16:51:34.373055+00:00,EQE1,11,5.0,-0.113281,4096,0.981197
62,2026-03-28T16:51:34.373055+00:00,EQE1,12,1.0,0.281738,4096,0.981197
62,2026-03-28T16:51:34.373055+00:00,EQE1,12,3.0,-0.009277,4096,0.981197
62,2026-03-28T16:51:34.373055+00:00,EQE1,12,5.0,-0.095703,4096,0.981197
62,2026-03-28T16:51:34.373055+00:00,EQE1,13,1.0,0.286133,4096,0.981197
62,2026-03-28T16:51:34.373055+00:00,EQE1,13,3.0,0.011230,4096,0.981197
62,2026-03-28T16:51:34.373055+00:00,EQE1,13,5.0,-0.117188,4096,0.981197
62,2026-03-28T16:51:34.373055+00:00,EQE1,14,1.0,0.308594,4096,0.981197
62,2026-03-28T16:51:34.373055+00:00,EQE1,14,3.0,0.017090,4096,0.981197
62,2026-03-28T16:51:34.373055+00:00,EQE1,14,5.0,-0.118652,4096,0.981197
62,2026-03-28T16:51:34.373055+00:00,EQE1,15,1.0,0.271973,4096,0.981197
62,2026-03-28T16:51:34.373055+00:00,EQE1,15,3.0,-0.018066,4096,0.981197
62,2026-03-28T16:51:34.373055+00:00,EQE1,15,5.0,-0.079102,4096,0.981197
62,2026-03-28T16:51:34.373055+00:00,EQE1,16,1.0,0.302246,4096,0.981197
62,2026-03-28T16:51:34.373055+00:00,EQE1,16,3.0,0.010742,4096,0.981197
62,2026-03-28T16:51:34.373055+00:00,EQE1,16,5.0,-0.072754,4096,0.981197
62,2026-03-28T16:51:34.373055+00:00,EQE1,17,1.0,0.304688,4096,0.981197
62,2026-03-28T16:51:34.373055+00:00,EQE1,17,3.0,0.001953,4096,0.981197
62,2026-03-28T16:51:34.373055+00:00,EQE1,17,5.0,-0.132812,4096,0.981197
62,2026-03-28T16:51:34.373055+00:00,EQE1,18,1.0,0.290039,4096,0.981197
62,2026-03-28T16:51:34.373055+00:00,EQE1,18,3.0,0.013184,4096,0.981197
62,2026-03-28T16:51:34.373055+00:00,EQE1,18,5.0,-0.109863,4096,0.981197
62,2026-03-28T16:51:34.373055+00:00,EQE1,19,1.0,0.279297,4096,0.981197
62,2026-03-28T16:51:34.373055+00:00,EQE1,19,3.0,0.011230,4096,0.981197
62,2026-03-28T16:51:34.373055+00:00,EQE1,19,5.0,-0.083008,4096,0.981197
62,2026-03-28T16:51:34.373055+00:00,EQE1,20,1.0,0.308594,4096,0.981197
62,2026-03-28T16:51:34.373055+00:00,EQE1,20,3.0,0.007812,4096,0.981197
62,2026-03-28T16:51:34.373055+00:00,EQE1,20,5.0,-0.113770,4096,0.981197
62,2026-03-28T16:51:34.373055+00:00,EQE1,21,1.0,0.289551,4096,0.981197
62,2026-03-28T16:51:34.373055+00:00,EQE1,21,3.0,0.002441,4096,0.981197
62,2026-03-28T16:51:34.373055+00:00,EQE1,21,5.0,-0.126465,4096,0.981197
62,2026-03-28T16:51:34.373055+00:00,EQE1,22,1.0,0.267090,4096,0.981197
62,2026-03-28T16:51:34.373055+00:00,EQE1,22,3.0,0.022461,4096,0.981197
62,2026-03-28T16:51:34.373055+00:00,EQE1,22,5.0,-0.084473,4096,0.981197
62,2026-03-28T16:51:34.373055+00:00,EQE1,23,1.0,0.303223,4096,0.981197
62,2026-03-28T16:51:34.373055+00:00,EQE1,23,3.0,0.046387,4096,0.981197
62,2026-03-28T16:51:34.373055+00:00,EQE1,23,5.0,-0.115723,4096,0.981197
62,2026-03-28T16:51:34.373055+00:00,EQE1,24,1.0,0.298828,4096,0.981197
62,2026-03-28T16:51:34.373055+00:00,EQE1,24,3.0,0.020020,4096,0.981197
62,2026-03-28T16:51:34.373055+00:00,EQE1,24,5.0,-0.080078,4096,0.981197
62,2026-03-28T16:51:34.373055+00:00,EQE1,25,1.0,0.267578,4096,0.981197
62,2026-03-28T16:51:34.373055+00:00,EQE1,25,3.0,0.031250,4096,0.981197
62,2026-03-28T16:51:34.373055+00:00,EQE1,25,5.0,-0.089355,4096,0.981197
62,2026-03-28T16:51:34.373055+00:00,EQE1,26,1.0,0.284668,4096,0.981197
62,2026-03-28T16:51:34.373055+00:00,EQE1,26,3.0,0.014160,4096,0.981197
62,2026-03-28T16:51:34.373055+00:00,EQE1,26,5.0,-0.107910,4096,0.981197
62,2026-03-28T16:51:34.373055+00:00,EQE1,27,1.0,0.290527,4096,0.981197
62,2026-03-28T16:51:34.373055+00:00,EQE1,27,3.0,0.006836,4096,0.981197
62,2026-03-28T16:51:34.373055+00:00,EQE1,27,5.0,-0.112305,4096,0.981197
62,2026-03-28T16:51:34.373055+00:00,EQE1,28,1.0,0.295898,4096,0.981197
62,2026-03-28T16:51:34.373055+00:00,EQE1,28,3.0,-0.007324,4096,0.981197
62,2026-03-28T16:51:34.373055+00:00,EQE1,28,5.0,-0.102539,4096,0.981197
62,2026-03-28T16:51:34.373055+00:00,EQE1,29,1.0,0.300293,4096,0.981197
62,2026-03-28T16:51:34.373055+00:00,EQE1,29,3.0,0.020996,4096,0.981197
62,2026-03-28T16:51:34.373055+00:00,EQE1,29,5.0,-0.092285,4096,0.981197
63,2026-03-28T17:21:34.373029+00:00,EQE1,0,1.0,0.304199,4096,0.981197
63,2026-03-28T17:21:34.373029+00:00,EQE1,0,3.0,0.045410,4096,0.981197
63,2026-03-28T17:21:34.373029+00:00,EQE1,0,5.0,-0.105469,4096,0.981197
63,2026-03-28T17:21:34.373029+00:00,EQE1,1,1.0,0.278809,4096,0.981197
63,2026-03-28T17:21:34.373029+00:00,EQE1,1,3.0,-0.004395,4096,0.981197
63,2026-03-28T17:21:34.373029+00:00,EQE1,1,5.0,-0.099609,4096,0.981197
63,2026-03-28T17:21:34.373029+00:00,EQE1,2,1.0,0.294922,4096,0.981197
63,2026-03-28T17:21:34.373029+00:00,EQE1,2,3.0,0.045410,4096,0.981197
63,2026-03-28T17:21:34.373029+00:00,EQE1,2,5.0,-0.114258,4096,0.981197
63,2026-03-28T17:21:34.373029+00:00,EQE1,3,1.0,0.282227,4096,0.981197
63,2026-03-28T17:21:34.373029+00:00,EQE1,3,3.0,0.016113,4096,0.981197
63,2026-03-28T17:21:34.373029+00:00,EQE1,3,5.0,-0.077637,4096,0.981197
63,2026-03-28T17:21:34.373029+00:00,EQE1,4,1.0,0.316406,4096,0.981197
63,2026-03-28T17:21:34.373029+00:00,EQE1,4,3.0,0.019043,4096,0.981197
63,2026-03-28T17:21:34.373029+00:00,EQE1,4,5.0,-0.133301,4096,0.981197
63,2026-03-28T17:21:34.373029+00:00,EQE1,5,1.0,0.324219,4096,0.981197
63,2026-03-28T17:21:34.373029+00:00,EQE1,5,3.0,0.029297,4096,0.981197
63,2026-03-28T17:21:34.373029+00:00,EQE1,5,5.0,-0.102539,4096,0.981197
63,2026-03-28T17:21:34.373029+00:00,EQE1,6,1.0,0.300293,4096,0.981197
63,2026-03-28T17:21:34.373029+00:00,EQE1,6,3.0,-0.003906,4096,0.981197
63,2026-03-28T17:21:34.373029+00:00,EQE1,6,5.0,-0.074707,4096,0.981197
63,2026-03-28T17:21:34.373029+00:00,EQE1,7,1.0,0.272949,4096,0.981197
63,2026-03-28T17:21:34.373029+00:00,EQE1,7,3.0,0.010254,4096,0.981197
63,2026-03-28T17:21:34.373029+00:00,EQE1,7,5.0,-0.125977,4096,0.981197
63,2026-03-28T17:21:34.373029+00:00,EQE1,8,1.0,0.308105,4096,0.981197
63,2026-03-28T17:21:34.373029+00:00,EQE1,8,3.0,0.016602,4096,0.981197
63,2026-03-28T17:21:34.373029+00:00,EQE1,8,5.0,-0.096680,4096,0.981197
63,2026-03-28T17:21:34.373029+00:00,EQE1,9,1.0,0.314453,4096,0.981197
63,2026-03-28T17:21:34.373029+00:00,EQE1,9,3.0,0.020020,4096,0.981197
63,2026-03-28T17:21:34.373029+00:00,EQE1,9,5.0,-0.132812,4096,0.981197
63,2026-03-28T17:21:34.373029+00:00,EQE1,10,1.0,0.288086,4096,0.981197
63,2026-03-28T17:21:34.373029+00:00,EQE1,10,3.0,0.024902,4096,0.981197
63,2026-03-28T17:21:34.373029+00:00,EQE1,10,5.0,-0.083496,4096,0.981197
63,2026-03-28T17:21:34.373029+00:00,EQE1,11,1.0,0.309082,4096,0.981197
63,2026-03-28T17:21:34.373029+00:00,EQE1,11,3.0,0.015625,4096,0.981197
63,2026-03-28T17:21:34.373029+00:00,EQE1,11,5.0,-0.110840,4096,0.981197
63,2026-03-28T17:21:34.373029+00:00,EQE1,12,1.0,0.273926,4096,0.981197
63,2026-03-28T17:21:34.373029+00:00,EQE1,12,3.0,0.026855,4096,0.981197
63,2026-03-28T17:21:34.373029+00:00,EQE1,12,5.0,-0.098633,4096,0.981197
63,2026-03-28T17:21:34.373029+00:00,EQE1,13,1.0,0.286133,4096,0.981197
63,2026-03-28T17:21:34.373029+00:00,EQE1,13,3.0,0.019531,4096,0.981197
63,2026-03-28T17:21:34.373029+00:00,EQE1,13,5.0,-0.087891,4096,0.981197
63,2026-03-28T17:21:34.373029+00:00,EQE1,14,1.0,0.292480,4096,0.981197
63,2026-03-28T17:21:34.373029+00:00,EQE1,14,3.0,-0.007812,4096,0.981197
63,2026-03-28T17:21:34.373029+00:00,EQE1,14,5.0,-0.104980,4096,0.981197
63,2026-03-28T17:21:34.373029+00:00,EQE1,15,1.0,0.317871,4096,0.981197
63,2026-03-28T17:21:34.373029+00:00,EQE1,15,3.0,0.022949,4096,0.981197
63,2026-03-28T17:21:34.373029+00:00,EQE1,15,5.0,-0.085938,4096,0.981197
63,2026-03-28T17:21:34.373029+00:00,EQE1,16,1.0,0.293945,4096,0.981197
63,2026-03-28T17:21:34.373029+00:00,EQE1,16,3.0,0.000000,4096,0.981197
63,2026-03-28T17:21:34.373029+00:00,EQE1,16,5.0,-0.110840,4096,0.981197
63,2026-03-28T17:21:34.373029+00:00,EQE1,17,1.0,0.277344,4096,0.981197
63,2026-03-28T17:21:34.373029+00:00,EQE1,17,3.0,0.009766,4096,0.981197
63,2026-03-28T17:21:34.373029+00:00,EQE1,17,5.0,-0.077637,4096,0.981197
63,2026-03-28T17:21:34.373029+00:00,EQE1,18,1.0,0.316406,4096,0.981197
63,2026-03-28T17:21:34.373029+00:00,EQE1,18,3.0,0.040527,4096,0.981197
63,2026-03-28T17:21:34.373029+00:00,EQE1,18,5.0,-0.114746,4096,0.981197
63,2026-03-28T17:21:34.373029+00:00,EQE1,19,1.0,0.320801,4096,0.981197
63,2026-03-28T17:21:34.373029+00:00,EQE1,19,3.0,-0.008789,4096,0.981197
63,2026-03-28T17:21:34.373029+00:00,EQE1,19,5.0,-0.090820,4096,0.981197
63,2026-03-28T17:21:34.373029+00:00,EQE1,20,1.0,0.309570,4096,0.981197
63,2026-03-28T17:21:34.373029+00:00,EQE1,20,3.0,0.009766,4096,0.981197
63,2026-03-28T17:21:34.373029+00:00,EQE1,20,5.0,-0.117676,4096,0.981197
63,2026-03-28T17:21:34.373029+00:00,EQE1,21,1.0,0.287598,4096,0.981197
63,2026-03-28T17:21:34.373029+00:00,EQE1,21,3.0,0.026855,4096,0.981197
63,2026-03-28T17:21:34.373029+00:00,EQE1,21,5.0,-0.094727,4096,0.981197
63,2026-03-28T17:21:34.373029+00:00,EQE1,22,1.0,0.287598,4096,0.981197
63,2026-03-28T17:21:34.373029+00:00,EQE1,22,3.0,0.037109,4096,0.981197
63,2026-03-28T17:21:34.373029+00:00,EQE1,22,5.0,-0.105957,4096,0.981197
63,2026-03-28T17:21:34.373029+00:00,EQE1,23,1.0,0.321289,4096,0.981197
63,2026-03-28T17:21:34.373029+00:00,EQE1,23,3.0,0.025879,4096,0.981197
63,2026-03-28T17:21:34.373029+00:00,EQE1,23,5.0,-0.089844,4096,0.981197
63,2026-03-28T17:21:34.373029+00:00,EQE1,24,1.0,0.270508,4096,0.981197
63,2026-03-28T17:21:34.373029+00:00,EQE1,24,3.0,0.015625,4096,0.981197
63,2026-03-28T17:21:34.373029+00:00,EQE1,24,5.0,-0.111328,4096,0.981197
63,2026-03-28T17:21:34.373029+00:00,EQE1,25,1.0,0.283691,4096,0.981197
63,2026-03-28T17:21:34.373029+00:00,EQE1,25,3.0,0.006836,4096,0.981197
63,2026-03-28T17:21:34.373029+00:00,EQE1,25,5.0,-0.098633,4096,0.981197
63,2026-03-28T17:21:34.373029+00:00,EQE1,26,1.0,0.298828,4096,0.981197
63,2026-03-28T17:21:34.373029+00:00,EQE1,26,3.0,0.014648,4096,0.981197
63,2026-03-28T17:21:34.373029+00:00,EQE1,26,5.0,-0.114746,4096,0.981197
63,2026-03-28T17:21:34.373029+00:00,EQE1,27,1.0,0.272461,4096,0.981197
63,2026-03-28T17:21:34.373029+00:00,EQE1,27,3.0,0.002441,4096,0.981197
63,2026-03-28T17:21:34.373029+00:00,EQE1,27,5.0,-0.105469,4096,0.981197
63,2026-03-28T17:21:34.373029+00:00,EQE1,28,1.0,0.308105,4096,0.981197
63,2026-03-28T17:21:34.373029+00:00,EQE1,28,3.0,0.044922,4096,0.981197
63,2026-03-28T17:21:34.373029+00:00,EQE1,28,5.0,-0.119141,4096,0.981197
63,2026-03-28T17:21:34.373029+00:00,EQE1,29,1.0,0.289062,4096,0.981197
63,2026-03-28T17:21:34.373029+00:00,EQE1,29,3.0,0.019531,4096,0.981197
63,2026-03-28T17:21:34.373029+00:00,EQE1,29,5.0,-0.116211,4096,0.981197
64,2026-03-28T17:51:34.373057+00:00,EQE1,0,1.0,0.297363,4096,0.981197
64,2026-03-28T17:51:34.373057+00:00,EQE1,0,3.0,0.010254,4096,0.981197
64,2026-03-28T17:51:34.373057+00:00,EQE1,0,5.0,-0.100586,4096,0.981197
64,2026-03-28T17:51:34.373057+00:00,EQE1,1,1.0,0.304199,4096,0.981197
64,2026-03-28T17:51:34.373057+00:00,EQE1,1,3.0,0.027832,4096,0.981197
64,2026-03-28T17:51:34.373057+00:00,EQE1,1,5.0,-0.109863,4096,0.981197
64,2026-03-28T17:51:34.373057+00:00,EQE1,2,1.0,0.323242,4096,0.981197
64,2026-03-28T17:51:34.373057+00:00,EQE1,2,3.0,0.023926,4096,0.981197
64,2026-03-28T17:51:34.373057+00:00,EQE1,2,5.0,-0.083496,4096,0.981197
64,2026-03-28T17:51:34.373057+00:00,EQE1,3,1.0,0.302246,4096,0.981197
64,2026-03-28T17:51:34.373057+00:00,EQE1,3,3.0,0.011230,4096,0.981197
64,2026-03-28T17:51:34.373057+00:00,EQE1,3,5.0,-0.097656,4096,0.981197
64,2026-03-28T17:51:34.373057+00:00,EQE1,4,1.0,0.325195,4096,0.981197
64,2026-03-28T17:51:34.373057+00:00,EQE1,4,3.0,-0.001465,4096,0.981197
64,2026-03-28T17:51:34.373057+00:00,EQE1,4,5.0,-0.109375,4096,0.981197
64,2026-03-28T17:51:34.373057+00:00,EQE1,5,1.0,0.290039,4096,0.981197
64,2026-03-28T17:51:34.373057+00:00,EQE1,5,3.0,0.014160,4096,0.981197
64,2026-03-28T17:51:34.373057+00:00,EQE1,5,5.0,-0.108887,4096,0.981197
64,2026-03-28T17:51:34.373057+00:00,EQE1,6,1.0,0.321777,4096,0.981197
64,2026-03-28T17:51:34.373057+00:00,EQE1,6,3.0,0.014160,4096,0.981197
64,2026-03-28T17:51:34.373057+00:00,EQE1,6,5.0,-0.120117,4096,0.981197
64,2026-03-28T17:51:34.373057+00:00,EQE1,7,1.0,0.293945,4096,0.981197
64,2026-03-28T17:51:34.373057+00:00,EQE1,7,3.0,0.008789,4096,0.981197
64,2026-03-28T17:51:34.373057+00:00,EQE1,7,5.0,-0.086914,4096,0.981197
64,2026-03-28T17:51:34.373057+00:00,EQE1,8,1.0,0.290527,4096,0.981197
64,2026-03-28T17:51:34.373057+00:00,EQE1,8,3.0,0.004395,4096,0.981197
64,2026-03-28T17:51:34.373057+00:00,EQE1,8,5.0,-0.096680,4096,0.981197
64,2026-03-28T17:51:34.373057+00:00,EQE1,9,1.0,0.316406,4096,0.981197
64,2026-03-28T17:51:34.373057+00:00,EQE1,9,3.0,0.002930,4096,0.981197
64,2026-03-28T17:51:34.373057+00:00,EQE1,9,5.0,-0.105469,4096,0.981197
64,2026-03-28T17:51:34.373057+00:00,EQE1,10,1.0,0.296387,4096,0.981197
64,2026-03-28T17:51:34.373057+00:00,EQE1,10,3.0,0.006836,4096,0.981197
64,2026-03-28T17:51:34.373057+00:00,EQE1,10,5.0,-0.115723,4096,0.981197
64,2026-03-28T17:51:34.373057+00:00,EQE1,11,1.0,0.297852,4096,0.981197
64,2026-03-28T17:51:34.373057+00:00,EQE1,11,3.0,-0.005859,4096,0.981197
64,2026-03-28T17:51:34.373057+00:00,EQE1,11,5.0,-0.088867,4096,0.981197
64,2026-03-28T17:51:34.373057+00:00,EQE1,12,1.0,0.306152,4096,0.981197
64,2026-03-28T17:51:34.373057+00:00,EQE1,12,3.0,0.027832,4096,0.981197
64,2026-03-28T17:51:34.373057+00:00,EQE1,12,5.0,-0.102051,4096,0.981197
64,2026-03-28T17:51:34.373057+00:00,EQE1,13,1.0,0.316895,4096,0.981197
64,2026-03-28T17:51:34.373057+00:00,EQE1,13,3.0,-0.004395,4096,0.981197
64,2026-03-28T17:51:34.373057+00:00,EQE1,13,5.0,-0.077637,4096,0.981197
64,2026-03-28T17:51:34.373057+00:00,EQE1,14,1.0,0.289062,4096,0.981197
64,2026-03-28T17:51:34.373057+00:00,EQE1,14,3.0,0.030273,4096,0.981197
64,2026-03-28T17:51:34.373057+00:00,EQE1,14,5.0,-0.107422,4096,0.981197
64,2026-03-28T17:51:34.373057+00:00,EQE1,15,1.0,0.313477,4096,0.981197
64,2026-03-28T17:51:34.373057+00:00,EQE1,15,3.0,0.011230,4096,0.981197
64,2026-03-28T17:51:34.373057+00:00,EQE1,15,5.0,-0.093750,4096,0.981197
64,2026-03-28T17:51:34.373057+00:00,EQE1,16,1.0,0.290039,4096,0.981197
64,2026-03-28T17:51:34.373057+00:00,EQE1,16,3.0,0.040039,4096,0.981197
64,2026-03-28T17:51:34.373057+00:00,EQE1,16,5.0,-0.122070,4096,0.981197
64,2026-03-28T17:51:34.373057+00:00,EQE1,17,1.0,0.291504,4096,0.981197
64,2026-03-28T17:51:34.373057+00:00,EQE1,17,3.0,0.000488,4096,0.981197
64,2026-03-28T17:51:34.373057+00:00,EQE1,17,5.0,-0.134766,4096,0.981197
64,2026-03-28T17:51:34.373057+00:00,EQE1,18,1.0,0.326660,4096,0.981197
64,2026-03-28T17:51:34.373057+00:00,EQE1,18,3.0,-0.026367,4096,0.981197
64,2026-03-28T17:51:34.373057+00:00,EQE1,18,5.0,-0.073242,4096,0.981197
64,2026-03-28T17:51:34.373057+00:00,EQE1,19,1.0,0.303223,4096,0.981197
64,2026-03-28T17:51:34.373057+00:00,EQE1,19,3.0,0.005859,4096,0.981197
64,2026-03-28T17:51:34.373057+00:00,EQE1,19,5.0,-0.105957,4096,0.981197
64,2026-03-28T17:51:34.373057+00:00,EQE1,20,1.0,0.280273,4096,0.981197
64,2026-03-28T17:51:34.373057+00:00,EQE1,20,3.0,-0.000488,4096,0.981197
64,2026-03-28T17:51:34.373057+00:00,EQE1,20,5.0,-0.078125,4096,0.981197
64,2026-03-28T17:51:34.373057+00:00,EQE1,21,1.0,0.306641,4096,0.981197
64,2026-03-28T17:51:34.373057+00:00,EQE1,21,3.0,0.021973,4096,0.981197
64,2026-03-28T17:51:34.373057+00:00,EQE1,21,5.0,-0.111816,4096,0.981197
64,2026-03-28T17:51:34.373057+00:00,EQE1,22,1.0,0.277832,4096,0.981197
64,2026-03-28T17:51:34.373057+00:00,EQE1,22,3.0,-0.000488,4096,0.981197
64,2026-03-28T17:51:34.373057+00:00,EQE1,22,5.0,-0.099609,4096,0.981197
64,2026-03-28T17:51:34.373057+00:00,EQE1,23,1.0,0.282227,4096,0.981197
64,2026-03-28T17:51:34.373057+00:00,EQE1,23,3.0,-0.005371,4096,0.981197
64,2026-03-28T17:51:34.373057+00:00,EQE1,23,5.0,-0.098145,4096,0.981197
64,2026-03-28T17:51:34.373057+00:00,EQE1,24,1.0,0.280762,4096,0.981197
64,2026-03-28T17:51:34.373057+00:00,EQE1,24,3.0,0.024414,4096,0.981197
64,2026-03-28T17:51:34.373057+00:00,EQE1,24,5.0,-0.087402,4096,0.981197
64,2026-03-28T17:51:34.373057+00:00,EQE1,25,1.0,0.269531,4096,0.981197
64,2026-03-28T17:51:34.373057+00:00,EQE1,25,3.0,0.030762,4096,0.981197
64,2026-03-28T17:51:34.373057+00:00,EQE1,25,5.0,-0.128906,4096,0.981197
64,2026-03-28T17:51:34.373057+00:00,EQE1,26,1.0,0.327148,4096,0.981197
64,2026-03-28T17:51:34.373057+00:00,EQE1,26,3.0,-0.017090,4096,0.981197
64,2026-03-28T17:51:34.373057+00:00,EQE1,26,5.0,-0.111328,4096,0.981197
64,2026-03-28T17:51:34.373057+00:00,EQE1,27,1.0,0.292969,4096,0.981197
64,2026-03-28T17:51:34.373057+00:00,EQE1,27,3.0,-0.001953,4096,0.981197
64,2026-03-28T17:51:34.373057+00:00,EQE1,27,5.0,-0.122070,4096,0.981197
64,2026-03-28T17:51:34.373057+00:00,EQE1,28,1.0,0.272949,4096,0.981197
64,2026-03-28T17:51:34.373057+00:00,EQE1,28,3.0,0.025879,4096,0.981197
64,2026-03-28T17:51:34.373057+00:00,EQE1,28,5.0,-0.100098,4096,0.981197
64,2026-03-28T17:51:34.373057+00:00,EQE1,29,1.0,0.305664,4096,0.981197
64,2026-03-28T17:51:34.373057+00:00,EQE1,29,3.0,-0.018555,4096,0.981197
64,2026-03-28T17:51:34.373057+00:00,EQE1,29,5.0,-0.107422,4096,0.981197
65,2026-03-28T18:21:34.373033+00:00,EQE1,0,1.0,0.284668,4096,0.981197
65,2026-03-28T18:21:34.373033+00:00,EQE1,0,3.0,0.006348,4096,0.981197
65,2026-03-28T18:21:34.373033+00:00,EQE1,0,5.0,-0.111816,4096,0.981197
65,2026-03-28T18:21:34.373033+00:00,EQE1,1,1.0,0.297363,4096,0.981197
65,2026-03-28T18:21:34.373033+00:00,EQE1,1,3.0,0.018066,4096,0.981197
65,2026-03-28T18:21:34.373033+00:00,EQE1,1,5.0,-0.109375,4096,0.981197
65,2026-03-28T18:21:34.373033+00:00,EQE1,2,1.0,0.281738,4096,0.981197
65,2026-03-28T18:21:34.373033+00:00,EQE1,2,3.0,0.007324,4096,0.981197
65,2026-03-28T18:21:34.373033+00:00,EQE1,2,5.0,-0.113770,4096,0.981197
65,2026-03-28T18:21:34.373033+00:00,EQE1,3,1.0,0.276367,4096,0.981197
65,2026-03-28T18:21:34.373033+00:00,EQE1,3,3.0,-0.002441,4096,0.981197
65,2026-03-28T18:21:34.373033+00:00,EQE1,3,5.0,-0.094238,4096,0.981197
65,2026-03-28T18:21:34.373033+00:00,EQE1,4,1.0,0.281738,4096,0.981197
65,2026-03-28T18:21:34.373033+00:00,EQE1,4,3.0,0.007812,4096,0.981197
65,2026-03-28T18:21:34.373033+00:00,EQE1,4,5.0,-0.098633,4096,0.981197
65,2026-03-28T18:21:34.373033+00:00,EQE1,5,1.0,0.303711,4096,0.981197
65,2026-03-28T18:21:34.373033+00:00,EQE1,5,3.0,0.017090,4096,0.981197
65,2026-03-28T18:21:34.373033+00:00,EQE1,5,5.0,-0.089844,4096,0.981197
65,2026-03-28T18:21:34.373033+00:00,EQE1,6,1.0,0.289062,4096,0.981197
65,2026-03-28T18:21:34.373033+00:00,EQE1,6,3.0,-0.008301,4096,0.981197
65,2026-03-28T18:21:34.373033+00:00,EQE1,6,5.0,-0.119629,4096,0.981197
65,2026-03-28T18:21:34.373033+00:00,EQE1,7,1.0,0.288086,4096,0.981197
65,2026-03-28T18:21:34.373033+00:00,EQE1,7,3.0,0.008789,4096,0.981197
65,2026-03-28T18:21:34.373033+00:00,EQE1,7,5.0,-0.115234,4096,0.981197
65,2026-03-28T18:21:34.373033+00:00,EQE1,8,1.0,0.309082,4096,0.981197
65,2026-03-28T18:21:34.373033+00:00,EQE1,8,3.0,0.006836,4096,0.981197
65,2026-03-28T18:21:34.373033+00:00,EQE1,8,5.0,-0.089844,4096,0.981197
65,2026-03-28T18:21:34.373033+00:00,EQE1,9,1.0,0.282227,4096,0.981197
65,2026-03-28T18:21:34.373033+00:00,EQE1,9,3.0,-0.005371,4096,0.981197
65,2026-03-28T18:21:34.373033+00:00,EQE1,9,5.0,-0.100586,4096,0.981197
65,2026-03-28T18:21:34.373033+00:00,EQE1,10,1.0,0.289551,4096,0.981197
65,2026-03-28T18:21:34.373033+00:00,EQE1,10,3.0,0.020996,4096,0.981197
65,2026-03-28T18:21:34.373033+00:00,EQE1,10,5.0,-0.106445,4096,0.981197
65,2026-03-28T18:21:34.373033+00:00,EQE1,11,1.0,0.309082,4096,0.981197
65,2026-03-28T18:21:34.373033+00:00,EQE1,11,3.0,0.022461,4096,0.981197
65,2026-03-28T18:21:34.373033+00:00,EQE1,11,5.0,-0.118652,4096,0.981197
65,2026-03-28T18:21:34.373033+00:00,EQE1,12,1.0,0.299805,4096,0.981197
65,2026-03-28T18:21:34.373033+00:00,EQE1,12,3.0,0.046387,4096,0.981197
65,2026-03-28T18:21:34.373033+00:00,EQE1,12,5.0,-0.092285,4096,0.981197
65,2026-03-28T18:21:34.373033+00:00,EQE1,13,1.0,0.280762,4096,0.981197
65,2026-03-28T18:21:34.373033+00:00,EQE1,13,3.0,0.021484,4096,0.981197
65,2026-03-28T18:21:34.373033+00:00,EQE1,13,5.0,-0.098145,4096,0.981197
65,2026-03-28T18:21:34.373033+00:00,EQE1,14,1.0,0.280762,4096,0.981197
65,2026-03-28T18:21:34.373033+00:00,EQE1,14,3.0,-0.014160,4096,0.981197
65,2026-03-28T18:21:34.373033+00:00,EQE1,14,5.0,-0.072266,4096,0.981197
65,2026-03-28T18:21:34.373033+00:00,EQE1,15,1.0,0.259766,4096,0.981197
65,2026-03-28T18:21:34.373033+00:00,EQE1,15,3.0,0.011719,4096,0.981197
65,2026-03-28T18:21:34.373033+00:00,EQE1,15,5.0,-0.114746,4096,0.981197
65,2026-03-28T18:21:34.373033+00:00,EQE1,16,1.0,0.276367,4096,0.981197
65,2026-03-28T18:21:34.373033+00:00,EQE1,16,3.0,-0.007812,4096,0.981197
65,2026-03-28T18:21:34.373033+00:00,EQE1,16,5.0,-0.102539,4096,0.981197
65,2026-03-28T18:21:34.373033+00:00,EQE1,17,1.0,0.282715,4096,0.981197
65,2026-03-28T18:21:34.373033+00:00,EQE1,17,3.0,0.024414,4096,0.981197
65,2026-03-28T18:21:34.373033+00:00,EQE1,17,5.0,-0.122559,4096,0.981197
65,2026-03-28T18:21:34.373033+00:00,EQE1,18,1.0,0.300781,4096,0.981197
65,2026-03-28T18:21:34.373033+00:00,EQE1,18,3.0,0.015625,4096,0.981197
65,2026-03-28T18:21:34.373033+00:00,EQE1,18,5.0,-0.075195,4096,0.981197
65,2026-03-28T18:21:34.373033+00:00,EQE1,19,1.0,0.279785,4096,0.981197
65,2026-03-28T18:21:34.373033+00:00,EQE1,19,3.0,0.018555,4096,0.981197
65,2026-03-28T18:21:34.373033+00:00,EQE1,19,5.0,-0.101074,4096,0.981197
65,2026-03-28T18:21:34.373033+00:00,EQE1,20,1.0,0.315430,4096,0.981197
65,2026-03-28T18:21:34.373033+00:00,EQE1,20,3.0,0.042969,4096,0.981197
65,2026-03-28T18:21:34.373033+00:00,EQE1,20,5.0,-0.095215,4096,0.981197
65,2026-03-28T18:21:34.373033+00:00,EQE1,21,1.0,0.284180,4096,0.981197
65,2026-03-28T18:21:34.373033+00:00,EQE1,21,3.0,0.007812,4096,0.981197
65,2026-03-28T18:21:34.373033+00:00,EQE1,21,5.0,-0.088379,4096,0.981197
65,2026-03-28T18:21:34.373033+00:00,EQE1,22,1.0,0.282715,4096,0.981197
65,2026-03-28T18:21:34.373033+00:00,EQE1,22,3.0,0.003418,4096,0.981197
65,2026-03-28T18:21:34.373033+00:00,EQE1,22,5.0,-0.091309,4096,0.981197
65,2026-03-28T18:21:34.373033+00:00,EQE1,23,1.0,0.258301,4096,0.981197
65,2026-03-28T18:21:34.373033+00:00,EQE1,23,3.0,-0.020020,4096,0.981197
65,2026-03-28T18:21:34.373033+00:00,EQE1,23,5.0,-0.113770,4096,0.981197
65,2026-03-28T18:21:34.373033+00:00,EQE1,24,1.0,0.263672,4096,0.981197
65,2026-03-28T18:21:34.373033+00:00,EQE1,24,3.0,-0.013672,4096,0.981197
65,2026-03-28T18:21:34.373033+00:00,EQE1,24,5.0,-0.074707,4096,0.981197
65,2026-03-28T18:21:34.373033+00:00,EQE1,25,1.0,0.291504,4096,0.981197
65,2026-03-28T18:21:34.373033+00:00,EQE1,25,3.0,0.018555,4096,0.981197
65,2026-03-28T18:21:34.373033+00:00,EQE1,25,5.0,-0.106445,4096,0.981197
65,2026-03-28T18:21:34.373033+00:00,EQE1,26,1.0,0.293457,4096,0.981197
65,2026-03-28T18:21:34.373033+00:00,EQE1,26,3.0,0.008789,4096,0.981197
65,2026-03-28T18:21:34.373033+00:00,EQE1,26,5.0,-0.086426,4096,0.981197
65,2026-03-28T18:21:34.373033+00:00,EQE1,27,1.0,0.317871,4096,0.981197
65,2026-03-28T18:21:34.373033+00:00,EQE1,27,3.0,0.021484,4096,0.981197
65,2026-03-28T18:21:34.373033+00:00,EQE1,27,5.0,-0.104980,4096,0.981197
65,2026-03-28T18:21:34.373033+00:00,EQE1,28,1.0,0.249512,4096,0.981197
65,2026-03-28T18:21:34.373033+00:00,EQE1,28,3.0,0.008789,4096,0.981197
65,2026-03-28T18:21:34.373033+00:00,EQE1,28,5.0,-0.081055,4096,0.981197
65,2026-03-28T18:21:34.373033+00:00,EQE1,29,1.0,0.301270,4096,0.981197
65,2026-03-28T18:21:34.373033+00:00,EQE1,29,3.0,-0.005859,4096,0.981197
65,2026-03-28T18:21:34.373033+00:00,EQE1,29,5.0,-0.110840,4096,0.981197
66,2026-03-28T18:51:34.373064+00:00,EQE1,0,1.0,0.293457,4096,0.981197
66,2026-03-28T18:51:34.373064+00:00,EQE1,0,3.0,0.005859,4096,0.981197
66,2026-03-28T18:51:34.373064+00:00,EQE1,0,5.0,-0.074219,4096,0.981197
66,2026-03-28T18:51:34.373064+00:00,EQE1,1,1.0,0.321289,4096,0.981197
66,2026-03-28T18:51:34.373064+00:00,EQE1,1,3.0,0.019043,4096,0.981197
66,2026-03-28T18:51:34.373064+00:00,EQE1,1,5.0,-0.090332,4096,0.981197
66,2026-03-28T18:51:34.373064+00:00,EQE1,2,1.0,0.304688,4096,0.981197
66,2026-03-28T18:51:34.373064+00:00,EQE1,2,3.0,-0.001465,4096,0.981197
66,2026-03-28T18:51:34.373064+00:00,EQE1,2,5.0,-0.087891,4096,0.981197
66,2026-03-28T18:51:34.373064+00:00,EQE1,3,1.0,0.286133,4096,0.981197
66,2026-03-28T18:51:34.373064+00:00,EQE1,3,3.0,-0.004883,4096,0.981197
66,2026-03-28T18:51:34.373064+00:00,EQE1,3,5.0,-0.107422,4096,0.981197
66,2026-03-28T18:51:34.373064+00:00,EQE1,4,1.0,0.270508,4096,0.981197
66,2026-03-28T18:51:34.373064+00:00,EQE1,4,3.0,0.009766,4096,0.981197
66,2026-03-28T18:51:34.373064+00:00,EQE1,4,5.0,-0.087402,4096,0.981197
66,2026-03-28T18:51:34.373064+00:00,EQE1,5,1.0,0.288574,4096,0.981197
66,2026-03-28T18:51:34.373064+00:00,EQE1,5,3.0,-0.007812,4096,0.981197
66,2026-03-28T18:51:34.373064+00:00,EQE1,5,5.0,-0.083008,4096,0.981197
66,2026-03-28T18:51:34.373064+00:00,EQE1,6,1.0,0.282227,4096,0.981197
66,2026-03-28T18:51:34.373064+00:00,EQE1,6,3.0,0.001465,4096,0.981197
66,2026-03-28T18:51:34.373064+00:00,EQE1,6,5.0,-0.086914,4096,0.981197
66,2026-03-28T18:51:34.373064+00:00,EQE1,7,1.0,0.264648,4096,0.981197
66,2026-03-28T18:51:34.373064+00:00,EQE1,7,3.0,-0.020020,4096,0.981197
66,2026-03-28T18:51:34.373064+00:00,EQE1,7,5.0,-0.107422,4096,0.981197
66,2026-03-28T18:51:34.373064+00:00,EQE1,8,1.0,0.264648,4096,0.981197
66,2026-03-28T18:51:34.373064+00:00,EQE1,8,3.0,0.037598,4096,0.981197
66,2026-03-28T18:51:34.373064+00:00,EQE1,8,5.0,-0.088867,4096,0.981197
66,2026-03-28T18:51:34.373064+00:00,EQE1,9,1.0,0.299805,4096,0.981197
66,2026-03-28T18:51:34.373064+00:00,EQE1,9,3.0,0.009766,4096,0.981197
66,2026-03-28T18:51:34.373064+00:00,EQE1,9,5.0,-0.134277,4096,0.981197
66,2026-03-28T18:51:34.373064+00:00,EQE1,10,1.0,0.312500,4096,0.981197
66,2026-03-28T18:51:34.373064+00:00,EQE1,10,3.0,0.041504,4096,0.981197
66,2026-03-28T18:51:34.373064+00:00,EQE1,10,5.0,-0.100586,4096,0.981197
66,2026-03-28T18:51:34.373064+00:00,EQE1,11,1.0,0.293945,4096,0.981197
66,2026-03-28T18:51:34.373064+00:00,EQE1,11,3.0,0.008301,4096,0.981197
66,2026-03-28T18:51:34.373064+00:00,EQE1,11,5.0,-0.114746,4096,0.981197
66,2026-03-28T18:51:34.373064+00:00,EQE1,12,1.0,0.286133,4096,0.981197
66,2026-03-28T18:51:34.373064+00:00,EQE1,12,3.0,0.013184,4096,0.981197
66,2026-03-28T18:51:34.373064+00:00,EQE1,12,5.0,-0.085938,4096,0.981197
66,2026-03-28T18:51:34.373064+00:00,EQE1,13,1.0,0.300293,4096,0.981197
66,2026-03-28T18:51:34.373064+00:00,EQE1,13,3.0,0.005371,4096,0.981197
66,2026-03-28T18:51:34.373064+00:00,EQE1,13,5.0,-0.131348,4096,0.981197
66,2026-03-28T18:51:34.373064+00:00,EQE1,14,1.0,0.271484,4096,0.981197
66,2026-03-28T18:51:34.373064+00:00,EQE1,14,3.0,0.017090,4096,0.981197
66,2026-03-28T18:51:34.373064+00:00,EQE1,14,5.0,-0.114258,4096,0.981197
66,2026-03-28T18:51:34.373064+00:00,EQE1,15,1.0,0.272461,4096,0.981197
66,2026-03-28T18:51:34.373064+00:00,EQE1,15,3.0,0.010742,4096,0.981197
66,2026-03-28T18:51:34.373064+00:00,EQE1,15,5.0,-0.104492,4096,0.981197
66,2026-03-28T18:51:34.373064+00:00,EQE1,16,1.0,0.295410,4096,0.981197
66,2026-03-28T18:51:34.373064+00:00,EQE1,16,3.0,0.001953,4096,0.981197
66,2026-03-28T18:51:34.373064+00:00,EQE1,16,5.0,-0.107422,4096,0.981197
66,2026-03-28T18:51:34.373064+00:00,EQE1,17,1.0,0.276855,4096,0.981197
66,2026-03-28T18:51:34.373064+00:00,EQE1,17,3.0,-0.008789,4096,0.981197
66,2026-03-28T18:51:34.373064+00:00,EQE1,17,5.0,-0.103027,4096,0.981197
66,2026-03-28T18:51:34.373064+00:00,EQE1,18,1.0,0.291992,4096,0.981197
66,2026-03-28T18:51:34.373064+00:00,EQE1,18,3.0,0.023438,4096,0.981197
66,2026-03-28T18:51:34.373064+00:00,EQE1,18,5.0,-0.085938,4096,0.981197
66,2026-03-28T18:51:34.373064+00:00,EQE1,19,1.0,0.274414,4096,0.981197
66,2026-03-28T18:51:34.373064+00:00,EQE1,19,3.0,0.025879,4096,0.981197
66,2026-03-28T18:51:34.373064+00:00,EQE1,19,5.0,-0.076172,4096,0.981197
66,2026-03-28T18:51:34.373064+00:00,EQE1,20,1.0,0.288574,4096,0.981197
66,2026-03-28T18:51:34.373064+00:00,EQE1,20,3.0,0.029785,4096,0.981197
66,2026-03-28T18:51:34.373064+00:00,EQE1,20,5.0,-0.099121,4096,0.981197
66,2026-03-28T18:51:34.373064+00:00,EQE1,21,1.0,0.278320,4096,0.981197
66,2026-03-28T18:51:34.373064+00:00,EQE1,21,3.0,0.029297,4096,0.981197
66,2026-03-28T18:51:34.373064+00:00,EQE1,21,5.0,-0.125000,4096,0.981197
66,2026-03-28T18:51:34.373064+00:00,EQE1,22,1.0,0.295898,4096,0.981197
66,2026-03-28T18:51:34.373064+00:00,EQE1,22,3.0,0.021973,4096,0.981197
66,2026-03-28T18:51:34.373064+00:00,EQE1,22,5.0,-0.074707,4096,0.981197
66,2026-03-28T18:51:34.373064+00:00,EQE1,23,1.0,0.294922,4096,0.981197
66,2026-03-28T18:51:34.373064+00:00,EQE1,23,3.0,-0.019043,4096,0.981197
66,2026-03-28T18:51:34.373064+00:00,EQE1,23,5.0,-0.083008,4096,0.981197
66,2026-03-28T18:51:34.373064+00:00,EQE1,24,1.0,0.264160,4096,0.981197
66,2026-03-28T18:51:34.373064+00:00,EQE1,24,3.0,-0.012695,4096,0.981197
66,2026-03-28T18:51:34.373064+00:00,EQE1,24,5.0,-0.113281,4096,0.981197
66,2026-03-28T18:51:34.373064+00:00,EQE1,25,1.0,0.292480,4096,0.981197
66,2026-03-28T18:51:34.373064+00:00,EQE1,25,3.0,0.016602,4096,0.981197
66,2026-03-28T18:51:34.373064+00:00,EQE1,25,5.0,-0.114258,4096,0.981197
66,2026-03-28T18:51:34.373064+00:00,EQE1,26,1.0,0.259277,4096,0.981197
66,2026-03-28T18:51:34.373064+00:00,EQE1,26,3.0,0.013672,4096,0.981197
66,2026-03-28T18:51:34.373064+00:00,EQE1,26,5.0,-0.096191,4096,0.981197
66,2026-03-28T18:51:34.373064+00:00,EQE1,27,1.0,0.292480,4096,0.981197
66,2026-03-28T18:51:34.373064+00:00,EQE1,27,3.0,0.001465,4096,0.981197
66,2026-03-28T18:51:34.373064+00:00,EQE1,27,5.0,-0.111816,4096,0.981197
66,2026-03-28T18:51:34.373064+00:00,EQE1,28,1.0,0.296387,4096,0.981197
66,2026-03-28T18:51:34.373064+00:00,EQE1,28,3.0,0.023926,4096,0.981197
66,2026-03-28T18:51:34.373064+00:00,EQE1,28,5.0,-0.104492,4096,0.981197
66,2026-03-28T18:51:34.373064+00:00,EQE1,29,1.0,0.275391,4096,0.981197
66,2026-03-28T18:51:34.373064+00:00,EQE1,29,3.0,0.013672,4096,0.981197
66,2026-03-28T18:51:34.373064+00:00,EQE1,29,5.0,-0.093262,4096,0.981197
67,2026-03-28T19:21:34.373023+00:00,EQE1,0,1.0,0.291016,4096,0.981197
67,2026-03-28T19:21:34.373023+00:00,EQE1,0,3.0,0.022949,4096,0.981197
67,2026-03-28T19:21:34.373023+00:00,EQE1,0,5.0,-0.096191,4096,0.981197
67,2026-03-28T19:21:34.373023+00:00,EQE1,1,1.0,0.316895,4096,0.981197
67,2026-03-28T19:21:34.373023+00:00,EQE1,1,3.0,0.011719,4096,0.981197
67,2026-03-28T19:21:34.373023+00:00,EQE1,1,5.0,-0.079590,4096,0.981197
67,2026-03-28T19:21:34.373023+00:00,EQE1,2,1.0,0.258789,4096,0.981197
67,2026-03-28T19:21:34.373023+00:00,EQE1,2,3.0,0.020508,4096,0.981197
67,2026-03-28T19:21:34.373023+00:00,EQE1,2,5.0,-0.093750,4096,0.981197
67,2026-03-28T19:21:34.373023+00:00,EQE1,3,1.0,0.277344,4096,0.981197
67,2026-03-28T19:21:34.373023+00:00,EQE1,3,3.0,0.010742,4096,0.981197
67,2026-03-28T19:21:34.373023+00:00,EQE1,3,5.0,-0.104492,4096,0.981197
67,2026-03-28T19:21:34.373023+00:00,EQE1,4,1.0,0.281250,4096,0.981197
67,2026-03-28T19:21:34.373023+00:00,EQE1,4,3.0,0.015625,4096,0.981197
67,2026-03-28T19:21:34.373023+00:00,EQE1,4,5.0,-0.084961,4096,0.981197
67,2026-03-28T19:21:34.373023+00:00,EQE1,5,1.0,0.285645,4096,0.981197
67,2026-03-28T19:21:34.373023+00:00,EQE1,5,3.0,0.004883,4096,0.981197
67,2026-03-28T19:21:34.373023+00:00,EQE1,5,5.0,-0.115234,4096,0.981197
67,2026-03-28T19:21:34.373023+00:00,EQE1,6,1.0,0.263184,4096,0.981197
67,2026-03-28T19:21:34.373023+00:00,EQE1,6,3.0,0.007324,4096,0.981197
67,2026-03-28T19:21:34.373023+00:00,EQE1,6,5.0,-0.107910,4096,0.981197
67,2026-03-28T19:21:34.373023+00:00,EQE1,7,1.0,0.275879,4096,0.981197
67,2026-03-28T19:21:34.373023+00:00,EQE1,7,3.0,0.013672,4096,0.981197
67,2026-03-28T19:21:34.373023+00:00,EQE1,7,5.0,-0.086914,4096,0.981197
67,2026-03-28T19:21:34.373023+00:00,EQE1,8,1.0,0.250488,4096,0.981197
67,2026-03-28T19:21:34.373023+00:00,EQE1,8,3.0,0.010254,4096,0.981197
67,2026-03-28T19:21:34.373023+00:00,EQE1,8,5.0,-0.116699,4096,0.981197
67,2026-03-28T19:21:34.373023+00:00,EQE1,9,1.0,0.252930,4096,0.981197
67,2026-03-28T19:21:34.373023+00:00,EQE1,9,3.0,0.002930,4096,0.981197
67,2026-03-28T19:21:34.373023+00:00,EQE1,9,5.0,-0.128906,4096,0.981197
67,2026-03-28T19:21:34.373023+00:00,EQE1,10,1.0,0.267090,4096,0.981197
67,2026-03-28T19:21:34.373023+00:00,EQE1,10,3.0,0.011719,4096,0.981197
67,2026-03-28T19:21:34.373023+00:00,EQE1,10,5.0,-0.108887,4096,0.981197
67,2026-03-28T19:21:34.373023+00:00,EQE1,11,1.0,0.282227,4096,0.981197
67,2026-03-28T19:21:34.373023+00:00,EQE1,11,3.0,0.008301,4096,0.981197
67,2026-03-28T19:21:34.373023+00:00,EQE1,11,5.0,-0.099609,4096,0.981197
67,2026-03-28T19:21:34.373023+00:00,EQE1,12,1.0,0.281250,4096,0.981197
67,2026-03-28T19:21:34.373023+00:00,EQE1,12,3.0,-0.004395,4096,0.981197
67,2026-03-28T19:21:34.373023+00:00,EQE1,12,5.0,-0.113770,4096,0.981197
67,2026-03-28T19:21:34.373023+00:00,EQE1,13,1.0,0.283203,4096,0.981197
67,2026-03-28T19:21:34.373023+00:00,EQE1,13,3.0,0.006836,4096,0.981197
67,2026-03-28T19:21:34.373023+00:00,EQE1,13,5.0,-0.121094,4096,0.981197
67,2026-03-28T19:21:34.373023+00:00,EQE1,14,1.0,0.293457,4096,0.981197
67,2026-03-28T19:21:34.373023+00:00,EQE1,14,3.0,0.031738,4096,0.981197
67,2026-03-28T19:21:34.373023+00:00,EQE1,14,5.0,-0.079590,4096,0.981197
67,2026-03-28T19:21:34.373023+00:00,EQE1,15,1.0,0.288574,4096,0.981197
67,2026-03-28T19:21:34.373023+00:00,EQE1,15,3.0,-0.014648,4096,0.981197
67,2026-03-28T19:21:34.373023+00:00,EQE1,15,5.0,-0.118164,4096,0.981197
67,2026-03-28T19:21:34.373023+00:00,EQE1,16,1.0,0.264648,4096,0.981197
67,2026-03-28T19:21:34.373023+00:00,EQE1,16,3.0,0.004883,4096,0.981197
67,2026-03-28T19:21:34.373023+00:00,EQE1,16,5.0,-0.077148,4096,0.981197
67,2026-03-28T19:21:34.373023+00:00,EQE1,17,1.0,0.277832,4096,0.981197
67,2026-03-28T19:21:34.373023+00:00,EQE1,17,3.0,-0.003418,4096,0.981197
67,2026-03-28T19:21:34.373023+00:00,EQE1,17,5.0,-0.088867,4096,0.981197
67,2026-03-28T19:21:34.373023+00:00,EQE1,18,1.0,0.302246,4096,0.981197
67,2026-03-28T19:21:34.373023+00:00,EQE1,18,3.0,0.008789,4096,0.981197
67,2026-03-28T19:21:34.373023+00:00,EQE1,18,5.0,-0.076660,4096,0.981197
67,2026-03-28T19:21:34.373023+00:00,EQE1,19,1.0,0.270508,4096,0.981197
67,2026-03-28T19:21:34.373023+00:00,EQE1,19,3.0,0.022949,4096,0.981197
67,2026-03-28T19:21:34.373023+00:00,EQE1,19,5.0,-0.092285,4096,0.981197
67,2026-03-28T19:21:34.373023+00:00,EQE1,20,1.0,0.269043,4096,0.981197
67,2026-03-28T19:21:34.373023+00:00,EQE1,20,3.0,0.004395,4096,0.981197
67,2026-03-28T19:21:34.373023+00:00,EQE1,20,5.0,-0.104980,4096,0.981197
67,2026-03-28T19:21:34.373023+00:00,EQE1,21,1.0,0.255371,4096,0.981197
67,2026-03-28T19:21:34.373023+00:00,EQE1,21,3.0,-0.018555,4096,0.981197
67,2026-03-28T19:21:34.373023+00:00,EQE1,21,5.0,-0.094727,4096,0.981197
67,2026-03-28T19:21:34.373023+00:00,EQE1,22,1.0,0.292480,4096,0.981197
67,2026-03-28T19:21:34.373023+00:00,EQE1,22,3.0,0.021973,4096,0.981197
67,2026-03-28T19:21:34.373023+00:00,EQE1,22,5.0,-0.100586,4096,0.981197
67,2026-03-28T19:21:34.373023+00:00,EQE1,23,1.0,0.267090,4096,0.981197
67,2026-03-28T19:21:34.373023+00:00,EQE1,23,3.0,0.016602,4096,0.981197
67,2026-03-28T19:21:34.373023+00:00,EQE1,23,5.0,-0.077148,4096,0.981197
67,2026-03-28T19:21:34.373023+00:00,EQE1,24,1.0,0.268066,4096,0.981197
67,2026-03-28T19:21:34.373023+00:00,EQE1,24,3.0,0.053711,4096,0.981197
67,2026-03-28T19:21:34.373023+00:00,EQE1,24,5.0,-0.091797,4096,0.981197
67,2026-03-28T19:21:34.373023+00:00,EQE1,25,1.0,0.249023,4096,0.981197
67,2026-03-28T19:21:34.373023+00:00,EQE1,25,3.0,-0.000977,4096,0.981197
67,2026-03-28T19:21:34.373023+00:00,EQE1,25,5.0,-0.096191,4096,0.981197
67,2026-03-28T19:21:34.373023+00:00,EQE1,26,1.0,0.275391,4096,0.981197
67,2026-03-28T19:21:34.373023+00:00,EQE1,26,3.0,0.017578,4096,0.981197
67,2026-03-28T19:21:34.373023+00:00,EQE1,26,5.0,-0.121094,4096,0.981197
67,2026-03-28T19:21:34.373023+00:00,EQE1,27,1.0,0.280273,4096,0.981197
67,2026-03-28T19:21:34.373023+00:00,EQE1,27,3.0,-0.002441,4096,0.981197
67,2026-03-28T19:21:34.373023+00:00,EQE1,27,5.0,-0.090332,4096,0.981197
67,2026-03-28T19:21:34.373023+00:00,EQE1,28,1.0,0.289062,4096,0.981197
67,2026-03-28T19:21:34.373023+00:00,EQE1,28,3.0,0.012207,4096,0.981197
67,2026-03-28T19:21:34.373023+00:00,EQE1,28,5.0,-0.073730,4096,0.981197
67,2026-03-28T19:21:34.373023+00:00,EQE1,29,1.0,0.269043,4096,0.981197
67,2026-03-28T19:21:34.373023+00:00,EQE1,29,3.0,0.025879,4096,0.981197
67,2026-03-28T19:21:34.373023+00:00,EQE1,29,5.0,-0.086426,4096,0.981197
68,2026-03-28T19:51:34.372865+00:00,EQE1,0,1.0,0.286621,4096,0.981197
68,2026-03-28T19:51:34.372865+00:00,EQE1,0,3.0,0.020996,4096,0.981197
68,2026-03-28T19:51:34.372865+00:00,EQE1,0,5.0,-0.068848,4096,0.981197
68,2026-03-28T19:51:34.372865+00:00,EQE1,1,1.0,0.279785,4096,0.981197
68,2026-03-28T19:51:34.372865+00:00,EQE1,1,3.0,0.009277,4096,0.981197
68,2026-03-28T19:51:34.372865+00:00,EQE1,1,5.0,-0.081055,4096,0.981197
68,2026-03-28T19:51:34.372865+00:00,EQE1,2,1.0,0.272949,4096,0.981197
68,2026-03-28T19:51:34.372865+00:00,EQE1,2,3.0,0.044434,4096,0.981197
68,2026-03-28T19:51:34.372865+00:00,EQE1,2,5.0,-0.100098,4096,0.981197
68,2026-03-28T19:51:34.372865+00:00,EQE1,3,1.0,0.273438,4096,0.981197
68,2026-03-28T19:51:34.372865+00:00,EQE1,3,3.0,0.001465,4096,0.981197
68,2026-03-28T19:51:34.372865+00:00,EQE1,3,5.0,-0.109375,4096,0.981197
68,2026-03-28T19:51:34.372865+00:00,EQE1,4,1.0,0.289551,4096,0.981197
68,2026-03-28T19:51:34.372865+00:00,EQE1,4,3.0,-0.001465,4096,0.981197
68,2026-03-28T19:51:34.372865+00:00,EQE1,4,5.0,-0.107910,4096,0.981197
68,2026-03-28T19:51:34.372865+00:00,EQE1,5,1.0,0.276367,4096,0.981197
68,2026-03-28T19:51:34.372865+00:00,EQE1,5,3.0,0.007812,4096,0.981197
68,2026-03-28T19:51:34.372865+00:00,EQE1,5,5.0,-0.073242,4096,0.981197
68,2026-03-28T19:51:34.372865+00:00,EQE1,6,1.0,0.250977,4096,0.981197
68,2026-03-28T19:51:34.372865+00:00,EQE1,6,3.0,0.029297,4096,0.981197
68,2026-03-28T19:51:34.372865+00:00,EQE1,6,5.0,-0.073730,4096,0.981197
68,2026-03-28T19:51:34.372865+00:00,EQE1,7,1.0,0.312500,4096,0.981197
68,2026-03-28T19:51:34.372865+00:00,EQE1,7,3.0,-0.000488,4096,0.981197
68,2026-03-28T19:51:34.372865+00:00,EQE1,7,5.0,-0.096680,4096,0.981197
68,2026-03-28T19:51:34.372865+00:00,EQE1,8,1.0,0.300781,4096,0.981197
68,2026-03-28T19:51:34.372865+00:00,EQE1,8,3.0,0.022461,4096,0.981197
68,2026-03-28T19:51:34.372865+00:00,EQE1,8,5.0,-0.090332,4096,0.981197
68,2026-03-28T19:51:34.372865+00:00,EQE1,9,1.0,0.269531,4096,0.981197
68,2026-03-28T19:51:34.372865+00:00,EQE1,9,3.0,0.014160,4096,0.981197
68,2026-03-28T19:51:34.372865+00:00,EQE1,9,5.0,-0.094727,4096,0.981197
68,2026-03-28T19:51:34.372865+00:00,EQE1,10,1.0,0.264648,4096,0.981197
68,2026-03-28T19:51:34.372865+00:00,EQE1,10,3.0,0.000488,4096,0.981197
68,2026-03-28T19:51:34.372865+00:00,EQE1,10,5.0,-0.099609,4096,0.981197
68,2026-03-28T19:51:34.372865+00:00,EQE1,11,1.0,0.288574,4096,0.981197
68,2026-03-28T19:51:34.372865+00:00,EQE1,11,3.0,0.020020,4096,0.981197
68,2026-03-28T19:51:34.372865+00:00,EQE1,11,5.0,-0.062500,4096,0.981197
68,2026-03-28T19:51:34.372865+00:00,EQE1,12,1.0,0.238770,4096,0.981197
68,2026-03-28T19:51:34.372865+00:00,EQE1,12,3.0,0.014160,4096,0.981197
68,2026-03-28T19:51:34.372865+00:00,EQE1,12,5.0,-0.087402,4096,0.981197
68,2026-03-28T19:51:34.372865+00:00,EQE1,13,1.0,0.270508,4096,0.981197
68,2026-03-28T19:51:34.372865+00:00,EQE1,13,3.0,-0.007812,4096,0.981197
68,2026-03-28T19:51:34.372865+00:00,EQE1,13,5.0,-0.088867,4096,0.981197
68,2026-03-28T19:51:34.372865+00:00,EQE1,14,1.0,0.261230,4096,0.981197
68,2026-03-28T19:51:34.372865+00:00,EQE1,14,3.0,0.009766,4096,0.981197
68,2026-03-28T19:51:34.372865+00:00,EQE1,14,5.0,-0.098633,4096,0.981197
68,2026-03-28T19:51:34.372865+00:00,EQE1,15,1.0,0.270508,4096,0.981197
68,2026-03-28T19:51:34.372865+00:00,EQE1,15,3.0,0.011230,4096,0.981197
68,2026-03-28T19:51:34.372865+00:00,EQE1,15,5.0,-0.087891,4096,0.981197
68,2026-03-28T19:51:34.372865+00:00,EQE1,16,1.0,0.288086,4096,0.981197
68,2026-03-28T19:51:34.372865+00:00,EQE1,16,3.0,0.027832,4096,0.981197
68,2026-03-28T19:51:34.372865+00:00,EQE1,16,5.0,-0.104492,4096,0.981197
68,2026-03-28T19:51:34.372865+00:00,EQE1,17,1.0,0.282715,4096,0.981197
68,2026-03-28T19:51:34.372865+00:00,EQE1,17,3.0,0.009766,4096,0.981197
68,2026-03-28T19:51:34.372865+00:00,EQE1,17,5.0,-0.072266,4096,0.981197
68,2026-03-28T19:51:34.372865+00:00,EQE1,18,1.0,0.282715,4096,0.981197
68,2026-03-28T19:51:34.372865+00:00,EQE1,18,3.0,0.010742,4096,0.981197
68,2026-03-28T19:51:34.372865+00:00,EQE1,18,5.0,-0.099609,4096,0.981197
68,2026-03-28T19:51:34.372865+00:00,EQE1,19,1.0,0.277832,4096,0.981197
68,2026-03-28T19:51:34.372865+00:00,EQE1,19,3.0,0.007812,4096,0.981197
68,2026-03-28T19:51:34.372865+00:00,EQE1,19,5.0,-0.082031,4096,0.981197
68,2026-03-28T19:51:34.372865+00:00,EQE1,20,1.0,0.280762,4096,0.981197
68,2026-03-28T19:51:34.372865+00:00,EQE1,20,3.0,0.048340,4096,0.981197
68,2026-03-28T19:51:34.372865+00:00,EQE1,20,5.0,-0.069824,4096,0.981197
68,2026-03-28T19:51:34.372865+00:00,EQE1,21,1.0,0.249023,4096,0.981197
68,2026-03-28T19:51:34.372865+00:00,EQE1,21,3.0,0.004883,4096,0.981197
68,2026-03-28T19:51:34.372865+00:00,EQE1,21,5.0,-0.092773,4096,0.981197
68,2026-03-28T19:51:34.372865+00:00,EQE1,22,1.0,0.291504,4096,0.981197
68,2026-03-28T19:51:34.372865+00:00,EQE1,22,3.0,0.013672,4096,0.981197
68,2026-03-28T19:51:34.372865+00:00,EQE1,22,5.0,-0.087402,4096,0.981197
68,2026-03-28T19:51:34.372865+00:00,EQE1,23,1.0,0.289551,4096,0.981197
68,2026-03-28T19:51:34.372865+00:00,EQE1,23,3.0,0.027832,4096,0.981197
68,2026-03-28T19:51:34.372865+00:00,EQE1,23,5.0,-0.102051,4096,0.981197
68,2026-03-28T19:51:34.372865+00:00,EQE1,24,1.0,0.276855,4096,0.981197
68,2026-03-28T19:51:34.372865+00:00,EQE1,24,3.0,0.008789,4096,0.981197
68,2026-03-28T19:51:34.372865+00:00,EQE1,24,5.0,-0.104980,4096,0.981197
68,2026-03-28T19:51:34.372865+00:00,EQE1,25,1.0,0.276367,4096,0.981197
68,2026-03-28T19:51:34.372865+00:00,EQE1,25,3.0,-0.002930,4096,0.981197
68,2026-03-28T19:51:34.372865+00:00,EQE1,25,5.0,-0.080566,4096,0.981197
68,2026-03-28T19:51:34.372865+00:00,EQE1,26,1.0,0.316406,4096,0.981197
68,2026-03-28T19:51:34.372865+00:00,EQE1,26,3.0,0.006348,4096,0.981197
68,2026-03-28T19:51:34.372865+00:00,EQE1,26,5.0,-0.064941,4096,0.981197
68,2026-03-28T19:51:34.372865+00:00,EQE1,27,1.0,0.280273,4096,0.981197
68,2026-03-28T19:51:34.372865+00:00,EQE1,27,3.0,0.045410,4096,0.981197
68,2026-03-28T19:51:34.372865+00:00,EQE1,27,5.0,-0.074219,4096,0.981197
68,2026-03-28T19:51:34.372865+00:00,EQE1,28,1.0,0.257812,4096,0.981197
68,2026-03-28T19:51:34.372865+00:00,EQE1,28,3.0,0.001953,4096,0.981197
68,2026-03-28T19:51:34.372865+00:00,EQE1,28,5.0,-0.108398,4096,0.981197
68,2026-03-28T19:51:34.372865+00:00,EQE1,29,1.0,0.290527,4096,0.981197
68,2026-03-28T19:51:34.372865+00:00,EQE1,29,3.0,0.033691,4096,0.981197
68,2026-03-28T19:51:34.372865+00:00,EQE1,29,5.0,-0.080566,4096,0.981197
69,2026-03-28T20:21:34.372906+00:00,EQE1,0,1.0,0.266602,4096,0.981197
69,2026-03-28T20:21:34.372906+00:00,EQE1,0,3.0,0.020020,4096,0.981197
69,2026-03-28T20:21:34.372906+00:00,EQE1,0,5.0,-0.095703,4096,0.981197
69,2026-03-28T20:21:34.372906+00:00,EQE1,1,1.0,0.263184,4096,0.981197
69,2026-03-28T20:21:34.372906+00:00,EQE1,1,3.0,-0.003906,4096,0.981197
69,2026-03-28T20:21:34.372906+00:00,EQE1,1,5.0,-0.078613,4096,0.981197
69,2026-03-28T20:21:34.372906+00:00,EQE1,2,1.0,0.285156,4096,0.981197
69,2026-03-28T20:21:34.372906+00:00,EQE1,2,3.0,0.011230,4096,0.981197
69,2026-03-28T20:21:34.372906+00:00,EQE1,2,5.0,-0.093750,4096,0.981197
69,2026-03-28T20:21:34.372906+00:00,EQE1,3,1.0,0.275879,4096,0.981197
69,2026-03-28T20:21:34.372906+00:00,EQE1,3,3.0,0.031250,4096,0.981197
69,2026-03-28T20:21:34.372906+00:00,EQE1,3,5.0,-0.094727,4096,0.981197
69,2026-03-28T20:21:34.372906+00:00,EQE1,4,1.0,0.297363,4096,0.981197
69,2026-03-28T20:21:34.372906+00:00,EQE1,4,3.0,0.022461,4096,0.981197
69,2026-03-28T20:21:34.372906+00:00,EQE1,4,5.0,-0.067871,4096,0.981197
69,2026-03-28T20:21:34.372906+00:00,EQE1,5,1.0,0.283691,4096,0.981197
69,2026-03-28T20:21:34.372906+00:00,EQE1,5,3.0,0.009277,4096,0.981197
69,2026-03-28T20:21:34.372906+00:00,EQE1,5,5.0,-0.091797,4096,0.981197
69,2026-03-28T20:21:34.372906+00:00,EQE1,6,1.0,0.282715,4096,0.981197
69,2026-03-28T20:21:34.372906+00:00,EQE1,6,3.0,0.002930,4096,0.981197
69,2026-03-28T20:21:34.372906+00:00,EQE1,6,5.0,-0.074219,4096,0.981197
69,2026-03-28T20:21:34.372906+00:00,EQE1,7,1.0,0.270020,4096,0.981197
69,2026-03-28T20:21:34.372906+00:00,EQE1,7,3.0,0.010742,4096,0.981197
69,2026-03-28T20:21:34.372906+00:00,EQE1,7,5.0,-0.137207,4096,0.981197
69,2026-03-28T20:21:34.372906+00:00,EQE1,8,1.0,0.294922,4096,0.981197
69,2026-03-28T20:21:34.372906+00:00,EQE1,8,3.0,0.011230,4096,0.981197
69,2026-03-28T20:21:34.372906+00:00,EQE1,8,5.0,-0.127930,4096,0.981197
69,2026-03-28T20:21:34.372906+00:00,EQE1,9,1.0,0.283691,4096,0.981197
69,2026-03-28T20:21:34.372906+00:00,EQE1,9,3.0,-0.005859,4096,0.981197
69,2026-03-28T20:21:34.372906+00:00,EQE1,9,5.0,-0.080078,4096,0.981197
69,2026-03-28T20:21:34.372906+00:00,EQE1,10,1.0,0.275879,4096,0.981197
69,2026-03-28T20:21:34.372906+00:00,EQE1,10,3.0,0.016602,4096,0.981197
69,2026-03-28T20:21:34.372906+00:00,EQE1,10,5.0,-0.083984,4096,0.981197
69,2026-03-28T20:21:34.372906+00:00,EQE1,11,1.0,0.298828,4096,0.981197
69,2026-03-28T20:21:34.372906+00:00,EQE1,11,3.0,-0.015625,4096,0.981197
69,2026-03-28T20:21:34.372906+00:00,EQE1,11,5.0,-0.070801,4096,0.981197
69,2026-03-28T20:21:34.372906+00:00,EQE1,12,1.0,0.296875,4096,0.981197
69,2026-03-28T20:21:34.372906+00:00,EQE1,12,3.0,0.010254,4096,0.981197
69,2026-03-28T20:21:34.372906+00:00,EQE1,12,5.0,-0.068359,4096,0.981197
69,2026-03-28T20:21:34.372906+00:00,EQE1,13,1.0,0.303223,4096,0.981197
69,2026-03-28T20:21:34.372906+00:00,EQE1,13,3.0,0.022949,4096,0.981197
69,2026-03-28T20:21:34.372906+00:00,EQE1,13,5.0,-0.105469,4096,0.981197
69,2026-03-28T20:21:34.372906+00:00,EQE1,14,1.0,0.278809,4096,0.981197
69,2026-03-28T20:21:34.372906+00:00,EQE1,14,3.0,0.023438,4096,0.981197
69,2026-03-28T20:21:34.372906+00:00,EQE1,14,5.0,-0.077637,4096,0.981197
69,2026-03-28T20:21:34.372906+00:00,EQE1,15,1.0,0.301270,4096,0.981197
69,2026-03-28T20:21:34.372906+00:00,EQE1,15,3.0,0.009277,4096,0.981197
69,2026-03-28T20:21:34.372906+00:00,EQE1,15,5.0,-0.091309,4096,0.981197
69,2026-03-28T20:21:34.372906+00:00,EQE1,16,1.0,0.305176,4096,0.981197
69,2026-03-28T20:21:34.372906+00:00,EQE1,16,3.0,0.005859,4096,0.981197
69,2026-03-28T20:21:34.372906+00:00,EQE1,16,5.0,-0.109863,4096,0.981197
69,2026-03-28T20:21:34.372906+00:00,EQE1,17,1.0,0.299316,4096,0.981197
69,2026-03-28T20:21:34.372906+00:00,EQE1,17,3.0,0.021484,4096,0.981197
69,2026-03-28T20:21:34.372906+00:00,EQE1,17,5.0,-0.102051,4096,0.981197
69,2026-03-28T20:21:34.372906+00:00,EQE1,18,1.0,0.270020,4096,0.981197
69,2026-03-28T20:21:34.372906+00:00,EQE1,18,3.0,0.024414,4096,0.981197
69,2026-03-28T20:21:34.372906+00:00,EQE1,18,5.0,-0.111328,4096,0.981197
69,2026-03-28T20:21:34.372906+00:00,EQE1,19,1.0,0.268066,4096,0.981197
69,2026-03-28T20:21:34.372906+00:00,EQE1,19,3.0,0.016113,4096,0.981197
69,2026-03-28T20:21:34.372906+00:00,EQE1,19,5.0,-0.085938,4096,0.981197
69,2026-03-28T20:21:34.372906+00:00,EQE1,20,1.0,0.276855,4096,0.981197
69,2026-03-28T20:21:34.372906+00:00,EQE1,20,3.0,0.008789,4096,0.981197
69,2026-03-28T20:21:34.372906+00:00,EQE1,20,5.0,-0.103027,4096,0.981197
69,2026-03-28T20:21:34.372906+00:00,EQE1,21,1.0,0.298340,4096,0.981197
69,2026-03-28T20:21:34.372906+00:00,EQE1,21,3.0,-0.017090,4096,0.981197
69,2026-03-28T20:21:34.372906+00:00,EQE1,21,5.0,-0.133301,4096,0.981197
69,2026-03-28T20:21:34.372906+00:00,EQE1,22,1.0,0.292480,4096,0.981197
69,2026-03-28T20:21:34.372906+00:00,EQE1,22,3.0,-0.000488,4096,0.981197
69,2026-03-28T20:21:34.372906+00:00,EQE1,22,5.0,-0.100098,4096,0.981197
69,2026-03-28T20:21:34.372906+00:00,EQE1,23,1.0,0.332520,4096,0.981197
69,2026-03-28T20:21:34.372906+00:00,EQE1,23,3.0,0.016602,4096,0.981197
69,2026-03-28T20:21:34.372906+00:00,EQE1,23,5.0,-0.079590,4096,0.981197
69,2026-03-28T20:21:34.372906+00:00,EQE1,24,1.0,0.274414,4096,0.981197
69,2026-03-28T20:21:34.372906+00:00,EQE1,24,3.0,0.034180,4096,0.981197
69,2026-03-28T20:21:34.372906+00:00,EQE1,24,5.0,-0.110840,4096,0.981197
69,2026-03-28T20:21:34.372906+00:00,EQE1,25,1.0,0.287109,4096,0.981197
69,2026-03-28T20:21:34.372906+00:00,EQE1,25,3.0,0.023926,4096,0.981197
69,2026-03-28T20:21:34.372906+00:00,EQE1,25,5.0,-0.093262,4096,0.981197
69,2026-03-28T20:21:34.372906+00:00,EQE1,26,1.0,0.272949,4096,0.981197
69,2026-03-28T20:21:34.372906+00:00,EQE1,26,3.0,-0.003418,4096,0.981197
69,2026-03-28T20:21:34.372906+00:00,EQE1,26,5.0,-0.092773,4096,0.981197
69,2026-03-28T20:21:34.372906+00:00,EQE1,27,1.0,0.289062,4096,0.981197
69,2026-03-28T20:21:34.372906+00:00,EQE1,27,3.0,0.038574,4096,0.981197
69,2026-03-28T20:21:34.372906+00:00,EQE1,27,5.0,-0.109863,4096,0.981197
69,2026-03-28T20:21:34.372906+00:00,EQE1,28,1.0,0.299316,4096,0.981197
69,2026-03-28T20:21:34.372906+00:00,EQE1,28,3.0,0.025391,4096,0.981197
69,2026-03-28T20:21:34.372906+00:00,EQE1,28,5.0,-0.078613,4096,0.981197
69,2026-03-28T20:21:34.372906+00:00,EQE1,29,1.0,0.294434,4096,0.981197
69,2026-03-28T20:21:34.372906+00:00,EQE1,29,3.0,0.026855,4096,0.981197
69,2026-03-28T20:21:34.372906+00:00,EQE1,29,5.0,-0.087891,4096,0.981197
70,2026-03-28T20:51:34.373052+00:00,EQE1,0,1.0,0.280273,4096,0.981197
70,2026-03-28T20:51:34.373052+00:00,EQE1,0,3.0,0.005859,4096,0.981197
70,2026-03-28T20:51:34.373052+00:00,EQE1,0,5.0,-0.068848,4096,0.981197
70,2026-03-28T20:51:34.373052+00:00,EQE1,1,1.0,0.276367,4096,0.981197
70,2026-03-28T20:51:34.373052+00:00,EQE1,1,3.0,0.004395,4096,0.981197
70,2026-03-28T20:51:34.373052+00:00,EQE1,1,5.0,-0.109375,4096,0.981197
70,2026-03-28T20:51:34.373052+00:00,EQE1,2,1.0,0.265625,4096,0.981197
70,2026-03-28T20:51:34.373052+00:00,EQE1,2,3.0,0.019531,4096,0.981197
70,2026-03-28T20:51:34.373052+00:00,EQE1,2,5.0,-0.100098,4096,0.981197
70,2026-03-28T20:51:34.373052+00:00,EQE1,3,1.0,0.278320,4096,0.981197
70,2026-03-28T20:51:34.373052+00:00,EQE1,3,3.0,0.045410,4096,0.981197
70,2026-03-28T20:51:34.373052+00:00,EQE1,3,5.0,-0.118164,4096,0.981197
70,2026-03-28T20:51:34.373052+00:00,EQE1,4,1.0,0.280273,4096,0.981197
70,2026-03-28T20:51:34.373052+00:00,EQE1,4,3.0,0.011719,4096,0.981197
70,2026-03-28T20:51:34.373052+00:00,EQE1,4,5.0,-0.059570,4096,0.981197
70,2026-03-28T20:51:34.373052+00:00,EQE1,5,1.0,0.295410,4096,0.981197
70,2026-03-28T20:51:34.373052+00:00,EQE1,5,3.0,0.018066,4096,0.981197
70,2026-03-28T20:51:34.373052+00:00,EQE1,5,5.0,-0.057129,4096,0.981197
70,2026-03-28T20:51:34.373052+00:00,EQE1,6,1.0,0.280273,4096,0.981197
70,2026-03-28T20:51:34.373052+00:00,EQE1,6,3.0,-0.013672,4096,0.981197
70,2026-03-28T20:51:34.373052+00:00,EQE1,6,5.0,-0.107910,4096,0.981197
70,2026-03-28T20:51:34.373052+00:00,EQE1,7,1.0,0.271484,4096,0.981197
70,2026-03-28T20:51:34.373052+00:00,EQE1,7,3.0,0.000977,4096,0.981197
70,2026-03-28T20:51:34.373052+00:00,EQE1,7,5.0,-0.100098,4096,0.981197
70,2026-03-28T20:51:34.373052+00:00,EQE1,8,1.0,0.317383,4096,0.981197
70,2026-03-28T20:51:34.373052+00:00,EQE1,8,3.0,-0.003906,4096,0.981197
70,2026-03-28T20:51:34.373052+00:00,EQE1,8,5.0,-0.092773,4096,0.981197
70,2026-03-28T20:51:34.373052+00:00,EQE1,9,1.0,0.270020,4096,0.981197
70,2026-03-28T20:51:34.373052+00:00,EQE1,9,3.0,-0.011230,4096,0.981197
70,2026-03-28T20:51:34.373052+00:00,EQE1,9,5.0,-0.082031,4096,0.981197
70,2026-03-28T20:51:34.373052+00:00,EQE1,10,1.0,0.303711,4096,0.981197
70,2026-03-28T20:51:34.373052+00:00,EQE1,10,3.0,0.014648,4096,0.981197
70,2026-03-28T20:51:34.373052+00:00,EQE1,10,5.0,-0.075684,4096,0.981197
70,2026-03-28T20:51:34.373052+00:00,EQE1,11,1.0,0.253906,4096,0.981197
70,2026-03-28T20:51:34.373052+00:00,EQE1,11,3.0,-0.018555,4096,0.981197
70,2026-03-28T20:51:34.373052+00:00,EQE1,11,5.0,-0.094727,4096,0.981197
70,2026-03-28T20:51:34.373052+00:00,EQE1,12,1.0,0.285645,4096,0.981197
70,2026-03-28T20:51:34.373052+00:00,EQE1,12,3.0,0.016113,4096,0.981197
70,2026-03-28T20:51:34.373052+00:00,EQE1,12,5.0,-0.086426,4096,0.981197
70,2026-03-28T20:51:34.373052+00:00,EQE1,13,1.0,0.287598,4096,0.981197
70,2026-03-28T20:51:34.373052+00:00,EQE1,13,3.0,0.021973,4096,0.981197
70,2026-03-28T20:51:34.373052+00:00,EQE1,13,5.0,-0.082520,4096,0.981197
70,2026-03-28T20:51:34.373052+00:00,EQE1,14,1.0,0.280762,4096,0.981197
70,2026-03-28T20:51:34.373052+00:00,EQE1,14,3.0,0.041504,4096,0.981197
70,2026-03-28T20:51:34.373052+00:00,EQE1,14,5.0,-0.088379,4096,0.981197
70,2026-03-28T20:51:34.373052+00:00,EQE1,15,1.0,0.285156,4096,0.981197
70,2026-03-28T20:51:34.373052+00:00,EQE1,15,3.0,0.020020,4096,0.981197
70,2026-03-28T20:51:34.373052+00:00,EQE1,15,5.0,-0.083984,4096,0.981197
70,2026-03-28T20:51:34.373052+00:00,EQE1,16,1.0,0.275391,4096,0.981197
70,2026-03-28T20:51:34.373052+00:00,EQE1,16,3.0,0.010254,4096,0.981197
70,2026-03-28T20:51:34.373052+00:00,EQE1,16,5.0,-0.054688,4096,0.981197
70,2026-03-28T20:51:34.373052+00:00,EQE1,17,1.0,0.279297,4096,0.981197
70,2026-03-28T20:51:34.373052+00:00,EQE1,17,3.0,0.012207,4096,0.981197
70,2026-03-28T20:51:34.373052+00:00,EQE1,17,5.0,-0.076660,4096,0.981197
70,2026-03-28T20:51:34.373052+00:00,EQE1,18,1.0,0.277832,4096,0.981197
70,2026-03-28T20:51:34.373052+00:00,EQE1,18,3.0,0.015625,4096,0.981197
70,2026-03-28T20:51:34.373052+00:00,EQE1,18,5.0,-0.081055,4096,0.981197
70,2026-03-28T20:51:34.373052+00:00,EQE1,19,1.0,0.333496,4096,0.981197
70,2026-03-28T20:51:34.373052+00:00,EQE1,19,3.0,0.003418,4096,0.981197
70,2026-03-28T20:51:34.373052+00:00,EQE1,19,5.0,-0.087891,4096,0.981197
70,2026-03-28T20:51:34.373052+00:00,EQE1,20,1.0,0.279785,4096,0.981197
70,2026-03-28T20:51:34.373052+00:00,EQE1,20,3.0,0.011230,4096,0.981197
70,2026-03-28T20:51:34.373052+00:00,EQE1,20,5.0,-0.086426,4096,0.981197
70,2026-03-28T20:51:34.373052+00:00,EQE1,21,1.0,0.264160,4096,0.981197
70,2026-03-28T20:51:34.373052+00:00,EQE1,21,3.0,0.000000,4096,0.981197
70,2026-03-28T20:51:34.373052+00:00,EQE1,21,5.0,-0.069824,4096,0.981197
70,2026-03-28T20:51:34.373052+00:00,EQE1,22,1.0,0.263672,4096,0.981197
70,2026-03-28T20:51:34.373052+00:00,EQE1,22,3.0,0.004395,4096,0.981197
70,2026-03-28T20:51:34.373052+00:00,EQE1,22,5.0,-0.110840,4096,0.981197
70,2026-03-28T20:51:34.373052+00:00,EQE1,23,1.0,0.291016,4096,0.981197
70,2026-03-28T20:51:34.373052+00:00,EQE1,23,3.0,0.014648,4096,0.981197
70,2026-03-28T20:51:34.373052+00:00,EQE1,23,5.0,-0.096680,4096,0.981197
70,2026-03-28T20:51:34.373052+00:00,EQE1,24,1.0,0.280762,4096,0.981197
70,2026-03-28T20:51:34.373052+00:00,EQE1,24,3.0,0.018066,4096,0.981197
70,2026-03-28T20:51:34.373052+00:00,EQE1,24,5.0,-0.104980,4096,0.981197
70,2026-03-28T20:51:34.373052+00:00,EQE1,25,1.0,0.289551,4096,0.981197
70,2026-03-28T20:51:34.373052+00:00,EQE1,25,3.0,-0.002441,4096,0.981197
70,2026-03-28T20:51:34.373052+00:00,EQE1,25,5.0,-0.083984,4096,0.981197
70,2026-03-28T20:51:34.373052+00:00,EQE1,26,1.0,0.288086,4096,0.981197
70,2026-03-28T20:51:34.373052+00:00,EQE1,26,3.0,0.015137,4096,0.981197
70,2026-03-28T20:51:34.373052+00:00,EQE1,26,5.0,-0.102539,4096,0.981197
70,2026-03-28T20:51:34.373052+00:00,EQE1,27,1.0,0.271484,4096,0.981197
70,2026-03-28T20:51:34.373052+00:00,EQE1,27,3.0,0.034180,4096,0.981197
70,2026-03-28T20:51:34.373052+00:00,EQE1,27,5.0,-0.050293,4096,0.981197
70,2026-03-28T20:51:34.373052+00:00,EQE1,28,1.0,0.270996,4096,0.981197
70,2026-03-28T20:51:34.373052+00:00,EQE1,28,3.0,0.024414,4096,0.981197
70,2026-03-28T20:51:34.373052+00:00,EQE1,28,5.0,-0.091797,4096,0.981197
70,2026-03-28T20:51:34.373052+00:00,EQE1,29,1.0,0.290039,4096,0.981197
70,2026-03-28T20:51:34.373052+00:00,EQE1,29,3.0,-0.012207,4096,0.981197
70,2026-03-28T20:51:34.373052+00:00,EQE1,29,5.0,-0.085938,4096,0.981197
71,2026-03-28T21:21:34.373026+00:00,EQE1,0,1.0,0.291016,4096,0.981197
71,2026-03-28T21:21:34.373026+00:00,EQE1,0,3.0,0.000488,4096,0.981197
71,2026-03-28T21:21:34.373026+00:00,EQE1,0,5.0,-0.112793,4096,0.981197
71,2026-03-28T21:21:34.373026+00:00,EQE1,1,1.0,0.294922,4096,0.981197
71,2026-03-28T21:21:34.373026+00:00,EQE1,1,3.0,0.014648,4096,0.981197
71,2026-03-28T21:21:34.373026+00:00,EQE1,1,5.0,-0.105957,4096,0.981197
71,2026-03-28T21:21:34.373026+00:00,EQE1,2,1.0,0.297852,4096,0.981197
71,2026-03-28T21:21:34.373026+00:00,EQE1,2,3.0,0.000488,4096,0.981197
71,2026-03-28T21:21:34.373026+00:00,EQE1,2,5.0,-0.077148,4096,0.981197
71,2026-03-28T21:21:34.373026+00:00,EQE1,3,1.0,0.272949,4096,0.981197
71,2026-03-28T21:21:34.373026+00:00,EQE1,3,3.0,0.040039,4096,0.981197
71,2026-03-28T21:21:34.373026+00:00,EQE1,3,5.0,-0.092285,4096,0.981197
71,2026-03-28T21:21:34.373026+00:00,EQE1,4,1.0,0.288574,4096,0.981197
71,2026-03-28T21:21:34.373026+00:00,EQE1,4,3.0,0.002441,4096,0.981197
71,2026-03-28T21:21:34.373026+00:00,EQE1,4,5.0,-0.094727,4096,0.981197
71,2026-03-28T21:21:34.373026+00:00,EQE1,5,1.0,0.299805,4096,0.981197
71,2026-03-28T21:21:34.373026+00:00,EQE1,5,3.0,0.004883,4096,0.981197
71,2026-03-28T21:21:34.373026+00:00,EQE1,5,5.0,-0.078125,4096,0.981197
71,2026-03-28T21:21:34.373026+00:00,EQE1,6,1.0,0.283203,4096,0.981197
71,2026-03-28T21:21:34.373026+00:00,EQE1,6,3.0,0.036621,4096,0.981197
71,2026-03-28T21:21:34.373026+00:00,EQE1,6,5.0,-0.090332,4096,0.981197
71,2026-03-28T21:21:34.373026+00:00,EQE1,7,1.0,0.292480,4096,0.981197
71,2026-03-28T21:21:34.373026+00:00,EQE1,7,3.0,0.027344,4096,0.981197
71,2026-03-28T21:21:34.373026+00:00,EQE1,7,5.0,-0.103516,4096,0.981197
71,2026-03-28T21:21:34.373026+00:00,EQE1,8,1.0,0.291504,4096,0.981197
71,2026-03-28T21:21:34.373026+00:00,EQE1,8,3.0,0.012207,4096,0.981197
71,2026-03-28T21:21:34.373026+00:00,EQE1,8,5.0,-0.080078,4096,0.981197
71,2026-03-28T21:21:34.373026+00:00,EQE1,9,1.0,0.316406,4096,0.981197
71,2026-03-28T21:21:34.373026+00:00,EQE1,9,3.0,0.017578,4096,0.981197
71,2026-03-28T21:21:34.373026+00:00,EQE1,9,5.0,-0.078613,4096,0.981197
71,2026-03-28T21:21:34.373026+00:00,EQE1,10,1.0,0.291016,4096,0.981197
71,2026-03-28T21:21:34.373026+00:00,EQE1,10,3.0,-0.013672,4096,0.981197
71,2026-03-28T21:21:34.373026+00:00,EQE1,10,5.0,-0.064453,4096,0.981197
71,2026-03-28T21:21:34.373026+00:00,EQE1,11,1.0,0.274902,4096,0.981197
71,2026-03-28T21:21:34.373026+00:00,EQE1,11,3.0,0.001465,4096,0.981197
71,2026-03-28T21:21:34.373026+00:00,EQE1,11,5.0,-0.092285,4096,0.981197
71,2026-03-28T21:21:34.373026+00:00,EQE1,12,1.0,0.301758,4096,0.981197
71,2026-03-28T21:21:34.373026+00:00,EQE1,12,3.0,0.018555,4096,0.981197
71,2026-03-28T21:21:34.373026+00:00,EQE1,12,5.0,-0.086914,4096,0.981197
71,2026-03-28T21:21:34.373026+00:00,EQE1,13,1.0,0.251953,4096,0.981197
71,2026-03-28T21:21:34.373026+00:00,EQE1,13,3.0,0.002441,4096,0.981197
71,2026-03-28T21:21:34.373026+00:00,EQE1,13,5.0,-0.081543,4096,0.981197
71,2026-03-28T21:21:34.373026+00:00,EQE1,14,1.0,0.270508,4096,0.981197
71,2026-03-28T21:21:34.373026+00:00,EQE1,14,3.0,0.007812,4096,0.981197
71,2026-03-28T21:21:34.373026+00:00,EQE1,14,5.0,-0.107910,4096,0.981197
71,2026-03-28T21:21:34.373026+00:00,EQE1,15,1.0,0.277344,4096,0.981197
71,2026-03-28T21:21:34.373026+00:00,EQE1,15,3.0,0.010254,4096,0.981197
71,2026-03-28T21:21:34.373026+00:00,EQE1,15,5.0,-0.103027,4096,0.981197
71,2026-03-28T21:21:34.373026+00:00,EQE1,16,1.0,0.297363,4096,0.981197
71,2026-03-28T21:21:34.373026+00:00,EQE1,16,3.0,0.044434,4096,0.981197
71,2026-03-28T21:21:34.373026+00:00,EQE1,16,5.0,-0.100586,4096,0.981197
71,2026-03-28T21:21:34.373026+00:00,EQE1,17,1.0,0.314453,4096,0.981197
71,2026-03-28T21:21:34.373026+00:00,EQE1,17,3.0,-0.011230,4096,0.981197
71,2026-03-28T21:21:34.373026+00:00,EQE1,17,5.0,-0.107910,4096,0.981197
71,2026-03-28T21:21:34.373026+00:00,EQE1,18,1.0,0.302734,4096,0.981197
71,2026-03-28T21:21:34.373026+00:00,EQE1,18,3.0,0.016602,4096,0.981197
71,2026-03-28T21:21:34.373026+00:00,EQE1,18,5.0,-0.078125,4096,0.981197
71,2026-03-28T21:21:34.373026+00:00,EQE1,19,1.0,0.287109,4096,0.981197
71,2026-03-28T21:21:34.373026+00:00,EQE1,19,3.0,0.013184,4096,0.981197
71,2026-03-28T21:21:34.373026+00:00,EQE1,19,5.0,-0.091797,4096,0.981197
71,2026-03-28T21:21:34.373026+00:00,EQE1,20,1.0,0.298828,4096,0.981197
71,2026-03-28T21:21:34.373026+00:00,EQE1,20,3.0,0.045410,4096,0.981197
71,2026-03-28T21:21:34.373026+00:00,EQE1,20,5.0,-0.101074,4096,0.981197
71,2026-03-28T21:21:34.373026+00:00,EQE1,21,1.0,0.282227,4096,0.981197
71,2026-03-28T21:21:34.373026+00:00,EQE1,21,3.0,0.042969,4096,0.981197
71,2026-03-28T21:21:34.373026+00:00,EQE1,21,5.0,-0.084961,4096,0.981197
71,2026-03-28T21:21:34.373026+00:00,EQE1,22,1.0,0.317871,4096,0.981197
71,2026-03-28T21:21:34.373026+00:00,EQE1,22,3.0,0.000000,4096,0.981197
71,2026-03-28T21:21:34.373026+00:00,EQE1,22,5.0,-0.070312,4096,0.981197
71,2026-03-28T21:21:34.373026+00:00,EQE1,23,1.0,0.277344,4096,0.981197
71,2026-03-28T21:21:34.373026+00:00,EQE1,23,3.0,0.021973,4096,0.981197
71,2026-03-28T21:21:34.373026+00:00,EQE1,23,5.0,-0.130371,4096,0.981197
71,2026-03-28T21:21:34.373026+00:00,EQE1,24,1.0,0.294922,4096,0.981197
71,2026-03-28T21:21:34.373026+00:00,EQE1,24,3.0,0.040527,4096,0.981197
71,2026-03-28T21:21:34.373026+00:00,EQE1,24,5.0,-0.083984,4096,0.981197
71,2026-03-28T21:21:34.373026+00:00,EQE1,25,1.0,0.302734,4096,0.981197
71,2026-03-28T21:21:34.373026+00:00,EQE1,25,3.0,0.027344,4096,0.981197
71,2026-03-28T21:21:34.373026+00:00,EQE1,25,5.0,-0.076172,4096,0.981197
71,2026-03-28T21:21:34.373026+00:00,EQE1,26,1.0,0.304688,4096,0.981197
71,2026-03-28T21:21:34.373026+00:00,EQE1,26,3.0,0.037598,4096,0.981197
71,2026-03-28T21:21:34.373026+00:00,EQE1,26,5.0,-0.120117,4096,0.981197
71,2026-03-28T21:21:34.373026+00:00,EQE1,27,1.0,0.281738,4096,0.981197
71,2026-03-28T21:21:34.373026+00:00,EQE1,27,3.0,0.010254,4096,0.981197
71,2026-03-28T21:21:34.373026+00:00,EQE1,27,5.0,-0.116699,4096,0.981197
71,2026-03-28T21:21:34.373026+00:00,EQE1,28,1.0,0.259277,4096,0.981197
71,2026-03-28T21:21:34.373026+00:00,EQE1,28,3.0,0.020020,4096,0.981197
71,2026-03-28T21:21:34.373026+00:00,EQE1,28,5.0,-0.095215,4096,0.981197
71,2026-03-28T21:21:34.373026+00:00,EQE1,29,1.0,0.272461,4096,0.981197
71,2026-03-28T21:21:34.373026+00:00,EQE1,29,3.0,0.011230,4096,0.981197
71,2026-03-28T21:21:34.373026+00:00,EQE1,29,5.0,-0.093262,4096,0.981197
72,2026-03-28T21:51:34.372887+00:00,EQE1,0,1.0,0.283203,4096,0.981197
72,2026-03-28T21:51:34.372887+00:00,EQE1,0,3.0,0.011230,4096,0.981197
72,2026-03-28T21:51:34.372887+00:00,EQE1,0,5.0,-0.095215,4096,0.981197
72,2026-03-28T21:51:34.372887+00:00,EQE1,1,1.0,0.299316,4096,0.981197
72,2026-03-28T21:51:34.372887+00:00,EQE1,1,3.0,0.026855,4096,0.981197
72,2026-03-28T21:51:34.372887+00:00,EQE1,1,5.0,-0.090332,4096,0.981197
72,2026-03-28T21:51:34.372887+00:00,EQE1,2,1.0,0.286621,4096,0.981197
72,2026-03-28T21:51:34.372887+00:00,EQE1,2,3.0,-0.028320,4096,0.981197
72,2026-03-28T21:51:34.372887+00:00,EQE1,2,5.0,-0.077637,4096,0.981197
72,2026-03-28T21:51:34.372887+00:00,EQE1,3,1.0,0.283691,4096,0.981197
72,2026-03-28T21:51:34.372887+00:00,EQE1,3,3.0,0.000000,4096,0.981197
72,2026-03-28T21:51:34.372887+00:00,EQE1,3,5.0,-0.090332,4096,0.981197
72,2026-03-28T21:51:34.372887+00:00,EQE1,4,1.0,0.244141,4096,0.981197
72,2026-03-28T21:51:34.372887+00:00,EQE1,4,3.0,0.004395,4096,0.981197
72,2026-03-28T21:51:34.372887+00:00,EQE1,4,5.0,-0.064453,4096,0.981197
72,2026-03-28T21:51:34.372887+00:00,EQE1,5,1.0,0.278320,4096,0.981197
72,2026-03-28T21:51:34.372887+00:00,EQE1,5,3.0,0.034180,4096,0.981197
72,2026-03-28T21:51:34.372887+00:00,EQE1,5,5.0,-0.064453,4096,0.981197
72,2026-03-28T21:51:34.372887+00:00,EQE1,6,1.0,0.283691,4096,0.981197
72,2026-03-28T21:51:34.372887+00:00,EQE1,6,3.0,0.040039,4096,0.981197
72,2026-03-28T21:51:34.372887+00:00,EQE1,6,5.0,-0.083984,4096,0.981197
72,2026-03-28T21:51:34.372887+00:00,EQE1,7,1.0,0.240234,4096,0.981197
72,2026-03-28T21:51:34.372887+00:00,EQE1,7,3.0,0.027832,4096,0.981197
72,2026-03-28T21:51:34.372887+00:00,EQE1,7,5.0,-0.093750,4096,0.981197
72,2026-03-28T21:51:34.372887+00:00,EQE1,8,1.0,0.265137,4096,0.981197
72,2026-03-28T21:51:34.372887+00:00,EQE1,8,3.0,0.020020,4096,0.981197
72,2026-03-28T21:51:34.372887+00:00,EQE1,8,5.0,-0.053223,4096,0.981197
72,2026-03-28T21:51:34.372887+00:00,EQE1,9,1.0,0.286621,4096,0.981197
72,2026-03-28T21:51:34.372887+00:00,EQE1,9,3.0,0.033691,4096,0.981197
72,2026-03-28T21:51:34.372887+00:00,EQE1,9,5.0,-0.083008,4096,0.981197
72,2026-03-28T21:51:34.372887+00:00,EQE1,10,1.0,0.279297,4096,0.981197
72,2026-03-28T21:51:34.372887+00:00,EQE1,10,3.0,0.001953,4096,0.981197
72,2026-03-28T21:51:34.372887+00:00,EQE1,10,5.0,-0.104004,4096,0.981197
72,2026-03-28T21:51:34.372887+00:00,EQE1,11,1.0,0.280273,4096,0.981197
72,2026-03-28T21:51:34.372887+00:00,EQE1,11,3.0,0.013672,4096,0.981197
72,2026-03-28T21:51:34.372887+00:00,EQE1,11,5.0,-0.085938,4096,0.981197
72,2026-03-28T21:51:34.372887+00:00,EQE1,12,1.0,0.256348,4096,0.981197
72,2026-03-28T21:51:34.372887+00:00,EQE1,12,3.0,0.036133,4096,0.981197
72,2026-03-28T21:51:34.372887+00:00,EQE1,12,5.0,-0.080566,4096,0.981197
72,2026-03-28T21:51:34.372887+00:00,EQE1,13,1.0,0.285645,4096,0.981197
72,2026-03-28T21:51:34.372887+00:00,EQE1,13,3.0,0.036133,4096,0.981197
72,2026-03-28T21:51:34.372887+00:00,EQE1,13,5.0,-0.080078,4096,0.981197
72,2026-03-28T21:51:34.372887+00:00,EQE1,14,1.0,0.307617,4096,0.981197
72,2026-03-28T21:51:34.372887+00:00,EQE1,14,3.0,0.029785,4096,0.981197
72,2026-03-28T21:51:34.372887+00:00,EQE1,14,5.0,-0.113770,4096,0.981197
72,2026-03-28T21:51:34.372887+00:00,EQE1,15,1.0,0.277832,4096,0.981197
72,2026-03-28T21:51:34.372887+00:00,EQE1,15,3.0,0.037598,4096,0.981197
72,2026-03-28T21:51:34.372887+00:00,EQE1,15,5.0,-0.077637,4096,0.981197
72,2026-03-28T21:51:34.372887+00:00,EQE1,16,1.0,0.299316,4096,0.981197
72,2026-03-28T21:51:34.372887+00:00,EQE1,16,3.0,0.017090,4096,0.981197
72,2026-03-28T21:51:34.372887+00:00,EQE1,16,5.0,-0.073242,4096,0.981197
72,2026-03-28T21:51:34.372887+00:00,EQE1,17,1.0,0.275391,4096,0.981197
72,2026-03-28T21:51:34.372887+00:00,EQE1,17,3.0,0.029785,4096,0.981197
72,2026-03-28T21:51:34.372887+00:00,EQE1,17,5.0,-0.079102,4096,0.981197
72,2026-03-28T21:51:34.372887+00:00,EQE1,18,1.0,0.282715,4096,0.981197
72,2026-03-28T21:51:34.372887+00:00,EQE1,18,3.0,0.022949,4096,0.981197
72,2026-03-28T21:51:34.372887+00:00,EQE1,18,5.0,-0.067871,4096,0.981197
72,2026-03-28T21:51:34.372887+00:00,EQE1,19,1.0,0.287598,4096,0.981197
72,2026-03-28T21:51:34.372887+00:00,EQE1,19,3.0,0.015625,4096,0.981197
72,2026-03-28T21:51:34.372887+00:00,EQE1,19,5.0,-0.075684,4096,0.981197
72,2026-03-28T21:51:34.372887+00:00,EQE1,20,1.0,0.301758,4096,0.981197
72,2026-03-28T21:51:34.372887+00:00,EQE1,20,3.0,0.018555,4096,0.981197
72,2026-03-28T21:51:34.372887+00:00,EQE1,20,5.0,-0.093262,4096,0.981197
72,2026-03-28T21:51:34.372887+00:00,EQE1,21,1.0,0.282227,4096,0.981197
72,2026-03-28T21:51:34.372887+00:00,EQE1,21,3.0,0.001465,4096,0.981197
72,2026-03-28T21:51:34.372887+00:00,EQE1,21,5.0,-0.079102,4096,0.981197
72,2026-03-28T21:51:34.372887+00:00,EQE1,22,1.0,0.302734,4096,0.981197
72,2026-03-28T21:51:34.372887+00:00,EQE1,22,3.0,0.011719,4096,0.981197
72,2026-03-28T21:51:34.372887+00:00,EQE1,22,5.0,-0.099121,4096,0.981197
72,2026-03-28T21:51:34.372887+00:00,EQE1,23,1.0,0.277344,4096,0.981197
72,2026-03-28T21:51:34.372887+00:00,EQE1,23,3.0,-0.006348,4096,0.981197
72,2026-03-28T21:51:34.372887+00:00,EQE1,23,5.0,-0.057129,4096,0.981197
72,2026-03-28T21:51:34.372887+00:00,EQE1,24,1.0,0.247070,4096,0.981197
72,2026-03-28T21:51:34.372887+00:00,EQE1,24,3.0,0.031250,4096,0.981197
72,2026-03-28T21:51:34.372887+00:00,EQE1,24,5.0,-0.083008,4096,0.981197
72,2026-03-28T21:51:34.372887+00:00,EQE1,25,1.0,0.279785,4096,0.981197
72,2026-03-28T21:51:34.372887+00:00,EQE1,25,3.0,0.017578,4096,0.981197
72,2026-03-28T21:51:34.372887+00:00,EQE1,25,5.0,-0.099121,4096,0.981197
72,2026-03-28T21:51:34.372887+00:00,EQE1,26,1.0,0.263184,4096,0.981197
72,2026-03-28T21:51:34.372887+00:00,EQE1,26,3.0,0.021484,4096,0.981197
72,2026-03-28T21:51:34.372887+00:00,EQE1,26,5.0,-0.068848,4096,0.981197
72,2026-03-28T21:51:34.372887+00:00,EQE1,27,1.0,0.267578,4096,0.981197
72,2026-03-28T21:51:34.372887+00:00,EQE1,27,3.0,0.009766,4096,0.981197
72,2026-03-28T21:51:34.372887+00:00,EQE1,27,5.0,-0.066895,4096,0.981197
72,2026-03-28T21:51:34.372887+00:00,EQE1,28,1.0,0.269531,4096,0.981197
72,2026-03-28T21:51:34.372887+00:00,EQE1,28,3.0,0.005859,4096,0.981197
72,2026-03-28T21:51:34.372887+00:00,EQE1,28,5.0,-0.093262,4096,0.981197
72,2026-03-28T21:51:34.372887+00:00,EQE1,29,1.0,0.291016,4096,0.981197
72,2026-03-28T21:51:34.372887+00:00,EQE1,29,3.0,0.014160,4096,0.981197
72,2026-03-28T21:51:34.372887+00:00,EQE1,29,5.0,-0.114258,4096,0.981197
73,2026-03-28T22:21:34.373058+00:00,EQE1,0,1.0,0.305664,4096,0.981197
73,2026-03-28T22:21:34.373058+00:00,EQE1,0,3.0,0.020996,4096,0.981197
73,2026-03-28T22:21:34.373058+00:00,EQE1,0,5.0,-0.074219,4096,0.981197
73,2026-03-28T22:21:34.373058+00:00,EQE1,1,1.0,0.298340,4096,0.981197
73,2026-03-28T22:21:34.373058+00:00,EQE1,1,3.0,-0.010254,4096,0.981197
73,2026-03-28T22:21:34.373058+00:00,EQE1,1,5.0,-0.079102,4096,0.981197
73,2026-03-28T22:21:34.373058+00:00,EQE1,2,1.0,0.298340,4096,0.981197
73,2026-03-28T22:21:34.373058+00:00,EQE1,2,3.0,0.003418,4096,0.981197
73,2026-03-28T22:21:34.373058+00:00,EQE1,2,5.0,-0.123047,4096,0.981197
73,2026-03-28T22:21:34.373058+00:00,EQE1,3,1.0,0.348145,4096,0.981197
73,2026-03-28T22:21:34.373058+00:00,EQE1,3,3.0,0.003906,4096,0.981197
73,2026-03-28T22:21:34.373058+00:00,EQE1,3,5.0,-0.090332,4096,0.981197
73,2026-03-28T22:21:34.373058+00:00,EQE1,4,1.0,0.285645,4096,0.981197
73,2026-03-28T22:21:34.373058+00:00,EQE1,4,3.0,-0.020508,4096,0.981197
73,2026-03-28T22:21:34.373058+00:00,EQE1,4,5.0,-0.058105,4096,0.981197
73,2026-03-28T22:21:34.373058+00:00,EQE1,5,1.0,0.346191,4096,0.981197
73,2026-03-28T22:21:34.373058+00:00,EQE1,5,3.0,0.012695,4096,0.981197
73,2026-03-28T22:21:34.373058+00:00,EQE1,5,5.0,-0.079590,4096,0.981197
73,2026-03-28T22:21:34.373058+00:00,EQE1,6,1.0,0.275879,4096,0.981197
73,2026-03-28T22:21:34.373058+00:00,EQE1,6,3.0,-0.009277,4096,0.981197
73,2026-03-28T22:21:34.373058+00:00,EQE1,6,5.0,-0.122070,4096,0.981197
73,2026-03-28T22:21:34.373058+00:00,EQE1,7,1.0,0.258789,4096,0.981197
73,2026-03-28T22:21:34.373058+00:00,EQE1,7,3.0,0.022461,4096,0.981197
73,2026-03-28T22:21:34.373058+00:00,EQE1,7,5.0,-0.056641,4096,0.981197
73,2026-03-28T22:21:34.373058+00:00,EQE1,8,1.0,0.276855,4096,0.981197
73,2026-03-28T22:21:34.373058+00:00,EQE1,8,3.0,0.016113,4096,0.981197
73,2026-03-28T22:21:34.373058+00:00,EQE1,8,5.0,-0.113281,4096,0.981197
73,2026-03-28T22:21:34.373058+00:00,EQE1,9,1.0,0.295898,4096,0.981197
73,2026-03-28T22:21:34.373058+00:00,EQE1,9,3.0,0.016113,4096,0.981197
73,2026-03-28T22:21:34.373058+00:00,EQE1,9,5.0,-0.085449,4096,0.981197
73,2026-03-28T22:21:34.373058+00:00,EQE1,10,1.0,0.286621,4096,0.981197
73,2026-03-28T22:21:34.373058+00:00,EQE1,10,3.0,0.025879,4096,0.981197
73,2026-03-28T22:21:34.373058+00:00,EQE1,10,5.0,-0.101074,4096,0.981197
73,2026-03-28T22:21:34.373058+00:00,EQE1,11,1.0,0.293457,4096,0.981197
73,2026-03-28T22:21:34.373058+00:00,EQE1,11,3.0,0.004395,4096,0.981197
73,2026-03-28T22:21:34.373058+00:00,EQE1,11,5.0,-0.108887,4096,0.981197
73,2026-03-28T22:21:34.373058+00:00,EQE1,12,1.0,0.270020,4096,0.981197
73,2026-03-28T22:21:34.373058+00:00,EQE1,12,3.0,-0.005371,4096,0.981197
73,2026-03-28T22:21:34.373058+00:00,EQE1,12,5.0,-0.079102,4096,0.981197
73,2026-03-28T22:21:34.373058+00:00,EQE1,13,1.0,0.294434,4096,0.981197
73,2026-03-28T22:21:34.373058+00:00,EQE1,13,3.0,0.009766,4096,0.981197
73,2026-03-28T22:21:34.373058+00:00,EQE1,13,5.0,-0.113770,4096,0.981197
73,2026-03-28T22:21:34.373058+00:00,EQE1,14,1.0,0.295410,4096,0.981197
73,2026-03-28T22:21:34.373058+00:00,EQE1,14,3.0,0.024902,4096,0.981197
73,2026-03-28T22:21:34.373058+00:00,EQE1,14,5.0,-0.098145,4096,0.981197
73,2026-03-28T22:21:34.373058+00:00,EQE1,15,1.0,0.290527,4096,0.981197
73,2026-03-28T22:21:34.373058+00:00,EQE1,15,3.0,0.009766,4096,0.981197
73,2026-03-28T22:21:34.373058+00:00,EQE1,15,5.0,-0.077637,4096,0.981197
73,2026-03-28T22:21:34.373058+00:00,EQE1,16,1.0,0.275879,4096,0.981197
73,2026-03-28T22:21:34.373058+00:00,EQE1,16,3.0,0.011719,4096,0.981197
73,2026-03-28T22:21:34.373058+00:00,EQE1,16,5.0,-0.075195,4096,0.981197
73,2026-03-28T22:21:34.373058+00:00,EQE1,17,1.0,0.257812,4096,0.981197
73,2026-03-28T22:21:34.373058+00:00,EQE1,17,3.0,0.016602,4096,0.981197
73,2026-03-28T22:21:34.373058+00:00,EQE1,17,5.0,-0.092285,4096,0.981197
73,2026-03-28T22:21:34.373058+00:00,EQE1,18,1.0,0.291992,4096,0.981197
73,2026-03-28T22:21:34.373058+00:00,EQE1,18,3.0,0.020996,4096,0.981197
73,2026-03-28T22:21:34.373058+00:00,EQE1,18,5.0,-0.090820,4096,0.981197
73,2026-03-28T22:21:34.373058+00:00,EQE1,19,1.0,0.304688,4096,0.981197
73,2026-03-28T22:21:34.373058+00:00,EQE1,19,3.0,0.011230,4096,0.981197
73,2026-03-28T22:21:34.373058+00:00,EQE1,19,5.0,-0.072754,4096,0.981197
73,2026-03-28T22:21:34.373058+00:00,EQE1,20,1.0,0.295410,4096,0.981197
73,2026-03-28T22:21:34.373058+00:00,EQE1,20,3.0,0.014648,4096,0.981197
73,2026-03-28T22:21:34.373058+00:00,EQE1,20,5.0,-0.093262,4096,0.981197
73,2026-03-28T22:21:34.373058+00:00,EQE1,21,1.0,0.302734,4096,0.981197
73,2026-03-28T22:21:34.373058+00:00,EQE1,21,3.0,-0.005859,4096,0.981197
73,2026-03-28T22:21:34.373058+00:00,EQE1,21,5.0,-0.064941,4096,0.981197
73,2026-03-28T22:21:34.373058+00:00,EQE1,22,1.0,0.271484,4096,0.981197
73,2026-03-28T22:21:34.373058+00:00,EQE1,22,3.0,0.012695,4096,0.981197
73,2026-03-28T22:21:34.373058+00:00,EQE1,22,5.0,-0.104004,4096,0.981197
73,2026-03-28T22:21:34.373058+00:00,EQE1,23,1.0,0.275391,4096,0.981197
73,2026-03-28T22:21:34.373058+00:00,EQE1,23,3.0,0.040039,4096,0.981197
73,2026-03-28T22:21:34.373058+00:00,EQE1,23,5.0,-0.069336,4096,0.981197
73,2026-03-28T22:21:34.373058+00:00,EQE1,24,1.0,0.308594,4096,0.981197
73,2026-03-28T22:21:34.373058+00:00,EQE1,24,3.0,-0.004395,4096,0.981197
73,2026-03-28T22:21:34.373058+00:00,EQE1,24,5.0,-0.094727,4096,0.981197
73,2026-03-28T22:21:34.373058+00:00,EQE1,25,1.0,0.286621,4096,0.981197
73,2026-03-28T22:21:34.373058+00:00,EQE1,25,3.0,0.021484,4096,0.981197
73,2026-03-28T22:21:34.373058+00:00,EQE1,25,5.0,-0.135742,4096,0.981197
73,2026-03-28T22:21:34.373058+00:00,EQE1,26,1.0,0.267090,4096,0.981197
73,2026-03-28T22:21:34.373058+00:00,EQE1,26,3.0,0.002441,4096,0.981197
73,2026-03-28T22:21:34.373058+00:00,EQE1,26,5.0,-0.098145,4096,0.981197
73,2026-03-28T22:21:34.373058+00:00,EQE1,27,1.0,0.293457,4096,0.981197
73,2026-03-28T22:21:34.373058+00:00,EQE1,27,3.0,0.024902,4096,0.981197
73,2026-03-28T22:21:34.373058+00:00,EQE1,27,5.0,-0.066895,4096,0.981197
73,2026-03-28T22:21:34.373058+00:00,EQE1,28,1.0,0.285156,4096,0.981197
73,2026-03-28T22:21:34.373058+00:00,EQE1,28,3.0,0.036621,4096,0.981197
73,2026-03-28T22:21:34.373058+00:00,EQE1,28,5.0,-0.101562,4096,0.981197
73,2026-03-28T22:21:34.373058+00:00,EQE1,29,1.0,0.285156,4096,0.981197
73,2026-03-28T22:21:34.373058+00:00,EQE1,29,3.0,-0.005859,4096,0.981197
73,2026-03-28T22:21:34.373058+00:00,EQE1,29,5.0,-0.081055,4096,0.981197
74,2026-03-28T22:51:34.373039+00:00,EQE1,0,1.0,0.281250,4096,0.981197
74,2026-03-28T22:51:34.373039+00:00,EQE1,0,3.0,0.007324,4096,0.981197
74,2026-03-28T22:51:34.373039+00:00,EQE1,0,5.0,-0.105469,4096,0.981197
74,2026-03-28T22:51:34.373039+00:00,EQE1,1,1.0,0.309082,4096,0.981197
74,2026-03-28T22:51:34.373039+00:00,EQE1,1,3.0,-0.022461,4096,0.981197
74,2026-03-28T22:51:34.373039+00:00,EQE1,1,5.0,-0.105469,4096,0.981197
74,2026-03-28T22:51:34.373039+00:00,EQE1,2,1.0,0.289062,4096,0.981197
74,2026-03-28T22:51:34.373039+00:00,EQE1,2,3.0,0.012207,4096,0.981197
74,2026-03-28T22:51:34.373039+00:00,EQE1,2,5.0,-0.085449,4096,0.981197
74,2026-03-28T22:51:34.373039+00:00,EQE1,3,1.0,0.297852,4096,0.981197
74,2026-03-28T22:51:34.373039+00:00,EQE1,3,3.0,0.012695,4096,0.981197
74,2026-03-28T22:51:34.373039+00:00,EQE1,3,5.0,-0.086914,4096,0.981197
74,2026-03-28T22:51:34.373039+00:00,EQE1,4,1.0,0.288086,4096,0.981197
74,2026-03-28T22:51:34.373039+00:00,EQE1,4,3.0,0.008301,4096,0.981197
74,2026-03-28T22:51:34.373039+00:00,EQE1,4,5.0,-0.095703,4096,0.981197
74,2026-03-28T22:51:34.373039+00:00,EQE1,5,1.0,0.308594,4096,0.981197
74,2026-03-28T22:51:34.373039+00:00,EQE1,5,3.0,0.032715,4096,0.981197
74,2026-03-28T22:51:34.373039+00:00,EQE1,5,5.0,-0.111816,4096,0.981197
74,2026-03-28T22:51:34.373039+00:00,EQE1,6,1.0,0.271973,4096,0.981197
74,2026-03-28T22:51:34.373039+00:00,EQE1,6,3.0,-0.000488,4096,0.981197
74,2026-03-28T22:51:34.373039+00:00,EQE1,6,5.0,-0.102051,4096,0.981197
74,2026-03-28T22:51:34.373039+00:00,EQE1,7,1.0,0.289062,4096,0.981197
74,2026-03-28T22:51:34.373039+00:00,EQE1,7,3.0,0.026855,4096,0.981197
74,2026-03-28T22:51:34.373039+00:00,EQE1,7,5.0,-0.086914,4096,0.981197
74,2026-03-28T22:51:34.373039+00:00,EQE1,8,1.0,0.291016,4096,0.981197
74,2026-03-28T22:51:34.373039+00:00,EQE1,8,3.0,-0.026855,4096,0.981197
74,2026-03-28T22:51:34.373039+00:00,EQE1,8,5.0,-0.093750,4096,0.981197
74,2026-03-28T22:51:34.373039+00:00,EQE1,9,1.0,0.274902,4096,0.981197
74,2026-03-28T22:51:34.373039+00:00,EQE1,9,3.0,0.004883,4096,0.981197
74,2026-03-28T22:51:34.373039+00:00,EQE1,9,5.0,-0.085449,4096,0.981197
74,2026-03-28T22:51:34.373039+00:00,EQE1,10,1.0,0.318359,4096,0.981197
74,2026-03-28T22:51:34.373039+00:00,EQE1,10,3.0,0.001953,4096,0.981197
74,2026-03-28T22:51:34.373039+00:00,EQE1,10,5.0,-0.084961,4096,0.981197
74,2026-03-28T22:51:34.373039+00:00,EQE1,11,1.0,0.285645,4096,0.981197
74,2026-03-28T22:51:34.373039+00:00,EQE1,11,3.0,-0.008301,4096,0.981197
74,2026-03-28T22:51:34.373039+00:00,EQE1,11,5.0,-0.096680,4096,0.981197
74,2026-03-28T22:51:34.373039+00:00,EQE1,12,1.0,0.291504,4096,0.981197
74,2026-03-28T22:51:34.373039+00:00,EQE1,12,3.0,0.011719,4096,0.981197
74,2026-03-28T22:51:34.373039+00:00,EQE1,12,5.0,-0.097168,4096,0.981197
74,2026-03-28T22:51:34.373039+00:00,EQE1,13,1.0,0.319824,4096,0.981197
74,2026-03-28T22:51:34.373039+00:00,EQE1,13,3.0,-0.004395,4096,0.981197
74,2026-03-28T22:51:34.373039+00:00,EQE1,13,5.0,-0.098633,4096,0.981197
74,2026-03-28T22:51:34.373039+00:00,EQE1,14,1.0,0.308105,4096,0.981197
74,2026-03-28T22:51:34.373039+00:00,EQE1,14,3.0,0.038086,4096,0.981197
74,2026-03-28T22:51:34.373039+00:00,EQE1,14,5.0,-0.099121,4096,0.981197
74,2026-03-28T22:51:34.373039+00:00,EQE1,15,1.0,0.297852,4096,0.981197
74,2026-03-28T22:51:34.373039+00:00,EQE1,15,3.0,0.026367,4096,0.981197
74,2026-03-28T22:51:34.373039+00:00,EQE1,15,5.0,-0.109863,4096,0.981197
74,2026-03-28T22:51:34.373039+00:00,EQE1,16,1.0,0.301270,4096,0.981197
74,2026-03-28T22:51:34.373039+00:00,EQE1,16,3.0,0.027832,4096,0.981197
74,2026-03-28T22:51:34.373039+00:00,EQE1,16,5.0,-0.099121,4096,0.981197
74,2026-03-28T22:51:34.373039+00:00,EQE1,17,1.0,0.311035,4096,0.981197
74,2026-03-28T22:51:34.373039+00:00,EQE1,17,3.0,0.024414,4096,0.981197
74,2026-03-28T22:51:34.373039+00:00,EQE1,17,5.0,-0.078125,4096,0.981197
74,2026-03-28T22:51:34.373039+00:00,EQE1,18,1.0,0.295898,4096,0.981197
74,2026-03-28T22:51:34.373039+00:00,EQE1,18,3.0,0.002441,4096,0.981197
74,2026-03-28T22:51:34.373039+00:00,EQE1,18,5.0,-0.127441,4096,0.981197
74,2026-03-28T22:51:34.373039+00:00,EQE1,19,1.0,0.296875,4096,0.981197
74,2026-03-28T22:51:34.373039+00:00,EQE1,19,3.0,0.014648,4096,0.981197
74,2026-03-28T22:51:34.373039+00:00,EQE1,19,5.0,-0.093262,4096,0.981197
74,2026-03-28T22:51:34.373039+00:00,EQE1,20,1.0,0.299805,4096,0.981197
74,2026-03-28T22:51:34.373039+00:00,EQE1,20,3.0,0.025391,4096,0.981197
74,2026-03-28T22:51:34.373039+00:00,EQE1,20,5.0,-0.085449,4096,0.981197
74,2026-03-28T22:51:34.373039+00:00,EQE1,21,1.0,0.283691,4096,0.981197
74,2026-03-28T22:51:34.373039+00:00,EQE1,21,3.0,0.000488,4096,0.981197
74,2026-03-28T22:51:34.373039+00:00,EQE1,21,5.0,-0.071289,4096,0.981197
74,2026-03-28T22:51:34.373039+00:00,EQE1,22,1.0,0.268555,4096,0.981197
74,2026-03-28T22:51:34.373039+00:00,EQE1,22,3.0,0.020996,4096,0.981197
74,2026-03-28T22:51:34.373039+00:00,EQE1,22,5.0,-0.100098,4096,0.981197
74,2026-03-28T22:51:34.373039+00:00,EQE1,23,1.0,0.307129,4096,0.981197
74,2026-03-28T22:51:34.373039+00:00,EQE1,23,3.0,0.022949,4096,0.981197
74,2026-03-28T22:51:34.373039+00:00,EQE1,23,5.0,-0.116211,4096,0.981197
74,2026-03-28T22:51:34.373039+00:00,EQE1,24,1.0,0.288574,4096,0.981197
74,2026-03-28T22:51:34.373039+00:00,EQE1,24,3.0,0.008789,4096,0.981197
74,2026-03-28T22:51:34.373039+00:00,EQE1,24,5.0,-0.085449,4096,0.981197
74,2026-03-28T22:51:34.373039+00:00,EQE1,25,1.0,0.314453,4096,0.981197
74,2026-03-28T22:51:34.373039+00:00,EQE1,25,3.0,0.016602,4096,0.981197
74,2026-03-28T22:51:34.373039+00:00,EQE1,25,5.0,-0.088867,4096,0.981197
74,2026-03-28T22:51:34.373039+00:00,EQE1,26,1.0,0.295898,4096,0.981197
74,2026-03-28T22:51:34.373039+00:00,EQE1,26,3.0,0.038086,4096,0.981197
74,2026-03-28T22:51:34.373039+00:00,EQE1,26,5.0,-0.088379,4096,0.981197
74,2026-03-28T22:51:34.373039+00:00,EQE1,27,1.0,0.304199,4096,0.981197
74,2026-03-28T22:51:34.373039+00:00,EQE1,27,3.0,0.009277,4096,0.981197
74,2026-03-28T22:51:34.373039+00:00,EQE1,27,5.0,-0.078613,4096,0.981197
74,2026-03-28T22:51:34.373039+00:00,EQE1,28,1.0,0.262207,4096,0.981197
74,2026-03-28T22:51:34.373039+00:00,EQE1,28,3.0,-0.000977,4096,0.981197
74,2026-03-28T22:51:34.373039+00:00,EQE1,28,5.0,-0.076660,4096,0.981197
74,2026-03-28T22:51:34.373039+00:00,EQE1,29,1.0,0.292480,4096,0.981197
74,2026-03-28T22:51:34.373039+00:00,EQE1,29,3.0,-0.005371,4096,0.981197
74,2026-03-28T22:51:34.373039+00:00,EQE1,29,5.0,-0.095215,4096,0.981197
75,2026-03-28T23:21:34.373021+00:00,EQE1,0,1.0,0.284180,4096,0.981197
75,2026-03-28T23:21:34.373021+00:00,EQE1,0,3.0,-0.009766,4096,0.981197
75,2026-03-28T23:21:34.373021+00:00,EQE1,0,5.0,-0.098633,4096,0.981197
75,2026-03-28T23:21:34.373021+00:00,EQE1,1,1.0,0.286133,4096,0.981197
75,2026-03-28T23:21:34.373021+00:00,EQE1,1,3.0,0.005371,4096,0.981197
75,2026-03-28T23:21:34.373021+00:00,EQE1,1,5.0,-0.066406,4096,0.981197
75,2026-03-28T23:21:34.373021+00:00,EQE1,2,1.0,0.321289,4096,0.981197
75,2026-03-28T23:21:34.373021+00:00,EQE1,2,3.0,0.048828,4096,0.981197
75,2026-03-28T23:21:34.373021+00:00,EQE1,2,5.0,-0.080078,4096,0.981197
75,2026-03-28T23:21:34.373021+00:00,EQE1,3,1.0,0.294922,4096,0.981197
75,2026-03-28T23:21:34.373021+00:00,EQE1,3,3.0,0.014160,4096,0.981197
75,2026-03-28T23:21:34.373021+00:00,EQE1,3,5.0,-0.087402,4096,0.981197
75,2026-03-28T23:21:34.373021+00:00,EQE1,4,1.0,0.277344,4096,0.981197
75,2026-03-28T23:21:34.373021+00:00,EQE1,4,3.0,0.000488,4096,0.981197
75,2026-03-28T23:21:34.373021+00:00,EQE1,4,5.0,-0.097656,4096,0.981197
75,2026-03-28T23:21:34.373021+00:00,EQE1,5,1.0,0.271973,4096,0.981197
75,2026-03-28T23:21:34.373021+00:00,EQE1,5,3.0,0.015137,4096,0.981197
75,2026-03-28T23:21:34.373021+00:00,EQE1,5,5.0,-0.098145,4096,0.981197
75,2026-03-28T23:21:34.373021+00:00,EQE1,6,1.0,0.275391,4096,0.981197
75,2026-03-28T23:21:34.373021+00:00,EQE1,6,3.0,0.037109,4096,0.981197
75,2026-03-28T23:21:34.373021+00:00,EQE1,6,5.0,-0.106445,4096,0.981197
75,2026-03-28T23:21:34.373021+00:00,EQE1,7,1.0,0.264648,4096,0.981197
75,2026-03-28T23:21:34.373021+00:00,EQE1,7,3.0,0.006836,4096,0.981197
75,2026-03-28T23:21:34.373021+00:00,EQE1,7,5.0,-0.064941,4096,0.981197
75,2026-03-28T23:21:34.373021+00:00,EQE1,8,1.0,0.295898,4096,0.981197
75,2026-03-28T23:21:34.373021+00:00,EQE1,8,3.0,0.008789,4096,0.981197
75,2026-03-28T23:21:34.373021+00:00,EQE1,8,5.0,-0.088867,4096,0.981197
75,2026-03-28T23:21:34.373021+00:00,EQE1,9,1.0,0.270020,4096,0.981197
75,2026-03-28T23:21:34.373021+00:00,EQE1,9,3.0,0.013672,4096,0.981197
75,2026-03-28T23:21:34.373021+00:00,EQE1,9,5.0,-0.100098,4096,0.981197
75,2026-03-28T23:21:34.373021+00:00,EQE1,10,1.0,0.314941,4096,0.981197
75,2026-03-28T23:21:34.373021+00:00,EQE1,10,3.0,0.009766,4096,0.981197
75,2026-03-28T23:21:34.373021+00:00,EQE1,10,5.0,-0.061035,4096,0.981197
75,2026-03-28T23:21:34.373021+00:00,EQE1,11,1.0,0.293457,4096,0.981197
75,2026-03-28T23:21:34.373021+00:00,EQE1,11,3.0,0.007324,4096,0.981197
75,2026-03-28T23:21:34.373021+00:00,EQE1,11,5.0,-0.080566,4096,0.981197
75,2026-03-28T23:21:34.373021+00:00,EQE1,12,1.0,0.275879,4096,0.981197
75,2026-03-28T23:21:34.373021+00:00,EQE1,12,3.0,-0.011230,4096,0.981197
75,2026-03-28T23:21:34.373021+00:00,EQE1,12,5.0,-0.088379,4096,0.981197
75,2026-03-28T23:21:34.373021+00:00,EQE1,13,1.0,0.304688,4096,0.981197
75,2026-03-28T23:21:34.373021+00:00,EQE1,13,3.0,0.048828,4096,0.981197
75,2026-03-28T23:21:34.373021+00:00,EQE1,13,5.0,-0.064941,4096,0.981197
75,2026-03-28T23:21:34.373021+00:00,EQE1,14,1.0,0.307129,4096,0.981197
75,2026-03-28T23:21:34.373021+00:00,EQE1,14,3.0,0.020508,4096,0.981197
75,2026-03-28T23:21:34.373021+00:00,EQE1,14,5.0,-0.060547,4096,0.981197
75,2026-03-28T23:21:34.373021+00:00,EQE1,15,1.0,0.278809,4096,0.981197
75,2026-03-28T23:21:34.373021+00:00,EQE1,15,3.0,0.013672,4096,0.981197
75,2026-03-28T23:21:34.373021+00:00,EQE1,15,5.0,-0.106934,4096,0.981197
75,2026-03-28T23:21:34.373021+00:00,EQE1,16,1.0,0.267090,4096,0.981197
75,2026-03-28T23:21:34.373021+00:00,EQE1,16,3.0,0.011719,4096,0.981197
75,2026-03-28T23:21:34.373021+00:00,EQE1,16,5.0,-0.077637,4096,0.981197
75,2026-03-28T23:21:34.373021+00:00,EQE1,17,1.0,0.283203,4096,0.981197
75,2026-03-28T23:21:34.373021+00:00,EQE1,17,3.0,0.033203,4096,0.981197
75,2026-03-28T23:21:34.373021+00:00,EQE1,17,5.0,-0.106934,4096,0.981197
75,2026-03-28T23:21:34.373021+00:00,EQE1,18,1.0,0.267090,4096,0.981197
75,2026-03-28T23:21:34.373021+00:00,EQE1,18,3.0,0.033203,4096,0.981197
75,2026-03-28T23:21:34.373021+00:00,EQE1,18,5.0,-0.109863,4096,0.981197
75,2026-03-28T23:21:34.373021+00:00,EQE1,19,1.0,0.291504,4096,0.981197
75,2026-03-28T23:21:34.373021+00:00,EQE1,19,3.0,0.047363,4096,0.981197
75,2026-03-28T23:21:34.373021+00:00,EQE1,19,5.0,-0.076660,4096,0.981197
75,2026-03-28T23:21:34.373021+00:00,EQE1,20,1.0,0.274902,4096,0.981197
75,2026-03-28T23:21:34.373021+00:00,EQE1,20,3.0,0.015625,4096,0.981197
75,2026-03-28T23:21:34.373021+00:00,EQE1,20,5.0,-0.088379,4096,0.981197
75,2026-03-28T23:21:34.373021+00:00,EQE1,21,1.0,0.298340,4096,0.981197
75,2026-03-28T23:21:34.373021+00:00,EQE1,21,3.0,0.015625,4096,0.981197
75,2026-03-28T23:21:34.373021+00:00,EQE1,21,5.0,-0.079102,4096,0.981197
75,2026-03-28T23:21:34.373021+00:00,EQE1,22,1.0,0.273926,4096,0.981197
75,2026-03-28T23:21:34.373021+00:00,EQE1,22,3.0,0.014160,4096,0.981197
75,2026-03-28T23:21:34.373021+00:00,EQE1,22,5.0,-0.056152,4096,0.981197
75,2026-03-28T23:21:34.373021+00:00,EQE1,23,1.0,0.300781,4096,0.981197
75,2026-03-28T23:21:34.373021+00:00,EQE1,23,3.0,-0.020996,4096,0.981197
75,2026-03-28T23:21:34.373021+00:00,EQE1,23,5.0,-0.102051,4096,0.981197
75,2026-03-28T23:21:34.373021+00:00,EQE1,24,1.0,0.275879,4096,0.981197
75,2026-03-28T23:21:34.373021+00:00,EQE1,24,3.0,-0.021484,4096,0.981197
75,2026-03-28T23:21:34.373021+00:00,EQE1,24,5.0,-0.075195,4096,0.981197
75,2026-03-28T23:21:34.373021+00:00,EQE1,25,1.0,0.275391,4096,0.981197
75,2026-03-28T23:21:34.373021+00:00,EQE1,25,3.0,0.017090,4096,0.981197
75,2026-03-28T23:21:34.373021+00:00,EQE1,25,5.0,-0.094238,4096,0.981197
75,2026-03-28T23:21:34.373021+00:00,EQE1,26,1.0,0.280273,4096,0.981197
75,2026-03-28T23:21:34.373021+00:00,EQE1,26,3.0,0.004395,4096,0.981197
75,2026-03-28T23:21:34.373021+00:00,EQE1,26,5.0,-0.090820,4096,0.981197
75,2026-03-28T23:21:34.373021+00:00,EQE1,27,1.0,0.287598,4096,0.981197
75,2026-03-28T23:21:34.373021+00:00,EQE1,27,3.0,0.048340,4096,0.981197
75,2026-03-28T23:21:34.373021+00:00,EQE1,27,5.0,-0.079590,4096,0.981197
75,2026-03-28T23:21:34.373021+00:00,EQE1,28,1.0,0.276855,4096,0.981197
75,2026-03-28T23:21:34.373021+00:00,EQE1,28,3.0,0.030762,4096,0.981197
75,2026-03-28T23:21:34.373021+00:00,EQE1,28,5.0,-0.100586,4096,0.981197
75,2026-03-28T23:21:34.373021+00:00,EQE1,29,1.0,0.267578,4096,0.981197
75,2026-03-28T23:21:34.373021+00:00,EQE1,29,3.0,0.012207,4096,0.981197
75,2026-03-28T23:21:34.373021+00:00,EQE1,29,5.0,-0.121094,4096,0.981197
76,2026-03-28T23:51:34.372879+00:00,EQE1,0,1.0,0.290039,4096,0.981197
76,2026-03-28T23:51:34.372879+00:00,EQE1,0,3.0,-0.015137,4096,0.981197
76,2026-03-28T23:51:34.372879+00:00,EQE1,0,5.0,-0.086914,4096,0.981197
76,2026-03-28T23:51:34.372879+00:00,EQE1,1,1.0,0.299805,4096,0.981197
76,2026-03-28T23:51:34.372879+00:00,EQE1,1,3.0,0.031738,4096,0.981197
76,2026-03-28T23:51:34.372879+00:00,EQE1,1,5.0,-0.108887,4096,0.981197
76,2026-03-28T23:51:34.372879+00:00,EQE1,2,1.0,0.300781,4096,0.981197
76,2026-03-28T23:51:34.372879+00:00,EQE1,2,3.0,0.028320,4096,0.981197
76,2026-03-28T23:51:34.372879+00:00,EQE1,2,5.0,-0.064941,4096,0.981197
76,2026-03-28T23:51:34.372879+00:00,EQE1,3,1.0,0.284180,4096,0.981197
76,2026-03-28T23:51:34.372879+00:00,EQE1,3,3.0,0.005859,4096,0.981197
76,2026-03-28T23:51:34.372879+00:00,EQE1,3,5.0,-0.078125,4096,0.981197
76,2026-03-28T23:51:34.372879+00:00,EQE1,4,1.0,0.303711,4096,0.981197
76,2026-03-28T23:51:34.372879+00:00,EQE1,4,3.0,0.025879,4096,0.981197
76,2026-03-28T23:51:34.372879+00:00,EQE1,4,5.0,-0.079102,4096,0.981197
76,2026-03-28T23:51:34.372879+00:00,EQE1,5,1.0,0.290039,4096,0.981197
76,2026-03-28T23:51:34.372879+00:00,EQE1,5,3.0,0.021973,4096,0.981197
76,2026-03-28T23:51:34.372879+00:00,EQE1,5,5.0,-0.081055,4096,0.981197
76,2026-03-28T23:51:34.372879+00:00,EQE1,6,1.0,0.269043,4096,0.981197
76,2026-03-28T23:51:34.372879+00:00,EQE1,6,3.0,-0.019043,4096,0.981197
76,2026-03-28T23:51:34.372879+00:00,EQE1,6,5.0,-0.077148,4096,0.981197
76,2026-03-28T23:51:34.372879+00:00,EQE1,7,1.0,0.283691,4096,0.981197
76,2026-03-28T23:51:34.372879+00:00,EQE1,7,3.0,0.015137,4096,0.981197
76,2026-03-28T23:51:34.372879+00:00,EQE1,7,5.0,-0.092285,4096,0.981197
76,2026-03-28T23:51:34.372879+00:00,EQE1,8,1.0,0.312500,4096,0.981197
76,2026-03-28T23:51:34.372879+00:00,EQE1,8,3.0,0.001953,4096,0.981197
76,2026-03-28T23:51:34.372879+00:00,EQE1,8,5.0,-0.059082,4096,0.981197
76,2026-03-28T23:51:34.372879+00:00,EQE1,9,1.0,0.289551,4096,0.981197
76,2026-03-28T23:51:34.372879+00:00,EQE1,9,3.0,-0.007324,4096,0.981197
76,2026-03-28T23:51:34.372879+00:00,EQE1,9,5.0,-0.080566,4096,0.981197
76,2026-03-28T23:51:34.372879+00:00,EQE1,10,1.0,0.319336,4096,0.981197
76,2026-03-28T23:51:34.372879+00:00,EQE1,10,3.0,0.025879,4096,0.981197
76,2026-03-28T23:51:34.372879+00:00,EQE1,10,5.0,-0.102539,4096,0.981197
76,2026-03-28T23:51:34.372879+00:00,EQE1,11,1.0,0.288574,4096,0.981197
76,2026-03-28T23:51:34.372879+00:00,EQE1,11,3.0,-0.014160,4096,0.981197
76,2026-03-28T23:51:34.372879+00:00,EQE1,11,5.0,-0.049316,4096,0.981197
76,2026-03-28T23:51:34.372879+00:00,EQE1,12,1.0,0.296875,4096,0.981197
76,2026-03-28T23:51:34.372879+00:00,EQE1,12,3.0,0.004883,4096,0.981197
76,2026-03-28T23:51:34.372879+00:00,EQE1,12,5.0,-0.085938,4096,0.981197
76,2026-03-28T23:51:34.372879+00:00,EQE1,13,1.0,0.288086,4096,0.981197
76,2026-03-28T23:51:34.372879+00:00,EQE1,13,3.0,0.020508,4096,0.981197
76,2026-03-28T23:51:34.372879+00:00,EQE1,13,5.0,-0.109375,4096,0.981197
76,2026-03-28T23:51:34.372879+00:00,EQE1,14,1.0,0.265625,4096,0.981197
76,2026-03-28T23:51:34.372879+00:00,EQE1,14,3.0,0.033691,4096,0.981197
76,2026-03-28T23:51:34.372879+00:00,EQE1,14,5.0,-0.091309,4096,0.981197
76,2026-03-28T23:51:34.372879+00:00,EQE1,15,1.0,0.286133,4096,0.981197
76,2026-03-28T23:51:34.372879+00:00,EQE1,15,3.0,0.032715,4096,0.981197
76,2026-03-28T23:51:34.372879+00:00,EQE1,15,5.0,-0.056641,4096,0.981197
76,2026-03-28T23:51:34.372879+00:00,EQE1,16,1.0,0.310059,4096,0.981197
76,2026-03-28T23:51:34.372879+00:00,EQE1,16,3.0,0.028320,4096,0.981197
76,2026-03-28T23:51:34.372879+00:00,EQE1,16,5.0,-0.094727,4096,0.981197
76,2026-03-28T23:51:34.372879+00:00,EQE1,17,1.0,0.287109,4096,0.981197
76,2026-03-28T23:51:34.372879+00:00,EQE1,17,3.0,0.007324,4096,0.981197
76,2026-03-28T23:51:34.372879+00:00,EQE1,17,5.0,-0.107910,4096,0.981197
76,2026-03-28T23:51:34.372879+00:00,EQE1,18,1.0,0.279297,4096,0.981197
76,2026-03-28T23:51:34.372879+00:00,EQE1,18,3.0,0.017578,4096,0.981197
76,2026-03-28T23:51:34.372879+00:00,EQE1,18,5.0,-0.104980,4096,0.981197
76,2026-03-28T23:51:34.372879+00:00,EQE1,19,1.0,0.284668,4096,0.981197
76,2026-03-28T23:51:34.372879+00:00,EQE1,19,3.0,0.026855,4096,0.981197
76,2026-03-28T23:51:34.372879+00:00,EQE1,19,5.0,-0.067871,4096,0.981197
76,2026-03-28T23:51:34.372879+00:00,EQE1,20,1.0,0.307129,4096,0.981197
76,2026-03-28T23:51:34.372879+00:00,EQE1,20,3.0,0.011230,4096,0.981197
76,2026-03-28T23:51:34.372879+00:00,EQE1,20,5.0,-0.088867,4096,0.981197
76,2026-03-28T23:51:34.372879+00:00,EQE1,21,1.0,0.275879,4096,0.981197
76,2026-03-28T23:51:34.372879+00:00,EQE1,21,3.0,0.017578,4096,0.981197
76,2026-03-28T23:51:34.372879+00:00,EQE1,21,5.0,-0.105957,4096,0.981197
76,2026-03-28T23:51:34.372879+00:00,EQE1,22,1.0,0.283203,4096,0.981197
76,2026-03-28T23:51:34.372879+00:00,EQE1,22,3.0,-0.013184,4096,0.981197
76,2026-03-28T23:51:34.372879+00:00,EQE1,22,5.0,-0.086426,4096,0.981197
76,2026-03-28T23:51:34.372879+00:00,EQE1,23,1.0,0.282227,4096,0.981197
76,2026-03-28T23:51:34.372879+00:00,EQE1,23,3.0,0.025391,4096,0.981197
76,2026-03-28T23:51:34.372879+00:00,EQE1,23,5.0,-0.084473,4096,0.981197
76,2026-03-28T23:51:34.372879+00:00,EQE1,24,1.0,0.286133,4096,0.981197
76,2026-03-28T23:51:34.372879+00:00,EQE1,24,3.0,-0.020020,4096,0.981197
76,2026-03-28T23:51:34.372879+00:00,EQE1,24,5.0,-0.101074,4096,0.981197
76,2026-03-28T23:51:34.372879+00:00,EQE1,25,1.0,0.302734,4096,0.981197
76,2026-03-28T23:51:34.372879+00:00,EQE1,25,3.0,0.017090,4096,0.981197
76,2026-03-28T23:51:34.372879+00:00,EQE1,25,5.0,-0.079590,4096,0.981197
76,2026-03-28T23:51:34.372879+00:00,EQE1,26,1.0,0.285156,4096,0.981197
76,2026-03-28T23:51:34.372879+00:00,EQE1,26,3.0,0.000977,4096,0.981197
76,2026-03-28T23:51:34.372879+00:00,EQE1,26,5.0,-0.098633,4096,0.981197
76,2026-03-28T23:51:34.372879+00:00,EQE1,27,1.0,0.295410,4096,0.981197
76,2026-03-28T23:51:34.372879+00:00,EQE1,27,3.0,-0.011719,4096,0.981197
76,2026-03-28T23:51:34.372879+00:00,EQE1,27,5.0,-0.064453,4096,0.981197
76,2026-03-28T23:51:34.372879+00:00,EQE1,28,1.0,0.293945,4096,0.981197
76,2026-03-28T23:51:34.372879+00:00,EQE1,28,3.0,0.005371,4096,0.981197
76,2026-03-28T23:51:34.372879+00:00,EQE1,28,5.0,-0.119141,4096,0.981197
76,2026-03-28T23:51:34.372879+00:00,EQE1,29,1.0,0.288086,4096,0.981197
76,2026-03-28T23:51:34.372879+00:00,EQE1,29,3.0,0.011719,4096,0.981197
76,2026-03-28T23:51:34.372879+00:00,EQE1,29,5.0,-0.085938,4096,0.981197
77,2026-03-29T00:21:34.372887+00:00,EQE1,0,1.0,0.310547,4096,0.981197
77,2026-03-29T00:21:34.372887+00:00,EQE1,0,3.0,0.034668,4096,0.981197
77,2026-03-29T00:21:34.372887+00:00,EQE1,0,5.0,-0.074219,4096,0.981197
77,2026-03-29T00:21:34.372887+00:00,EQE1,1,1.0,0.265137,4096,0.981197
77,2026-03-29T00:21:34.372887+00:00,EQE1,1,3.0,0.007812,4096,0.981197
77,2026-03-29T00:21:34.372887+00:00,EQE1,1,5.0,-0.053711,4096,0.981197
77,2026-03-29T00:21:34.372887+00:00,EQE1,2,1.0,0.270020,4096,0.981197
77,2026-03-29T00:21:34.372887+00:00,EQE1,2,3.0,-0.009277,4096,0.981197
77,2026-03-29T00:21:34.372887+00:00,EQE1,2,5.0,-0.090820,4096,0.981197
77,2026-03-29T00:21:34.372887+00:00,EQE1,3,1.0,0.268555,4096,0.981197
77,2026-03-29T00:21:34.372887+00:00,EQE1,3,3.0,-0.010742,4096,0.981197
77,2026-03-29T00:21:34.372887+00:00,EQE1,3,5.0,-0.086426,4096,0.981197
77,2026-03-29T00:21:34.372887+00:00,EQE1,4,1.0,0.262695,4096,0.981197
77,2026-03-29T00:21:34.372887+00:00,EQE1,4,3.0,0.000488,4096,0.981197
77,2026-03-29T00:21:34.372887+00:00,EQE1,4,5.0,-0.106934,4096,0.981197
77,2026-03-29T00:21:34.372887+00:00,EQE1,5,1.0,0.317383,4096,0.981197
77,2026-03-29T00:21:34.372887+00:00,EQE1,5,3.0,-0.008789,4096,0.981197
77,2026-03-29T00:21:34.372887+00:00,EQE1,5,5.0,-0.072266,4096,0.981197
77,2026-03-29T00:21:34.372887+00:00,EQE1,6,1.0,0.270508,4096,0.981197
77,2026-03-29T00:21:34.372887+00:00,EQE1,6,3.0,0.002441,4096,0.981197
77,2026-03-29T00:21:34.372887+00:00,EQE1,6,5.0,-0.072754,4096,0.981197
77,2026-03-29T00:21:34.372887+00:00,EQE1,7,1.0,0.258789,4096,0.981197
77,2026-03-29T00:21:34.372887+00:00,EQE1,7,3.0,0.013672,4096,0.981197
77,2026-03-29T00:21:34.372887+00:00,EQE1,7,5.0,-0.078613,4096,0.981197
77,2026-03-29T00:21:34.372887+00:00,EQE1,8,1.0,0.297852,4096,0.981197
77,2026-03-29T00:21:34.372887+00:00,EQE1,8,3.0,0.011230,4096,0.981197
77,2026-03-29T00:21:34.372887+00:00,EQE1,8,5.0,-0.059082,4096,0.981197
77,2026-03-29T00:21:34.372887+00:00,EQE1,9,1.0,0.265137,4096,0.981197
77,2026-03-29T00:21:34.372887+00:00,EQE1,9,3.0,0.003418,4096,0.981197
77,2026-03-29T00:21:34.372887+00:00,EQE1,9,5.0,-0.124023,4096,0.981197
77,2026-03-29T00:21:34.372887+00:00,EQE1,10,1.0,0.261719,4096,0.981197
77,2026-03-29T00:21:34.372887+00:00,EQE1,10,3.0,0.002930,4096,0.981197
77,2026-03-29T00:21:34.372887+00:00,EQE1,10,5.0,-0.098633,4096,0.981197
77,2026-03-29T00:21:34.372887+00:00,EQE1,11,1.0,0.268555,4096,0.981197
77,2026-03-29T00:21:34.372887+00:00,EQE1,11,3.0,0.032227,4096,0.981197
77,2026-03-29T00:21:34.372887+00:00,EQE1,11,5.0,-0.106934,4096,0.981197
77,2026-03-29T00:21:34.372887+00:00,EQE1,12,1.0,0.300781,4096,0.981197
77,2026-03-29T00:21:34.372887+00:00,EQE1,12,3.0,0.021973,4096,0.981197
77,2026-03-29T00:21:34.372887+00:00,EQE1,12,5.0,-0.062500,4096,0.981197
77,2026-03-29T00:21:34.372887+00:00,EQE1,13,1.0,0.300293,4096,0.981197
77,2026-03-29T00:21:34.372887+00:00,EQE1,13,3.0,0.005859,4096,0.981197
77,2026-03-29T00:21:34.372887+00:00,EQE1,13,5.0,-0.087402,4096,0.981197
77,2026-03-29T00:21:34.372887+00:00,EQE1,14,1.0,0.238770,4096,0.981197
77,2026-03-29T00:21:34.372887+00:00,EQE1,14,3.0,0.009277,4096,0.981197
77,2026-03-29T00:21:34.372887+00:00,EQE1,14,5.0,-0.103027,4096,0.981197
77,2026-03-29T00:21:34.372887+00:00,EQE1,15,1.0,0.264160,4096,0.981197
77,2026-03-29T00:21:34.372887+00:00,EQE1,15,3.0,-0.000977,4096,0.981197
77,2026-03-29T00:21:34.372887+00:00,EQE1,15,5.0,-0.094238,4096,0.981197
77,2026-03-29T00:21:34.372887+00:00,EQE1,16,1.0,0.247070,4096,0.981197
77,2026-03-29T00:21:34.372887+00:00,EQE1,16,3.0,0.008301,4096,0.981197
77,2026-03-29T00:21:34.372887+00:00,EQE1,16,5.0,-0.107422,4096,0.981197
77,2026-03-29T00:21:34.372887+00:00,EQE1,17,1.0,0.293457,4096,0.981197
77,2026-03-29T00:21:34.372887+00:00,EQE1,17,3.0,-0.024902,4096,0.981197
77,2026-03-29T00:21:34.372887+00:00,EQE1,17,5.0,-0.085938,4096,0.981197
77,2026-03-29T00:21:34.372887+00:00,EQE1,18,1.0,0.269531,4096,0.981197
77,2026-03-29T00:21:34.372887+00:00,EQE1,18,3.0,0.000977,4096,0.981197
77,2026-03-29T00:21:34.372887+00:00,EQE1,18,5.0,-0.097656,4096,0.981197
77,2026-03-29T00:21:34.372887+00:00,EQE1,19,1.0,0.283691,4096,0.981197
77,2026-03-29T00:21:34.372887+00:00,EQE1,19,3.0,0.011719,4096,0.981197
77,2026-03-29T00:21:34.372887+00:00,EQE1,19,5.0,-0.101074,4096,0.981197
77,2026-03-29T00:21:34.372887+00:00,EQE1,20,1.0,0.270996,4096,0.981197
77,2026-03-29T00:21:34.372887+00:00,EQE1,20,3.0,0.020020,4096,0.981197
77,2026-03-29T00:21:34.372887+00:00,EQE1,20,5.0,-0.059082,4096,0.981197
77,2026-03-29T00:21:34.372887+00:00,EQE1,21,1.0,0.270996,4096,0.981197
77,2026-03-29T00:21:34.372887+00:00,EQE1,21,3.0,0.020996,4096,0.981197
77,2026-03-29T00:21:34.372887+00:00,EQE1,21,5.0,-0.100098,4096,0.981197
77,2026-03-29T00:21:34.372887+00:00,EQE1,22,1.0,0.283691,4096,0.981197
77,2026-03-29T00:21:34.372887+00:00,EQE1,22,3.0,-0.005859,4096,0.981197
77,2026-03-29T00:21:34.372887+00:00,EQE1,22,5.0,-0.084961,4096,0.981197
77,2026-03-29T00:21:34.372887+00:00,EQE1,23,1.0,0.262207,4096,0.981197
77,2026-03-29T00:21:34.372887+00:00,EQE1,23,3.0,0.024414,4096,0.981197
77,2026-03-29T00:21:34.372887+00:00,EQE1,23,5.0,-0.100098,4096,0.981197
77,2026-03-29T00:21:34.372887+00:00,EQE1,24,1.0,0.283203,4096,0.981197
77,2026-03-29T00:21:34.372887+00:00,EQE1,24,3.0,0.020508,4096,0.981197
77,2026-03-29T00:21:34.372887+00:00,EQE1,24,5.0,-0.102051,4096,0.981197
77,2026-03-29T00:21:34.372887+00:00,EQE1,25,1.0,0.287109,4096,0.981197
77,2026-03-29T00:21:34.372887+00:00,EQE1,25,3.0,0.004883,4096,0.981197
77,2026-03-29T00:21:34.372887+00:00,EQE1,25,5.0,-0.092773,4096,0.981197
77,2026-03-29T00:21:34.372887+00:00,EQE1,26,1.0,0.237793,4096,0.981197
77,2026-03-29T00:21:34.372887+00:00,EQE1,26,3.0,-0.001465,4096,0.981197
77,2026-03-29T00:21:34.372887+00:00,EQE1,26,5.0,-0.078613,4096,0.981197
77,2026-03-29T00:21:34.372887+00:00,EQE1,27,1.0,0.270020,4096,0.981197
77,2026-03-29T00:21:34.372887+00:00,EQE1,27,3.0,0.012207,4096,0.981197
77,2026-03-29T00:21:34.372887+00:00,EQE1,27,5.0,-0.080078,4096,0.981197
77,2026-03-29T00:21:34.372887+00:00,EQE1,28,1.0,0.275391,4096,0.981197
77,2026-03-29T00:21:34.372887+00:00,EQE1,28,3.0,0.008301,4096,0.981197
77,2026-03-29T00:21:34.372887+00:00,EQE1,28,5.0,-0.083008,4096,0.981197
77,2026-03-29T00:21:34.372887+00:00,EQE1,29,1.0,0.285156,4096,0.981197
77,2026-03-29T00:21:34.372887+00:00,EQE1,29,3.0,-0.030273,4096,0.981197
77,2026-03-29T00:21:34.372887+00:00,EQE1,29,5.0,-0.084961,4096,0.981197
78,2026-03-29T00:51:34.373022+00:00,EQE1,0,1.0,0.274414,4096,0.981197
78,2026-03-29T00:51:34.373022+00:00,EQE1,0,3.0,0.026855,4096,0.981197
78,2026-03-29T00:51:34.373022+00:00,EQE1,0,5.0,-0.086914,4096,0.981197
78,2026-03-29T00:51:34.373022+00:00,EQE1,1,1.0,0.281250,4096,0.981197
78,2026-03-29T00:51:34.373022+00:00,EQE1,1,3.0,0.006836,4096,0.981197
78,2026-03-29T00:51:34.373022+00:00,EQE1,1,5.0,-0.083984,4096,0.981197
78,2026-03-29T00:51:34.373022+00:00,EQE1,2,1.0,0.316406,4096,0.981197
78,2026-03-29T00:51:34.373022+00:00,EQE1,2,3.0,-0.009766,4096,0.981197
78,2026-03-29T00:51:34.373022+00:00,EQE1,2,5.0,-0.078613,4096,0.981197
78,2026-03-29T00:51:34.373022+00:00,EQE1,3,1.0,0.263184,4096,0.981197
78,2026-03-29T00:51:34.373022+00:00,EQE1,3,3.0,0.002930,4096,0.981197
78,2026-03-29T00:51:34.373022+00:00,EQE1,3,5.0,-0.084961,4096,0.981197
78,2026-03-29T00:51:34.373022+00:00,EQE1,4,1.0,0.291504,4096,0.981197
78,2026-03-29T00:51:34.373022+00:00,EQE1,4,3.0,0.023438,4096,0.981197
78,2026-03-29T00:51:34.373022+00:00,EQE1,4,5.0,-0.099609,4096,0.981197
78,2026-03-29T00:51:34.373022+00:00,EQE1,5,1.0,0.275391,4096,0.981197
78,2026-03-29T00:51:34.373022+00:00,EQE1,5,3.0,0.040039,4096,0.981197
78,2026-03-29T00:51:34.373022+00:00,EQE1,5,5.0,-0.089355,4096,0.981197
78,2026-03-29T00:51:34.373022+00:00,EQE1,6,1.0,0.276367,4096,0.981197
78,2026-03-29T00:51:34.373022+00:00,EQE1,6,3.0,-0.010742,4096,0.981197
78,2026-03-29T00:51:34.373022+00:00,EQE1,6,5.0,-0.099609,4096,0.981197
78,2026-03-29T00:51:34.373022+00:00,EQE1,7,1.0,0.265137,4096,0.981197
78,2026-03-29T00:51:34.373022+00:00,EQE1,7,3.0,-0.016113,4096,0.981197
78,2026-03-29T00:51:34.373022+00:00,EQE1,7,5.0,-0.072754,4096,0.981197
78,2026-03-29T00:51:34.373022+00:00,EQE1,8,1.0,0.269531,4096,0.981197
78,2026-03-29T00:51:34.373022+00:00,EQE1,8,3.0,-0.001465,4096,0.981197
78,2026-03-29T00:51:34.373022+00:00,EQE1,8,5.0,-0.102539,4096,0.981197
78,2026-03-29T00:51:34.373022+00:00,EQE1,9,1.0,0.285645,4096,0.981197
78,2026-03-29T00:51:34.373022+00:00,EQE1,9,3.0,-0.000488,4096,0.981197
78,2026-03-29T00:51:34.373022+00:00,EQE1,9,5.0,-0.089844,4096,0.981197
78,2026-03-29T00:51:34.373022+00:00,EQE1,10,1.0,0.261230,4096,0.981197
78,2026-03-29T00:51:34.373022+00:00,EQE1,10,3.0,0.045898,4096,0.981197
78,2026-03-29T00:51:34.373022+00:00,EQE1,10,5.0,-0.103027,4096,0.981197
78,2026-03-29T00:51:34.373022+00:00,EQE1,11,1.0,0.280273,4096,0.981197
78,2026-03-29T00:51:34.373022+00:00,EQE1,11,3.0,0.014648,4096,0.981197
78,2026-03-29T00:51:34.373022+00:00,EQE1,11,5.0,-0.097168,4096,0.981197
78,2026-03-29T00:51:34.373022+00:00,EQE1,12,1.0,0.275879,4096,0.981197
78,2026-03-29T00:51:34.373022+00:00,EQE1,12,3.0,0.000977,4096,0.981197
78,2026-03-29T00:51:34.373022+00:00,EQE1,12,5.0,-0.093262,4096,0.981197
78,2026-03-29T00:51:34.373022+00:00,EQE1,13,1.0,0.245605,4096,0.981197
78,2026-03-29T00:51:34.373022+00:00,EQE1,13,3.0,0.036133,4096,0.981197
78,2026-03-29T00:51:34.373022+00:00,EQE1,13,5.0,-0.095703,4096,0.981197
78,2026-03-29T00:51:34.373022+00:00,EQE1,14,1.0,0.295898,4096,0.981197
78,2026-03-29T00:51:34.373022+00:00,EQE1,14,3.0,0.002441,4096,0.981197
78,2026-03-29T00:51:34.373022+00:00,EQE1,14,5.0,-0.075195,4096,0.981197
78,2026-03-29T00:51:34.373022+00:00,EQE1,15,1.0,0.280273,4096,0.981197
78,2026-03-29T00:51:34.373022+00:00,EQE1,15,3.0,0.026855,4096,0.981197
78,2026-03-29T00:51:34.373022+00:00,EQE1,15,5.0,-0.119629,4096,0.981197
78,2026-03-29T00:51:34.373022+00:00,EQE1,16,1.0,0.276855,4096,0.981197
78,2026-03-29T00:51:34.373022+00:00,EQE1,16,3.0,0.008789,4096,0.981197
78,2026-03-29T00:51:34.373022+00:00,EQE1,16,5.0,-0.090332,4096,0.981197
78,2026-03-29T00:51:34.373022+00:00,EQE1,17,1.0,0.266602,4096,0.981197
78,2026-03-29T00:51:34.373022+00:00,EQE1,17,3.0,0.012695,4096,0.981197
78,2026-03-29T00:51:34.373022+00:00,EQE1,17,5.0,-0.095703,4096,0.981197
78,2026-03-29T00:51:34.373022+00:00,EQE1,18,1.0,0.273438,4096,0.981197
78,2026-03-29T00:51:34.373022+00:00,EQE1,18,3.0,0.014160,4096,0.981197
78,2026-03-29T00:51:34.373022+00:00,EQE1,18,5.0,-0.104004,4096,0.981197
78,2026-03-29T00:51:34.373022+00:00,EQE1,19,1.0,0.275391,4096,0.981197
78,2026-03-29T00:51:34.373022+00:00,EQE1,19,3.0,0.021973,4096,0.981197
78,2026-03-29T00:51:34.373022+00:00,EQE1,19,5.0,-0.107422,4096,0.981197
78,2026-03-29T00:51:34.373022+00:00,EQE1,20,1.0,0.290527,4096,0.981197
78,2026-03-29T00:51:34.373022+00:00,EQE1,20,3.0,0.013672,4096,0.981197
78,2026-03-29T00:51:34.373022+00:00,EQE1,20,5.0,-0.071777,4096,0.981197
78,2026-03-29T00:51:34.373022+00:00,EQE1,21,1.0,0.299805,4096,0.981197
78,2026-03-29T00:51:34.373022+00:00,EQE1,21,3.0,0.020996,4096,0.981197
78,2026-03-29T00:51:34.373022+00:00,EQE1,21,5.0,-0.104004,4096,0.981197
78,2026-03-29T00:51:34.373022+00:00,EQE1,22,1.0,0.310059,4096,0.981197
78,2026-03-29T00:51:34.373022+00:00,EQE1,22,3.0,-0.018555,4096,0.981197
78,2026-03-29T00:51:34.373022+00:00,EQE1,22,5.0,-0.103516,4096,0.981197
78,2026-03-29T00:51:34.373022+00:00,EQE1,23,1.0,0.271484,4096,0.981197
78,2026-03-29T00:51:34.373022+00:00,EQE1,23,3.0,0.005859,4096,0.981197
78,2026-03-29T00:51:34.373022+00:00,EQE1,23,5.0,-0.098633,4096,0.981197
78,2026-03-29T00:51:34.373022+00:00,EQE1,24,1.0,0.286133,4096,0.981197
78,2026-03-29T00:51:34.373022+00:00,EQE1,24,3.0,0.023926,4096,0.981197
78,2026-03-29T00:51:34.373022+00:00,EQE1,24,5.0,-0.104980,4096,0.981197
78,2026-03-29T00:51:34.373022+00:00,EQE1,25,1.0,0.275391,4096,0.981197
78,2026-03-29T00:51:34.373022+00:00,EQE1,25,3.0,0.016602,4096,0.981197
78,2026-03-29T00:51:34.373022+00:00,EQE1,25,5.0,-0.102539,4096,0.981197
78,2026-03-29T00:51:34.373022+00:00,EQE1,26,1.0,0.287109,4096,0.981197
78,2026-03-29T00:51:34.373022+00:00,EQE1,26,3.0,-0.006348,4096,0.981197
78,2026-03-29T00:51:34.373022+00:00,EQE1,26,5.0,-0.097168,4096,0.981197
78,2026-03-29T00:51:34.373022+00:00,EQE1,27,1.0,0.269043,4096,0.981197
78,2026-03-29T00:51:34.373022+00:00,EQE1,27,3.0,-0.006348,4096,0.981197
78,2026-03-29T00:51:34.373022+00:00,EQE1,27,5.0,-0.081543,4096,0.981197
78,2026-03-29T00:51:34.373022+00:00,EQE1,28,1.0,0.282715,4096,0.981197
78,2026-03-29T00:51:34.373022+00:00,EQE1,28,3.0,0.024414,4096,0.981197
78,2026-03-29T00:51:34.373022+00:00,EQE1,28,5.0,-0.079590,4096,0.981197
78,2026-03-29T00:51:34.373022+00:00,EQE1,29,1.0,0.289551,4096,0.981197
78,2026-03-29T00:51:34.373022+00:00,EQE1,29,3.0,-0.005371,4096,0.981197
78,2026-03-29T00:51:34.373022+00:00,EQE1,29,5.0,-0.079590,4096,0.981197
79,2026-03-29T01:21:34.373057+00:00,EQE1,0,1.0,0.307129,4096,0.981197
79,2026-03-29T01:21:34.373057+00:00,EQE1,0,3.0,0.011719,4096,0.981197
79,2026-03-29T01:21:34.373057+00:00,EQE1,0,5.0,-0.094727,4096,0.981197
79,2026-03-29T01:21:34.373057+00:00,EQE1,1,1.0,0.301270,4096,0.981197
79,2026-03-29T01:21:34.373057+00:00,EQE1,1,3.0,-0.001953,4096,0.981197
79,2026-03-29T01:21:34.373057+00:00,EQE1,1,5.0,-0.097168,4096,0.981197
79,2026-03-29T01:21:34.373057+00:00,EQE1,2,1.0,0.271484,4096,0.981197
79,2026-03-29T01:21:34.373057+00:00,EQE1,2,3.0,0.005371,4096,0.981197
79,2026-03-29T01:21:34.373057+00:00,EQE1,2,5.0,-0.086914,4096,0.981197
79,2026-03-29T01:21:34.373057+00:00,EQE1,3,1.0,0.276367,4096,0.981197
79,2026-03-29T01:21:34.373057+00:00,EQE1,3,3.0,0.013184,4096,0.981197
79,2026-03-29T01:21:34.373057+00:00,EQE1,3,5.0,-0.094238,4096,0.981197
79,2026-03-29T01:21:34.373057+00:00,EQE1,4,1.0,0.274902,4096,0.981197
79,2026-03-29T01:21:34.373057+00:00,EQE1,4,3.0,0.011719,4096,0.981197
79,2026-03-29T01:21:34.373057+00:00,EQE1,4,5.0,-0.078125,4096,0.981197
79,2026-03-29T01:21:34.373057+00:00,EQE1,5,1.0,0.314941,4096,0.981197
79,2026-03-29T01:21:34.373057+00:00,EQE1,5,3.0,0.016602,4096,0.981197
79,2026-03-29T01:21:34.373057+00:00,EQE1,5,5.0,-0.120605,4096,0.981197
79,2026-03-29T01:21:34.373057+00:00,EQE1,6,1.0,0.250000,4096,0.981197
79,2026-03-29T01:21:34.373057+00:00,EQE1,6,3.0,0.002930,4096,0.981197
79,2026-03-29T01:21:34.373057+00:00,EQE1,6,5.0,-0.114746,4096,0.981197
79,2026-03-29T01:21:34.373057+00:00,EQE1,7,1.0,0.287109,4096,0.981197
79,2026-03-29T01:21:34.373057+00:00,EQE1,7,3.0,0.029297,4096,0.981197
79,2026-03-29T01:21:34.373057+00:00,EQE1,7,5.0,-0.061523,4096,0.981197
79,2026-03-29T01:21:34.373057+00:00,EQE1,8,1.0,0.311035,4096,0.981197
79,2026-03-29T01:21:34.373057+00:00,EQE1,8,3.0,0.009766,4096,0.981197
79,2026-03-29T01:21:34.373057+00:00,EQE1,8,5.0,-0.087402,4096,0.981197
79,2026-03-29T01:21:34.373057+00:00,EQE1,9,1.0,0.272461,4096,0.981197
79,2026-03-29T01:21:34.373057+00:00,EQE1,9,3.0,0.006348,4096,0.981197
79,2026-03-29T01:21:34.373057+00:00,EQE1,9,5.0,-0.103516,4096,0.981197
79,2026-03-29T01:21:34.373057+00:00,EQE1,10,1.0,0.278809,4096,0.981197
79,2026-03-29T01:21:34.373057+00:00,EQE1,10,3.0,0.012695,4096,0.981197
79,2026-03-29T01:21:34.373057+00:00,EQE1,10,5.0,-0.089355,4096,0.981197
79,2026-03-29T01:21:34.373057+00:00,EQE1,11,1.0,0.276367,4096,0.981197
79,2026-03-29T01:21:34.373057+00:00,EQE1,11,3.0,-0.008789,4096,0.981197
79,2026-03-29T01:21:34.373057+00:00,EQE1,11,5.0,-0.079590,4096,0.981197
79,2026-03-29T01:21:34.373057+00:00,EQE1,12,1.0,0.259277,4096,0.981197
79,2026-03-29T01:21:34.373057+00:00,EQE1,12,3.0,0.013672,4096,0.981197
79,2026-03-29T01:21:34.373057+00:00,EQE1,12,5.0,-0.110840,4096,0.981197
79,2026-03-29T01:21:34.373057+00:00,EQE1,13,1.0,0.294434,4096,0.981197
79,2026-03-29T01:21:34.373057+00:00,EQE1,13,3.0,0.013672,4096,0.981197
79,2026-03-29T01:21:34.373057+00:00,EQE1,13,5.0,-0.109863,4096,0.981197
79,2026-03-29T01:21:34.373057+00:00,EQE1,14,1.0,0.261719,4096,0.981197
79,2026-03-29T01:21:34.373057+00:00,EQE1,14,3.0,0.016602,4096,0.981197
79,2026-03-29T01:21:34.373057+00:00,EQE1,14,5.0,-0.110352,4096,0.981197
79,2026-03-29T01:21:34.373057+00:00,EQE1,15,1.0,0.309570,4096,0.981197
79,2026-03-29T01:21:34.373057+00:00,EQE1,15,3.0,0.010254,4096,0.981197
79,2026-03-29T01:21:34.373057+00:00,EQE1,15,5.0,-0.091309,4096,0.981197
79,2026-03-29T01:21:34.373057+00:00,EQE1,16,1.0,0.281250,4096,0.981197
79,2026-03-29T01:21:34.373057+00:00,EQE1,16,3.0,0.026855,4096,0.981197
79,2026-03-29T01:21:34.373057+00:00,EQE1,16,5.0,-0.091797,4096,0.981197
79,2026-03-29T01:21:34.373057+00:00,EQE1,17,1.0,0.284668,4096,0.981197
79,2026-03-29T01:21:34.373057+00:00,EQE1,17,3.0,0.053223,4096,0.981197
79,2026-03-29T01:21:34.373057+00:00,EQE1,17,5.0,-0.093750,4096,0.981197
79,2026-03-29T01:21:34.373057+00:00,EQE1,18,1.0,0.292480,4096,0.981197
79,2026-03-29T01:21:34.373057+00:00,EQE1,18,3.0,0.019043,4096,0.981197
79,2026-03-29T01:21:34.373057+00:00,EQE1,18,5.0,-0.108887,4096,0.981197
79,2026-03-29T01:21:34.373057+00:00,EQE1,19,1.0,0.258789,4096,0.981197
79,2026-03-29T01:21:34.373057+00:00,EQE1,19,3.0,-0.000977,4096,0.981197
79,2026-03-29T01:21:34.373057+00:00,EQE1,19,5.0,-0.082031,4096,0.981197
79,2026-03-29T01:21:34.373057+00:00,EQE1,20,1.0,0.281738,4096,0.981197
79,2026-03-29T01:21:34.373057+00:00,EQE1,20,3.0,0.013672,4096,0.981197
79,2026-03-29T01:21:34.373057+00:00,EQE1,20,5.0,-0.127441,4096,0.981197
79,2026-03-29T01:21:34.373057+00:00,EQE1,21,1.0,0.291992,4096,0.981197
79,2026-03-29T01:21:34.373057+00:00,EQE1,21,3.0,0.009277,4096,0.981197
79,2026-03-29T01:21:34.373057+00:00,EQE1,21,5.0,-0.085938,4096,0.981197
79,2026-03-29T01:21:34.373057+00:00,EQE1,22,1.0,0.295898,4096,0.981197
79,2026-03-29T01:21:34.373057+00:00,EQE1,22,3.0,0.001465,4096,0.981197
79,2026-03-29T01:21:34.373057+00:00,EQE1,22,5.0,-0.077148,4096,0.981197
79,2026-03-29T01:21:34.373057+00:00,EQE1,23,1.0,0.317383,4096,0.981197
79,2026-03-29T01:21:34.373057+00:00,EQE1,23,3.0,-0.006348,4096,0.981197
79,2026-03-29T01:21:34.373057+00:00,EQE1,23,5.0,-0.075195,4096,0.981197
79,2026-03-29T01:21:34.373057+00:00,EQE1,24,1.0,0.264160,4096,0.981197
79,2026-03-29T01:21:34.373057+00:00,EQE1,24,3.0,0.015625,4096,0.981197
79,2026-03-29T01:21:34.373057+00:00,EQE1,24,5.0,-0.099609,4096,0.981197
79,2026-03-29T01:21:34.373057+00:00,EQE1,25,1.0,0.280762,4096,0.981197
79,2026-03-29T01:21:34.373057+00:00,EQE1,25,3.0,0.001953,4096,0.981197
79,2026-03-29T01:21:34.373057+00:00,EQE1,25,5.0,-0.105469,4096,0.981197
79,2026-03-29T01:21:34.373057+00:00,EQE1,26,1.0,0.291504,4096,0.981197
79,2026-03-29T01:21:34.373057+00:00,EQE1,26,3.0,0.006348,4096,0.981197
79,2026-03-29T01:21:34.373057+00:00,EQE1,26,5.0,-0.071289,4096,0.981197
79,2026-03-29T01:21:34.373057+00:00,EQE1,27,1.0,0.290039,4096,0.981197
79,2026-03-29T01:21:34.373057+00:00,EQE1,27,3.0,-0.001465,4096,0.981197
79,2026-03-29T01:21:34.373057+00:00,EQE1,27,5.0,-0.082031,4096,0.981197
79,2026-03-29T01:21:34.373057+00:00,EQE1,28,1.0,0.287109,4096,0.981197
79,2026-03-29T01:21:34.373057+00:00,EQE1,28,3.0,0.024902,4096,0.981197
79,2026-03-29T01:21:34.373057+00:00,EQE1,28,5.0,-0.091309,4096,0.981197
79,2026-03-29T01:21:34.373057+00:00,EQE1,29,1.0,0.271973,4096,0.981197
79,2026-03-29T01:21:34.373057+00:00,EQE1,29,3.0,0.001465,4096,0.981197
79,2026-03-29T01:21:34.373057+00:00,EQE1,29,5.0,-0.077148,4096,0.981197
80,2026-03-29T01:51:34.372809+00:00,EQE1,0,1.0,0.261719,4096,0.981197
80,2026-03-29T01:51:34.372809+00:00,EQE1,0,3.0,-0.007812,4096,0.981197
80,2026-03-29T01:51:34.372809+00:00,EQE1,0,5.0,-0.102539,4096,0.981197
80,2026-03-29T01:51:34.372809+00:00,EQE1,1,1.0,0.245117,4096,0.981197
80,2026-03-29T01:51:34.372809+00:00,EQE1,1,3.0,0.017090,4096,0.981197
80,2026-03-29T01:51:34.372809+00:00,EQE1,1,5.0,-0.091797,4096,0.981197
80,2026-03-29T01:51:34.372809+00:00,EQE1,2,1.0,0.280273,4096,0.981197
80,2026-03-29T01:51:34.372809+00:00,EQE1,2,3.0,0.028809,4096,0.981197
80,2026-03-29T01:51:34.372809+00:00,EQE1,2,5.0,-0.099609,4096,0.981197
80,2026-03-29T01:51:34.372809+00:00,EQE1,3,1.0,0.282227,4096,0.981197
80,2026-03-29T01:51:34.372809+00:00,EQE1,3,3.0,0.006348,4096,0.981197
80,2026-03-29T01:51:34.372809+00:00,EQE1,3,5.0,-0.100586,4096,0.981197
80,2026-03-29T01:51:34.372809+00:00,EQE1,4,1.0,0.280273,4096,0.981197
80,2026-03-29T01:51:34.372809+00:00,EQE1,4,3.0,-0.016602,4096,0.981197
80,2026-03-29T01:51:34.372809+00:00,EQE1,4,5.0,-0.089844,4096,0.981197
80,2026-03-29T01:51:34.372809+00:00,EQE1,5,1.0,0.271973,4096,0.981197
80,2026-03-29T01:51:34.372809+00:00,EQE1,5,3.0,0.010254,4096,0.981197
80,2026-03-29T01:51:34.372809+00:00,EQE1,5,5.0,-0.081543,4096,0.981197
80,2026-03-29T01:51:34.372809+00:00,EQE1,6,1.0,0.272949,4096,0.981197
80,2026-03-29T01:51:34.372809+00:00,EQE1,6,3.0,0.035645,4096,0.981197
80,2026-03-29T01:51:34.372809+00:00,EQE1,6,5.0,-0.091309,4096,0.981197
80,2026-03-29T01:51:34.372809+00:00,EQE1,7,1.0,0.268066,4096,0.981197
80,2026-03-29T01:51:34.372809+00:00,EQE1,7,3.0,-0.001465,4096,0.981197
80,2026-03-29T01:51:34.372809+00:00,EQE1,7,5.0,-0.076172,4096,0.981197
80,2026-03-29T01:51:34.372809+00:00,EQE1,8,1.0,0.260742,4096,0.981197
80,2026-03-29T01:51:34.372809+00:00,EQE1,8,3.0,0.020508,4096,0.981197
80,2026-03-29T01:51:34.372809+00:00,EQE1,8,5.0,-0.109375,4096,0.981197
80,2026-03-29T01:51:34.372809+00:00,EQE1,9,1.0,0.271484,4096,0.981197
80,2026-03-29T01:51:34.372809+00:00,EQE1,9,3.0,-0.019531,4096,0.981197
80,2026-03-29T01:51:34.372809+00:00,EQE1,9,5.0,-0.068848,4096,0.981197
80,2026-03-29T01:51:34.372809+00:00,EQE1,10,1.0,0.290039,4096,0.981197
80,2026-03-29T01:51:34.372809+00:00,EQE1,10,3.0,0.004883,4096,0.981197
80,2026-03-29T01:51:34.372809+00:00,EQE1,10,5.0,-0.083008,4096,0.981197
80,2026-03-29T01:51:34.372809+00:00,EQE1,11,1.0,0.306641,4096,0.981197
80,2026-03-29T01:51:34.372809+00:00,EQE1,11,3.0,0.024902,4096,0.981197
80,2026-03-29T01:51:34.372809+00:00,EQE1,11,5.0,-0.096191,4096,0.981197
80,2026-03-29T01:51:34.372809+00:00,EQE1,12,1.0,0.270508,4096,0.981197
80,2026-03-29T01:51:34.372809+00:00,EQE1,12,3.0,-0.013184,4096,0.981197
80,2026-03-29T01:51:34.372809+00:00,EQE1,12,5.0,-0.077637,4096,0.981197
80,2026-03-29T01:51:34.372809+00:00,EQE1,13,1.0,0.270996,4096,0.981197
80,2026-03-29T01:51:34.372809+00:00,EQE1,13,3.0,0.028809,4096,0.981197
80,2026-03-29T01:51:34.372809+00:00,EQE1,13,5.0,-0.101562,4096,0.981197
80,2026-03-29T01:51:34.372809+00:00,EQE1,14,1.0,0.274902,4096,0.981197
80,2026-03-29T01:51:34.372809+00:00,EQE1,14,3.0,0.035645,4096,0.981197
80,2026-03-29T01:51:34.372809+00:00,EQE1,14,5.0,-0.087402,4096,0.981197
80,2026-03-29T01:51:34.372809+00:00,EQE1,15,1.0,0.278809,4096,0.981197
80,2026-03-29T01:51:34.372809+00:00,EQE1,15,3.0,0.012207,4096,0.981197
80,2026-03-29T01:51:34.372809+00:00,EQE1,15,5.0,-0.084473,4096,0.981197
80,2026-03-29T01:51:34.372809+00:00,EQE1,16,1.0,0.274902,4096,0.981197
80,2026-03-29T01:51:34.372809+00:00,EQE1,16,3.0,0.041016,4096,0.981197
80,2026-03-29T01:51:34.372809+00:00,EQE1,16,5.0,-0.088867,4096,0.981197
80,2026-03-29T01:51:34.372809+00:00,EQE1,17,1.0,0.284668,4096,0.981197
80,2026-03-29T01:51:34.372809+00:00,EQE1,17,3.0,0.024902,4096,0.981197
80,2026-03-29T01:51:34.372809+00:00,EQE1,17,5.0,-0.092773,4096,0.981197
80,2026-03-29T01:51:34.372809+00:00,EQE1,18,1.0,0.275879,4096,0.981197
80,2026-03-29T01:51:34.372809+00:00,EQE1,18,3.0,0.030273,4096,0.981197
80,2026-03-29T01:51:34.372809+00:00,EQE1,18,5.0,-0.101074,4096,0.981197
80,2026-03-29T01:51:34.372809+00:00,EQE1,19,1.0,0.299805,4096,0.981197
80,2026-03-29T01:51:34.372809+00:00,EQE1,19,3.0,0.015625,4096,0.981197
80,2026-03-29T01:51:34.372809+00:00,EQE1,19,5.0,-0.074219,4096,0.981197
80,2026-03-29T01:51:34.372809+00:00,EQE1,20,1.0,0.271484,4096,0.981197
80,2026-03-29T01:51:34.372809+00:00,EQE1,20,3.0,0.019531,4096,0.981197
80,2026-03-29T01:51:34.372809+00:00,EQE1,20,5.0,-0.090332,4096,0.981197
80,2026-03-29T01:51:34.372809+00:00,EQE1,21,1.0,0.290039,4096,0.981197
80,2026-03-29T01:51:34.372809+00:00,EQE1,21,3.0,-0.024902,4096,0.981197
80,2026-03-29T01:51:34.372809+00:00,EQE1,21,5.0,-0.091797,4096,0.981197
80,2026-03-29T01:51:34.372809+00:00,EQE1,22,1.0,0.298828,4096,0.981197
80,2026-03-29T01:51:34.372809+00:00,EQE1,22,3.0,0.036133,4096,0.981197
80,2026-03-29T01:51:34.372809+00:00,EQE1,22,5.0,-0.082031,4096,0.981197
80,2026-03-29T01:51:34.372809+00:00,EQE1,23,1.0,0.262207,4096,0.981197
80,2026-03-29T01:51:34.372809+00:00,EQE1,23,3.0,0.013672,4096,0.981197
80,2026-03-29T01:51:34.372809+00:00,EQE1,23,5.0,-0.099609,4096,0.981197
80,2026-03-29T01:51:34.372809+00:00,EQE1,24,1.0,0.281738,4096,0.981197
80,2026-03-29T01:51:34.372809+00:00,EQE1,24,3.0,0.016602,4096,0.981197
80,2026-03-29T01:51:34.372809+00:00,EQE1,24,5.0,-0.081055,4096,0.981197
80,2026-03-29T01:51:34.372809+00:00,EQE1,25,1.0,0.274902,4096,0.981197
80,2026-03-29T01:51:34.372809+00:00,EQE1,25,3.0,0.025391,4096,0.981197
80,2026-03-29T01:51:34.372809+00:00,EQE1,25,5.0,-0.097656,4096,0.981197
80,2026-03-29T01:51:34.372809+00:00,EQE1,26,1.0,0.279785,4096,0.981197
80,2026-03-29T01:51:34.372809+00:00,EQE1,26,3.0,0.017090,4096,0.981197
80,2026-03-29T01:51:34.372809+00:00,EQE1,26,5.0,-0.087402,4096,0.981197
80,2026-03-29T01:51:34.372809+00:00,EQE1,27,1.0,0.302246,4096,0.981197
80,2026-03-29T01:51:34.372809+00:00,EQE1,27,3.0,0.029297,4096,0.981197
80,2026-03-29T01:51:34.372809+00:00,EQE1,27,5.0,-0.085449,4096,0.981197
80,2026-03-29T01:51:34.372809+00:00,EQE1,28,1.0,0.282715,4096,0.981197
80,2026-03-29T01:51:34.372809+00:00,EQE1,28,3.0,0.018066,4096,0.981197
80,2026-03-29T01:51:34.372809+00:00,EQE1,28,5.0,-0.077637,4096,0.981197
80,2026-03-29T01:51:34.372809+00:00,EQE1,29,1.0,0.273926,4096,0.981197
80,2026-03-29T01:51:34.372809+00:00,EQE1,29,3.0,0.010254,4096,0.981197
80,2026-03-29T01:51:34.372809+00:00,EQE1,29,5.0,-0.090332,4096,0.981197
81,2026-03-29T02:21:34.373022+00:00,EQE1,0,1.0,0.270996,4096,0.981197
81,2026-03-29T02:21:34.373022+00:00,EQE1,0,3.0,0.008789,4096,0.981197
81,2026-03-29T02:21:34.373022+00:00,EQE1,0,5.0,-0.106934,4096,0.981197
81,2026-03-29T02:21:34.373022+00:00,EQE1,1,1.0,0.278809,4096,0.981197
81,2026-03-29T02:21:34.373022+00:00,EQE1,1,3.0,0.011719,4096,0.981197
81,2026-03-29T02:21:34.373022+00:00,EQE1,1,5.0,-0.088867,4096,0.981197
81,2026-03-29T02:21:34.373022+00:00,EQE1,2,1.0,0.289062,4096,0.981197
81,2026-03-29T02:21:34.373022+00:00,EQE1,2,3.0,0.012207,4096,0.981197
81,2026-03-29T02:21:34.373022+00:00,EQE1,2,5.0,-0.056152,4096,0.981197
81,2026-03-29T02:21:34.373022+00:00,EQE1,3,1.0,0.290527,4096,0.981197
81,2026-03-29T02:21:34.373022+00:00,EQE1,3,3.0,-0.028809,4096,0.981197
81,2026-03-29T02:21:34.373022+00:00,EQE1,3,5.0,-0.070312,4096,0.981197
81,2026-03-29T02:21:34.373022+00:00,EQE1,4,1.0,0.243164,4096,0.981197
81,2026-03-29T02:21:34.373022+00:00,EQE1,4,3.0,0.023438,4096,0.981197
81,2026-03-29T02:21:34.373022+00:00,EQE1,4,5.0,-0.091797,4096,0.981197
81,2026-03-29T02:21:34.373022+00:00,EQE1,5,1.0,0.294922,4096,0.981197
81,2026-03-29T02:21:34.373022+00:00,EQE1,5,3.0,-0.008789,4096,0.981197
81,2026-03-29T02:21:34.373022+00:00,EQE1,5,5.0,-0.096191,4096,0.981197
81,2026-03-29T02:21:34.373022+00:00,EQE1,6,1.0,0.310547,4096,0.981197
81,2026-03-29T02:21:34.373022+00:00,EQE1,6,3.0,-0.016113,4096,0.981197
81,2026-03-29T02:21:34.373022+00:00,EQE1,6,5.0,-0.065430,4096,0.981197
81,2026-03-29T02:21:34.373022+00:00,EQE1,7,1.0,0.280273,4096,0.981197
81,2026-03-29T02:21:34.373022+00:00,EQE1,7,3.0,0.006836,4096,0.981197
81,2026-03-29T02:21:34.373022+00:00,EQE1,7,5.0,-0.081055,4096,0.981197
81,2026-03-29T02:21:34.373022+00:00,EQE1,8,1.0,0.293457,4096,0.981197
81,2026-03-29T02:21:34.373022+00:00,EQE1,8,3.0,0.020508,4096,0.981197
81,2026-03-29T02:21:34.373022+00:00,EQE1,8,5.0,-0.087402,4096,0.981197
81,2026-03-29T02:21:34.373022+00:00,EQE1,9,1.0,0.271484,4096,0.981197
81,2026-03-29T02:21:34.373022+00:00,EQE1,9,3.0,0.021484,4096,0.981197
81,2026-03-29T02:21:34.373022+00:00,EQE1,9,5.0,-0.105957,4096,0.981197
81,2026-03-29T02:21:34.373022+00:00,EQE1,10,1.0,0.286133,4096,0.981197
81,2026-03-29T02:21:34.373022+00:00,EQE1,10,3.0,0.015137,4096,0.981197
81,2026-03-29T02:21:34.373022+00:00,EQE1,10,5.0,-0.079102,4096,0.981197
81,2026-03-29T02:21:34.373022+00:00,EQE1,11,1.0,0.272949,4096,0.981197
81,2026-03-29T02:21:34.373022+00:00,EQE1,11,3.0,0.003418,4096,0.981197
81,2026-03-29T02:21:34.373022+00:00,EQE1,11,5.0,-0.078613,4096,0.981197
81,2026-03-29T02:21:34.373022+00:00,EQE1,12,1.0,0.289551,4096,0.981197
81,2026-03-29T02:21:34.373022+00:00,EQE1,12,3.0,0.014160,4096,0.981197
81,2026-03-29T02:21:34.373022+00:00,EQE1,12,5.0,-0.099609,4096,0.981197
81,2026-03-29T02:21:34.373022+00:00,EQE1,13,1.0,0.273438,4096,0.981197
81,2026-03-29T02:21:34.373022+00:00,EQE1,13,3.0,0.024414,4096,0.981197
81,2026-03-29T02:21:34.373022+00:00,EQE1,13,5.0,-0.055664,4096,0.981197
81,2026-03-29T02:21:34.373022+00:00,EQE1,14,1.0,0.287598,4096,0.981197
81,2026-03-29T02:21:34.373022+00:00,EQE1,14,3.0,0.009277,4096,0.981197
81,2026-03-29T02:21:34.373022+00:00,EQE1,14,5.0,-0.097168,4096,0.981197
81,2026-03-29T02:21:34.373022+00:00,EQE1,15,1.0,0.269531,4096,0.981197
81,2026-03-29T02:21:34.373022+00:00,EQE1,15,3.0,0.030273,4096,0.981197
81,2026-03-29T02:21:34.373022+00:00,EQE1,15,5.0,-0.068848,4096,0.981197
81,2026-03-29T02:21:34.373022+00:00,EQE1,16,1.0,0.297363,4096,0.981197
81,2026-03-29T02:21:34.373022+00:00,EQE1,16,3.0,0.012207,4096,0.981197
81,2026-03-29T02:21:34.373022+00:00,EQE1,16,5.0,-0.130859,4096,0.981197
81,2026-03-29T02:21:34.373022+00:00,EQE1,17,1.0,0.283691,4096,0.981197
81,2026-03-29T02:21:34.373022+00:00,EQE1,17,3.0,-0.023438,4096,0.981197
81,2026-03-29T02:21:34.373022+00:00,EQE1,17,5.0,-0.085938,4096,0.981197
81,2026-03-29T02:21:34.373022+00:00,EQE1,18,1.0,0.303223,4096,0.981197
81,2026-03-29T02:21:34.373022+00:00,EQE1,18,3.0,-0.000977,4096,0.981197
81,2026-03-29T02:21:34.373022+00:00,EQE1,18,5.0,-0.110352,4096,0.981197
81,2026-03-29T02:21:34.373022+00:00,EQE1,19,1.0,0.245117,4096,0.981197
81,2026-03-29T02:21:34.373022+00:00,EQE1,19,3.0,0.018066,4096,0.981197
81,2026-03-29T02:21:34.373022+00:00,EQE1,19,5.0,-0.114258,4096,0.981197
81,2026-03-29T02:21:34.373022+00:00,EQE1,20,1.0,0.296875,4096,0.981197
81,2026-03-29T02:21:34.373022+00:00,EQE1,20,3.0,-0.000488,4096,0.981197
81,2026-03-29T02:21:34.373022+00:00,EQE1,20,5.0,-0.083008,4096,0.981197
81,2026-03-29T02:21:34.373022+00:00,EQE1,21,1.0,0.294922,4096,0.981197
81,2026-03-29T02:21:34.373022+00:00,EQE1,21,3.0,-0.010742,4096,0.981197
81,2026-03-29T02:21:34.373022+00:00,EQE1,21,5.0,-0.089355,4096,0.981197
81,2026-03-29T02:21:34.373022+00:00,EQE1,22,1.0,0.279785,4096,0.981197
81,2026-03-29T02:21:34.373022+00:00,EQE1,22,3.0,0.010254,4096,0.981197
81,2026-03-29T02:21:34.373022+00:00,EQE1,22,5.0,-0.093262,4096,0.981197
81,2026-03-29T02:21:34.373022+00:00,EQE1,23,1.0,0.278809,4096,0.981197
81,2026-03-29T02:21:34.373022+00:00,EQE1,23,3.0,0.019043,4096,0.981197
81,2026-03-29T02:21:34.373022+00:00,EQE1,23,5.0,-0.072266,4096,0.981197
81,2026-03-29T02:21:34.373022+00:00,EQE1,24,1.0,0.271973,4096,0.981197
81,2026-03-29T02:21:34.373022+00:00,EQE1,24,3.0,0.007324,4096,0.981197
81,2026-03-29T02:21:34.373022+00:00,EQE1,24,5.0,-0.099121,4096,0.981197
81,2026-03-29T02:21:34.373022+00:00,EQE1,25,1.0,0.269531,4096,0.981197
81,2026-03-29T02:21:34.373022+00:00,EQE1,25,3.0,-0.005859,4096,0.981197
81,2026-03-29T02:21:34.373022+00:00,EQE1,25,5.0,-0.101562,4096,0.981197
81,2026-03-29T02:21:34.373022+00:00,EQE1,26,1.0,0.251953,4096,0.981197
81,2026-03-29T02:21:34.373022+00:00,EQE1,26,3.0,-0.006836,4096,0.981197
81,2026-03-29T02:21:34.373022+00:00,EQE1,26,5.0,-0.089844,4096,0.981197
81,2026-03-29T02:21:34.373022+00:00,EQE1,27,1.0,0.276367,4096,0.981197
81,2026-03-29T02:21:34.373022+00:00,EQE1,27,3.0,0.006348,4096,0.981197
81,2026-03-29T02:21:34.373022+00:00,EQE1,27,5.0,-0.086426,4096,0.981197
81,2026-03-29T02:21:34.373022+00:00,EQE1,28,1.0,0.272949,4096,0.981197
81,2026-03-29T02:21:34.373022+00:00,EQE1,28,3.0,0.014160,4096,0.981197
81,2026-03-29T02:21:34.373022+00:00,EQE1,28,5.0,-0.097656,4096,0.981197
81,2026-03-29T02:21:34.373022+00:00,EQE1,29,1.0,0.245605,4096,0.981197
81,2026-03-29T02:21:34.373022+00:00,EQE1,29,3.0,0.003906,4096,0.981197
81,2026-03-29T02:21:34.373022+00:00,EQE1,29,5.0,-0.100586,4096,0.981197
82,2026-03-29T02:51:34.373057+00:00,EQE1,0,1.0,0.293457,4096,0.981197
82,2026-03-29T02:51:34.373057+00:00,EQE1,0,3.0,0.028320,4096,0.981197
82,2026-03-29T02:51:34.373057+00:00,EQE1,0,5.0,-0.089355,4096,0.981197
82,2026-03-29T02:51:34.373057+00:00,EQE1,1,1.0,0.289062,4096,0.981197
82,2026-03-29T02:51:34.373057+00:00,EQE1,1,3.0,0.013184,4096,0.981197
82,2026-03-29T02:51:34.373057+00:00,EQE1,1,5.0,-0.112793,4096,0.981197
82,2026-03-29T02:51:34.373057+00:00,EQE1,2,1.0,0.291504,4096,0.981197
82,2026-03-29T02:51:34.373057+00:00,EQE1,2,3.0,0.006348,4096,0.981197
82,2026-03-29T02:51:34.373057+00:00,EQE1,2,5.0,-0.076172,4096,0.981197
82,2026-03-29T02:51:34.373057+00:00,EQE1,3,1.0,0.277344,4096,0.981197
82,2026-03-29T02:51:34.373057+00:00,EQE1,3,3.0,0.012207,4096,0.981197
82,2026-03-29T02:51:34.373057+00:00,EQE1,3,5.0,-0.086914,4096,0.981197
82,2026-03-29T02:51:34.373057+00:00,EQE1,4,1.0,0.307129,4096,0.981197
82,2026-03-29T02:51:34.373057+00:00,EQE1,4,3.0,0.034668,4096,0.981197
82,2026-03-29T02:51:34.373057+00:00,EQE1,4,5.0,-0.108887,4096,0.981197
82,2026-03-29T02:51:34.373057+00:00,EQE1,5,1.0,0.309570,4096,0.981197
82,2026-03-29T02:51:34.373057+00:00,EQE1,5,3.0,0.005371,4096,0.981197
82,2026-03-29T02:51:34.373057+00:00,EQE1,5,5.0,-0.084473,4096,0.981197
82,2026-03-29T02:51:34.373057+00:00,EQE1,6,1.0,0.273926,4096,0.981197
82,2026-03-29T02:51:34.373057+00:00,EQE1,6,3.0,0.037109,4096,0.981197
82,2026-03-29T02:51:34.373057+00:00,EQE1,6,5.0,-0.091309,4096,0.981197
82,2026-03-29T02:51:34.373057+00:00,EQE1,7,1.0,0.297363,4096,0.981197
82,2026-03-29T02:51:34.373057+00:00,EQE1,7,3.0,0.020020,4096,0.981197
82,2026-03-29T02:51:34.373057+00:00,EQE1,7,5.0,-0.072754,4096,0.981197
82,2026-03-29T02:51:34.373057+00:00,EQE1,8,1.0,0.279785,4096,0.981197
82,2026-03-29T02:51:34.373057+00:00,EQE1,8,3.0,0.003418,4096,0.981197
82,2026-03-29T02:51:34.373057+00:00,EQE1,8,5.0,-0.111328,4096,0.981197
82,2026-03-29T02:51:34.373057+00:00,EQE1,9,1.0,0.299316,4096,0.981197
82,2026-03-29T02:51:34.373057+00:00,EQE1,9,3.0,-0.002930,4096,0.981197
82,2026-03-29T02:51:34.373057+00:00,EQE1,9,5.0,-0.065430,4096,0.981197
82,2026-03-29T02:51:34.373057+00:00,EQE1,10,1.0,0.270020,4096,0.981197
82,2026-03-29T02:51:34.373057+00:00,EQE1,10,3.0,0.010254,4096,0.981197
82,2026-03-29T02:51:34.373057+00:00,EQE1,10,5.0,-0.073242,4096,0.981197
82,2026-03-29T02:51:34.373057+00:00,EQE1,11,1.0,0.261719,4096,0.981197
82,2026-03-29T02:51:34.373057+00:00,EQE1,11,3.0,0.025879,4096,0.981197
82,2026-03-29T02:51:34.373057+00:00,EQE1,11,5.0,-0.099609,4096,0.981197
82,2026-03-29T02:51:34.373057+00:00,EQE1,12,1.0,0.293945,4096,0.981197
82,2026-03-29T02:51:34.373057+00:00,EQE1,12,3.0,0.017090,4096,0.981197
82,2026-03-29T02:51:34.373057+00:00,EQE1,12,5.0,-0.100098,4096,0.981197
82,2026-03-29T02:51:34.373057+00:00,EQE1,13,1.0,0.299316,4096,0.981197
82,2026-03-29T02:51:34.373057+00:00,EQE1,13,3.0,0.016602,4096,0.981197
82,2026-03-29T02:51:34.373057+00:00,EQE1,13,5.0,-0.073730,4096,0.981197
82,2026-03-29T02:51:34.373057+00:00,EQE1,14,1.0,0.277344,4096,0.981197
82,2026-03-29T02:51:34.373057+00:00,EQE1,14,3.0,0.008301,4096,0.981197
82,2026-03-29T02:51:34.373057+00:00,EQE1,14,5.0,-0.073730,4096,0.981197
82,2026-03-29T02:51:34.373057+00:00,EQE1,15,1.0,0.271973,4096,0.981197
82,2026-03-29T02:51:34.373057+00:00,EQE1,15,3.0,0.015625,4096,0.981197
82,2026-03-29T02:51:34.373057+00:00,EQE1,15,5.0,-0.052734,4096,0.981197
82,2026-03-29T02:51:34.373057+00:00,EQE1,16,1.0,0.299805,4096,0.981197
82,2026-03-29T02:51:34.373057+00:00,EQE1,16,3.0,-0.006836,4096,0.981197
82,2026-03-29T02:51:34.373057+00:00,EQE1,16,5.0,-0.104004,4096,0.981197
82,2026-03-29T02:51:34.373057+00:00,EQE1,17,1.0,0.306152,4096,0.981197
82,2026-03-29T02:51:34.373057+00:00,EQE1,17,3.0,0.021973,4096,0.981197
82,2026-03-29T02:51:34.373057+00:00,EQE1,17,5.0,-0.081055,4096,0.981197
82,2026-03-29T02:51:34.373057+00:00,EQE1,18,1.0,0.280762,4096,0.981197
82,2026-03-29T02:51:34.373057+00:00,EQE1,18,3.0,-0.013184,4096,0.981197
82,2026-03-29T02:51:34.373057+00:00,EQE1,18,5.0,-0.120117,4096,0.981197
82,2026-03-29T02:51:34.373057+00:00,EQE1,19,1.0,0.301758,4096,0.981197
82,2026-03-29T02:51:34.373057+00:00,EQE1,19,3.0,0.000977,4096,0.981197
82,2026-03-29T02:51:34.373057+00:00,EQE1,19,5.0,-0.121582,4096,0.981197
82,2026-03-29T02:51:34.373057+00:00,EQE1,20,1.0,0.299316,4096,0.981197
82,2026-03-29T02:51:34.373057+00:00,EQE1,20,3.0,0.006348,4096,0.981197
82,2026-03-29T02:51:34.373057+00:00,EQE1,20,5.0,-0.118164,4096,0.981197
82,2026-03-29T02:51:34.373057+00:00,EQE1,21,1.0,0.292480,4096,0.981197
82,2026-03-29T02:51:34.373057+00:00,EQE1,21,3.0,0.021484,4096,0.981197
82,2026-03-29T02:51:34.373057+00:00,EQE1,21,5.0,-0.089844,4096,0.981197
82,2026-03-29T02:51:34.373057+00:00,EQE1,22,1.0,0.312988,4096,0.981197
82,2026-03-29T02:51:34.373057+00:00,EQE1,22,3.0,0.011230,4096,0.981197
82,2026-03-29T02:51:34.373057+00:00,EQE1,22,5.0,-0.078613,4096,0.981197
82,2026-03-29T02:51:34.373057+00:00,EQE1,23,1.0,0.301758,4096,0.981197
82,2026-03-29T02:51:34.373057+00:00,EQE1,23,3.0,0.005371,4096,0.981197
82,2026-03-29T02:51:34.373057+00:00,EQE1,23,5.0,-0.079102,4096,0.981197
82,2026-03-29T02:51:34.373057+00:00,EQE1,24,1.0,0.283691,4096,0.981197
82,2026-03-29T02:51:34.373057+00:00,EQE1,24,3.0,0.004395,4096,0.981197
82,2026-03-29T02:51:34.373057+00:00,EQE1,24,5.0,-0.108398,4096,0.981197
82,2026-03-29T02:51:34.373057+00:00,EQE1,25,1.0,0.272461,4096,0.981197
82,2026-03-29T02:51:34.373057+00:00,EQE1,25,3.0,0.000488,4096,0.981197
82,2026-03-29T02:51:34.373057+00:00,EQE1,25,5.0,-0.093262,4096,0.981197
82,2026-03-29T02:51:34.373057+00:00,EQE1,26,1.0,0.289062,4096,0.981197
82,2026-03-29T02:51:34.373057+00:00,EQE1,26,3.0,0.024902,4096,0.981197
82,2026-03-29T02:51:34.373057+00:00,EQE1,26,5.0,-0.074219,4096,0.981197
82,2026-03-29T02:51:34.373057+00:00,EQE1,27,1.0,0.307129,4096,0.981197
82,2026-03-29T02:51:34.373057+00:00,EQE1,27,3.0,0.003906,4096,0.981197
82,2026-03-29T02:51:34.373057+00:00,EQE1,27,5.0,-0.118652,4096,0.981197
82,2026-03-29T02:51:34.373057+00:00,EQE1,28,1.0,0.285156,4096,0.981197
82,2026-03-29T02:51:34.373057+00:00,EQE1,28,3.0,0.000977,4096,0.981197
82,2026-03-29T02:51:34.373057+00:00,EQE1,28,5.0,-0.065918,4096,0.981197
82,2026-03-29T02:51:34.373057+00:00,EQE1,29,1.0,0.310059,4096,0.981197
82,2026-03-29T02:51:34.373057+00:00,EQE1,29,3.0,0.009766,4096,0.981197
82,2026-03-29T02:51:34.373057+00:00,EQE1,29,5.0,-0.088867,4096,0.981197
83,2026-03-29T03:21:34.373045+00:00,EQE1,0,1.0,0.280273,4096,0.981197
83,2026-03-29T03:21:34.373045+00:00,EQE1,0,3.0,0.004883,4096,0.981197
83,2026-03-29T03:21:34.373045+00:00,EQE1,0,5.0,-0.077637,4096,0.981197
83,2026-03-29T03:21:34.373045+00:00,EQE1,1,1.0,0.305664,4096,0.981197
83,2026-03-29T03:21:34.373045+00:00,EQE1,1,3.0,-0.025879,4096,0.981197
83,2026-03-29T03:21:34.373045+00:00,EQE1,1,5.0,-0.078613,4096,0.981197
83,2026-03-29T03:21:34.373045+00:00,EQE1,2,1.0,0.260254,4096,0.981197
83,2026-03-29T03:21:34.373045+00:00,EQE1,2,3.0,-0.003906,4096,0.981197
83,2026-03-29T03:21:34.373045+00:00,EQE1,2,5.0,-0.075684,4096,0.981197
83,2026-03-29T03:21:34.373045+00:00,EQE1,3,1.0,0.271973,4096,0.981197
83,2026-03-29T03:21:34.373045+00:00,EQE1,3,3.0,0.010742,4096,0.981197
83,2026-03-29T03:21:34.373045+00:00,EQE1,3,5.0,-0.094238,4096,0.981197
83,2026-03-29T03:21:34.373045+00:00,EQE1,4,1.0,0.304688,4096,0.981197
83,2026-03-29T03:21:34.373045+00:00,EQE1,4,3.0,-0.013184,4096,0.981197
83,2026-03-29T03:21:34.373045+00:00,EQE1,4,5.0,-0.068359,4096,0.981197
83,2026-03-29T03:21:34.373045+00:00,EQE1,5,1.0,0.289551,4096,0.981197
83,2026-03-29T03:21:34.373045+00:00,EQE1,5,3.0,0.014648,4096,0.981197
83,2026-03-29T03:21:34.373045+00:00,EQE1,5,5.0,-0.125977,4096,0.981197
83,2026-03-29T03:21:34.373045+00:00,EQE1,6,1.0,0.284180,4096,0.981197
83,2026-03-29T03:21:34.373045+00:00,EQE1,6,3.0,0.030762,4096,0.981197
83,2026-03-29T03:21:34.373045+00:00,EQE1,6,5.0,-0.087891,4096,0.981197
83,2026-03-29T03:21:34.373045+00:00,EQE1,7,1.0,0.311035,4096,0.981197
83,2026-03-29T03:21:34.373045+00:00,EQE1,7,3.0,0.022949,4096,0.981197
83,2026-03-29T03:21:34.373045+00:00,EQE1,7,5.0,-0.108887,4096,0.981197
83,2026-03-29T03:21:34.373045+00:00,EQE1,8,1.0,0.272461,4096,0.981197
83,2026-03-29T03:21:34.373045+00:00,EQE1,8,3.0,0.029297,4096,0.981197
83,2026-03-29T03:21:34.373045+00:00,EQE1,8,5.0,-0.110840,4096,0.981197
83,2026-03-29T03:21:34.373045+00:00,EQE1,9,1.0,0.285156,4096,0.981197
83,2026-03-29T03:21:34.373045+00:00,EQE1,9,3.0,0.029785,4096,0.981197
83,2026-03-29T03:21:34.373045+00:00,EQE1,9,5.0,-0.109863,4096,0.981197
83,2026-03-29T03:21:34.373045+00:00,EQE1,10,1.0,0.280762,4096,0.981197
83,2026-03-29T03:21:34.373045+00:00,EQE1,10,3.0,0.002441,4096,0.981197
83,2026-03-29T03:21:34.373045+00:00,EQE1,10,5.0,-0.091797,4096,0.981197
83,2026-03-29T03:21:34.373045+00:00,EQE1,11,1.0,0.318848,4096,0.981197
83,2026-03-29T03:21:34.373045+00:00,EQE1,11,3.0,0.024902,4096,0.981197
83,2026-03-29T03:21:34.373045+00:00,EQE1,11,5.0,-0.072266,4096,0.981197
83,2026-03-29T03:21:34.373045+00:00,EQE1,12,1.0,0.308105,4096,0.981197
83,2026-03-29T03:21:34.373045+00:00,EQE1,12,3.0,0.006348,4096,0.981197
83,2026-03-29T03:21:34.373045+00:00,EQE1,12,5.0,-0.078125,4096,0.981197
83,2026-03-29T03:21:34.373045+00:00,EQE1,13,1.0,0.286133,4096,0.981197
83,2026-03-29T03:21:34.373045+00:00,EQE1,13,3.0,0.025391,4096,0.981197
83,2026-03-29T03:21:34.373045+00:00,EQE1,13,5.0,-0.104492,4096,0.981197
83,2026-03-29T03:21:34.373045+00:00,EQE1,14,1.0,0.312988,4096,0.981197
83,2026-03-29T03:21:34.373045+00:00,EQE1,14,3.0,0.001465,4096,0.981197
83,2026-03-29T03:21:34.373045+00:00,EQE1,14,5.0,-0.093750,4096,0.981197
83,2026-03-29T03:21:34.373045+00:00,EQE1,15,1.0,0.268066,4096,0.981197
83,2026-03-29T03:21:34.373045+00:00,EQE1,15,3.0,0.022461,4096,0.981197
83,2026-03-29T03:21:34.373045+00:00,EQE1,15,5.0,-0.084473,4096,0.981197
83,2026-03-29T03:21:34.373045+00:00,EQE1,16,1.0,0.273926,4096,0.981197
83,2026-03-29T03:21:34.373045+00:00,EQE1,16,3.0,-0.018066,4096,0.981197
83,2026-03-29T03:21:34.373045+00:00,EQE1,16,5.0,-0.094727,4096,0.981197
83,2026-03-29T03:21:34.373045+00:00,EQE1,17,1.0,0.305664,4096,0.981197
83,2026-03-29T03:21:34.373045+00:00,EQE1,17,3.0,0.007324,4096,0.981197
83,2026-03-29T03:21:34.373045+00:00,EQE1,17,5.0,-0.122070,4096,0.981197
83,2026-03-29T03:21:34.373045+00:00,EQE1,18,1.0,0.292969,4096,0.981197
83,2026-03-29T03:21:34.373045+00:00,EQE1,18,3.0,0.010742,4096,0.981197
83,2026-03-29T03:21:34.373045+00:00,EQE1,18,5.0,-0.079102,4096,0.981197
83,2026-03-29T03:21:34.373045+00:00,EQE1,19,1.0,0.304199,4096,0.981197
83,2026-03-29T03:21:34.373045+00:00,EQE1,19,3.0,-0.003906,4096,0.981197
83,2026-03-29T03:21:34.373045+00:00,EQE1,19,5.0,-0.101074,4096,0.981197
83,2026-03-29T03:21:34.373045+00:00,EQE1,20,1.0,0.275391,4096,0.981197
83,2026-03-29T03:21:34.373045+00:00,EQE1,20,3.0,0.033203,4096,0.981197
83,2026-03-29T03:21:34.373045+00:00,EQE1,20,5.0,-0.102539,4096,0.981197
83,2026-03-29T03:21:34.373045+00:00,EQE1,21,1.0,0.308105,4096,0.981197
83,2026-03-29T03:21:34.373045+00:00,EQE1,21,3.0,-0.025879,4096,0.981197
83,2026-03-29T03:21:34.373045+00:00,EQE1,21,5.0,-0.087891,4096,0.981197
83,2026-03-29T03:21:34.373045+00:00,EQE1,22,1.0,0.290039,4096,0.981197
83,2026-03-29T03:21:34.373045+00:00,EQE1,22,3.0,0.026367,4096,0.981197
83,2026-03-29T03:21:34.373045+00:00,EQE1,22,5.0,-0.103027,4096,0.981197
83,2026-03-29T03:21:34.373045+00:00,EQE1,23,1.0,0.292969,4096,0.981197
83,2026-03-29T03:21:34.373045+00:00,EQE1,23,3.0,-0.017090,4096,0.981197
83,2026-03-29T03:21:34.373045+00:00,EQE1,23,5.0,-0.062500,4096,0.981197
83,2026-03-29T03:21:34.373045+00:00,EQE1,24,1.0,0.312012,4096,0.981197
83,2026-03-29T03:21:34.373045+00:00,EQE1,24,3.0,0.008301,4096,0.981197
83,2026-03-29T03:21:34.373045+00:00,EQE1,24,5.0,-0.115234,4096,0.981197
83,2026-03-29T03:21:34.373045+00:00,EQE1,25,1.0,0.296875,4096,0.981197
83,2026-03-29T03:21:34.373045+00:00,EQE1,25,3.0,-0.002930,4096,0.981197
83,2026-03-29T03:21:34.373045+00:00,EQE1,25,5.0,-0.084961,4096,0.981197
83,2026-03-29T03:21:34.373045+00:00,EQE1,26,1.0,0.277832,4096,0.981197
83,2026-03-29T03:21:34.373045+00:00,EQE1,26,3.0,0.013672,4096,0.981197
83,2026-03-29T03:21:34.373045+00:00,EQE1,26,5.0,-0.089355,4096,0.981197
83,2026-03-29T03:21:34.373045+00:00,EQE1,27,1.0,0.293457,4096,0.981197
83,2026-03-29T03:21:34.373045+00:00,EQE1,27,3.0,0.010742,4096,0.981197
83,2026-03-29T03:21:34.373045+00:00,EQE1,27,5.0,-0.095703,4096,0.981197
83,2026-03-29T03:21:34.373045+00:00,EQE1,28,1.0,0.288086,4096,0.981197
83,2026-03-29T03:21:34.373045+00:00,EQE1,28,3.0,-0.013184,4096,0.981197
83,2026-03-29T03:21:34.373045+00:00,EQE1,28,5.0,-0.104492,4096,0.981197
83,2026-03-29T03:21:34.373045+00:00,EQE1,29,1.0,0.294434,4096,0.981197
83,2026-03-29T03:21:34.373045+00:00,EQE1,29,3.0,0.000000,4096,0.981197
83,2026-03-29T03:21:34.373045+00:00,EQE1,29,5.0,-0.083496,4096,0.981197
84,2026-03-29T03:51:34.373017+00:00,EQE1,0,1.0,0.320312,4096,0.981197
84,2026-03-29T03:51:34.373017+00:00,EQE1,0,3.0,0.075684,4096,0.981197
84,2026-03-29T03:51:34.373017+00:00,EQE1,0,5.0,-0.165527,4096,0.981197
84,2026-03-29T03:51:34.373017+00:00,EQE1,1,1.0,0.336426,4096,0.981197
84,2026-03-29T03:51:34.373017+00:00,EQE1,1,3.0,0.079590,4096,0.981197
84,2026-03-29T03:51:34.373017+00:00,EQE1,1,5.0,-0.144043,4096,0.981197
84,2026-03-29T03:51:34.373017+00:00,EQE1,2,1.0,0.295898,4096,0.981197
84,2026-03-29T03:51:34.373017+00:00,EQE1,2,3.0,0.092285,4096,0.981197
84,2026-03-29T03:51:34.373017+00:00,EQE1,2,5.0,-0.153809,4096,0.981197
84,2026-03-29T03:51:34.373017+00:00,EQE1,3,1.0,0.310547,4096,0.981197
84,2026-03-29T03:51:34.373017+00:00,EQE1,3,3.0,0.090820,4096,0.981197
84,2026-03-29T03:51:34.373017+00:00,EQE1,3,5.0,-0.167480,4096,0.981197
84,2026-03-29T03:51:34.373017+00:00,EQE1,4,1.0,0.296387,4096,0.981197
84,2026-03-29T03:51:34.373017+00:00,EQE1,4,3.0,0.098145,4096,0.981197
84,2026-03-29T03:51:34.373017+00:00,EQE1,4,5.0,-0.143066,4096,0.981197
84,2026-03-29T03:51:34.373017+00:00,EQE1,5,1.0,0.314453,4096,0.981197
84,2026-03-29T03:51:34.373017+00:00,EQE1,5,3.0,0.082031,4096,0.981197
84,2026-03-29T03:51:34.373017+00:00,EQE1,5,5.0,-0.135742,4096,0.981197
84,2026-03-29T03:51:34.373017+00:00,EQE1,6,1.0,0.338867,4096,0.981197
84,2026-03-29T03:51:34.373017+00:00,EQE1,6,3.0,0.102539,4096,0.981197
84,2026-03-29T03:51:34.373017+00:00,EQE1,6,5.0,-0.150391,4096,0.981197
84,2026-03-29T03:51:34.373017+00:00,EQE1,7,1.0,0.315918,4096,0.981197
84,2026-03-29T03:51:34.373017+00:00,EQE1,7,3.0,0.095703,4096,0.981197
84,2026-03-29T03:51:34.373017+00:00,EQE1,7,5.0,-0.130371,4096,0.981197
84,2026-03-29T03:51:34.373017+00:00,EQE1,8,1.0,0.340332,4096,0.981197
84,2026-03-29T03:51:34.373017+00:00,EQE1,8,3.0,0.104980,4096,0.981197
84,2026-03-29T03:51:34.373017+00:00,EQE1,8,5.0,-0.145996,4096,0.981197
84,2026-03-29T03:51:34.373017+00:00,EQE1,9,1.0,0.309082,4096,0.981197
84,2026-03-29T03:51:34.373017+00:00,EQE1,9,3.0,0.086914,4096,0.981197
84,2026-03-29T03:51:34.373017+00:00,EQE1,9,5.0,-0.174316,4096,0.981197
84,2026-03-29T03:51:34.373017+00:00,EQE1,10,1.0,0.326660,4096,0.981197
84,2026-03-29T03:51:34.373017+00:00,EQE1,10,3.0,0.083984,4096,0.981197
84,2026-03-29T03:51:34.373017+00:00,EQE1,10,5.0,-0.135742,4096,0.981197
84,2026-03-29T03:51:34.373017+00:00,EQE1,11,1.0,0.321777,4096,0.981197
84,2026-03-29T03:51:34.373017+00:00,EQE1,11,3.0,0.078125,4096,0.981197
84,2026-03-29T03:51:34.373017+00:00,EQE1,11,5.0,-0.136230,4096,0.981197
84,2026-03-29T03:51:34.373017+00:00,EQE1,12,1.0,0.333008,4096,0.981197
84,2026-03-29T03:51:34.373017+00:00,EQE1,12,3.0,0.108887,4096,0.981197
84,2026-03-29T03:51:34.373017+00:00,EQE1,12,5.0,-0.150879,4096,0.981197
84,2026-03-29T03:51:34.373017+00:00,EQE1,13,1.0,0.311523,4096,0.981197
84,2026-03-29T03:51:34.373017+00:00,EQE1,13,3.0,0.097168,4096,0.981197
84,2026-03-29T03:51:34.373017+00:00,EQE1,13,5.0,-0.144531,4096,0.981197
84,2026-03-29T03:51:34.373017+00:00,EQE1,14,1.0,0.317383,4096,0.981197
84,2026-03-29T03:51:34.373017+00:00,EQE1,14,3.0,0.106934,4096,0.981197
84,2026-03-29T03:51:34.373017+00:00,EQE1,14,5.0,-0.168945,4096,0.981197
84,2026-03-29T03:51:34.373017+00:00,EQE1,15,1.0,0.308105,4096,0.981197
84,2026-03-29T03:51:34.373017+00:00,EQE1,15,3.0,0.076172,4096,0.981197
84,2026-03-29T03:51:34.373017+00:00,EQE1,15,5.0,-0.157227,4096,0.981197
84,2026-03-29T03:51:34.373017+00:00,EQE1,16,1.0,0.311523,4096,0.981197
84,2026-03-29T03:51:34.373017+00:00,EQE1,16,3.0,0.094238,4096,0.981197
84,2026-03-29T03:51:34.373017+00:00,EQE1,16,5.0,-0.151367,4096,0.981197
84,2026-03-29T03:51:34.373017+00:00,EQE1,17,1.0,0.334473,4096,0.981197
84,2026-03-29T03:51:34.373017+00:00,EQE1,17,3.0,0.112305,4096,0.981197
84,2026-03-29T03:51:34.373017+00:00,EQE1,17,5.0,-0.138672,4096,0.981197
84,2026-03-29T03:51:34.373017+00:00,EQE1,18,1.0,0.310547,4096,0.981197
84,2026-03-29T03:51:34.373017+00:00,EQE1,18,3.0,0.072266,4096,0.981197
84,2026-03-29T03:51:34.373017+00:00,EQE1,18,5.0,-0.156250,4096,0.981197
84,2026-03-29T03:51:34.373017+00:00,EQE1,19,1.0,0.318848,4096,0.981197
84,2026-03-29T03:51:34.373017+00:00,EQE1,19,3.0,0.085938,4096,0.981197
84,2026-03-29T03:51:34.373017+00:00,EQE1,19,5.0,-0.140625,4096,0.981197
84,2026-03-29T03:51:34.373017+00:00,EQE1,20,1.0,0.335938,4096,0.981197
84,2026-03-29T03:51:34.373017+00:00,EQE1,20,3.0,0.095703,4096,0.981197
84,2026-03-29T03:51:34.373017+00:00,EQE1,20,5.0,-0.130859,4096,0.981197
84,2026-03-29T03:51:34.373017+00:00,EQE1,21,1.0,0.315430,4096,0.981197
84,2026-03-29T03:51:34.373017+00:00,EQE1,21,3.0,0.086426,4096,0.981197
84,2026-03-29T03:51:34.373017+00:00,EQE1,21,5.0,-0.153320,4096,0.981197
84,2026-03-29T03:51:34.373017+00:00,EQE1,22,1.0,0.326172,4096,0.981197
84,2026-03-29T03:51:34.373017+00:00,EQE1,22,3.0,0.080078,4096,0.981197
84,2026-03-29T03:51:34.373017+00:00,EQE1,22,5.0,-0.146484,4096,0.981197
84,2026-03-29T03:51:34.373017+00:00,EQE1,23,1.0,0.330078,4096,0.981197
84,2026-03-29T03:51:34.373017+00:00,EQE1,23,3.0,0.068848,4096,0.981197
84,2026-03-29T03:51:34.373017+00:00,EQE1,23,5.0,-0.133301,4096,0.981197
84,2026-03-29T03:51:34.373017+00:00,EQE1,24,1.0,0.325195,4096,0.981197
84,2026-03-29T03:51:34.373017+00:00,EQE1,24,3.0,0.094238,4096,0.981197
84,2026-03-29T03:51:34.373017+00:00,EQE1,24,5.0,-0.121094,4096,0.981197
84,2026-03-29T03:51:34.373017+00:00,EQE1,25,1.0,0.320801,4096,0.981197
84,2026-03-29T03:51:34.373017+00:00,EQE1,25,3.0,0.075195,4096,0.981197
84,2026-03-29T03:51:34.373017+00:00,EQE1,25,5.0,-0.156250,4096,0.981197
84,2026-03-29T03:51:34.373017+00:00,EQE1,26,1.0,0.323730,4096,0.981197
84,2026-03-29T03:51:34.373017+00:00,EQE1,26,3.0,0.110352,4096,0.981197
84,2026-03-29T03:51:34.373017+00:00,EQE1,26,5.0,-0.143066,4096,0.981197
84,2026-03-29T03:51:34.373017+00:00,EQE1,27,1.0,0.321777,4096,0.981197
84,2026-03-29T03:51:34.373017+00:00,EQE1,27,3.0,0.087891,4096,0.981197
84,2026-03-29T03:51:34.373017+00:00,EQE1,27,5.0,-0.153809,4096,0.981197
84,2026-03-29T03:51:34.373017+00:00,EQE1,28,1.0,0.318848,4096,0.981197
84,2026-03-29T03:51:34.373017+00:00,EQE1,28,3.0,0.090332,4096,0.981197
84,2026-03-29T03:51:34.373017+00:00,EQE1,28,5.0,-0.162598,4096,0.981197
84,2026-03-29T03:51:34.373017+00:00,EQE1,29,1.0,0.323242,4096,0.981197
84,2026-03-29T03:51:34.373017+00:00,EQE1,29,3.0,0.091309,4096,0.981197
84,2026-03-29T03:51:34.373017+00:00,EQE1,29,5.0,-0.138672,4096,0.981197
85,2026-03-29T04:21:34.373056+00:00,EQE1,0,1.0,0.300781,4096,0.981197
85,2026-03-29T04:21:34.373056+00:00,EQE1,0,3.0,0.083008,4096,0.981197
85,2026-03-29T04:21:34.373056+00:00,EQE1,0,5.0,-0.137207,4096,0.981197
85,2026-03-29T04:21:34.373056+00:00,EQE1,1,1.0,0.312500,4096,0.981197
85,2026-03-29T04:21:34.373056+00:00,EQE1,1,3.0,0.098633,4096,0.981197
85,2026-03-29T04:21:34.373056+00:00,EQE1,1,5.0,-0.169922,4096,0.981197
85,2026-03-29T04:21:34.373056+00:00,EQE1,2,1.0,0.311035,4096,0.981197
85,2026-03-29T04:21:34.373056+00:00,EQE1,2,3.0,0.081055,4096,0.981197
85,2026-03-29T04:21:34.373056+00:00,EQE1,2,5.0,-0.127930,4096,0.981197
85,2026-03-29T04:21:34.373056+00:00,EQE1,3,1.0,0.298828,4096,0.981197
85,2026-03-29T04:21:34.373056+00:00,EQE1,3,3.0,0.094238,4096,0.981197
85,2026-03-29T04:21:34.373056+00:00,EQE1,3,5.0,-0.149414,4096,0.981197
85,2026-03-29T04:21:34.373056+00:00,EQE1,4,1.0,0.361328,4096,0.981197
85,2026-03-29T04:21:34.373056+00:00,EQE1,4,3.0,0.079590,4096,0.981197
85,2026-03-29T04:21:34.373056+00:00,EQE1,4,5.0,-0.138672,4096,0.981197
85,2026-03-29T04:21:34.373056+00:00,EQE1,5,1.0,0.330566,4096,0.981197
85,2026-03-29T04:21:34.373056+00:00,EQE1,5,3.0,0.105469,4096,0.981197
85,2026-03-29T04:21:34.373056+00:00,EQE1,5,5.0,-0.154785,4096,0.981197
85,2026-03-29T04:21:34.373056+00:00,EQE1,6,1.0,0.341797,4096,0.981197
85,2026-03-29T04:21:34.373056+00:00,EQE1,6,3.0,0.059082,4096,0.981197
85,2026-03-29T04:21:34.373056+00:00,EQE1,6,5.0,-0.121582,4096,0.981197
85,2026-03-29T04:21:34.373056+00:00,EQE1,7,1.0,0.357910,4096,0.981197
85,2026-03-29T04:21:34.373056+00:00,EQE1,7,3.0,0.083984,4096,0.981197
85,2026-03-29T04:21:34.373056+00:00,EQE1,7,5.0,-0.145020,4096,0.981197
85,2026-03-29T04:21:34.373056+00:00,EQE1,8,1.0,0.331543,4096,0.981197
85,2026-03-29T04:21:34.373056+00:00,EQE1,8,3.0,0.062500,4096,0.981197
85,2026-03-29T04:21:34.373056+00:00,EQE1,8,5.0,-0.145996,4096,0.981197
85,2026-03-29T04:21:34.373056+00:00,EQE1,9,1.0,0.317871,4096,0.981197
85,2026-03-29T04:21:34.373056+00:00,EQE1,9,3.0,0.104004,4096,0.981197
85,2026-03-29T04:21:34.373056+00:00,EQE1,9,5.0,-0.130371,4096,0.981197
85,2026-03-29T04:21:34.373056+00:00,EQE1,10,1.0,0.339844,4096,0.981197
85,2026-03-29T04:21:34.373056+00:00,EQE1,10,3.0,0.085938,4096,0.981197
85,2026-03-29T04:21:34.373056+00:00,EQE1,10,5.0,-0.130371,4096,0.981197
85,2026-03-29T04:21:34.373056+00:00,EQE1,11,1.0,0.352051,4096,0.981197
85,2026-03-29T04:21:34.373056+00:00,EQE1,11,3.0,0.080566,4096,0.981197
85,2026-03-29T04:21:34.373056+00:00,EQE1,11,5.0,-0.145996,4096,0.981197
85,2026-03-29T04:21:34.373056+00:00,EQE1,12,1.0,0.342285,4096,0.981197
85,2026-03-29T04:21:34.373056+00:00,EQE1,12,3.0,0.059082,4096,0.981197
85,2026-03-29T04:21:34.373056+00:00,EQE1,12,5.0,-0.157715,4096,0.981197
85,2026-03-29T04:21:34.373056+00:00,EQE1,13,1.0,0.327637,4096,0.981197
85,2026-03-29T04:21:34.373056+00:00,EQE1,13,3.0,0.094727,4096,0.981197
85,2026-03-29T04:21:34.373056+00:00,EQE1,13,5.0,-0.148926,4096,0.981197
85,2026-03-29T04:21:34.373056+00:00,EQE1,14,1.0,0.346680,4096,0.981197
85,2026-03-29T04:21:34.373056+00:00,EQE1,14,3.0,0.101074,4096,0.981197
85,2026-03-29T04:21:34.373056+00:00,EQE1,14,5.0,-0.130859,4096,0.981197
85,2026-03-29T04:21:34.373056+00:00,EQE1,15,1.0,0.351562,4096,0.981197
85,2026-03-29T04:21:34.373056+00:00,EQE1,15,3.0,0.096191,4096,0.981197
85,2026-03-29T04:21:34.373056+00:00,EQE1,15,5.0,-0.161621,4096,0.981197
85,2026-03-29T04:21:34.373056+00:00,EQE1,16,1.0,0.328125,4096,0.981197
85,2026-03-29T04:21:34.373056+00:00,EQE1,16,3.0,0.076660,4096,0.981197
85,2026-03-29T04:21:34.373056+00:00,EQE1,16,5.0,-0.158203,4096,0.981197
85,2026-03-29T04:21:34.373056+00:00,EQE1,17,1.0,0.330078,4096,0.981197
85,2026-03-29T04:21:34.373056+00:00,EQE1,17,3.0,0.098633,4096,0.981197
85,2026-03-29T04:21:34.373056+00:00,EQE1,17,5.0,-0.120605,4096,0.981197
85,2026-03-29T04:21:34.373056+00:00,EQE1,18,1.0,0.326660,4096,0.981197
85,2026-03-29T04:21:34.373056+00:00,EQE1,18,3.0,0.090820,4096,0.981197
85,2026-03-29T04:21:34.373056+00:00,EQE1,18,5.0,-0.131348,4096,0.981197
85,2026-03-29T04:21:34.373056+00:00,EQE1,19,1.0,0.320312,4096,0.981197
85,2026-03-29T04:21:34.373056+00:00,EQE1,19,3.0,0.089844,4096,0.981197
85,2026-03-29T04:21:34.373056+00:00,EQE1,19,5.0,-0.110840,4096,0.981197
85,2026-03-29T04:21:34.373056+00:00,EQE1,20,1.0,0.359375,4096,0.981197
85,2026-03-29T04:21:34.373056+00:00,EQE1,20,3.0,0.103516,4096,0.981197
85,2026-03-29T04:21:34.373056+00:00,EQE1,20,5.0,-0.162109,4096,0.981197
85,2026-03-29T04:21:34.373056+00:00,EQE1,21,1.0,0.330566,4096,0.981197
85,2026-03-29T04:21:34.373056+00:00,EQE1,21,3.0,0.092773,4096,0.981197
85,2026-03-29T04:21:34.373056+00:00,EQE1,21,5.0,-0.144531,4096,0.981197
85,2026-03-29T04:21:34.373056+00:00,EQE1,22,1.0,0.324707,4096,0.981197
85,2026-03-29T04:21:34.373056+00:00,EQE1,22,3.0,0.109375,4096,0.981197
85,2026-03-29T04:21:34.373056+00:00,EQE1,22,5.0,-0.152832,4096,0.981197
85,2026-03-29T04:21:34.373056+00:00,EQE1,23,1.0,0.309082,4096,0.981197
85,2026-03-29T04:21:34.373056+00:00,EQE1,23,3.0,0.093750,4096,0.981197
85,2026-03-29T04:21:34.373056+00:00,EQE1,23,5.0,-0.136719,4096,0.981197
85,2026-03-29T04:21:34.373056+00:00,EQE1,24,1.0,0.355469,4096,0.981197
85,2026-03-29T04:21:34.373056+00:00,EQE1,24,3.0,0.077637,4096,0.981197
85,2026-03-29T04:21:34.373056+00:00,EQE1,24,5.0,-0.157715,4096,0.981197
85,2026-03-29T04:21:34.373056+00:00,EQE1,25,1.0,0.317383,4096,0.981197
85,2026-03-29T04:21:34.373056+00:00,EQE1,25,3.0,0.117188,4096,0.981197
85,2026-03-29T04:21:34.373056+00:00,EQE1,25,5.0,-0.141113,4096,0.981197
85,2026-03-29T04:21:34.373056+00:00,EQE1,26,1.0,0.341309,4096,0.981197
85,2026-03-29T04:21:34.373056+00:00,EQE1,26,3.0,0.069336,4096,0.981197
85,2026-03-29T04:21:34.373056+00:00,EQE1,26,5.0,-0.142578,4096,0.981197
85,2026-03-29T04:21:34.373056+00:00,EQE1,27,1.0,0.320312,4096,0.981197
85,2026-03-29T04:21:34.373056+00:00,EQE1,27,3.0,0.088379,4096,0.981197
85,2026-03-29T04:21:34.373056+00:00,EQE1,27,5.0,-0.135254,4096,0.981197
85,2026-03-29T04:21:34.373056+00:00,EQE1,28,1.0,0.347656,4096,0.981197
85,2026-03-29T04:21:34.373056+00:00,EQE1,28,3.0,0.099609,4096,0.981197
85,2026-03-29T04:21:34.373056+00:00,EQE1,28,5.0,-0.141113,4096,0.981197
85,2026-03-29T04:21:34.373056+00:00,EQE1,29,1.0,0.336914,4096,0.981197
85,2026-03-29T04:21:34.373056+00:00,EQE1,29,3.0,0.090332,4096,0.981197
85,2026-03-29T04:21:34.373056+00:00,EQE1,29,5.0,-0.173340,4096,0.981197
86,2026-03-29T04:51:34.334356+00:00,EQE1,0,1.0,0.326172,4096,0.981197
86,2026-03-29T04:51:34.334356+00:00,EQE1,0,3.0,0.079590,4096,0.981197
86,2026-03-29T04:51:34.334356+00:00,EQE1,0,5.0,-0.107910,4096,0.981197
86,2026-03-29T04:51:34.334356+00:00,EQE1,1,1.0,0.299805,4096,0.981197
86,2026-03-29T04:51:34.334356+00:00,EQE1,1,3.0,0.101562,4096,0.981197
86,2026-03-29T04:51:34.334356+00:00,EQE1,1,5.0,-0.166504,4096,0.981197
86,2026-03-29T04:51:34.334356+00:00,EQE1,2,1.0,0.336426,4096,0.981197
86,2026-03-29T04:51:34.334356+00:00,EQE1,2,3.0,0.070801,4096,0.981197
86,2026-03-29T04:51:34.334356+00:00,EQE1,2,5.0,-0.138184,4096,0.981197
86,2026-03-29T04:51:34.334356+00:00,EQE1,3,1.0,0.334473,4096,0.981197
86,2026-03-29T04:51:34.334356+00:00,EQE1,3,3.0,0.091797,4096,0.981197
86,2026-03-29T04:51:34.334356+00:00,EQE1,3,5.0,-0.159668,4096,0.981197
86,2026-03-29T04:51:34.334356+00:00,EQE1,4,1.0,0.327637,4096,0.981197
86,2026-03-29T04:51:34.334356+00:00,EQE1,4,3.0,0.083984,4096,0.981197
86,2026-03-29T04:51:34.334356+00:00,EQE1,4,5.0,-0.138672,4096,0.981197
86,2026-03-29T04:51:34.334356+00:00,EQE1,5,1.0,0.337891,4096,0.981197
86,2026-03-29T04:51:34.334356+00:00,EQE1,5,3.0,0.109863,4096,0.981197
86,2026-03-29T04:51:34.334356+00:00,EQE1,5,5.0,-0.134277,4096,0.981197
86,2026-03-29T04:51:34.334356+00:00,EQE1,6,1.0,0.329590,4096,0.981197
86,2026-03-29T04:51:34.334356+00:00,EQE1,6,3.0,0.083008,4096,0.981197
86,2026-03-29T04:51:34.334356+00:00,EQE1,6,5.0,-0.153320,4096,0.981197
86,2026-03-29T04:51:34.334356+00:00,EQE1,7,1.0,0.325195,4096,0.981197
86,2026-03-29T04:51:34.334356+00:00,EQE1,7,3.0,0.118164,4096,0.981197
86,2026-03-29T04:51:34.334356+00:00,EQE1,7,5.0,-0.136719,4096,0.981197
86,2026-03-29T04:51:34.334356+00:00,EQE1,8,1.0,0.307129,4096,0.981197
86,2026-03-29T04:51:34.334356+00:00,EQE1,8,3.0,0.070312,4096,0.981197
86,2026-03-29T04:51:34.334356+00:00,EQE1,8,5.0,-0.136230,4096,0.981197
86,2026-03-29T04:51:34.334356+00:00,EQE1,9,1.0,0.331055,4096,0.981197
86,2026-03-29T04:51:34.334356+00:00,EQE1,9,3.0,0.124023,4096,0.981197
86,2026-03-29T04:51:34.334356+00:00,EQE1,9,5.0,-0.149414,4096,0.981197
86,2026-03-29T04:51:34.334356+00:00,EQE1,10,1.0,0.335938,4096,0.981197
86,2026-03-29T04:51:34.334356+00:00,EQE1,10,3.0,0.088867,4096,0.981197
86,2026-03-29T04:51:34.334356+00:00,EQE1,10,5.0,-0.166504,4096,0.981197
86,2026-03-29T04:51:34.334356+00:00,EQE1,11,1.0,0.339844,4096,0.981197
86,2026-03-29T04:51:34.334356+00:00,EQE1,11,3.0,0.093750,4096,0.981197
86,2026-03-29T04:51:34.334356+00:00,EQE1,11,5.0,-0.155273,4096,0.981197
86,2026-03-29T04:51:34.334356+00:00,EQE1,12,1.0,0.351562,4096,0.981197
86,2026-03-29T04:51:34.334356+00:00,EQE1,12,3.0,0.094727,4096,0.981197
86,2026-03-29T04:51:34.334356+00:00,EQE1,12,5.0,-0.170898,4096,0.981197
86,2026-03-29T04:51:34.334356+00:00,EQE1,13,1.0,0.301270,4096,0.981197
86,2026-03-29T04:51:34.334356+00:00,EQE1,13,3.0,0.068848,4096,0.981197
86,2026-03-29T04:51:34.334356+00:00,EQE1,13,5.0,-0.125000,4096,0.981197
86,2026-03-29T04:51:34.334356+00:00,EQE1,14,1.0,0.346680,4096,0.981197
86,2026-03-29T04:51:34.334356+00:00,EQE1,14,3.0,0.082031,4096,0.981197
86,2026-03-29T04:51:34.334356+00:00,EQE1,14,5.0,-0.161621,4096,0.981197
86,2026-03-29T04:51:34.334356+00:00,EQE1,15,1.0,0.338867,4096,0.981197
86,2026-03-29T04:51:34.334356+00:00,EQE1,15,3.0,0.084473,4096,0.981197
86,2026-03-29T04:51:34.334356+00:00,EQE1,15,5.0,-0.152832,4096,0.981197
86,2026-03-29T04:51:34.334356+00:00,EQE1,16,1.0,0.329102,4096,0.981197
86,2026-03-29T04:51:34.334356+00:00,EQE1,16,3.0,0.087402,4096,0.981197
86,2026-03-29T04:51:34.334356+00:00,EQE1,16,5.0,-0.144043,4096,0.981197
86,2026-03-29T04:51:34.334356+00:00,EQE1,17,1.0,0.327148,4096,0.981197
86,2026-03-29T04:51:34.334356+00:00,EQE1,17,3.0,0.079590,4096,0.981197
86,2026-03-29T04:51:34.334356+00:00,EQE1,17,5.0,-0.139160,4096,0.981197
86,2026-03-29T04:51:34.334356+00:00,EQE1,18,1.0,0.315430,4096,0.981197
86,2026-03-29T04:51:34.334356+00:00,EQE1,18,3.0,0.077637,4096,0.981197
86,2026-03-29T04:51:34.334356+00:00,EQE1,18,5.0,-0.141113,4096,0.981197
86,2026-03-29T04:51:34.334356+00:00,EQE1,19,1.0,0.336426,4096,0.981197
86,2026-03-29T04:51:34.334356+00:00,EQE1,19,3.0,0.071777,4096,0.981197
86,2026-03-29T04:51:34.334356+00:00,EQE1,19,5.0,-0.146973,4096,0.981197
86,2026-03-29T04:51:34.334356+00:00,EQE1,20,1.0,0.309570,4096,0.981197
86,2026-03-29T04:51:34.334356+00:00,EQE1,20,3.0,0.063965,4096,0.981197
86,2026-03-29T04:51:34.334356+00:00,EQE1,20,5.0,-0.150879,4096,0.981197
86,2026-03-29T04:51:34.334356+00:00,EQE1,21,1.0,0.317871,4096,0.981197
86,2026-03-29T04:51:34.334356+00:00,EQE1,21,3.0,0.070801,4096,0.981197
86,2026-03-29T04:51:34.334356+00:00,EQE1,21,5.0,-0.153320,4096,0.981197
86,2026-03-29T04:51:34.334356+00:00,EQE1,22,1.0,0.326660,4096,0.981197
86,2026-03-29T04:51:34.334356+00:00,EQE1,22,3.0,0.065918,4096,0.981197
86,2026-03-29T04:51:34.334356+00:00,EQE1,22,5.0,-0.133301,4096,0.981197
86,2026-03-29T04:51:34.334356+00:00,EQE1,23,1.0,0.314453,4096,0.981197
86,2026-03-29T04:51:34.334356+00:00,EQE1,23,3.0,0.075195,4096,0.981197
86,2026-03-29T04:51:34.334356+00:00,EQE1,23,5.0,-0.180176,4096,0.981197
86,2026-03-29T04:51:34.334356+00:00,EQE1,24,1.0,0.318848,4096,0.981197
86,2026-03-29T04:51:34.334356+00:00,EQE1,24,3.0,0.102539,4096,0.981197
86,2026-03-29T04:51:34.334356+00:00,EQE1,24,5.0,-0.123535,4096,0.981197
86,2026-03-29T04:51:34.334356+00:00,EQE1,25,1.0,0.356445,4096,0.981197
86,2026-03-29T04:51:34.334356+00:00,EQE1,25,3.0,0.073730,4096,0.981197
86,2026-03-29T04:51:34.334356+00:00,EQE1,25,5.0,-0.137695,4096,0.981197
86,2026-03-29T04:51:34.334356+00:00,EQE1,26,1.0,0.319824,4096,0.981197
86,2026-03-29T04:51:34.334356+00:00,EQE1,26,3.0,0.079102,4096,0.981197
86,2026-03-29T04:51:34.334356+00:00,EQE1,26,5.0,-0.155762,4096,0.981197
86,2026-03-29T04:51:34.334356+00:00,EQE1,27,1.0,0.322754,4096,0.981197
86,2026-03-29T04:51:34.334356+00:00,EQE1,27,3.0,0.096680,4096,0.981197
86,2026-03-29T04:51:34.334356+00:00,EQE1,27,5.0,-0.126465,4096,0.981197
86,2026-03-29T04:51:34.334356+00:00,EQE1,28,1.0,0.320801,4096,0.981197
86,2026-03-29T04:51:34.334356+00:00,EQE1,28,3.0,0.080566,4096,0.981197
86,2026-03-29T04:51:34.334356+00:00,EQE1,28,5.0,-0.169922,4096,0.981197
86,2026-03-29T04:51:34.334356+00:00,EQE1,29,1.0,0.307617,4096,0.981197
86,2026-03-29T04:51:34.334356+00:00,EQE1,29,3.0,0.097656,4096,0.981197
86,2026-03-29T04:51:34.334356+00:00,EQE1,29,5.0,-0.135742,4096,0.981197
87,2026-03-29T05:21:34.373062+00:00,EQE1,0,1.0,0.334473,4096,0.981197
87,2026-03-29T05:21:34.373062+00:00,EQE1,0,3.0,0.080078,4096,0.981197
87,2026-03-29T05:21:34.373062+00:00,EQE1,0,5.0,-0.155762,4096,0.981197
87,2026-03-29T05:21:34.373062+00:00,EQE1,1,1.0,0.337402,4096,0.981197
87,2026-03-29T05:21:34.373062+00:00,EQE1,1,3.0,0.085938,4096,0.981197
87,2026-03-29T05:21:34.373062+00:00,EQE1,1,5.0,-0.148438,4096,0.981197
87,2026-03-29T05:21:34.373062+00:00,EQE1,2,1.0,0.313477,4096,0.981197
87,2026-03-29T05:21:34.373062+00:00,EQE1,2,3.0,0.081543,4096,0.981197
87,2026-03-29T05:21:34.373062+00:00,EQE1,2,5.0,-0.135254,4096,0.981197
87,2026-03-29T05:21:34.373062+00:00,EQE1,3,1.0,0.336426,4096,0.981197
87,2026-03-29T05:21:34.373062+00:00,EQE1,3,3.0,0.089355,4096,0.981197
87,2026-03-29T05:21:34.373062+00:00,EQE1,3,5.0,-0.164062,4096,0.981197
87,2026-03-29T05:21:34.373062+00:00,EQE1,4,1.0,0.333008,4096,0.981197
87,2026-03-29T05:21:34.373062+00:00,EQE1,4,3.0,0.104004,4096,0.981197
87,2026-03-29T05:21:34.373062+00:00,EQE1,4,5.0,-0.146484,4096,0.981197
87,2026-03-29T05:21:34.373062+00:00,EQE1,5,1.0,0.333984,4096,0.981197
87,2026-03-29T05:21:34.373062+00:00,EQE1,5,3.0,0.088379,4096,0.981197
87,2026-03-29T05:21:34.373062+00:00,EQE1,5,5.0,-0.164551,4096,0.981197
87,2026-03-29T05:21:34.373062+00:00,EQE1,6,1.0,0.331055,4096,0.981197
87,2026-03-29T05:21:34.373062+00:00,EQE1,6,3.0,0.094238,4096,0.981197
87,2026-03-29T05:21:34.373062+00:00,EQE1,6,5.0,-0.147949,4096,0.981197
87,2026-03-29T05:21:34.373062+00:00,EQE1,7,1.0,0.326172,4096,0.981197
87,2026-03-29T05:21:34.373062+00:00,EQE1,7,3.0,0.071289,4096,0.981197
87,2026-03-29T05:21:34.373062+00:00,EQE1,7,5.0,-0.125977,4096,0.981197
87,2026-03-29T05:21:34.373062+00:00,EQE1,8,1.0,0.352539,4096,0.981197
87,2026-03-29T05:21:34.373062+00:00,EQE1,8,3.0,0.122070,4096,0.981197
87,2026-03-29T05:21:34.373062+00:00,EQE1,8,5.0,-0.150879,4096,0.981197
87,2026-03-29T05:21:34.373062+00:00,EQE1,9,1.0,0.334473,4096,0.981197
87,2026-03-29T05:21:34.373062+00:00,EQE1,9,3.0,0.083984,4096,0.981197
87,2026-03-29T05:21:34.373062+00:00,EQE1,9,5.0,-0.162109,4096,0.981197
87,2026-03-29T05:21:34.373062+00:00,EQE1,10,1.0,0.335938,4096,0.981197
87,2026-03-29T05:21:34.373062+00:00,EQE1,10,3.0,0.098145,4096,0.981197
87,2026-03-29T05:21:34.373062+00:00,EQE1,10,5.0,-0.139160,4096,0.981197
87,2026-03-29T05:21:34.373062+00:00,EQE1,11,1.0,0.337891,4096,0.981197
87,2026-03-29T05:21:34.373062+00:00,EQE1,11,3.0,0.107422,4096,0.981197
87,2026-03-29T05:21:34.373062+00:00,EQE1,11,5.0,-0.139160,4096,0.981197
87,2026-03-29T05:21:34.373062+00:00,EQE1,12,1.0,0.331543,4096,0.981197
87,2026-03-29T05:21:34.373062+00:00,EQE1,12,3.0,0.066406,4096,0.981197
87,2026-03-29T05:21:34.373062+00:00,EQE1,12,5.0,-0.156738,4096,0.981197
87,2026-03-29T05:21:34.373062+00:00,EQE1,13,1.0,0.327148,4096,0.981197
87,2026-03-29T05:21:34.373062+00:00,EQE1,13,3.0,0.079102,4096,0.981197
87,2026-03-29T05:21:34.373062+00:00,EQE1,13,5.0,-0.124512,4096,0.981197
87,2026-03-29T05:21:34.373062+00:00,EQE1,14,1.0,0.311523,4096,0.981197
87,2026-03-29T05:21:34.373062+00:00,EQE1,14,3.0,0.085938,4096,0.981197
87,2026-03-29T05:21:34.373062+00:00,EQE1,14,5.0,-0.138184,4096,0.981197
87,2026-03-29T05:21:34.373062+00:00,EQE1,15,1.0,0.338867,4096,0.981197
87,2026-03-29T05:21:34.373062+00:00,EQE1,15,3.0,0.066406,4096,0.981197
87,2026-03-29T05:21:34.373062+00:00,EQE1,15,5.0,-0.159180,4096,0.981197
87,2026-03-29T05:21:34.373062+00:00,EQE1,16,1.0,0.327637,4096,0.981197
87,2026-03-29T05:21:34.373062+00:00,EQE1,16,3.0,0.102051,4096,0.981197
87,2026-03-29T05:21:34.373062+00:00,EQE1,16,5.0,-0.148926,4096,0.981197
87,2026-03-29T05:21:34.373062+00:00,EQE1,17,1.0,0.335938,4096,0.981197
87,2026-03-29T05:21:34.373062+00:00,EQE1,17,3.0,0.101562,4096,0.981197
87,2026-03-29T05:21:34.373062+00:00,EQE1,17,5.0,-0.125488,4096,0.981197
87,2026-03-29T05:21:34.373062+00:00,EQE1,18,1.0,0.339844,4096,0.981197
87,2026-03-29T05:21:34.373062+00:00,EQE1,18,3.0,0.100098,4096,0.981197
87,2026-03-29T05:21:34.373062+00:00,EQE1,18,5.0,-0.161133,4096,0.981197
87,2026-03-29T05:21:34.373062+00:00,EQE1,19,1.0,0.337402,4096,0.981197
87,2026-03-29T05:21:34.373062+00:00,EQE1,19,3.0,0.108398,4096,0.981197
87,2026-03-29T05:21:34.373062+00:00,EQE1,19,5.0,-0.130859,4096,0.981197
87,2026-03-29T05:21:34.373062+00:00,EQE1,20,1.0,0.317383,4096,0.981197
87,2026-03-29T05:21:34.373062+00:00,EQE1,20,3.0,0.111328,4096,0.981197
87,2026-03-29T05:21:34.373062+00:00,EQE1,20,5.0,-0.170410,4096,0.981197
87,2026-03-29T05:21:34.373062+00:00,EQE1,21,1.0,0.342285,4096,0.981197
87,2026-03-29T05:21:34.373062+00:00,EQE1,21,3.0,0.112793,4096,0.981197
87,2026-03-29T05:21:34.373062+00:00,EQE1,21,5.0,-0.166504,4096,0.981197
87,2026-03-29T05:21:34.373062+00:00,EQE1,22,1.0,0.325684,4096,0.981197
87,2026-03-29T05:21:34.373062+00:00,EQE1,22,3.0,0.098633,4096,0.981197
87,2026-03-29T05:21:34.373062+00:00,EQE1,22,5.0,-0.153809,4096,0.981197
87,2026-03-29T05:21:34.373062+00:00,EQE1,23,1.0,0.326172,4096,0.981197
87,2026-03-29T05:21:34.373062+00:00,EQE1,23,3.0,0.080566,4096,0.981197
87,2026-03-29T05:21:34.373062+00:00,EQE1,23,5.0,-0.141113,4096,0.981197
87,2026-03-29T05:21:34.373062+00:00,EQE1,24,1.0,0.349121,4096,0.981197
87,2026-03-29T05:21:34.373062+00:00,EQE1,24,3.0,0.091797,4096,0.981197
87,2026-03-29T05:21:34.373062+00:00,EQE1,24,5.0,-0.162109,4096,0.981197
87,2026-03-29T05:21:34.373062+00:00,EQE1,25,1.0,0.336426,4096,0.981197
87,2026-03-29T05:21:34.373062+00:00,EQE1,25,3.0,0.086426,4096,0.981197
87,2026-03-29T05:21:34.373062+00:00,EQE1,25,5.0,-0.137695,4096,0.981197
87,2026-03-29T05:21:34.373062+00:00,EQE1,26,1.0,0.321777,4096,0.981197
87,2026-03-29T05:21:34.373062+00:00,EQE1,26,3.0,0.105957,4096,0.981197
87,2026-03-29T05:21:34.373062+00:00,EQE1,26,5.0,-0.138184,4096,0.981197
87,2026-03-29T05:21:34.373062+00:00,EQE1,27,1.0,0.305176,4096,0.981197
87,2026-03-29T05:21:34.373062+00:00,EQE1,27,3.0,0.103516,4096,0.981197
87,2026-03-29T05:21:34.373062+00:00,EQE1,27,5.0,-0.156250,4096,0.981197
87,2026-03-29T05:21:34.373062+00:00,EQE1,28,1.0,0.321777,4096,0.981197
87,2026-03-29T05:21:34.373062+00:00,EQE1,28,3.0,0.083984,4096,0.981197
87,2026-03-29T05:21:34.373062+00:00,EQE1,28,5.0,-0.148438,4096,0.981197
87,2026-03-29T05:21:34.373062+00:00,EQE1,29,1.0,0.347168,4096,0.981197
87,2026-03-29T05:21:34.373062+00:00,EQE1,29,3.0,0.112793,4096,0.981197
87,2026-03-29T05:21:34.373062+00:00,EQE1,29,5.0,-0.128418,4096,0.981197
88,2026-03-29T05:51:34.373066+00:00,EQE1,0,1.0,0.346680,4096,0.981197
88,2026-03-29T05:51:34.373066+00:00,EQE1,0,3.0,0.105957,4096,0.981197
88,2026-03-29T05:51:34.373066+00:00,EQE1,0,5.0,-0.138672,4096,0.981197
88,2026-03-29T05:51:34.373066+00:00,EQE1,1,1.0,0.329102,4096,0.981197
88,2026-03-29T05:51:34.373066+00:00,EQE1,1,3.0,0.099121,4096,0.981197
88,2026-03-29T05:51:34.373066+00:00,EQE1,1,5.0,-0.140137,4096,0.981197
88,2026-03-29T05:51:34.373066+00:00,EQE1,2,1.0,0.332031,4096,0.981197
88,2026-03-29T05:51:34.373066+00:00,EQE1,2,3.0,0.094238,4096,0.981197
88,2026-03-29T05:51:34.373066+00:00,EQE1,2,5.0,-0.152344,4096,0.981197
88,2026-03-29T05:51:34.373066+00:00,EQE1,3,1.0,0.358887,4096,0.981197
88,2026-03-29T05:51:34.373066+00:00,EQE1,3,3.0,0.074707,4096,0.981197
88,2026-03-29T05:51:34.373066+00:00,EQE1,3,5.0,-0.125000,4096,0.981197
88,2026-03-29T05:51:34.373066+00:00,EQE1,4,1.0,0.369629,4096,0.981197
88,2026-03-29T05:51:34.373066+00:00,EQE1,4,3.0,0.073242,4096,0.981197
88,2026-03-29T05:51:34.373066+00:00,EQE1,4,5.0,-0.157227,4096,0.981197
88,2026-03-29T05:51:34.373066+00:00,EQE1,5,1.0,0.361816,4096,0.981197
88,2026-03-29T05:51:34.373066+00:00,EQE1,5,3.0,0.082520,4096,0.981197
88,2026-03-29T05:51:34.373066+00:00,EQE1,5,5.0,-0.155273,4096,0.981197
88,2026-03-29T05:51:34.373066+00:00,EQE1,6,1.0,0.360840,4096,0.981197
88,2026-03-29T05:51:34.373066+00:00,EQE1,6,3.0,0.076172,4096,0.981197
88,2026-03-29T05:51:34.373066+00:00,EQE1,6,5.0,-0.137207,4096,0.981197
88,2026-03-29T05:51:34.373066+00:00,EQE1,7,1.0,0.335938,4096,0.981197
88,2026-03-29T05:51:34.373066+00:00,EQE1,7,3.0,0.079590,4096,0.981197
88,2026-03-29T05:51:34.373066+00:00,EQE1,7,5.0,-0.139648,4096,0.981197
88,2026-03-29T05:51:34.373066+00:00,EQE1,8,1.0,0.335449,4096,0.981197
88,2026-03-29T05:51:34.373066+00:00,EQE1,8,3.0,0.069336,4096,0.981197
88,2026-03-29T05:51:34.373066+00:00,EQE1,8,5.0,-0.147949,4096,0.981197
88,2026-03-29T05:51:34.373066+00:00,EQE1,9,1.0,0.332520,4096,0.981197
88,2026-03-29T05:51:34.373066+00:00,EQE1,9,3.0,0.065918,4096,0.981197
88,2026-03-29T05:51:34.373066+00:00,EQE1,9,5.0,-0.115723,4096,0.981197
88,2026-03-29T05:51:34.373066+00:00,EQE1,10,1.0,0.342285,4096,0.981197
88,2026-03-29T05:51:34.373066+00:00,EQE1,10,3.0,0.103516,4096,0.981197
88,2026-03-29T05:51:34.373066+00:00,EQE1,10,5.0,-0.154297,4096,0.981197
88,2026-03-29T05:51:34.373066+00:00,EQE1,11,1.0,0.333496,4096,0.981197
88,2026-03-29T05:51:34.373066+00:00,EQE1,11,3.0,0.102051,4096,0.981197
88,2026-03-29T05:51:34.373066+00:00,EQE1,11,5.0,-0.152832,4096,0.981197
88,2026-03-29T05:51:34.373066+00:00,EQE1,12,1.0,0.365234,4096,0.981197
88,2026-03-29T05:51:34.373066+00:00,EQE1,12,3.0,0.116211,4096,0.981197
88,2026-03-29T05:51:34.373066+00:00,EQE1,12,5.0,-0.145996,4096,0.981197
88,2026-03-29T05:51:34.373066+00:00,EQE1,13,1.0,0.317383,4096,0.981197
88,2026-03-29T05:51:34.373066+00:00,EQE1,13,3.0,0.109375,4096,0.981197
88,2026-03-29T05:51:34.373066+00:00,EQE1,13,5.0,-0.168457,4096,0.981197
88,2026-03-29T05:51:34.373066+00:00,EQE1,14,1.0,0.360352,4096,0.981197
88,2026-03-29T05:51:34.373066+00:00,EQE1,14,3.0,0.109375,4096,0.981197
88,2026-03-29T05:51:34.373066+00:00,EQE1,14,5.0,-0.157715,4096,0.981197
88,2026-03-29T05:51:34.373066+00:00,EQE1,15,1.0,0.355957,4096,0.981197
88,2026-03-29T05:51:34.373066+00:00,EQE1,15,3.0,0.089844,4096,0.981197
88,2026-03-29T05:51:34.373066+00:00,EQE1,15,5.0,-0.176758,4096,0.981197
88,2026-03-29T05:51:34.373066+00:00,EQE1,16,1.0,0.365723,4096,0.981197
88,2026-03-29T05:51:34.373066+00:00,EQE1,16,3.0,0.103027,4096,0.981197
88,2026-03-29T05:51:34.373066+00:00,EQE1,16,5.0,-0.134277,4096,0.981197
88,2026-03-29T05:51:34.373066+00:00,EQE1,17,1.0,0.338379,4096,0.981197
88,2026-03-29T05:51:34.373066+00:00,EQE1,17,3.0,0.109863,4096,0.981197
88,2026-03-29T05:51:34.373066+00:00,EQE1,17,5.0,-0.164062,4096,0.981197
88,2026-03-29T05:51:34.373066+00:00,EQE1,18,1.0,0.351074,4096,0.981197
88,2026-03-29T05:51:34.373066+00:00,EQE1,18,3.0,0.071289,4096,0.981197
88,2026-03-29T05:51:34.373066+00:00,EQE1,18,5.0,-0.153320,4096,0.981197
88,2026-03-29T05:51:34.373066+00:00,EQE1,19,1.0,0.336426,4096,0.981197
88,2026-03-29T05:51:34.373066+00:00,EQE1,19,3.0,0.112793,4096,0.981197
88,2026-03-29T05:51:34.373066+00:00,EQE1,19,5.0,-0.221191,4096,0.981197
88,2026-03-29T05:51:34.373066+00:00,EQE1,20,1.0,0.337402,4096,0.981197
88,2026-03-29T05:51:34.373066+00:00,EQE1,20,3.0,0.083008,4096,0.981197
88,2026-03-29T05:51:34.373066+00:00,EQE1,20,5.0,-0.137695,4096,0.981197
88,2026-03-29T05:51:34.373066+00:00,EQE1,21,1.0,0.365234,4096,0.981197
88,2026-03-29T05:51:34.373066+00:00,EQE1,21,3.0,0.087402,4096,0.981197
88,2026-03-29T05:51:34.373066+00:00,EQE1,21,5.0,-0.155762,4096,0.981197
88,2026-03-29T05:51:34.373066+00:00,EQE1,22,1.0,0.344727,4096,0.981197
88,2026-03-29T05:51:34.373066+00:00,EQE1,22,3.0,0.082031,4096,0.981197
88,2026-03-29T05:51:34.373066+00:00,EQE1,22,5.0,-0.164062,4096,0.981197
88,2026-03-29T05:51:34.373066+00:00,EQE1,23,1.0,0.338867,4096,0.981197
88,2026-03-29T05:51:34.373066+00:00,EQE1,23,3.0,0.104492,4096,0.981197
88,2026-03-29T05:51:34.373066+00:00,EQE1,23,5.0,-0.146484,4096,0.981197
88,2026-03-29T05:51:34.373066+00:00,EQE1,24,1.0,0.354980,4096,0.981197
88,2026-03-29T05:51:34.373066+00:00,EQE1,24,3.0,0.083496,4096,0.981197
88,2026-03-29T05:51:34.373066+00:00,EQE1,24,5.0,-0.149902,4096,0.981197
88,2026-03-29T05:51:34.373066+00:00,EQE1,25,1.0,0.337402,4096,0.981197
88,2026-03-29T05:51:34.373066+00:00,EQE1,25,3.0,0.098633,4096,0.981197
88,2026-03-29T05:51:34.373066+00:00,EQE1,25,5.0,-0.146484,4096,0.981197
88,2026-03-29T05:51:34.373066+00:00,EQE1,26,1.0,0.345703,4096,0.981197
88,2026-03-29T05:51:34.373066+00:00,EQE1,26,3.0,0.094238,4096,0.981197
88,2026-03-29T05:51:34.373066+00:00,EQE1,26,5.0,-0.150391,4096,0.981197
88,2026-03-29T05:51:34.373066+00:00,EQE1,27,1.0,0.336914,4096,0.981197
88,2026-03-29T05:51:34.373066+00:00,EQE1,27,3.0,0.083984,4096,0.981197
88,2026-03-29T05:51:34.373066+00:00,EQE1,27,5.0,-0.151855,4096,0.981197
88,2026-03-29T05:51:34.373066+00:00,EQE1,28,1.0,0.328613,4096,0.981197
88,2026-03-29T05:51:34.373066+00:00,EQE1,28,3.0,0.110840,4096,0.981197
88,2026-03-29T05:51:34.373066+00:00,EQE1,28,5.0,-0.141602,4096,0.981197
88,2026-03-29T05:51:34.373066+00:00,EQE1,29,1.0,0.330078,4096,0.981197
88,2026-03-29T05:51:34.373066+00:00,EQE1,29,3.0,0.084961,4096,0.981197
88,2026-03-29T05:51:34.373066+00:00,EQE1,29,5.0,-0.171387,4096,0.981197
89,2026-03-29T06:21:34.370657+00:00,EQE1,0,1.0,0.324219,4096,0.981197
89,2026-03-29T06:21:34.370657+00:00,EQE1,0,3.0,0.085938,4096,0.981197
89,2026-03-29T06:21:34.370657+00:00,EQE1,0,5.0,-0.113770,4096,0.981197
89,2026-03-29T06:21:34.370657+00:00,EQE1,1,1.0,0.340820,4096,0.981197
89,2026-03-29T06:21:34.370657+00:00,EQE1,1,3.0,0.109863,4096,0.981197
89,2026-03-29T06:21:34.370657+00:00,EQE1,1,5.0,-0.168457,4096,0.981197
89,2026-03-29T06:21:34.370657+00:00,EQE1,2,1.0,0.334961,4096,0.981197
89,2026-03-29T06:21:34.370657+00:00,EQE1,2,3.0,0.073242,4096,0.981197
89,2026-03-29T06:21:34.370657+00:00,EQE1,2,5.0,-0.149902,4096,0.981197
89,2026-03-29T06:21:34.370657+00:00,EQE1,3,1.0,0.352051,4096,0.981197
89,2026-03-29T06:21:34.370657+00:00,EQE1,3,3.0,0.080078,4096,0.981197
89,2026-03-29T06:21:34.370657+00:00,EQE1,3,5.0,-0.130371,4096,0.981197
89,2026-03-29T06:21:34.370657+00:00,EQE1,4,1.0,0.334473,4096,0.981197
89,2026-03-29T06:21:34.370657+00:00,EQE1,4,3.0,0.078613,4096,0.981197
89,2026-03-29T06:21:34.370657+00:00,EQE1,4,5.0,-0.119141,4096,0.981197
89,2026-03-29T06:21:34.370657+00:00,EQE1,5,1.0,0.334473,4096,0.981197
89,2026-03-29T06:21:34.370657+00:00,EQE1,5,3.0,0.097656,4096,0.981197
89,2026-03-29T06:21:34.370657+00:00,EQE1,5,5.0,-0.135254,4096,0.981197
89,2026-03-29T06:21:34.370657+00:00,EQE1,6,1.0,0.323730,4096,0.981197
89,2026-03-29T06:21:34.370657+00:00,EQE1,6,3.0,0.081543,4096,0.981197
89,2026-03-29T06:21:34.370657+00:00,EQE1,6,5.0,-0.151855,4096,0.981197
89,2026-03-29T06:21:34.370657+00:00,EQE1,7,1.0,0.316406,4096,0.981197
89,2026-03-29T06:21:34.370657+00:00,EQE1,7,3.0,0.069336,4096,0.981197
89,2026-03-29T06:21:34.370657+00:00,EQE1,7,5.0,-0.148438,4096,0.981197
89,2026-03-29T06:21:34.370657+00:00,EQE1,8,1.0,0.307129,4096,0.981197
89,2026-03-29T06:21:34.370657+00:00,EQE1,8,3.0,0.085938,4096,0.981197
89,2026-03-29T06:21:34.370657+00:00,EQE1,8,5.0,-0.155762,4096,0.981197
89,2026-03-29T06:21:34.370657+00:00,EQE1,9,1.0,0.338379,4096,0.981197
89,2026-03-29T06:21:34.370657+00:00,EQE1,9,3.0,0.092773,4096,0.981197
89,2026-03-29T06:21:34.370657+00:00,EQE1,9,5.0,-0.140625,4096,0.981197
89,2026-03-29T06:21:34.370657+00:00,EQE1,10,1.0,0.330078,4096,0.981197
89,2026-03-29T06:21:34.370657+00:00,EQE1,10,3.0,0.039551,4096,0.981197
89,2026-03-29T06:21:34.370657+00:00,EQE1,10,5.0,-0.147949,4096,0.981197
89,2026-03-29T06:21:34.370657+00:00,EQE1,11,1.0,0.318848,4096,0.981197
89,2026-03-29T06:21:34.370657+00:00,EQE1,11,3.0,0.079102,4096,0.981197
89,2026-03-29T06:21:34.370657+00:00,EQE1,11,5.0,-0.144043,4096,0.981197
89,2026-03-29T06:21:34.370657+00:00,EQE1,12,1.0,0.308594,4096,0.981197
89,2026-03-29T06:21:34.370657+00:00,EQE1,12,3.0,0.056641,4096,0.981197
89,2026-03-29T06:21:34.370657+00:00,EQE1,12,5.0,-0.133789,4096,0.981197
89,2026-03-29T06:21:34.370657+00:00,EQE1,13,1.0,0.326660,4096,0.981197
89,2026-03-29T06:21:34.370657+00:00,EQE1,13,3.0,0.080078,4096,0.981197
89,2026-03-29T06:21:34.370657+00:00,EQE1,13,5.0,-0.162598,4096,0.981197
89,2026-03-29T06:21:34.370657+00:00,EQE1,14,1.0,0.313477,4096,0.981197
89,2026-03-29T06:21:34.370657+00:00,EQE1,14,3.0,0.064453,4096,0.981197
89,2026-03-29T06:21:34.370657+00:00,EQE1,14,5.0,-0.146484,4096,0.981197
89,2026-03-29T06:21:34.370657+00:00,EQE1,15,1.0,0.328613,4096,0.981197
89,2026-03-29T06:21:34.370657+00:00,EQE1,15,3.0,0.086914,4096,0.981197
89,2026-03-29T06:21:34.370657+00:00,EQE1,15,5.0,-0.186523,4096,0.981197
89,2026-03-29T06:21:34.370657+00:00,EQE1,16,1.0,0.355957,4096,0.981197
89,2026-03-29T06:21:34.370657+00:00,EQE1,16,3.0,0.118652,4096,0.981197
89,2026-03-29T06:21:34.370657+00:00,EQE1,16,5.0,-0.129883,4096,0.981197
89,2026-03-29T06:21:34.370657+00:00,EQE1,17,1.0,0.297852,4096,0.981197
89,2026-03-29T06:21:34.370657+00:00,EQE1,17,3.0,0.083496,4096,0.981197
89,2026-03-29T06:21:34.370657+00:00,EQE1,17,5.0,-0.127930,4096,0.981197
89,2026-03-29T06:21:34.370657+00:00,EQE1,18,1.0,0.354980,4096,0.981197
89,2026-03-29T06:21:34.370657+00:00,EQE1,18,3.0,0.073242,4096,0.981197
89,2026-03-29T06:21:34.370657+00:00,EQE1,18,5.0,-0.152344,4096,0.981197
89,2026-03-29T06:21:34.370657+00:00,EQE1,19,1.0,0.341309,4096,0.981197
89,2026-03-29T06:21:34.370657+00:00,EQE1,19,3.0,0.096191,4096,0.981197
89,2026-03-29T06:21:34.370657+00:00,EQE1,19,5.0,-0.166992,4096,0.981197
89,2026-03-29T06:21:34.370657+00:00,EQE1,20,1.0,0.318359,4096,0.981197
89,2026-03-29T06:21:34.370657+00:00,EQE1,20,3.0,0.088379,4096,0.981197
89,2026-03-29T06:21:34.370657+00:00,EQE1,20,5.0,-0.138184,4096,0.981197
89,2026-03-29T06:21:34.370657+00:00,EQE1,21,1.0,0.348633,4096,0.981197
89,2026-03-29T06:21:34.370657+00:00,EQE1,21,3.0,0.072754,4096,0.981197
89,2026-03-29T06:21:34.370657+00:00,EQE1,21,5.0,-0.130371,4096,0.981197
89,2026-03-29T06:21:34.370657+00:00,EQE1,22,1.0,0.314453,4096,0.981197
89,2026-03-29T06:21:34.370657+00:00,EQE1,22,3.0,0.092285,4096,0.981197
89,2026-03-29T06:21:34.370657+00:00,EQE1,22,5.0,-0.180176,4096,0.981197
89,2026-03-29T06:21:34.370657+00:00,EQE1,23,1.0,0.340820,4096,0.981197
89,2026-03-29T06:21:34.370657+00:00,EQE1,23,3.0,0.077148,4096,0.981197
89,2026-03-29T06:21:34.370657+00:00,EQE1,23,5.0,-0.138672,4096,0.981197
89,2026-03-29T06:21:34.370657+00:00,EQE1,24,1.0,0.332520,4096,0.981197
89,2026-03-29T06:21:34.370657+00:00,EQE1,24,3.0,0.097656,4096,0.981197
89,2026-03-29T06:21:34.370657+00:00,EQE1,24,5.0,-0.162598,4096,0.981197
89,2026-03-29T06:21:34.370657+00:00,EQE1,25,1.0,0.326172,4096,0.981197
89,2026-03-29T06:21:34.370657+00:00,EQE1,25,3.0,0.081055,4096,0.981197
89,2026-03-29T06:21:34.370657+00:00,EQE1,25,5.0,-0.133301,4096,0.981197
89,2026-03-29T06:21:34.370657+00:00,EQE1,26,1.0,0.344238,4096,0.981197
89,2026-03-29T06:21:34.370657+00:00,EQE1,26,3.0,0.072754,4096,0.981197
89,2026-03-29T06:21:34.370657+00:00,EQE1,26,5.0,-0.124023,4096,0.981197
89,2026-03-29T06:21:34.370657+00:00,EQE1,27,1.0,0.337891,4096,0.981197
89,2026-03-29T06:21:34.370657+00:00,EQE1,27,3.0,0.075684,4096,0.981197
89,2026-03-29T06:21:34.370657+00:00,EQE1,27,5.0,-0.120117,4096,0.981197
89,2026-03-29T06:21:34.370657+00:00,EQE1,28,1.0,0.357910,4096,0.981197
89,2026-03-29T06:21:34.370657+00:00,EQE1,28,3.0,0.085449,4096,0.981197
89,2026-03-29T06:21:34.370657+00:00,EQE1,28,5.0,-0.135742,4096,0.981197
89,2026-03-29T06:21:34.370657+00:00,EQE1,29,1.0,0.339844,4096,0.981197
89,2026-03-29T06:21:34.370657+00:00,EQE1,29,3.0,0.073730,4096,0.981197
89,2026-03-29T06:21:34.370657+00:00,EQE1,29,5.0,-0.187500,4096,0.981197
90,2026-03-29T06:51:34.372903+00:00,EQE1,0,1.0,0.302246,4096,0.981197
90,2026-03-29T06:51:34.372903+00:00,EQE1,0,3.0,0.073730,4096,0.981197
90,2026-03-29T06:51:34.372903+00:00,EQE1,0,5.0,-0.162598,4096,0.981197
90,2026-03-29T06:51:34.372903+00:00,EQE1,1,1.0,0.333496,4096,0.981197
90,2026-03-29T06:51:34.372903+00:00,EQE1,1,3.0,0.083984,4096,0.981197
90,2026-03-29T06:51:34.372903+00:00,EQE1,1,5.0,-0.170410,4096,0.981197
90,2026-03-29T06:51:34.372903+00:00,EQE1,2,1.0,0.348633,4096,0.981197
90,2026-03-29T06:51:34.372903+00:00,EQE1,2,3.0,0.105469,4096,0.981197
90,2026-03-29T06:51:34.372903+00:00,EQE1,2,5.0,-0.135254,4096,0.981197
90,2026-03-29T06:51:34.372903+00:00,EQE1,3,1.0,0.321289,4096,0.981197
90,2026-03-29T06:51:34.372903+00:00,EQE1,3,3.0,0.072266,4096,0.981197
90,2026-03-29T06:51:34.372903+00:00,EQE1,3,5.0,-0.146973,4096,0.981197
90,2026-03-29T06:51:34.372903+00:00,EQE1,4,1.0,0.326172,4096,0.981197
90,2026-03-29T06:51:34.372903+00:00,EQE1,4,3.0,0.101562,4096,0.981197
90,2026-03-29T06:51:34.372903+00:00,EQE1,4,5.0,-0.143066,4096,0.981197
90,2026-03-29T06:51:34.372903+00:00,EQE1,5,1.0,0.374023,4096,0.981197
90,2026-03-29T06:51:34.372903+00:00,EQE1,5,3.0,0.128906,4096,0.981197
90,2026-03-29T06:51:34.372903+00:00,EQE1,5,5.0,-0.129883,4096,0.981197
90,2026-03-29T06:51:34.372903+00:00,EQE1,6,1.0,0.352051,4096,0.981197
90,2026-03-29T06:51:34.372903+00:00,EQE1,6,3.0,0.065918,4096,0.981197
90,2026-03-29T06:51:34.372903+00:00,EQE1,6,5.0,-0.145020,4096,0.981197
90,2026-03-29T06:51:34.372903+00:00,EQE1,7,1.0,0.339844,4096,0.981197
90,2026-03-29T06:51:34.372903+00:00,EQE1,7,3.0,0.075195,4096,0.981197
90,2026-03-29T06:51:34.372903+00:00,EQE1,7,5.0,-0.132812,4096,0.981197
90,2026-03-29T06:51:34.372903+00:00,EQE1,8,1.0,0.363770,4096,0.981197
90,2026-03-29T06:51:34.372903+00:00,EQE1,8,3.0,0.084961,4096,0.981197
90,2026-03-29T06:51:34.372903+00:00,EQE1,8,5.0,-0.139648,4096,0.981197
90,2026-03-29T06:51:34.372903+00:00,EQE1,9,1.0,0.304688,4096,0.981197
90,2026-03-29T06:51:34.372903+00:00,EQE1,9,3.0,0.124023,4096,0.981197
90,2026-03-29T06:51:34.372903+00:00,EQE1,9,5.0,-0.153320,4096,0.981197
90,2026-03-29T06:51:34.372903+00:00,EQE1,10,1.0,0.348633,4096,0.981197
90,2026-03-29T06:51:34.372903+00:00,EQE1,10,3.0,0.092285,4096,0.981197
90,2026-03-29T06:51:34.372903+00:00,EQE1,10,5.0,-0.139648,4096,0.981197
90,2026-03-29T06:51:34.372903+00:00,EQE1,11,1.0,0.347656,4096,0.981197
90,2026-03-29T06:51:34.372903+00:00,EQE1,11,3.0,0.107422,4096,0.981197
90,2026-03-29T06:51:34.372903+00:00,EQE1,11,5.0,-0.168457,4096,0.981197
90,2026-03-29T06:51:34.372903+00:00,EQE1,12,1.0,0.339355,4096,0.981197
90,2026-03-29T06:51:34.372903+00:00,EQE1,12,3.0,0.101562,4096,0.981197
90,2026-03-29T06:51:34.372903+00:00,EQE1,12,5.0,-0.171875,4096,0.981197
90,2026-03-29T06:51:34.372903+00:00,EQE1,13,1.0,0.325195,4096,0.981197
90,2026-03-29T06:51:34.372903+00:00,EQE1,13,3.0,0.068359,4096,0.981197
90,2026-03-29T06:51:34.372903+00:00,EQE1,13,5.0,-0.182129,4096,0.981197
90,2026-03-29T06:51:34.372903+00:00,EQE1,14,1.0,0.301270,4096,0.981197
90,2026-03-29T06:51:34.372903+00:00,EQE1,14,3.0,0.092773,4096,0.981197
90,2026-03-29T06:51:34.372903+00:00,EQE1,14,5.0,-0.146484,4096,0.981197
90,2026-03-29T06:51:34.372903+00:00,EQE1,15,1.0,0.323242,4096,0.981197
90,2026-03-29T06:51:34.372903+00:00,EQE1,15,3.0,0.084961,4096,0.981197
90,2026-03-29T06:51:34.372903+00:00,EQE1,15,5.0,-0.150879,4096,0.981197
90,2026-03-29T06:51:34.372903+00:00,EQE1,16,1.0,0.354492,4096,0.981197
90,2026-03-29T06:51:34.372903+00:00,EQE1,16,3.0,0.092285,4096,0.981197
90,2026-03-29T06:51:34.372903+00:00,EQE1,16,5.0,-0.159668,4096,0.981197
90,2026-03-29T06:51:34.372903+00:00,EQE1,17,1.0,0.346680,4096,0.981197
90,2026-03-29T06:51:34.372903+00:00,EQE1,17,3.0,0.076172,4096,0.981197
90,2026-03-29T06:51:34.372903+00:00,EQE1,17,5.0,-0.148926,4096,0.981197
90,2026-03-29T06:51:34.372903+00:00,EQE1,18,1.0,0.330078,4096,0.981197
90,2026-03-29T06:51:34.372903+00:00,EQE1,18,3.0,0.072266,4096,0.981197
90,2026-03-29T06:51:34.372903+00:00,EQE1,18,5.0,-0.173340,4096,0.981197
90,2026-03-29T06:51:34.372903+00:00,EQE1,19,1.0,0.336914,4096,0.981197
90,2026-03-29T06:51:34.372903+00:00,EQE1,19,3.0,0.080078,4096,0.981197
90,2026-03-29T06:51:34.372903+00:00,EQE1,19,5.0,-0.136230,4096,0.981197
90,2026-03-29T06:51:34.372903+00:00,EQE1,20,1.0,0.331543,4096,0.981197
90,2026-03-29T06:51:34.372903+00:00,EQE1,20,3.0,0.071289,4096,0.981197
90,2026-03-29T06:51:34.372903+00:00,EQE1,20,5.0,-0.188477,4096,0.981197
90,2026-03-29T06:51:34.372903+00:00,EQE1,21,1.0,0.326172,4096,0.981197
90,2026-03-29T06:51:34.372903+00:00,EQE1,21,3.0,0.085938,4096,0.981197
90,2026-03-29T06:51:34.372903+00:00,EQE1,21,5.0,-0.149902,4096,0.981197
90,2026-03-29T06:51:34.372903+00:00,EQE1,22,1.0,0.358887,4096,0.981197
90,2026-03-29T06:51:34.372903+00:00,EQE1,22,3.0,0.073242,4096,0.981197
90,2026-03-29T06:51:34.372903+00:00,EQE1,22,5.0,-0.164062,4096,0.981197
90,2026-03-29T06:51:34.372903+00:00,EQE1,23,1.0,0.351562,4096,0.981197
90,2026-03-29T06:51:34.372903+00:00,EQE1,23,3.0,0.082031,4096,0.981197
90,2026-03-29T06:51:34.372903+00:00,EQE1,23,5.0,-0.131348,4096,0.981197
90,2026-03-29T06:51:34.372903+00:00,EQE1,24,1.0,0.347168,4096,0.981197
90,2026-03-29T06:51:34.372903+00:00,EQE1,24,3.0,0.091309,4096,0.981197
90,2026-03-29T06:51:34.372903+00:00,EQE1,24,5.0,-0.135254,4096,0.981197
90,2026-03-29T06:51:34.372903+00:00,EQE1,25,1.0,0.343262,4096,0.981197
90,2026-03-29T06:51:34.372903+00:00,EQE1,25,3.0,0.097168,4096,0.981197
90,2026-03-29T06:51:34.372903+00:00,EQE1,25,5.0,-0.188477,4096,0.981197
90,2026-03-29T06:51:34.372903+00:00,EQE1,26,1.0,0.325195,4096,0.981197
90,2026-03-29T06:51:34.372903+00:00,EQE1,26,3.0,0.089355,4096,0.981197
90,2026-03-29T06:51:34.372903+00:00,EQE1,26,5.0,-0.124023,4096,0.981197
90,2026-03-29T06:51:34.372903+00:00,EQE1,27,1.0,0.355957,4096,0.981197
90,2026-03-29T06:51:34.372903+00:00,EQE1,27,3.0,0.072754,4096,0.981197
90,2026-03-29T06:51:34.372903+00:00,EQE1,27,5.0,-0.162109,4096,0.981197
90,2026-03-29T06:51:34.372903+00:00,EQE1,28,1.0,0.338379,4096,0.981197
90,2026-03-29T06:51:34.372903+00:00,EQE1,28,3.0,0.089844,4096,0.981197
90,2026-03-29T06:51:34.372903+00:00,EQE1,28,5.0,-0.137695,4096,0.981197
90,2026-03-29T06:51:34.372903+00:00,EQE1,29,1.0,0.356934,4096,0.981197
90,2026-03-29T06:51:34.372903+00:00,EQE1,29,3.0,0.084961,4096,0.981197
90,2026-03-29T06:51:34.372903+00:00,EQE1,29,5.0,-0.131836,4096,0.981197
91,2026-03-29T07:21:34.373073+00:00,EQE1,0,1.0,0.332031,4096,0.981197
91,2026-03-29T07:21:34.373073+00:00,EQE1,0,3.0,0.101562,4096,0.981197
91,2026-03-29T07:21:34.373073+00:00,EQE1,0,5.0,-0.108887,4096,0.981197
91,2026-03-29T07:21:34.373073+00:00,EQE1,1,1.0,0.342773,4096,0.981197
91,2026-03-29T07:21:34.373073+00:00,EQE1,1,3.0,0.069824,4096,0.981197
91,2026-03-29T07:21:34.373073+00:00,EQE1,1,5.0,-0.145996,4096,0.981197
91,2026-03-29T07:21:34.373073+00:00,EQE1,2,1.0,0.321777,4096,0.981197
91,2026-03-29T07:21:34.373073+00:00,EQE1,2,3.0,0.088867,4096,0.981197
91,2026-03-29T07:21:34.373073+00:00,EQE1,2,5.0,-0.142090,4096,0.981197
91,2026-03-29T07:21:34.373073+00:00,EQE1,3,1.0,0.318359,4096,0.981197
91,2026-03-29T07:21:34.373073+00:00,EQE1,3,3.0,0.081055,4096,0.981197
91,2026-03-29T07:21:34.373073+00:00,EQE1,3,5.0,-0.161621,4096,0.981197
91,2026-03-29T07:21:34.373073+00:00,EQE1,4,1.0,0.351074,4096,0.981197
91,2026-03-29T07:21:34.373073+00:00,EQE1,4,3.0,0.108887,4096,0.981197
91,2026-03-29T07:21:34.373073+00:00,EQE1,4,5.0,-0.139648,4096,0.981197
91,2026-03-29T07:21:34.373073+00:00,EQE1,5,1.0,0.326660,4096,0.981197
91,2026-03-29T07:21:34.373073+00:00,EQE1,5,3.0,0.084961,4096,0.981197
91,2026-03-29T07:21:34.373073+00:00,EQE1,5,5.0,-0.159180,4096,0.981197
91,2026-03-29T07:21:34.373073+00:00,EQE1,6,1.0,0.322754,4096,0.981197
91,2026-03-29T07:21:34.373073+00:00,EQE1,6,3.0,0.101074,4096,0.981197
91,2026-03-29T07:21:34.373073+00:00,EQE1,6,5.0,-0.147461,4096,0.981197
91,2026-03-29T07:21:34.373073+00:00,EQE1,7,1.0,0.340820,4096,0.981197
91,2026-03-29T07:21:34.373073+00:00,EQE1,7,3.0,0.105469,4096,0.981197
91,2026-03-29T07:21:34.373073+00:00,EQE1,7,5.0,-0.151855,4096,0.981197
91,2026-03-29T07:21:34.373073+00:00,EQE1,8,1.0,0.331055,4096,0.981197
91,2026-03-29T07:21:34.373073+00:00,EQE1,8,3.0,0.080078,4096,0.981197
91,2026-03-29T07:21:34.373073+00:00,EQE1,8,5.0,-0.166016,4096,0.981197
91,2026-03-29T07:21:34.373073+00:00,EQE1,9,1.0,0.318359,4096,0.981197
91,2026-03-29T07:21:34.373073+00:00,EQE1,9,3.0,0.086914,4096,0.981197
91,2026-03-29T07:21:34.373073+00:00,EQE1,9,5.0,-0.149902,4096,0.981197
91,2026-03-29T07:21:34.373073+00:00,EQE1,10,1.0,0.334473,4096,0.981197
91,2026-03-29T07:21:34.373073+00:00,EQE1,10,3.0,0.081543,4096,0.981197
91,2026-03-29T07:21:34.373073+00:00,EQE1,10,5.0,-0.142578,4096,0.981197
91,2026-03-29T07:21:34.373073+00:00,EQE1,11,1.0,0.319824,4096,0.981197
91,2026-03-29T07:21:34.373073+00:00,EQE1,11,3.0,0.063477,4096,0.981197
91,2026-03-29T07:21:34.373073+00:00,EQE1,11,5.0,-0.170410,4096,0.981197
91,2026-03-29T07:21:34.373073+00:00,EQE1,12,1.0,0.334473,4096,0.981197
91,2026-03-29T07:21:34.373073+00:00,EQE1,12,3.0,0.066406,4096,0.981197
91,2026-03-29T07:21:34.373073+00:00,EQE1,12,5.0,-0.166504,4096,0.981197
91,2026-03-29T07:21:34.373073+00:00,EQE1,13,1.0,0.321289,4096,0.981197
91,2026-03-29T07:21:34.373073+00:00,EQE1,13,3.0,0.104980,4096,0.981197
91,2026-03-29T07:21:34.373073+00:00,EQE1,13,5.0,-0.147461,4096,0.981197
91,2026-03-29T07:21:34.373073+00:00,EQE1,14,1.0,0.338867,4096,0.981197
91,2026-03-29T07:21:34.373073+00:00,EQE1,14,3.0,0.096680,4096,0.981197
91,2026-03-29T07:21:34.373073+00:00,EQE1,14,5.0,-0.104980,4096,0.981197
91,2026-03-29T07:21:34.373073+00:00,EQE1,15,1.0,0.327637,4096,0.981197
91,2026-03-29T07:21:34.373073+00:00,EQE1,15,3.0,0.062988,4096,0.981197
91,2026-03-29T07:21:34.373073+00:00,EQE1,15,5.0,-0.138672,4096,0.981197
91,2026-03-29T07:21:34.373073+00:00,EQE1,16,1.0,0.341797,4096,0.981197
91,2026-03-29T07:21:34.373073+00:00,EQE1,16,3.0,0.053711,4096,0.981197
91,2026-03-29T07:21:34.373073+00:00,EQE1,16,5.0,-0.143555,4096,0.981197
91,2026-03-29T07:21:34.373073+00:00,EQE1,17,1.0,0.354492,4096,0.981197
91,2026-03-29T07:21:34.373073+00:00,EQE1,17,3.0,0.103027,4096,0.981197
91,2026-03-29T07:21:34.373073+00:00,EQE1,17,5.0,-0.166016,4096,0.981197
91,2026-03-29T07:21:34.373073+00:00,EQE1,18,1.0,0.326660,4096,0.981197
91,2026-03-29T07:21:34.373073+00:00,EQE1,18,3.0,0.100586,4096,0.981197
91,2026-03-29T07:21:34.373073+00:00,EQE1,18,5.0,-0.148926,4096,0.981197
91,2026-03-29T07:21:34.373073+00:00,EQE1,19,1.0,0.324707,4096,0.981197
91,2026-03-29T07:21:34.373073+00:00,EQE1,19,3.0,0.058594,4096,0.981197
91,2026-03-29T07:21:34.373073+00:00,EQE1,19,5.0,-0.172363,4096,0.981197
91,2026-03-29T07:21:34.373073+00:00,EQE1,20,1.0,0.335449,4096,0.981197
91,2026-03-29T07:21:34.373073+00:00,EQE1,20,3.0,0.062500,4096,0.981197
91,2026-03-29T07:21:34.373073+00:00,EQE1,20,5.0,-0.162109,4096,0.981197
91,2026-03-29T07:21:34.373073+00:00,EQE1,21,1.0,0.332031,4096,0.981197
91,2026-03-29T07:21:34.373073+00:00,EQE1,21,3.0,0.074219,4096,0.981197
91,2026-03-29T07:21:34.373073+00:00,EQE1,21,5.0,-0.135742,4096,0.981197
91,2026-03-29T07:21:34.373073+00:00,EQE1,22,1.0,0.344238,4096,0.981197
91,2026-03-29T07:21:34.373073+00:00,EQE1,22,3.0,0.082031,4096,0.981197
91,2026-03-29T07:21:34.373073+00:00,EQE1,22,5.0,-0.128906,4096,0.981197
91,2026-03-29T07:21:34.373073+00:00,EQE1,23,1.0,0.300293,4096,0.981197
91,2026-03-29T07:21:34.373073+00:00,EQE1,23,3.0,0.089844,4096,0.981197
91,2026-03-29T07:21:34.373073+00:00,EQE1,23,5.0,-0.130371,4096,0.981197
91,2026-03-29T07:21:34.373073+00:00,EQE1,24,1.0,0.357910,4096,0.981197
91,2026-03-29T07:21:34.373073+00:00,EQE1,24,3.0,0.080566,4096,0.981197
91,2026-03-29T07:21:34.373073+00:00,EQE1,24,5.0,-0.154785,4096,0.981197
91,2026-03-29T07:21:34.373073+00:00,EQE1,25,1.0,0.332520,4096,0.981197
91,2026-03-29T07:21:34.373073+00:00,EQE1,25,3.0,0.104980,4096,0.981197
91,2026-03-29T07:21:34.373073+00:00,EQE1,25,5.0,-0.150391,4096,0.981197
91,2026-03-29T07:21:34.373073+00:00,EQE1,26,1.0,0.336914,4096,0.981197
91,2026-03-29T07:21:34.373073+00:00,EQE1,26,3.0,0.094727,4096,0.981197
91,2026-03-29T07:21:34.373073+00:00,EQE1,26,5.0,-0.139160,4096,0.981197
91,2026-03-29T07:21:34.373073+00:00,EQE1,27,1.0,0.321777,4096,0.981197
91,2026-03-29T07:21:34.373073+00:00,EQE1,27,3.0,0.080078,4096,0.981197
91,2026-03-29T07:21:34.373073+00:00,EQE1,27,5.0,-0.134277,4096,0.981197
91,2026-03-29T07:21:34.373073+00:00,EQE1,28,1.0,0.340332,4096,0.981197
91,2026-03-29T07:21:34.373073+00:00,EQE1,28,3.0,0.106445,4096,0.981197
91,2026-03-29T07:21:34.373073+00:00,EQE1,28,5.0,-0.148438,4096,0.981197
91,2026-03-29T07:21:34.373073+00:00,EQE1,29,1.0,0.313965,4096,0.981197
91,2026-03-29T07:21:34.373073+00:00,EQE1,29,3.0,0.104004,4096,0.981197
91,2026-03-29T07:21:34.373073+00:00,EQE1,29,5.0,-0.139160,4096,0.981197
92,2026-03-29T07:51:34.372897+00:00,EQE1,0,1.0,0.341797,4096,0.981197
92,2026-03-29T07:51:34.372897+00:00,EQE1,0,3.0,0.083008,4096,0.981197
92,2026-03-29T07:51:34.372897+00:00,EQE1,0,5.0,-0.159180,4096,0.981197
92,2026-03-29T07:51:34.372897+00:00,EQE1,1,1.0,0.340332,4096,0.981197
92,2026-03-29T07:51:34.372897+00:00,EQE1,1,3.0,0.110352,4096,0.981197
92,2026-03-29T07:51:34.372897+00:00,EQE1,1,5.0,-0.125000,4096,0.981197
92,2026-03-29T07:51:34.372897+00:00,EQE1,2,1.0,0.356934,4096,0.981197
92,2026-03-29T07:51:34.372897+00:00,EQE1,2,3.0,0.105957,4096,0.981197
92,2026-03-29T07:51:34.372897+00:00,EQE1,2,5.0,-0.141602,4096,0.981197
92,2026-03-29T07:51:34.372897+00:00,EQE1,3,1.0,0.359375,4096,0.981197
92,2026-03-29T07:51:34.372897+00:00,EQE1,3,3.0,0.083984,4096,0.981197
92,2026-03-29T07:51:34.372897+00:00,EQE1,3,5.0,-0.138672,4096,0.981197
92,2026-03-29T07:51:34.372897+00:00,EQE1,4,1.0,0.332031,4096,0.981197
92,2026-03-29T07:51:34.372897+00:00,EQE1,4,3.0,0.095215,4096,0.981197
92,2026-03-29T07:51:34.372897+00:00,EQE1,4,5.0,-0.133789,4096,0.981197
92,2026-03-29T07:51:34.372897+00:00,EQE1,5,1.0,0.345215,4096,0.981197
92,2026-03-29T07:51:34.372897+00:00,EQE1,5,3.0,0.099609,4096,0.981197
92,2026-03-29T07:51:34.372897+00:00,EQE1,5,5.0,-0.150391,4096,0.981197
92,2026-03-29T07:51:34.372897+00:00,EQE1,6,1.0,0.342773,4096,0.981197
92,2026-03-29T07:51:34.372897+00:00,EQE1,6,3.0,0.085449,4096,0.981197
92,2026-03-29T07:51:34.372897+00:00,EQE1,6,5.0,-0.147949,4096,0.981197
92,2026-03-29T07:51:34.372897+00:00,EQE1,7,1.0,0.369629,4096,0.981197
92,2026-03-29T07:51:34.372897+00:00,EQE1,7,3.0,0.084473,4096,0.981197
92,2026-03-29T07:51:34.372897+00:00,EQE1,7,5.0,-0.125000,4096,0.981197
92,2026-03-29T07:51:34.372897+00:00,EQE1,8,1.0,0.297852,4096,0.981197
92,2026-03-29T07:51:34.372897+00:00,EQE1,8,3.0,0.097168,4096,0.981197
92,2026-03-29T07:51:34.372897+00:00,EQE1,8,5.0,-0.123047,4096,0.981197
92,2026-03-29T07:51:34.372897+00:00,EQE1,9,1.0,0.308105,4096,0.981197
92,2026-03-29T07:51:34.372897+00:00,EQE1,9,3.0,0.083008,4096,0.981197
92,2026-03-29T07:51:34.372897+00:00,EQE1,9,5.0,-0.168457,4096,0.981197
92,2026-03-29T07:51:34.372897+00:00,EQE1,10,1.0,0.321289,4096,0.981197
92,2026-03-29T07:51:34.372897+00:00,EQE1,10,3.0,0.096680,4096,0.981197
92,2026-03-29T07:51:34.372897+00:00,EQE1,10,5.0,-0.182617,4096,0.981197
92,2026-03-29T07:51:34.372897+00:00,EQE1,11,1.0,0.353027,4096,0.981197
92,2026-03-29T07:51:34.372897+00:00,EQE1,11,3.0,0.070801,4096,0.981197
92,2026-03-29T07:51:34.372897+00:00,EQE1,11,5.0,-0.161133,4096,0.981197
92,2026-03-29T07:51:34.372897+00:00,EQE1,12,1.0,0.353516,4096,0.981197
92,2026-03-29T07:51:34.372897+00:00,EQE1,12,3.0,0.075684,4096,0.981197
92,2026-03-29T07:51:34.372897+00:00,EQE1,12,5.0,-0.131836,4096,0.981197
92,2026-03-29T07:51:34.372897+00:00,EQE1,13,1.0,0.346191,4096,0.981197
92,2026-03-29T07:51:34.372897+00:00,EQE1,13,3.0,0.072266,4096,0.981197
92,2026-03-29T07:51:34.372897+00:00,EQE1,13,5.0,-0.151367,4096,0.981197
92,2026-03-29T07:51:34.372897+00:00,EQE1,14,1.0,0.316406,4096,0.981197
92,2026-03-29T07:51:34.372897+00:00,EQE1,14,3.0,0.072266,4096,0.981197
92,2026-03-29T07:51:34.372897+00:00,EQE1,14,5.0,-0.160156,4096,0.981197
92,2026-03-29T07:51:34.372897+00:00,EQE1,15,1.0,0.353516,4096,0.981197
92,2026-03-29T07:51:34.372897+00:00,EQE1,15,3.0,0.085449,4096,0.981197
92,2026-03-29T07:51:34.372897+00:00,EQE1,15,5.0,-0.152344,4096,0.981197
92,2026-03-29T07:51:34.372897+00:00,EQE1,16,1.0,0.339355,4096,0.981197
92,2026-03-29T07:51:34.372897+00:00,EQE1,16,3.0,0.111816,4096,0.981197
92,2026-03-29T07:51:34.372897+00:00,EQE1,16,5.0,-0.174805,4096,0.981197
92,2026-03-29T07:51:34.372897+00:00,EQE1,17,1.0,0.332031,4096,0.981197
92,2026-03-29T07:51:34.372897+00:00,EQE1,17,3.0,0.077637,4096,0.981197
92,2026-03-29T07:51:34.372897+00:00,EQE1,17,5.0,-0.128418,4096,0.981197
92,2026-03-29T07:51:34.372897+00:00,EQE1,18,1.0,0.350098,4096,0.981197
92,2026-03-29T07:51:34.372897+00:00,EQE1,18,3.0,0.106445,4096,0.981197
92,2026-03-29T07:51:34.372897+00:00,EQE1,18,5.0,-0.159180,4096,0.981197
92,2026-03-29T07:51:34.372897+00:00,EQE1,19,1.0,0.348633,4096,0.981197
92,2026-03-29T07:51:34.372897+00:00,EQE1,19,3.0,0.103516,4096,0.981197
92,2026-03-29T07:51:34.372897+00:00,EQE1,19,5.0,-0.162598,4096,0.981197
92,2026-03-29T07:51:34.372897+00:00,EQE1,20,1.0,0.358398,4096,0.981197
92,2026-03-29T07:51:34.372897+00:00,EQE1,20,3.0,0.108398,4096,0.981197
92,2026-03-29T07:51:34.372897+00:00,EQE1,20,5.0,-0.139160,4096,0.981197
92,2026-03-29T07:51:34.372897+00:00,EQE1,21,1.0,0.301270,4096,0.981197
92,2026-03-29T07:51:34.372897+00:00,EQE1,21,3.0,0.100098,4096,0.981197
92,2026-03-29T07:51:34.372897+00:00,EQE1,21,5.0,-0.166992,4096,0.981197
92,2026-03-29T07:51:34.372897+00:00,EQE1,22,1.0,0.344238,4096,0.981197
92,2026-03-29T07:51:34.372897+00:00,EQE1,22,3.0,0.068848,4096,0.981197
92,2026-03-29T07:51:34.372897+00:00,EQE1,22,5.0,-0.165527,4096,0.981197
92,2026-03-29T07:51:34.372897+00:00,EQE1,23,1.0,0.334473,4096,0.981197
92,2026-03-29T07:51:34.372897+00:00,EQE1,23,3.0,0.082031,4096,0.981197
92,2026-03-29T07:51:34.372897+00:00,EQE1,23,5.0,-0.142578,4096,0.981197
92,2026-03-29T07:51:34.372897+00:00,EQE1,24,1.0,0.347168,4096,0.981197
92,2026-03-29T07:51:34.372897+00:00,EQE1,24,3.0,0.109863,4096,0.981197
92,2026-03-29T07:51:34.372897+00:00,EQE1,24,5.0,-0.153809,4096,0.981197
92,2026-03-29T07:51:34.372897+00:00,EQE1,25,1.0,0.348633,4096,0.981197
92,2026-03-29T07:51:34.372897+00:00,EQE1,25,3.0,0.090332,4096,0.981197
92,2026-03-29T07:51:34.372897+00:00,EQE1,25,5.0,-0.145020,4096,0.981197
92,2026-03-29T07:51:34.372897+00:00,EQE1,26,1.0,0.298828,4096,0.981197
92,2026-03-29T07:51:34.372897+00:00,EQE1,26,3.0,0.093262,4096,0.981197
92,2026-03-29T07:51:34.372897+00:00,EQE1,26,5.0,-0.152832,4096,0.981197
92,2026-03-29T07:51:34.372897+00:00,EQE1,27,1.0,0.344727,4096,0.981197
92,2026-03-29T07:51:34.372897+00:00,EQE1,27,3.0,0.081543,4096,0.981197
92,2026-03-29T07:51:34.372897+00:00,EQE1,27,5.0,-0.164551,4096,0.981197
92,2026-03-29T07:51:34.372897+00:00,EQE1,28,1.0,0.325195,4096,0.981197
92,2026-03-29T07:51:34.372897+00:00,EQE1,28,3.0,0.066895,4096,0.981197
92,2026-03-29T07:51:34.372897+00:00,EQE1,28,5.0,-0.131348,4096,0.981197
92,2026-03-29T07:51:34.372897+00:00,EQE1,29,1.0,0.317871,4096,0.981197
92,2026-03-29T07:51:34.372897+00:00,EQE1,29,3.0,0.090820,4096,0.981197
92,2026-03-29T07:51:34.372897+00:00,EQE1,29,5.0,-0.135254,4096,0.981197
93,2026-03-29T08:21:34.372935+00:00,EQE1,0,1.0,0.323730,4096,0.981197
93,2026-03-29T08:21:34.372935+00:00,EQE1,0,3.0,0.089355,4096,0.981197
93,2026-03-29T08:21:34.372935+00:00,EQE1,0,5.0,-0.155762,4096,0.981197
93,2026-03-29T08:21:34.372935+00:00,EQE1,1,1.0,0.317871,4096,0.981197
93,2026-03-29T08:21:34.372935+00:00,EQE1,1,3.0,0.071777,4096,0.981197
93,2026-03-29T08:21:34.372935+00:00,EQE1,1,5.0,-0.152832,4096,0.981197
93,2026-03-29T08:21:34.372935+00:00,EQE1,2,1.0,0.339355,4096,0.981197
93,2026-03-29T08:21:34.372935+00:00,EQE1,2,3.0,0.077637,4096,0.981197
93,2026-03-29T08:21:34.372935+00:00,EQE1,2,5.0,-0.160156,4096,0.981197
93,2026-03-29T08:21:34.372935+00:00,EQE1,3,1.0,0.323730,4096,0.981197
93,2026-03-29T08:21:34.372935+00:00,EQE1,3,3.0,0.073242,4096,0.981197
93,2026-03-29T08:21:34.372935+00:00,EQE1,3,5.0,-0.156738,4096,0.981197
93,2026-03-29T08:21:34.372935+00:00,EQE1,4,1.0,0.341797,4096,0.981197
93,2026-03-29T08:21:34.372935+00:00,EQE1,4,3.0,0.086914,4096,0.981197
93,2026-03-29T08:21:34.372935+00:00,EQE1,4,5.0,-0.145996,4096,0.981197
93,2026-03-29T08:21:34.372935+00:00,EQE1,5,1.0,0.352539,4096,0.981197
93,2026-03-29T08:21:34.372935+00:00,EQE1,5,3.0,0.065918,4096,0.981197
93,2026-03-29T08:21:34.372935+00:00,EQE1,5,5.0,-0.136719,4096,0.981197
93,2026-03-29T08:21:34.372935+00:00,EQE1,6,1.0,0.351074,4096,0.981197
93,2026-03-29T08:21:34.372935+00:00,EQE1,6,3.0,0.096191,4096,0.981197
93,2026-03-29T08:21:34.372935+00:00,EQE1,6,5.0,-0.162598,4096,0.981197
93,2026-03-29T08:21:34.372935+00:00,EQE1,7,1.0,0.332520,4096,0.981197
93,2026-03-29T08:21:34.372935+00:00,EQE1,7,3.0,0.121582,4096,0.981197
93,2026-03-29T08:21:34.372935+00:00,EQE1,7,5.0,-0.137695,4096,0.981197
93,2026-03-29T08:21:34.372935+00:00,EQE1,8,1.0,0.368652,4096,0.981197
93,2026-03-29T08:21:34.372935+00:00,EQE1,8,3.0,0.099609,4096,0.981197
93,2026-03-29T08:21:34.372935+00:00,EQE1,8,5.0,-0.161621,4096,0.981197
93,2026-03-29T08:21:34.372935+00:00,EQE1,9,1.0,0.328613,4096,0.981197
93,2026-03-29T08:21:34.372935+00:00,EQE1,9,3.0,0.084473,4096,0.981197
93,2026-03-29T08:21:34.372935+00:00,EQE1,9,5.0,-0.145020,4096,0.981197
93,2026-03-29T08:21:34.372935+00:00,EQE1,10,1.0,0.315918,4096,0.981197
93,2026-03-29T08:21:34.372935+00:00,EQE1,10,3.0,0.091309,4096,0.981197
93,2026-03-29T08:21:34.372935+00:00,EQE1,10,5.0,-0.153320,4096,0.981197
93,2026-03-29T08:21:34.372935+00:00,EQE1,11,1.0,0.335938,4096,0.981197
93,2026-03-29T08:21:34.372935+00:00,EQE1,11,3.0,0.057617,4096,0.981197
93,2026-03-29T08:21:34.372935+00:00,EQE1,11,5.0,-0.161621,4096,0.981197
93,2026-03-29T08:21:34.372935+00:00,EQE1,12,1.0,0.340820,4096,0.981197
93,2026-03-29T08:21:34.372935+00:00,EQE1,12,3.0,0.084961,4096,0.981197
93,2026-03-29T08:21:34.372935+00:00,EQE1,12,5.0,-0.145508,4096,0.981197
93,2026-03-29T08:21:34.372935+00:00,EQE1,13,1.0,0.339844,4096,0.981197
93,2026-03-29T08:21:34.372935+00:00,EQE1,13,3.0,0.065918,4096,0.981197
93,2026-03-29T08:21:34.372935+00:00,EQE1,13,5.0,-0.148926,4096,0.981197
93,2026-03-29T08:21:34.372935+00:00,EQE1,14,1.0,0.343262,4096,0.981197
93,2026-03-29T08:21:34.372935+00:00,EQE1,14,3.0,0.056152,4096,0.981197
93,2026-03-29T08:21:34.372935+00:00,EQE1,14,5.0,-0.176758,4096,0.981197
93,2026-03-29T08:21:34.372935+00:00,EQE1,15,1.0,0.334473,4096,0.981197
93,2026-03-29T08:21:34.372935+00:00,EQE1,15,3.0,0.092285,4096,0.981197
93,2026-03-29T08:21:34.372935+00:00,EQE1,15,5.0,-0.152344,4096,0.981197
93,2026-03-29T08:21:34.372935+00:00,EQE1,16,1.0,0.340332,4096,0.981197
93,2026-03-29T08:21:34.372935+00:00,EQE1,16,3.0,0.069336,4096,0.981197
93,2026-03-29T08:21:34.372935+00:00,EQE1,16,5.0,-0.140137,4096,0.981197
93,2026-03-29T08:21:34.372935+00:00,EQE1,17,1.0,0.340820,4096,0.981197
93,2026-03-29T08:21:34.372935+00:00,EQE1,17,3.0,0.097168,4096,0.981197
93,2026-03-29T08:21:34.372935+00:00,EQE1,17,5.0,-0.145020,4096,0.981197
93,2026-03-29T08:21:34.372935+00:00,EQE1,18,1.0,0.324219,4096,0.981197
93,2026-03-29T08:21:34.372935+00:00,EQE1,18,3.0,0.061523,4096,0.981197
93,2026-03-29T08:21:34.372935+00:00,EQE1,18,5.0,-0.124023,4096,0.981197
93,2026-03-29T08:21:34.372935+00:00,EQE1,19,1.0,0.349609,4096,0.981197
93,2026-03-29T08:21:34.372935+00:00,EQE1,19,3.0,0.108398,4096,0.981197
93,2026-03-29T08:21:34.372935+00:00,EQE1,19,5.0,-0.177246,4096,0.981197
93,2026-03-29T08:21:34.372935+00:00,EQE1,20,1.0,0.329590,4096,0.981197
93,2026-03-29T08:21:34.372935+00:00,EQE1,20,3.0,0.112305,4096,0.981197
93,2026-03-29T08:21:34.372935+00:00,EQE1,20,5.0,-0.142090,4096,0.981197
93,2026-03-29T08:21:34.372935+00:00,EQE1,21,1.0,0.333984,4096,0.981197
93,2026-03-29T08:21:34.372935+00:00,EQE1,21,3.0,0.076172,4096,0.981197
93,2026-03-29T08:21:34.372935+00:00,EQE1,21,5.0,-0.126953,4096,0.981197
93,2026-03-29T08:21:34.372935+00:00,EQE1,22,1.0,0.340332,4096,0.981197
93,2026-03-29T08:21:34.372935+00:00,EQE1,22,3.0,0.072754,4096,0.981197
93,2026-03-29T08:21:34.372935+00:00,EQE1,22,5.0,-0.149414,4096,0.981197
93,2026-03-29T08:21:34.372935+00:00,EQE1,23,1.0,0.330566,4096,0.981197
93,2026-03-29T08:21:34.372935+00:00,EQE1,23,3.0,0.073242,4096,0.981197
93,2026-03-29T08:21:34.372935+00:00,EQE1,23,5.0,-0.161133,4096,0.981197
93,2026-03-29T08:21:34.372935+00:00,EQE1,24,1.0,0.342285,4096,0.981197
93,2026-03-29T08:21:34.372935+00:00,EQE1,24,3.0,0.088379,4096,0.981197
93,2026-03-29T08:21:34.372935+00:00,EQE1,24,5.0,-0.150879,4096,0.981197
93,2026-03-29T08:21:34.372935+00:00,EQE1,25,1.0,0.353027,4096,0.981197
93,2026-03-29T08:21:34.372935+00:00,EQE1,25,3.0,0.070312,4096,0.981197
93,2026-03-29T08:21:34.372935+00:00,EQE1,25,5.0,-0.163574,4096,0.981197
93,2026-03-29T08:21:34.372935+00:00,EQE1,26,1.0,0.339355,4096,0.981197
93,2026-03-29T08:21:34.372935+00:00,EQE1,26,3.0,0.081055,4096,0.981197
93,2026-03-29T08:21:34.372935+00:00,EQE1,26,5.0,-0.161133,4096,0.981197
93,2026-03-29T08:21:34.372935+00:00,EQE1,27,1.0,0.339844,4096,0.981197
93,2026-03-29T08:21:34.372935+00:00,EQE1,27,3.0,0.069336,4096,0.981197
93,2026-03-29T08:21:34.372935+00:00,EQE1,27,5.0,-0.135254,4096,0.981197
93,2026-03-29T08:21:34.372935+00:00,EQE1,28,1.0,0.321777,4096,0.981197
93,2026-03-29T08:21:34.372935+00:00,EQE1,28,3.0,0.080566,4096,0.981197
93,2026-03-29T08:21:34.372935+00:00,EQE1,28,5.0,-0.148438,4096,0.981197
93,2026-03-29T08:21:34.372935+00:00,EQE1,29,1.0,0.328125,4096,0.981197
93,2026-03-29T08:21:34.372935+00:00,EQE1,29,3.0,0.084961,4096,0.981197
93,2026-03-29T08:21:34.372935+00:00,EQE1,29,5.0,-0.150391,4096,0.981197
94,2026-03-29T08:51:34.373046+00:00,EQE1,0,1.0,0.296387,4096,0.981197
94,2026-03-29T08:51:34.373046+00:00,EQE1,0,3.0,0.098145,4096,0.981197
94,2026-03-29T08:51:34.373046+00:00,EQE1,0,5.0,-0.131348,4096,0.981197
94,2026-03-29T08:51:34.373046+00:00,EQE1,1,1.0,0.338379,4096,0.981197
94,2026-03-29T08:51:34.373046+00:00,EQE1,1,3.0,0.061035,4096,0.981197
94,2026-03-29T08:51:34.373046+00:00,EQE1,1,5.0,-0.161621,4096,0.981197
94,2026-03-29T08:51:34.373046+00:00,EQE1,2,1.0,0.337402,4096,0.981197
94,2026-03-29T08:51:34.373046+00:00,EQE1,2,3.0,0.088379,4096,0.981197
94,2026-03-29T08:51:34.373046+00:00,EQE1,2,5.0,-0.156738,4096,0.981197
94,2026-03-29T08:51:34.373046+00:00,EQE1,3,1.0,0.337402,4096,0.981197
94,2026-03-29T08:51:34.373046+00:00,EQE1,3,3.0,0.077637,4096,0.981197
94,2026-03-29T08:51:34.373046+00:00,EQE1,3,5.0,-0.165527,4096,0.981197
94,2026-03-29T08:51:34.373046+00:00,EQE1,4,1.0,0.338867,4096,0.981197
94,2026-03-29T08:51:34.373046+00:00,EQE1,4,3.0,0.074707,4096,0.981197
94,2026-03-29T08:51:34.373046+00:00,EQE1,4,5.0,-0.157715,4096,0.981197
94,2026-03-29T08:51:34.373046+00:00,EQE1,5,1.0,0.317383,4096,0.981197
94,2026-03-29T08:51:34.373046+00:00,EQE1,5,3.0,0.066895,4096,0.981197
94,2026-03-29T08:51:34.373046+00:00,EQE1,5,5.0,-0.173828,4096,0.981197
94,2026-03-29T08:51:34.373046+00:00,EQE1,6,1.0,0.333984,4096,0.981197
94,2026-03-29T08:51:34.373046+00:00,EQE1,6,3.0,0.082520,4096,0.981197
94,2026-03-29T08:51:34.373046+00:00,EQE1,6,5.0,-0.143066,4096,0.981197
94,2026-03-29T08:51:34.373046+00:00,EQE1,7,1.0,0.332520,4096,0.981197
94,2026-03-29T08:51:34.373046+00:00,EQE1,7,3.0,0.081055,4096,0.981197
94,2026-03-29T08:51:34.373046+00:00,EQE1,7,5.0,-0.133301,4096,0.981197
94,2026-03-29T08:51:34.373046+00:00,EQE1,8,1.0,0.341309,4096,0.981197
94,2026-03-29T08:51:34.373046+00:00,EQE1,8,3.0,0.089355,4096,0.981197
94,2026-03-29T08:51:34.373046+00:00,EQE1,8,5.0,-0.125977,4096,0.981197
94,2026-03-29T08:51:34.373046+00:00,EQE1,9,1.0,0.346680,4096,0.981197
94,2026-03-29T08:51:34.373046+00:00,EQE1,9,3.0,0.094238,4096,0.981197
94,2026-03-29T08:51:34.373046+00:00,EQE1,9,5.0,-0.112305,4096,0.981197
94,2026-03-29T08:51:34.373046+00:00,EQE1,10,1.0,0.334961,4096,0.981197
94,2026-03-29T08:51:34.373046+00:00,EQE1,10,3.0,0.113281,4096,0.981197
94,2026-03-29T08:51:34.373046+00:00,EQE1,10,5.0,-0.159668,4096,0.981197
94,2026-03-29T08:51:34.373046+00:00,EQE1,11,1.0,0.329102,4096,0.981197
94,2026-03-29T08:51:34.373046+00:00,EQE1,11,3.0,0.066895,4096,0.981197
94,2026-03-29T08:51:34.373046+00:00,EQE1,11,5.0,-0.128906,4096,0.981197
94,2026-03-29T08:51:34.373046+00:00,EQE1,12,1.0,0.320312,4096,0.981197
94,2026-03-29T08:51:34.373046+00:00,EQE1,12,3.0,0.083496,4096,0.981197
94,2026-03-29T08:51:34.373046+00:00,EQE1,12,5.0,-0.158203,4096,0.981197
94,2026-03-29T08:51:34.373046+00:00,EQE1,13,1.0,0.336426,4096,0.981197
94,2026-03-29T08:51:34.373046+00:00,EQE1,13,3.0,0.076172,4096,0.981197
94,2026-03-29T08:51:34.373046+00:00,EQE1,13,5.0,-0.151367,4096,0.981197
94,2026-03-29T08:51:34.373046+00:00,EQE1,14,1.0,0.310547,4096,0.981197
94,2026-03-29T08:51:34.373046+00:00,EQE1,14,3.0,0.101074,4096,0.981197
94,2026-03-29T08:51:34.373046+00:00,EQE1,14,5.0,-0.151855,4096,0.981197
94,2026-03-29T08:51:34.373046+00:00,EQE1,15,1.0,0.328613,4096,0.981197
94,2026-03-29T08:51:34.373046+00:00,EQE1,15,3.0,0.103027,4096,0.981197
94,2026-03-29T08:51:34.373046+00:00,EQE1,15,5.0,-0.146484,4096,0.981197
94,2026-03-29T08:51:34.373046+00:00,EQE1,16,1.0,0.319824,4096,0.981197
94,2026-03-29T08:51:34.373046+00:00,EQE1,16,3.0,0.081055,4096,0.981197
94,2026-03-29T08:51:34.373046+00:00,EQE1,16,5.0,-0.151367,4096,0.981197
94,2026-03-29T08:51:34.373046+00:00,EQE1,17,1.0,0.328613,4096,0.981197
94,2026-03-29T08:51:34.373046+00:00,EQE1,17,3.0,0.086426,4096,0.981197
94,2026-03-29T08:51:34.373046+00:00,EQE1,17,5.0,-0.191895,4096,0.981197
94,2026-03-29T08:51:34.373046+00:00,EQE1,18,1.0,0.339355,4096,0.981197
94,2026-03-29T08:51:34.373046+00:00,EQE1,18,3.0,0.079102,4096,0.981197
94,2026-03-29T08:51:34.373046+00:00,EQE1,18,5.0,-0.138672,4096,0.981197
94,2026-03-29T08:51:34.373046+00:00,EQE1,19,1.0,0.321777,4096,0.981197
94,2026-03-29T08:51:34.373046+00:00,EQE1,19,3.0,0.078613,4096,0.981197
94,2026-03-29T08:51:34.373046+00:00,EQE1,19,5.0,-0.131836,4096,0.981197
94,2026-03-29T08:51:34.373046+00:00,EQE1,20,1.0,0.336914,4096,0.981197
94,2026-03-29T08:51:34.373046+00:00,EQE1,20,3.0,0.084473,4096,0.981197
94,2026-03-29T08:51:34.373046+00:00,EQE1,20,5.0,-0.177734,4096,0.981197
94,2026-03-29T08:51:34.373046+00:00,EQE1,21,1.0,0.344238,4096,0.981197
94,2026-03-29T08:51:34.373046+00:00,EQE1,21,3.0,0.083008,4096,0.981197
94,2026-03-29T08:51:34.373046+00:00,EQE1,21,5.0,-0.136719,4096,0.981197
94,2026-03-29T08:51:34.373046+00:00,EQE1,22,1.0,0.327637,4096,0.981197
94,2026-03-29T08:51:34.373046+00:00,EQE1,22,3.0,0.097168,4096,0.981197
94,2026-03-29T08:51:34.373046+00:00,EQE1,22,5.0,-0.138184,4096,0.981197
94,2026-03-29T08:51:34.373046+00:00,EQE1,23,1.0,0.344727,4096,0.981197
94,2026-03-29T08:51:34.373046+00:00,EQE1,23,3.0,0.089355,4096,0.981197
94,2026-03-29T08:51:34.373046+00:00,EQE1,23,5.0,-0.166992,4096,0.981197
94,2026-03-29T08:51:34.373046+00:00,EQE1,24,1.0,0.342773,4096,0.981197
94,2026-03-29T08:51:34.373046+00:00,EQE1,24,3.0,0.087891,4096,0.981197
94,2026-03-29T08:51:34.373046+00:00,EQE1,24,5.0,-0.142578,4096,0.981197
94,2026-03-29T08:51:34.373046+00:00,EQE1,25,1.0,0.334961,4096,0.981197
94,2026-03-29T08:51:34.373046+00:00,EQE1,25,3.0,0.089844,4096,0.981197
94,2026-03-29T08:51:34.373046+00:00,EQE1,25,5.0,-0.149902,4096,0.981197
94,2026-03-29T08:51:34.373046+00:00,EQE1,26,1.0,0.349609,4096,0.981197
94,2026-03-29T08:51:34.373046+00:00,EQE1,26,3.0,0.071289,4096,0.981197
94,2026-03-29T08:51:34.373046+00:00,EQE1,26,5.0,-0.164551,4096,0.981197
94,2026-03-29T08:51:34.373046+00:00,EQE1,27,1.0,0.326660,4096,0.981197
94,2026-03-29T08:51:34.373046+00:00,EQE1,27,3.0,0.115723,4096,0.981197
94,2026-03-29T08:51:34.373046+00:00,EQE1,27,5.0,-0.186035,4096,0.981197
94,2026-03-29T08:51:34.373046+00:00,EQE1,28,1.0,0.320801,4096,0.981197
94,2026-03-29T08:51:34.373046+00:00,EQE1,28,3.0,0.096191,4096,0.981197
94,2026-03-29T08:51:34.373046+00:00,EQE1,28,5.0,-0.125000,4096,0.981197
94,2026-03-29T08:51:34.373046+00:00,EQE1,29,1.0,0.326172,4096,0.981197
94,2026-03-29T08:51:34.373046+00:00,EQE1,29,3.0,0.107910,4096,0.981197
94,2026-03-29T08:51:34.373046+00:00,EQE1,29,5.0,-0.169922,4096,0.981197
95,2026-03-29T09:21:34.372919+00:00,EQE1,0,1.0,0.304688,4096,0.981197
95,2026-03-29T09:21:34.372919+00:00,EQE1,0,3.0,0.098633,4096,0.981197
95,2026-03-29T09:21:34.372919+00:00,EQE1,0,5.0,-0.148438,4096,0.981197
95,2026-03-29T09:21:34.372919+00:00,EQE1,1,1.0,0.332031,4096,0.981197
95,2026-03-29T09:21:34.372919+00:00,EQE1,1,3.0,0.112793,4096,0.981197
95,2026-03-29T09:21:34.372919+00:00,EQE1,1,5.0,-0.169922,4096,0.981197
95,2026-03-29T09:21:34.372919+00:00,EQE1,2,1.0,0.334961,4096,0.981197
95,2026-03-29T09:21:34.372919+00:00,EQE1,2,3.0,0.090820,4096,0.981197
95,2026-03-29T09:21:34.372919+00:00,EQE1,2,5.0,-0.151855,4096,0.981197
95,2026-03-29T09:21:34.372919+00:00,EQE1,3,1.0,0.350586,4096,0.981197
95,2026-03-29T09:21:34.372919+00:00,EQE1,3,3.0,0.089355,4096,0.981197
95,2026-03-29T09:21:34.372919+00:00,EQE1,3,5.0,-0.145996,4096,0.981197
95,2026-03-29T09:21:34.372919+00:00,EQE1,4,1.0,0.327637,4096,0.981197
95,2026-03-29T09:21:34.372919+00:00,EQE1,4,3.0,0.083984,4096,0.981197
95,2026-03-29T09:21:34.372919+00:00,EQE1,4,5.0,-0.165039,4096,0.981197
95,2026-03-29T09:21:34.372919+00:00,EQE1,5,1.0,0.316406,4096,0.981197
95,2026-03-29T09:21:34.372919+00:00,EQE1,5,3.0,0.090332,4096,0.981197
95,2026-03-29T09:21:34.372919+00:00,EQE1,5,5.0,-0.149414,4096,0.981197
95,2026-03-29T09:21:34.372919+00:00,EQE1,6,1.0,0.306641,4096,0.981197
95,2026-03-29T09:21:34.372919+00:00,EQE1,6,3.0,0.089844,4096,0.981197
95,2026-03-29T09:21:34.372919+00:00,EQE1,6,5.0,-0.172852,4096,0.981197
95,2026-03-29T09:21:34.372919+00:00,EQE1,7,1.0,0.333008,4096,0.981197
95,2026-03-29T09:21:34.372919+00:00,EQE1,7,3.0,0.082520,4096,0.981197
95,2026-03-29T09:21:34.372919+00:00,EQE1,7,5.0,-0.179199,4096,0.981197
95,2026-03-29T09:21:34.372919+00:00,EQE1,8,1.0,0.344238,4096,0.981197
95,2026-03-29T09:21:34.372919+00:00,EQE1,8,3.0,0.097168,4096,0.981197
95,2026-03-29T09:21:34.372919+00:00,EQE1,8,5.0,-0.162598,4096,0.981197
95,2026-03-29T09:21:34.372919+00:00,EQE1,9,1.0,0.352539,4096,0.981197
95,2026-03-29T09:21:34.372919+00:00,EQE1,9,3.0,0.091797,4096,0.981197
95,2026-03-29T09:21:34.372919+00:00,EQE1,9,5.0,-0.158691,4096,0.981197
95,2026-03-29T09:21:34.372919+00:00,EQE1,10,1.0,0.314453,4096,0.981197
95,2026-03-29T09:21:34.372919+00:00,EQE1,10,3.0,0.090820,4096,0.981197
95,2026-03-29T09:21:34.372919+00:00,EQE1,10,5.0,-0.140137,4096,0.981197
95,2026-03-29T09:21:34.372919+00:00,EQE1,11,1.0,0.321289,4096,0.981197
95,2026-03-29T09:21:34.372919+00:00,EQE1,11,3.0,0.086426,4096,0.981197
95,2026-03-29T09:21:34.372919+00:00,EQE1,11,5.0,-0.172363,4096,0.981197
95,2026-03-29T09:21:34.372919+00:00,EQE1,12,1.0,0.352051,4096,0.981197
95,2026-03-29T09:21:34.372919+00:00,EQE1,12,3.0,0.108887,4096,0.981197
95,2026-03-29T09:21:34.372919+00:00,EQE1,12,5.0,-0.134766,4096,0.981197
95,2026-03-29T09:21:34.372919+00:00,EQE1,13,1.0,0.319824,4096,0.981197
95,2026-03-29T09:21:34.372919+00:00,EQE1,13,3.0,0.080078,4096,0.981197
95,2026-03-29T09:21:34.372919+00:00,EQE1,13,5.0,-0.146973,4096,0.981197
95,2026-03-29T09:21:34.372919+00:00,EQE1,14,1.0,0.347656,4096,0.981197
95,2026-03-29T09:21:34.372919+00:00,EQE1,14,3.0,0.050781,4096,0.981197
95,2026-03-29T09:21:34.372919+00:00,EQE1,14,5.0,-0.161133,4096,0.981197
95,2026-03-29T09:21:34.372919+00:00,EQE1,15,1.0,0.351562,4096,0.981197
95,2026-03-29T09:21:34.372919+00:00,EQE1,15,3.0,0.080078,4096,0.981197
95,2026-03-29T09:21:34.372919+00:00,EQE1,15,5.0,-0.160645,4096,0.981197
95,2026-03-29T09:21:34.372919+00:00,EQE1,16,1.0,0.345215,4096,0.981197
95,2026-03-29T09:21:34.372919+00:00,EQE1,16,3.0,0.073730,4096,0.981197
95,2026-03-29T09:21:34.372919+00:00,EQE1,16,5.0,-0.132812,4096,0.981197
95,2026-03-29T09:21:34.372919+00:00,EQE1,17,1.0,0.354492,4096,0.981197
95,2026-03-29T09:21:34.372919+00:00,EQE1,17,3.0,0.083496,4096,0.981197
95,2026-03-29T09:21:34.372919+00:00,EQE1,17,5.0,-0.156250,4096,0.981197
95,2026-03-29T09:21:34.372919+00:00,EQE1,18,1.0,0.323242,4096,0.981197
95,2026-03-29T09:21:34.372919+00:00,EQE1,18,3.0,0.071777,4096,0.981197
95,2026-03-29T09:21:34.372919+00:00,EQE1,18,5.0,-0.150391,4096,0.981197
95,2026-03-29T09:21:34.372919+00:00,EQE1,19,1.0,0.340820,4096,0.981197
95,2026-03-29T09:21:34.372919+00:00,EQE1,19,3.0,0.070312,4096,0.981197
95,2026-03-29T09:21:34.372919+00:00,EQE1,19,5.0,-0.147461,4096,0.981197
95,2026-03-29T09:21:34.372919+00:00,EQE1,20,1.0,0.304688,4096,0.981197
95,2026-03-29T09:21:34.372919+00:00,EQE1,20,3.0,0.096191,4096,0.981197
95,2026-03-29T09:21:34.372919+00:00,EQE1,20,5.0,-0.167969,4096,0.981197
95,2026-03-29T09:21:34.372919+00:00,EQE1,21,1.0,0.333496,4096,0.981197
95,2026-03-29T09:21:34.372919+00:00,EQE1,21,3.0,0.087402,4096,0.981197
95,2026-03-29T09:21:34.372919+00:00,EQE1,21,5.0,-0.144043,4096,0.981197
95,2026-03-29T09:21:34.372919+00:00,EQE1,22,1.0,0.321289,4096,0.981197
95,2026-03-29T09:21:34.372919+00:00,EQE1,22,3.0,0.090820,4096,0.981197
95,2026-03-29T09:21:34.372919+00:00,EQE1,22,5.0,-0.132324,4096,0.981197
95,2026-03-29T09:21:34.372919+00:00,EQE1,23,1.0,0.328125,4096,0.981197
95,2026-03-29T09:21:34.372919+00:00,EQE1,23,3.0,0.101562,4096,0.981197
95,2026-03-29T09:21:34.372919+00:00,EQE1,23,5.0,-0.149902,4096,0.981197
95,2026-03-29T09:21:34.372919+00:00,EQE1,24,1.0,0.339355,4096,0.981197
95,2026-03-29T09:21:34.372919+00:00,EQE1,24,3.0,0.067871,4096,0.981197
95,2026-03-29T09:21:34.372919+00:00,EQE1,24,5.0,-0.155273,4096,0.981197
95,2026-03-29T09:21:34.372919+00:00,EQE1,25,1.0,0.336426,4096,0.981197
95,2026-03-29T09:21:34.372919+00:00,EQE1,25,3.0,0.079590,4096,0.981197
95,2026-03-29T09:21:34.372919+00:00,EQE1,25,5.0,-0.144531,4096,0.981197
95,2026-03-29T09:21:34.372919+00:00,EQE1,26,1.0,0.341309,4096,0.981197
95,2026-03-29T09:21:34.372919+00:00,EQE1,26,3.0,0.069824,4096,0.981197
95,2026-03-29T09:21:34.372919+00:00,EQE1,26,5.0,-0.158691,4096,0.981197
95,2026-03-29T09:21:34.372919+00:00,EQE1,27,1.0,0.333496,4096,0.981197
95,2026-03-29T09:21:34.372919+00:00,EQE1,27,3.0,0.093262,4096,0.981197
95,2026-03-29T09:21:34.372919+00:00,EQE1,27,5.0,-0.176270,4096,0.981197
95,2026-03-29T09:21:34.372919+00:00,EQE1,28,1.0,0.324219,4096,0.981197
95,2026-03-29T09:21:34.372919+00:00,EQE1,28,3.0,0.069336,4096,0.981197
95,2026-03-29T09:21:34.372919+00:00,EQE1,28,5.0,-0.124023,4096,0.981197
95,2026-03-29T09:21:34.372919+00:00,EQE1,29,1.0,0.286621,4096,0.981197
95,2026-03-29T09:21:34.372919+00:00,EQE1,29,3.0,0.080078,4096,0.981197
95,2026-03-29T09:21:34.372919+00:00,EQE1,29,5.0,-0.165039,4096,0.981197
96,2026-03-29T09:51:34.370705+00:00,EQE1,0,1.0,0.344238,4096,0.981197
96,2026-03-29T09:51:34.370705+00:00,EQE1,0,3.0,0.081543,4096,0.981197
96,2026-03-29T09:51:34.370705+00:00,EQE1,0,5.0,-0.130859,4096,0.981197
96,2026-03-29T09:51:34.370705+00:00,EQE1,1,1.0,0.333984,4096,0.981197
96,2026-03-29T09:51:34.370705+00:00,EQE1,1,3.0,0.078613,4096,0.981197
96,2026-03-29T09:51:34.370705+00:00,EQE1,1,5.0,-0.137207,4096,0.981197
96,2026-03-29T09:51:34.370705+00:00,EQE1,2,1.0,0.318359,4096,0.981197
96,2026-03-29T09:51:34.370705+00:00,EQE1,2,3.0,0.097168,4096,0.981197
96,2026-03-29T09:51:34.370705+00:00,EQE1,2,5.0,-0.138672,4096,0.981197
96,2026-03-29T09:51:34.370705+00:00,EQE1,3,1.0,0.361816,4096,0.981197
96,2026-03-29T09:51:34.370705+00:00,EQE1,3,3.0,0.090820,4096,0.981197
96,2026-03-29T09:51:34.370705+00:00,EQE1,3,5.0,-0.152344,4096,0.981197
96,2026-03-29T09:51:34.370705+00:00,EQE1,4,1.0,0.342773,4096,0.981197
96,2026-03-29T09:51:34.370705+00:00,EQE1,4,3.0,0.071777,4096,0.981197
96,2026-03-29T09:51:34.370705+00:00,EQE1,4,5.0,-0.108398,4096,0.981197
96,2026-03-29T09:51:34.370705+00:00,EQE1,5,1.0,0.310547,4096,0.981197
96,2026-03-29T09:51:34.370705+00:00,EQE1,5,3.0,0.104004,4096,0.981197
96,2026-03-29T09:51:34.370705+00:00,EQE1,5,5.0,-0.142090,4096,0.981197
96,2026-03-29T09:51:34.370705+00:00,EQE1,6,1.0,0.328125,4096,0.981197
96,2026-03-29T09:51:34.370705+00:00,EQE1,6,3.0,0.083984,4096,0.981197
96,2026-03-29T09:51:34.370705+00:00,EQE1,6,5.0,-0.163574,4096,0.981197
96,2026-03-29T09:51:34.370705+00:00,EQE1,7,1.0,0.330078,4096,0.981197
96,2026-03-29T09:51:34.370705+00:00,EQE1,7,3.0,0.090820,4096,0.981197
96,2026-03-29T09:51:34.370705+00:00,EQE1,7,5.0,-0.140137,4096,0.981197
96,2026-03-29T09:51:34.370705+00:00,EQE1,8,1.0,0.348633,4096,0.981197
96,2026-03-29T09:51:34.370705+00:00,EQE1,8,3.0,0.051270,4096,0.981197
96,2026-03-29T09:51:34.370705+00:00,EQE1,8,5.0,-0.169922,4096,0.981197
96,2026-03-29T09:51:34.370705+00:00,EQE1,9,1.0,0.322754,4096,0.981197
96,2026-03-29T09:51:34.370705+00:00,EQE1,9,3.0,0.068359,4096,0.981197
96,2026-03-29T09:51:34.370705+00:00,EQE1,9,5.0,-0.131348,4096,0.981197
96,2026-03-29T09:51:34.370705+00:00,EQE1,10,1.0,0.333984,4096,0.981197
96,2026-03-29T09:51:34.370705+00:00,EQE1,10,3.0,0.071777,4096,0.981197
96,2026-03-29T09:51:34.370705+00:00,EQE1,10,5.0,-0.144043,4096,0.981197
96,2026-03-29T09:51:34.370705+00:00,EQE1,11,1.0,0.327637,4096,0.981197
96,2026-03-29T09:51:34.370705+00:00,EQE1,11,3.0,0.088867,4096,0.981197
96,2026-03-29T09:51:34.370705+00:00,EQE1,11,5.0,-0.138184,4096,0.981197
96,2026-03-29T09:51:34.370705+00:00,EQE1,12,1.0,0.353516,4096,0.981197
96,2026-03-29T09:51:34.370705+00:00,EQE1,12,3.0,0.080566,4096,0.981197
96,2026-03-29T09:51:34.370705+00:00,EQE1,12,5.0,-0.153809,4096,0.981197
96,2026-03-29T09:51:34.370705+00:00,EQE1,13,1.0,0.327148,4096,0.981197
96,2026-03-29T09:51:34.370705+00:00,EQE1,13,3.0,0.089355,4096,0.981197
96,2026-03-29T09:51:34.370705+00:00,EQE1,13,5.0,-0.181152,4096,0.981197
96,2026-03-29T09:51:34.370705+00:00,EQE1,14,1.0,0.309082,4096,0.981197
96,2026-03-29T09:51:34.370705+00:00,EQE1,14,3.0,0.083984,4096,0.981197
96,2026-03-29T09:51:34.370705+00:00,EQE1,14,5.0,-0.184082,4096,0.981197
96,2026-03-29T09:51:34.370705+00:00,EQE1,15,1.0,0.344238,4096,0.981197
96,2026-03-29T09:51:34.370705+00:00,EQE1,15,3.0,0.079102,4096,0.981197
96,2026-03-29T09:51:34.370705+00:00,EQE1,15,5.0,-0.157715,4096,0.981197
96,2026-03-29T09:51:34.370705+00:00,EQE1,16,1.0,0.344238,4096,0.981197
96,2026-03-29T09:51:34.370705+00:00,EQE1,16,3.0,0.073242,4096,0.981197
96,2026-03-29T09:51:34.370705+00:00,EQE1,16,5.0,-0.130859,4096,0.981197
96,2026-03-29T09:51:34.370705+00:00,EQE1,17,1.0,0.327148,4096,0.981197
96,2026-03-29T09:51:34.370705+00:00,EQE1,17,3.0,0.092285,4096,0.981197
96,2026-03-29T09:51:34.370705+00:00,EQE1,17,5.0,-0.140625,4096,0.981197
96,2026-03-29T09:51:34.370705+00:00,EQE1,18,1.0,0.339355,4096,0.981197
96,2026-03-29T09:51:34.370705+00:00,EQE1,18,3.0,0.111816,4096,0.981197
96,2026-03-29T09:51:34.370705+00:00,EQE1,18,5.0,-0.143555,4096,0.981197
96,2026-03-29T09:51:34.370705+00:00,EQE1,19,1.0,0.332031,4096,0.981197
96,2026-03-29T09:51:34.370705+00:00,EQE1,19,3.0,0.079590,4096,0.981197
96,2026-03-29T09:51:34.370705+00:00,EQE1,19,5.0,-0.148438,4096,0.981197
96,2026-03-29T09:51:34.370705+00:00,EQE1,20,1.0,0.350098,4096,0.981197
96,2026-03-29T09:51:34.370705+00:00,EQE1,20,3.0,0.085449,4096,0.981197
96,2026-03-29T09:51:34.370705+00:00,EQE1,20,5.0,-0.132812,4096,0.981197
96,2026-03-29T09:51:34.370705+00:00,EQE1,21,1.0,0.312988,4096,0.981197
96,2026-03-29T09:51:34.370705+00:00,EQE1,21,3.0,0.073242,4096,0.981197
96,2026-03-29T09:51:34.370705+00:00,EQE1,21,5.0,-0.157715,4096,0.981197
96,2026-03-29T09:51:34.370705+00:00,EQE1,22,1.0,0.330078,4096,0.981197
96,2026-03-29T09:51:34.370705+00:00,EQE1,22,3.0,0.073242,4096,0.981197
96,2026-03-29T09:51:34.370705+00:00,EQE1,22,5.0,-0.156738,4096,0.981197
96,2026-03-29T09:51:34.370705+00:00,EQE1,23,1.0,0.332031,4096,0.981197
96,2026-03-29T09:51:34.370705+00:00,EQE1,23,3.0,0.083984,4096,0.981197
96,2026-03-29T09:51:34.370705+00:00,EQE1,23,5.0,-0.138184,4096,0.981197
96,2026-03-29T09:51:34.370705+00:00,EQE1,24,1.0,0.354004,4096,0.981197
96,2026-03-29T09:51:34.370705+00:00,EQE1,24,3.0,0.036621,4096,0.981197
96,2026-03-29T09:51:34.370705+00:00,EQE1,24,5.0,-0.134766,4096,0.981197
96,2026-03-29T09:51:34.370705+00:00,EQE1,25,1.0,0.345703,4096,0.981197
96,2026-03-29T09:51:34.370705+00:00,EQE1,25,3.0,0.079102,4096,0.981197
96,2026-03-29T09:51:34.370705+00:00,EQE1,25,5.0,-0.155762,4096,0.981197
96,2026-03-29T09:51:34.370705+00:00,EQE1,26,1.0,0.340820,4096,0.981197
96,2026-03-29T09:51:34.370705+00:00,EQE1,26,3.0,0.090332,4096,0.981197
96,2026-03-29T09:51:34.370705+00:00,EQE1,26,5.0,-0.137207,4096,0.981197
96,2026-03-29T09:51:34.370705+00:00,EQE1,27,1.0,0.300293,4096,0.981197
96,2026-03-29T09:51:34.370705+00:00,EQE1,27,3.0,0.088867,4096,0.981197
96,2026-03-29T09:51:34.370705+00:00,EQE1,27,5.0,-0.148926,4096,0.981197
96,2026-03-29T09:51:34.370705+00:00,EQE1,28,1.0,0.325195,4096,0.981197
96,2026-03-29T09:51:34.370705+00:00,EQE1,28,3.0,0.087402,4096,0.981197
96,2026-03-29T09:51:34.370705+00:00,EQE1,28,5.0,-0.167969,4096,0.981197
96,2026-03-29T09:51:34.370705+00:00,EQE1,29,1.0,0.322266,4096,0.981197
96,2026-03-29T09:51:34.370705+00:00,EQE1,29,3.0,0.084473,4096,0.981197
96,2026-03-29T09:51:34.370705+00:00,EQE1,29,5.0,-0.168945,4096,0.981197
