pdf_file,csv_paper,csv_rating,scan_candidate,match_tier,pattern_name,page,context_snippet
AbuGhanem - 2024 - Google Quantum AI's Quest for Error-Corrected Quantum Computers.pdf,AbuGhanem,no,partial,weak,limitation-mention,2,"2 To address these limitations [1], error-corrected quan- II. GOOGLE QUANTUM AI tum computers are crucial for advancing quantum tech- nology in the post-NISQ era. These systems ai"
AbuGhanem - 2024 - Google Quantum AI's Quest for Error-Corrected Quantum Computers.pdf,AbuGhanem,no,partial,weak,limitation-mention,8,"187–196] and (VQAs) as a promising approach to leveraging quantum XEB[6,143,144,152],theresearchersidentifykeyphase computing despite current device limitations is provided transitions related to cycle counts and error rates per in[24]. Therapiddevelopmentandpotentialofquantum cycle. Their RCS experiment, in"
AbuGhanem - 2024 - Google Quantum AI's Quest for Error-Corrected Quantum Computers.pdf,AbuGhanem,no,partial,weak,limitation-mention,17,"late RCS [143, 186–195], one must ac- nnooddeess,,aannddhhiigghh--ppeerrffoorrmmaanncceessyysstteemmsslliikkeeFFrroonnttiieerr.. AAdd-- count for the limitations of supercomputers, including count for the limitations of supercomputers, including ddiittiioonnaallllyy,,tthheefifigguurreesshhoowwsstthheeddeennss"
AbuGhanem - 2024 - Google Quantum AI's Quest for Error-Corrected Quantum Computers.pdf,AbuGhanem,no,partial,weak,limitation-mention,17,"dhhiigghh--ppeerrffoorrmmaanncceessyysstteemmsslliikkeeFFrroonnttiieerr.. AAdd-- count for the limitations of supercomputers, including count for the limitations of supercomputers, including ddiittiioonnaallllyy,,tthheefifigguurreesshhoowwsstthheeddeennssiittyymmaapp,,wwhhiicchhiissoobb-- FLOPS, memory capaci"
AbuGhanem - 2024 - Google Quantum AI's Quest for Error-Corrected Quantum Computers.pdf,AbuGhanem,no,partial,weak,challenge-mention,1,"12678, Egypt∗ (Dated: October 3, 2024) Quantumcomputersstandattheforefrontoftechnologicalinnovation,offeringexponentialcom- putational speed-ups that challenge classical computing capabilities. At the cutting edge of this transformation is Google Quantum AI, a leader in driving forward the development of pr"
AbuGhanem - 2024 - Google Quantum AI's Quest for Error-Corrected Quantum Computers.pdf,AbuGhanem,no,partial,weak,challenge-mention,1,"significant milestone in the evolution of quantum technology [2]. While these quan- tum processors are powerful [3–6], they still face sub- stantial challenges due to escalating error rates, as sys- ∗ gaa1nem@gmail.com temsizesincrease[7],presentingsignificantchallengesto mghanem@sci.asu.edu.eg reliable co"
AbuGhanem - 2024 - Google Quantum AI's Quest for Error-Corrected Quantum Computers.pdf,AbuGhanem,no,partial,weak,challenge-mention,2,"SectionIIIchroniclesthecompany’sprogress andenvironmentalinteractions[15,16]. Toaddressthese year by year from 2013 to 2024. Section IV discuss com- challenges, the team has made notable progress in re- paringtheperformanceofNISQprocessorswithclassical ducing error rates through sophisticated error correc-"
AbuGhanem - 2024 - Google Quantum AI's Quest for Error-Corrected Quantum Computers.pdf,AbuGhanem,no,partial,weak,challenge-mention,2,"d, Google Quantum AI is committed to scaleusefulquantumcomputers,emphasizingthestrate- further advancing qubit performance and expanding its gies and challenges involved. The paper concludes with quantum infrastructure. Their ambitious goal is to con- a summary of findings and reflections on the future tra-"
AbuGhanem - 2024 - Google Quantum AI's Quest for Error-Corrected Quantum Computers.pdf,AbuGhanem,no,partial,weak,challenge-mention,5,ns [115–117]. This setup offers a new sical approximations of cluster amplitudes [146–149]. platform for exploring quantum phases in systems with The challenges of using random circuits as initial strongly interacting photons. guessesforhybridquantum-classicalalgorithms[73]were Theenergylevelsofinteractingp
AbuGhanem - 2024 - Google Quantum AI's Quest for Error-Corrected Quantum Computers.pdf,AbuGhanem,no,partial,weak,challenge-mention,8,"r precise error correlation analysis tum computational advantage. The study [9] addressed and performs error detection with a small logical qubit the challenge of incoherent noise in quantum proces- using the 2D surface code [289, 290]. sors, which disrupts long-range correlations and coher- An overview of"
AbuGhanem - 2024 - Google Quantum AI's Quest for Error-Corrected Quantum Computers.pdf,AbuGhanem,no,partial,weak,challenge-mention,9,"fecting performance using a distance-25 repetition code, ative effects on system noise, readout fidelity, or qubit highlighting progress and ongoing challenges in achiev- dephasing, with added noise only 1.6 times the quan- inglowlogicalerrorratesforpracticalquantumcomput- tum limit, addressing gain compre"
AbuGhanem - 2024 - Google Quantum AI's Quest for Error-Corrected Quantum Computers.pdf,AbuGhanem,no,partial,weak,challenge-mention,9,"m limit, addressing gain compression issues common ing [7, 10, 271, 296, 381–384]. in traditional Josephson parametric amplifiers used for A critical challenge in QErC, specifically leakage of multi-tone multiplexed readout. quantum information into non-computational states, is The challenges and opportunit"
AbuGhanem - 2024 - Google Quantum AI's Quest for Error-Corrected Quantum Computers.pdf,AbuGhanem,no,partial,weak,challenge-mention,9,"d for A critical challenge in QErC, specifically leakage of multi-tone multiplexed readout. quantum information into non-computational states, is The challenges and opportunities in leveraging quan- addressed in [385]. The study introduces a technique tum computing for drug development are examined using a"
AbuGhanem - 2024 - Google Quantum AI's Quest for Error-Corrected Quantum Computers.pdf,AbuGhanem,no,partial,weak,challenge-mention,9,"iga- solution adaptable to various quantum algorithms and tionstrategies,summarizescurrenthardwaredemonstra- architectures. tions, and discusses open challenges. It offers guidance The development of a high dynamic range Josephson on selecting appropriate techniques based on noise types parametric amplifier"
AbuGhanem - 2024 - Google Quantum AI's Quest for Error-Corrected Quantum Computers.pdf,AbuGhanem,no,partial,weak,challenge-mention,10,"es circuit depth and im- tally measuring the EFQV of a circuit, a task that re- provesperformanceonquantumhardware[456–459,461– mains computationally challenging for classical comput- 464]. It enhances zero and finite temperature free en- ers. Furthermore, OTOCs are valuable in fields such as ergy calculati"
AbuGhanem - 2024 - Google Quantum AI's Quest for Error-Corrected Quantum Computers.pdf,AbuGhanem,no,partial,weak,challenge-mention,10,"ions caused by random dephasing with broken Google Quantum AI aims to tackle problems that are time-reversal symmetry [468] and rigorously proves the challenging for classical computers [20, 21]. The compu- transitionusingfreeprobabilitytheory[469], withimpli- tational cost, or the number of operations requ"
AbuGhanem - 2024 - Google Quantum AI's Quest for Error-Corrected Quantum Computers.pdf,AbuGhanem,no,partial,weak,challenge-mention,11,"to the localized impact of quantum processors is a key goal in NISQ computing era [1]. A operations on the observable [483]. leading approach to this challenge is RCS [191], which Toillustratethis,GoogleQuantumAIusetheconcept involves sampling from probability distributions created of a “butterfly cone,” an"
AbuGhanem - 2024 - Google Quantum AI's Quest for Error-Corrected Quantum Computers.pdf,AbuGhanem,no,partial,weak,challenge-mention,11,"cone in the byrandomlychosenquantumcircuits. Randomquantum “theory of relativity,” which defines the causal connec- circuits are generally considered challenging for classical tions between events. In quantum systems, the butterfly systems to simulate [195, 196, 407]. This challenge has cone (depicted in Fi"
AbuGhanem - 2024 - Google Quantum AI's Quest for Error-Corrected Quantum Computers.pdf,AbuGhanem,no,partial,weak,challenge-mention,11,"are generally considered challenging for classical tions between events. In quantum systems, the butterfly systems to simulate [195, 196, 407]. This challenge has cone (depicted in Figure 4) represents the area where been pivotal in the quest for quantum supremacy [20], quantum information spreads, with it"
AbuGhanem - 2024 - Google Quantum AI's Quest for Error-Corrected Quantum Computers.pdf,AbuGhanem,no,partial,weak,challenge-mention,11,"rmation spreading results in a larger effective to recognize that a certain level of error is inevitable, as volume, making classical simulation more challenging. evenfault-tolerantquantumcomputerscanonlyperform In [483], Google Quantum AI explores and elucidates RCS with a small acceptable error margin. th"
AbuGhanem - 2024 - Google Quantum AI's Quest for Error-Corrected Quantum Computers.pdf,AbuGhanem,no,partial,weak,challenge-mention,13,"nto the hardware performance F depth, making classical computation costs prohibitive. oftheseadvancedquantumprocessors,highlightingtheir This goal is challenging due to the imperfections in logic capabilitiesandimprovementsachievedovertime. These gates and the susceptibility of the quantum states to er- qua"
AbuGhanem - 2024 - Google Quantum AI's Quest for Error-Corrected Quantum Computers.pdf,AbuGhanem,no,partial,weak,challenge-mention,17,"imes, and simulators. Developed by Google Quantum AI, this rorrates,readouterrorrates,andT1andT2echotimes, open-source framework addresses the unique challenges along with the cumulative distribution function (CDF) open-source framework addresses the unique challenges along with the cumulative distribution"
AbuGhanem - 2024 - Google Quantum AI's Quest for Error-Corrected Quantum Computers.pdf,AbuGhanem,no,partial,weak,challenge-mention,17,pen-source framework addresses the unique challenges along with the cumulative distribution function (CDF) open-source framework addresses the unique challenges along with the cumulative distribution function (CDF) of NISQ devices. Cirq provides essential tools for work- of various errors [9]. of NISQ devic
AbuGhanem - 2024 - Google Quantum AI's Quest for Error-Corrected Quantum Computers.pdf,AbuGhanem,no,partial,weak,challenge-mention,23,"and software towards impactful applications. Image source [520]. 10 13): The ultimate milestone targets the devel- ment to overcoming the fundamental challenges of quan- − opmentofaquantumcomputerwiththecapability tum computing. Their work in extending qubit coher- to manage and control 1,000,000 qubits. Th"
AbuGhanem - 2024 - Google Quantum AI's Quest for Error-Corrected Quantum Computers.pdf,AbuGhanem,no,partial,weak,challenge-mention,23,"o its groundbreaking achievements in quantum puters, developing such a device remains a formidable supremacy, Google Quantum AI’s achievements under- challenge and is still several years away. score the transformative potential of quantum technol- ogy and its capacity to address complex computational proble"
AbuGhanem - 2024 - Google Quantum AI's Quest for Error-Corrected Quantum Computers.pdf,AbuGhanem,no,partial,weak,challenge-mention,29,"Xiv:1807.04792, (2018). nonlinear interferometers, Phys. Rev. Lett. 89, 247901 [169] Alan Ho, Jarrod McClean, Shyue Ping Ong, The (2002). promise and challenges of quantum computing for en- [154] IuliaBulutaandFrancoNori,QuantumSimulators,Sci- ergy storage, Joule 2 (5), 810-813, (2018). ence 326, 108 (2009)"
AbuGhanem - 2024 - Google Quantum AI's Quest for Error-Corrected Quantum Computers.pdf,AbuGhanem,no,partial,weak,challenge-mention,35,"wski, J. Time crystals: a review. bin, Ryan Babbush, Austin J Minnich, Garnet Kin- Rep. Prog. Phys. 81, 016401 (2017). Lic Chan, Simulating models of challenging correlated [333] Khemani, V., Moessner, R. and Sondhi, S. A brief his- moleculesandmaterialsontheSycamorequantumpro- tory of time crystals. Prepri"
AbuGhanem - 2024 - Google Quantum AI's Quest for Error-Corrected Quantum Computers.pdf,AbuGhanem,no,partial,weak,challenge-mention,39,"on dig- Lee, Hartmut Neven, Ryan Babbush, Andrew D ital quantum computers: State-of-the-art and future Baczewski,Quantumcomputationofstoppingpowerfor challenges. Nat Commun 15, 2123 (2024). inertialfusiontargetdesign,ProceedingsoftheNational [489] Chen,Y.etal.Multiplexeddispersivereadoutofsuper- Academy of"
AbuGhanem - 2024 - Google Quantum AI's Quest for Error-Corrected Quantum Computers.pdf,AbuGhanem,no,partial,weak,tradeoff-mention,11,"umptions [187, 188]. RCS is also ac- sical computers. Google Quantum AI seeks to optimize knowledged as computationally demanding for fully ran- this trade-off, aiming to maximize the “computational domquantumcircuits,accordingtowidelyacceptedcon- resource,” a measure of how well a quantum processor jectures"
AbuGhanem - 2024 - Google Quantum AI's Quest for Error-Corrected Quantum Computers.pdf,AbuGhanem,no,partial,weak,tradeoff-mention,11,"quantum processor jectures [191, 192, 407]. balances these considerations. RCS has proven to meet average-case hardness con- A prime example of this trade-off is the RCS exper- ditions [187, 189, 190], which is crucial for understand- iment [9], a fundamental benchmark in quantum com- ing computational diff"
AbuGhanem - 2024 - Google Quantum AI's Quest for Error-Corrected Quantum Computers.pdf,AbuGhanem,no,partial,weak,tradeoff-mention,11,"g. evenfault-tolerantquantumcomputerscanonlyperform In [483], Google Quantum AI explores and elucidates RCS with a small acceptable error margin. the trade-off between the sensitivity of an experimen- From an experimental standpoint, performing RCS on tal observable to noise and the corresponding classical n"
Acharya et al. - 2025 - Quantum error correction below the surface code threshold.pdf,Acharya et al. (Willow),yes,partial,weak,failure-mention,4,"cludes larger fault-tolerant circuits12,21. When we examine the detection patterns for these high-distance logical failures, we observe two different failure modes (Supplementary Information). The first failure mode manifests as one or two detectors suddenly increasing in the detection probability by more"
Acharya et al. - 2025 - Quantum error correction below the surface code threshold.pdf,Acharya et al. (Willow),yes,partial,weak,failure-mention,4,"xamine the detection patterns for these high-distance logical failures, we observe two different failure modes (Supplementary Information). The first failure mode manifests as one or two detectors suddenly increasing in the detection probability by more than a fac- tor of 3, settling to their initial detec"
Acharya et al. - 2025 - Quantum error correction below the surface code threshold.pdf,Acharya et al. (Willow),yes,partial,weak,failure-mention,4,"tion frequencies of a qubit, or by coupler excitations, but might be mitigated using methods similar to refs. 38,40. The second and more catastrophic failure mode manifests as many detectors simultaneously that long repetition codes are a crucial tool for discovering new error experiencing a larger spike i"
Acharya et al. - 2025 - Quantum error correction below the surface code threshold.pdf,Acharya et al. (Willow),yes,partial,weak,failure-mention,5,"then be processed downstream during a fuse step. If a configuration of detection events cannot be resolved by a future fuse step, the decoder heralds failure. We use ten-cycle blocks to ensure that the heralded failure rate is negligible compared with the logical failure rate. c, Decoder latency versus exp"
Acharya et al. - 2025 - Quantum error correction below the surface code threshold.pdf,Acharya et al. (Willow),yes,partial,weak,failure-mention,5,"ration of detection events cannot be resolved by a future fuse step, the decoder heralds failure. We use ten-cycle blocks to ensure that the heralded failure rate is negligible compared with the logical failure rate. c, Decoder latency versus experiment duration. Each blue point corresponds to a latency me"
Acharya et al. - 2025 - Quantum error correction below the surface code threshold.pdf,Acharya et al. (Willow),yes,partial,weak,failure-mention,5,"ture fuse step, the decoder heralds failure. We use ten-cycle blocks to ensure that the heralded failure rate is negligible compared with the logical failure rate. c, Decoder latency versus experiment duration. Each blue point corresponds to a latency measurement for a full shot (ten shots per duration; ho"
Acharya et al. - 2025 - Quantum error correction below the surface code threshold.pdf,Acharya et al. (Willow),yes,partial,weak,challenge-mention,1,"ntum Although achieving below-threshold physical error rates is itself a chemistry5, quantum simulation6, cryptography7 and optimization8. formidable challenge, fault-tolerant quantum computing also imposes However, quantum information is fragile and quantum operations are requirements beyond raw performanc"
Acharya et al. - 2025 - Quantum error correction below the surface code threshold.pdf,Acharya et al. (Willow),yes,partial,weak,challenge-mention,1,"sed exponen- hundreds of nanoseconds, provide an advantage in speed but also a tially as we increase the number of physical qubits per logical qubit. challenge for decoding errors both quickly and accurately. This behaviour is expressed in the approximate relation In this work, we realize surface codes oper"
Acharya et al. - 2025 - Quantum error correction below the surface code threshold.pdf,Acharya et al. (Willow),yes,partial,weak,challenge-mention,5,"klog of syndrome information Shot latency Subshot latency can cause an exponential increase in computation time23. Real-time decoding is particularly challenging for superconducting processors due to their speed. The throughput of transmitting, processing and decoding the syndrome information in each cycle"
Acharya et al. - 2025 - Quantum error correction below the surface code threshold.pdf,Acharya et al. (Willow),yes,partial,weak,challenge-mention,6,"ccuracy compared with our offline decoders. with better-than-physical error rates. Preprint at https://arxiv.org/abs/2404.02280 (2024). Even so, many challenges remain ahead of us. Although we might, 21. Gidney, C. & Ekerå, M. How to factor 2,048 bit RSA integers in 8 hours using 20 million in principle, ac"
Acharya et al. - 2025 - Quantum error correction below the surface code threshold.pdf,Acharya et al. (Willow),yes,partial,weak,challenge-mention,6,"qubits. Scaling up will 307–346 (2015). 24. Koch, J. et al. Charge-insensitive qubit design derived from the Cooper pair box. Phys. bring additional challenges in real-time decoding as the syndrome Rev. A 76, 042319 (2007). measurements per cycle increase quadratically with the code distance. 25. Arute, F."
Acharya et al. - 2025 - Quantum error correction below the surface code threshold.pdf,Acharya et al. (Willow),yes,partial,weak,challenge-mention,6,"tps://arxiv.org/abs/2408.02082 (2024). 34. Klimov, P. V. et al. Optimizing quantum gates towards the scale of logical qubits. Nat. memory, additional challenges will arise in logical computation57,58. On Commun. 15, 2442 (2024). the classical side, we must ensure that software elements including 35. Ofek, N"
Amin et al. - 2023 - Quantum error mitigation in quantum annealing.pdf,Amin et al.,yes,partial,weak,challenge-mention,4,"ed in λ, using a quadratic fit, Eq. (16). (c) λ(κ) obtained from collapse (circles) compared to those obtained from Eq. (15) (triangles). H in (1) is challenging because both Γ(s) and (s) are Forthecaseofthermalnoise,theenvironmentdoesnot S J fixed functions. However, one can easily scale down H affectthesy"
Bharti - 2022 - Noisy intermediate-scale quantum algorithms.pdf,Bharti,yes,yes,strong,worse-than,25,"eficit is equal or of the Max-Cut problem, QAOA for p = 1 was shown greater than zero f R ≥0, with f R =0 when the PQC can to perform equally well or worse than classical algo- generate a state ∣Ψ(θ∗)⟩, where θ∗ are the parameters rithms (Bravyi et al., 2019; Hastings, 2019). For more that minimizes the objec"
Bharti - 2022 - Noisy intermediate-scale quantum algorithms.pdf,Bharti,yes,yes,weak,limitation-mention,1,"this review, we provide a thorough summary of NISQ compu- tational paradigms and algorithms. We discuss the key structure of these algorithms, their limitations, and advantages. We additionally provide a comprehensive overview of various benchmarking and software tools useful for programming and testing NISQ"
Bharti - 2022 - Noisy intermediate-scale quantum algorithms.pdf,Bharti,yes,yes,weak,limitation-mention,11,"quently speeds up the mentally. Quantum computing devices possess a series classical optimization routine to find the optimal angles. of experimental limitations that include, among others, ThisframeworkwaslatergeneralizedastheQuantumAl- a particular qubit connectivity, a restricted gate set, and ternating Op"
Bharti - 2022 - Noisy intermediate-scale quantum algorithms.pdf,Bharti,yes,yes,weak,limitation-mention,25,"t does not can ‘see’ the whole graph with no known indications re- hold true for finite fixed depths p. In fact, it was shown garding the performance limitations. thatQAOAexhibitsreachabilitydeficitsfortheMAX-2- ForthecasewheretheproblemHamiltonianH takes SATandMAX-3-SATproblems,wheretheoptimalvalue P the for"
Bharti - 2022 - Noisy intermediate-scale quantum algorithms.pdf,Bharti,yes,yes,weak,limitation-mention,27,"rtly and Υ corresponds to the model pa- the individual technique. rameters. We note that the expectation value E is The ZNE scheme suffers from a few limitations. The a real number that can only be obtained in the infi- scheme works by extrapolation, and hence it is challeng- nite measurement limit. With limi"
Bharti - 2022 - Noisy intermediate-scale quantum algorithms.pdf,Bharti,yes,yes,weak,limitation-mention,31,"ivity that al- the qubit Clifford group. lows two-qubit gates implementation, and experimental There are infinitely many universal gate sets, but the limitations such as decoherence time, which imposes a Clifford group’s gates H, S and CNOT, together with certain maximum circuit depth in terms of the number t"
Bharti - 2022 - Noisy intermediate-scale quantum algorithms.pdf,Bharti,yes,yes,weak,limitation-mention,32,"particular qubit connectivity or topology, a task also known as the 2. Circuit decompositions qubit routing problem. In general, due to experimental limitations, not all qubits are connected, which means Once the native gate set is fixed, the next step con- that two-qubit operations are not always possible."
Bharti - 2022 - Noisy intermediate-scale quantum algorithms.pdf,Bharti,yes,yes,weak,limitation-mention,32,con- that two-qubit operations are not always possible. A sists of decomposing the theoretical unitary circuit into naive approach to circumvent this limitation consist of this basic set. A raw translation of all single and two- swapping each qubit state with its neighbour (by using qubit gates into the nativ
Bharti - 2022 - Noisy intermediate-scale quantum algorithms.pdf,Bharti,yes,yes,weak,limitation-mention,42,"turethermalstateofagiven anyclassical-quantumfeedbackloop,canbeparallelized, Hamiltonian. evades the barren plateau problem by construction, sup- The limitations of using variational QML algorithms plies a systematic approach to constructing the ansatz to learn a scrambling unitary have also been studied in a"
Bharti - 2022 - Noisy intermediate-scale quantum algorithms.pdf,Bharti,yes,yes,weak,limitation-mention,61,"cientvari- ational ansäte are used to represent different types of distributions and study the effect of noise and hardware D. Application benchmarks limitations on the result. While hardware benchmarks, such as randomized In addition to VQAs, one can analyze more funda- benchmarking or quantum volume, provid"
Bharti - 2022 - Noisy intermediate-scale quantum algorithms.pdf,Bharti,yes,yes,weak,failure-mention,13,"uire an s to estimate the expectation value ⟨Pˆ⟩ with an additive understandingoftheunderlyingproblemandareusually U error of at most (cid:15) with a failure probability of at most δ not applicable for every use of the VQE. isboundedbyHoeffding’sinequality(Huangetal.,2019) 2 2 N ≥ log( ). (28) Measurement"
Bharti - 2022 - Noisy intermediate-scale quantum algorithms.pdf,Bharti,yes,yes,weak,challenge-mention,1,"arning,quantumchemistryandcombinatorialoptimization. Thegoal of such algorithms is to leverage the limited available resources to perform classically challenging tasks. In this review, we provide a thorough summary of NISQ compu- tational paradigms and algorithms. We discuss the key structure of these algor"
Bharti - 2022 - Noisy intermediate-scale quantum algorithms.pdf,Bharti,yes,yes,weak,challenge-mention,2,", at the present day, still far from current References 64 experimental capabilities. To achieve the goal of fault- tolerant quantum computation, the challenge is to scale Appendices 80 upthenumberofqubitswithsufficientlyhighqubitqual- A. NISQalgorithmsandtoolstables 80 ity and fidelity in operations such a"
Bharti - 2022 - Noisy intermediate-scale quantum algorithms.pdf,Bharti,yes,yes,weak,challenge-mention,2,"and Ben-Or, B. Tableofsoftwarepackages 83 C. Tableofexternallibraries 84 2008;Kitaev,2003;Knilletal.,1998). Asthesystemsize grows, it becomes highly challenging to contain the er- B. Classicaloptimizationstrategies 84 rors associated with cross-talk and measurements below A. Gradient-basedapproaches 84 the"
Bharti - 2022 - Noisy intermediate-scale quantum algorithms.pdf,Bharti,yes,yes,weak,challenge-mention,5,are influenced by human use of noisy quantum devices. We also cover the pos- bias. Algorithms developed for near-term hardware may sible trainability challenges that VQA have and how to be unfeasible if hardware advancement does not match map theoretical NISQ circuits to real hardware. Section
Bharti - 2022 - Noisy intermediate-scale quantum algorithms.pdf,Bharti,yes,yes,weak,challenge-mention,10,"developed to reduce the number of param- and alternative ansätze are proposed to mitigate these eters and accelerate the convergence (McClean et al., challenges. 2016; Wecker et al., 2015). Instead of the Hartree-Fock We restrict our discussion here to provide a short operators, the terms of the fermionic H"
Bharti - 2022 - Noisy intermediate-scale quantum algorithms.pdf,Bharti,yes,yes,weak,challenge-mention,11,"ing the state ansätze can ensure fast convergence to a satisfying so- evolution to the feasible subspace where no hard con- lution state, they can be challenging to realize experi- straints are violated, which consequently speeds up the mentally. Quantum computing devices possess a series classical optimiza"
Bharti - 2022 - Noisy intermediate-scale quantum algorithms.pdf,Bharti,yes,yes,weak,challenge-mention,14,"Material high-depth analytical gradient circuits cannot be imple- and summarized in the following paragraphs. mented. In addition, one of the biggest challenges in parameter optimization is the large number of measure- ments required for estimating the mean value of an ob- Finite difference. One can compute"
Bharti - 2022 - Noisy intermediate-scale quantum algorithms.pdf,Bharti,yes,yes,weak,challenge-mention,17,"nical system. The system is assigned execute on near-term quantum processors, a significant an artificially-induced control parameter, called temper- challenge in implementing these algorithms is the pro- ature. Like annealing, SA starts with some high temper- hibitive number of measurements, or shots, requ"
Bharti - 2022 - Noisy intermediate-scale quantum algorithms.pdf,Bharti,yes,yes,weak,challenge-mention,17,"llow- estimate each expectation value that is used to com- ing some temperature variation function called “anneal- pute the objective. To address the challenge, (Arra- ing schedule” such that the final temperature is T = 0. smith et al., 2020b) developed a shot-frugal optimizer Thealgorithmchoosesacandidate"
Bharti - 2022 - Noisy intermediate-scale quantum algorithms.pdf,Bharti,yes,yes,weak,challenge-mention,23,"lsobeunderstood as a initialization strategy (Cervera-Lierta et al., 2021a) (see Sec. VI.B). Classical algorithms such as neural net- IV. THEORETICAL CHALLENGES workscanalsobeusedtolearnthepropercircuitencod- A. Barren plateaus ings (Verdon et al., 2019a). Agoodchoicefortheinitialstateisoftennotenoughto It"
Bharti - 2022 - Noisy intermediate-scale quantum algorithms.pdf,Bharti,yes,yes,weak,challenge-mention,23,"in VQAs (Wang et al., 2020b). therefore mimicking gradient-based optimization, seem Entanglement-inducedbarrenplateaushavealsobeenre- to face similar challenges. However, one can circumvent ported recently (Marrero et al., 2020). this issue by using hybrid quantum states of the form While certain ansätze ca"
Bharti - 2022 - Noisy intermediate-scale quantum algorithms.pdf,Bharti,yes,yes,weak,challenge-mention,23,"hile certain ansätze can be assumed or proven to of equation Eq. (42) or hybrid density matrices as in- form (approximate) 2-designs, such proofs are challeng- troduced in Ref. (Haug and Bharti, 2020). The idea is ing for the general ones. To numerically verify the pres- to write the overall ansatz as a cla"
Bharti - 2022 - Noisy intermediate-scale quantum algorithms.pdf,Bharti,yes,yes,weak,challenge-mention,27,"he ZNE scheme suffers from a few limitations. The a real number that can only be obtained in the infi- scheme works by extrapolation, and hence it is challeng- nite measurement limit. With limited number of mea- ing to obtain result guarantees in general. The number surement samples N, statistical estimatio"
Bharti - 2022 - Noisy intermediate-scale quantum algorithms.pdf,Bharti,yes,yes,weak,challenge-mention,32,"s of tion. Moreover,findingthedecompositionofgatesacting the qubits involved, returning to the original state with on more than one qubit might prove challenging in gen- theintendedtwo-qubitgateappliedtoit. Thistranslates eral. Besides common circuit decompositions mentioned into a significant growth of the"
Bharti - 2022 - Noisy intermediate-scale quantum algorithms.pdf,Bharti,yes,yes,weak,challenge-mention,35,"antum soft- startbyintroducingconceptsonmappingphysicalprob- ware libraries. lems onto the quantum computer. Then, we introduce algorithms for common challenges, such as finding the static as well as dynamic properties of quantum systems VI. APPLICATIONS invarioussettings. AllNISQalgorithmsdiscussedinthis s"
Bharti - 2022 - Noisy intermediate-scale quantum algorithms.pdf,Bharti,yes,yes,weak,challenge-mention,35,ion are listed in Table I. A. Many-body physics and chemistry Understanding the static and dynamic properties of quantum mechanical systems is a core challenge at the
Bharti - 2022 - Noisy intermediate-scale quantum algorithms.pdf,Bharti,yes,yes,weak,challenge-mention,38,"sconvergedtoanactualeigenstateoftheHamil- Adiabatically assisted VQE. The ground state of more tonian, can be checked directly on the quantum proces- challengingHamiltonianscanbedifficulttofindforstan- sor by verifying that the variance of the energy var = dardVQEduetoconvergencetolocalminimainsteadof ⟨(H −"
Bharti - 2022 - Noisy intermediate-scale quantum algorithms.pdf,Bharti,yes,yes,weak,challenge-mention,39,"z,theorthogonallyconstrained willnotdiffertoomuch,makingtheoptimizationtaskat VQE can find excited states of small molecules (Higgott every step less challenging compared to directly solving et al.,2019;Leeet al.,2018). Itwasfurtherextendedfor forH(1). Previousworks(McCleanetal.,2016)alsosug- adaptive circu"
Bharti - 2022 - Noisy intermediate-scale quantum algorithms.pdf,Bharti,yes,yes,weak,challenge-mention,40,"non-variational pro- to treating degenerate or quasi-degenerate states at the posals (Jensen et al., 2020), which are considered to be same footing. challenging for larger systems on NISQ devices."
Bharti - 2022 - Noisy intermediate-scale quantum algorithms.pdf,Bharti,yes,yes,weak,challenge-mention,48,"tonian parameter λ, e.g. the in- tools as QRAM (Giovannetti et al., 2008), experimen- teratomic distance, but other properties, like the energy tally challenging for the NISQ era. The studies towards gap between ground state and first excited state can be QRAM in (Park et al., 2019a) proposed an approach to"
Bharti - 2022 - Noisy intermediate-scale quantum algorithms.pdf,Bharti,yes,yes,weak,challenge-mention,48,"ound state profile, e.g. tion and sampling. At the moment of writing, building to extract the λ whose ground state has minimal en- min a QRAM remains challenging and further investigations ergy. Inthatdirection,someproposalssuggesttoencode are required. the parameters of the Hamiltonian into the PQC and Ing"
Bharti - 2022 - Noisy intermediate-scale quantum algorithms.pdf,Bharti,yes,yes,weak,challenge-mention,56,"aprogrammabledevicecontrolled ityinthedifferentialequationsincrease,findingsolutions with Qiskit Pulse software (Alexander et al., 2020), the becomes challenging. To achieve higher accuracy, local first step towards performing a GHZ test. methods require a fine grid, which renders high compu- Inthecontextof"
Bharti - 2022 - Noisy intermediate-scale quantum algorithms.pdf,Bharti,yes,yes,weak,challenge-mention,56,"ral and Cunha, 2018). Us- set, leading to more extensive resource requirements. To ingthenotionof“strongcontextuality”,(KirbyandLove, tackle resource challenges, quantum algorithms are pro- 2019) categorized VQE experiments into two categories: posed. contextualandnon-contextual. Suchfoundationalworks Linea"
Bharti - 2022 - Noisy intermediate-scale quantum algorithms.pdf,Bharti,yes,yes,weak,challenge-mention,56,"quantifies nonlinearity, and V is the ex- used to compute the “decoherence functional”, which is ternal potential. Recently, NISQ algorithms for NLDE challenging to calculate classically. The classical com-"
Bharti - 2022 - Noisy intermediate-scale quantum algorithms.pdf,Bharti,yes,yes,weak,challenge-mention,57,"getstatesto Due to the large dimensionality of the Hilbert spaces, be sparse matrices. For dense target states, (Policharla computing fidelity can be challenging. and Vinjanampathy, 2020) recently proposed a NISQ Recently, variational quantum fidelity estimation algorithm. Along with their algorithm, they a"
Bharti - 2022 - Noisy intermediate-scale quantum algorithms.pdf,Bharti,yes,yes,weak,challenge-mention,62,"018). and discoveries. This fact, together with the theoret- Since NISQ devices are inherently noisy, analysis sim- ical, practical, and experimental challenges (several of ilar to (Napp et al., 2019; Zhou et al., 2020b; Zlokapa them covered in this review), has strengthened the mo- et al., 2020) will be re"
Bharti - 2022 - Noisy intermediate-scale quantum algorithms.pdf,Bharti,yes,yes,weak,challenge-mention,62,"ypes and simulators. On the tractability of quantum computation by classical devices one hand, scientists and quantum computing enthusiasts poses the challenge to verify the correct functioning of aroundtheworldhavetheopportunitytoexperiencereal the quantum devices as well as the correctness of the fi- quan"
Bharti - 2022 - Noisy intermediate-scale quantum algorithms.pdf,Bharti,yes,yes,weak,challenge-mention,62,"ntum computing platforms requires new methodolo- tions in quantum computation and solving the current giesandfiguresofmerittobenchmarkandcomparethese challenges of this field. The proliferation of open-source devices. Other works are being proposed in that direc- quantumcomputinglanguages,simulators,andtool"
Bharti - 2022 - Noisy intermediate-scale quantum algorithms.pdf,Bharti,yes,yes,weak,challenge-mention,64,"Terhal, REFERENCES 2015). Looking forward, lowering the noise level will be a Aaronson, S. (2019), SIAM Journal on Computing 49 (5), STOC18. critical challenge. Though the problem is demanding, Aaronson, S., and A. Arkhipov (2011), Proceedings of the significant progress has been made recently at the algo-"
Bharti - 2022 - Noisy intermediate-scale quantum algorithms.pdf,Bharti,yes,yes,weak,challenge-mention,64,". E. S. Morales, and J. D. applications in the near-term. Theoretical investigations Biamonte (2020a), Phys. Rev. Lett. 124, 090504. and experimental challenges will help us to comprehend Akshay, V., H. Philathong, I. Zacharov, and J. Biamonte (2020b), arXiv:2007.09148 . quantumdevicespowerandbuildbetteralg"
Bharti - 2022 - Noisy intermediate-scale quantum algorithms.pdf,Bharti,yes,yes,weak,challenge-mention,88,"le VQA leverage low-depth circuits to execute on near-term quantum processors, a significant rameter value does not result in a lower function value, challenge in implementing these algorithms is the pro- the trust region is altered and the quadratic model is hibitive number of measurements, or shots, requi"
Bharti - 2022 - Noisy intermediate-scale quantum algorithms.pdf,Bharti,yes,yes,weak,challenge-mention,88,"shown estimate each expectation value that is used to com- that this method works well when the PQC is initialized pute the objective. To address the challenge, (Arra- close to the optimal parameters but has more problems with shallow optimization landscapes and gets stuck in smith et al., 2020b) developed"
Bharti - 2022 - Noisy intermediate-scale quantum algorithms.pdf,Bharti,yes,yes,weak,drawback-mention,15,"efficient PQCs, one can calculate adaptive learning rates using the quantum Fisher information metric (Haug and Stochastic gradient descent. A major drawback of gradient-based methods is the high number of measure- Kim,2021b). WhilethefullFubini-Studymetrictensoris ments. Thestochasticgradientdescent(SGD)a"
Bharti - 2022 - Noisy intermediate-scale quantum algorithms.pdf,Bharti,yes,yes,weak,drawback-mention,43,"the Lindblad like master equation ap- These algorithms, however, suffer from the canonical proach dρˆ/dt = L ˆˆρˆ (see Sec. V.A.1, Eq. (52)), and it drawbacks of the VQS algorithm, such as the require- deems impossible to capture all the degrees-of-freedom ment of feedback loop, trainability issues and nec"
Bharti - 2022 - Noisy intermediate-scale quantum algorithms.pdf,Bharti,yes,yes,weak,drawback-mention,44,"xedstate a parameterized density matrix ∣ρ ⟩ = U(θ) with Id, under imaginary time evolution for time τ, one θ d min ⟨0∣⊗2NU†(θ)L ˆˆ†L ˆˆU(θ)∣0⟩⊗2N. A drawback of this gets Gibbs state corresponding to temperature T = appr θ oach is that measuring expectation values from the 1 (Verstraete et al., 2004). 2τ p"
Bharti - 2022 - Noisy intermediate-scale quantum algorithms.pdf,Bharti,yes,yes,weak,drawback-mention,86,"o- wards a stationary point. The Hessian can be computed by doubly applying the parameter shift rule as (Mitarai Stochastic gradient descent. A major drawback of and Fujii, 2019) gradient-based methods is the high number of measure- ments. Thestochasticgradientdescent(SGD)algorithm addresses this issue by r"
Bharti - 2022 - Noisy intermediate-scale quantum algorithms.pdf,Bharti,yes,yes,weak,tradeoff-mention,24,nd types of entangled states a particular PQC or iSWAP gates are more expressive than CZ. There can generate. One defines a linear mapping ι (e) is a trade-off between an ansatz being expressive and j that acts on the computational basis ι (b)∣b ⋯b ⟩ = trainable. Making an ansatz more expressive most likely
Bharti - 2022 - Noisy intermediate-scale quantum algorithms.pdf,Bharti,yes,yes,weak,tradeoff-mention,25,"tthereachabilitydeficitsaredistinctfromthe and Yamamoto, 2020a). In VQE algorithms, there is a barren plateau problem, where the gradients of the ob- trade-offbetweenthenumberoflayersinthisansatzand jective function concentrate to zero for many choices of the correlation length of critical Hamiltonians. Howe"
Bharti - 2022 - Noisy intermediate-scale quantum algorithms.pdf,Bharti,yes,yes,weak,tradeoff-mention,38,"h as Mulliken (km∣lm) = thecostofadditionalcomputationwhichmaybehardin ⟨kl∣V ∣mn⟩ are sometimes used. Generally speaking, the NISQ era. To leverage a trade-off between the ad- ee an arbitrary set of spatial orbitals, that can in principle vantagesanddisadvantagesofbothmethods, anacceler- be any set of orthon"
Bharti - 2022 - Noisy intermediate-scale quantum algorithms.pdf,Bharti,yes,yes,weak,caveat-mention,29,"From GST, we have esti- niquesdiscussedsofardonotrequireanyancillaorextra mation of initial states ∣ρˆ ⟫, observables to be measured qubits with the caveat that one needs to perform more k ⟪Aˆ ∣,andgatesLˆ. Let’sdenoteL(0) asthePaulitransfer measurements. At the same time, one is only interested j matrix"
Bharti - 2022 - Noisy intermediate-scale quantum algorithms.pdf,Bharti,yes,yes,weak,worse-mention,17,"e each term of the Hamiltonian as well dependent probability function. The idea of tolerating as each partial derivative. Given the expectation value worse solutions can be considered as a virtue of the al- of the Hamiltonian decomposed into the h terms as in gorithm. In SA, the probability that a bad so"
Bharti - 2022 - Noisy intermediate-scale quantum algorithms.pdf,Bharti,yes,yes,weak,worse-mention,25,"eficit is equal or of the Max-Cut problem, QAOA for p = 1 was shown greater than zero f R ≥0, with f R =0 when the PQC can to perform equally well or worse than classical algo- generate a state ∣Ψ(θ∗)⟩, where θ∗ are the parameters rithms (Bravyi et al., 2019; Hastings, 2019). For more that minimizes the"
Bultrini et al. - 2023 - Unifying and benchmarking state-of-the-art quantum error mitigation techniques.pdf,Bultrini et al.,yes,yes,strong,worse-than,22,"y, ZNE, and vnCDR results. ity. The exponential extrapolation results in an or- Here,ZNEisperformedusinglinearextrapolationwithnoise der of magnitude worse results than the linear one. levels c = {1,2}. VD uses M = 3 copies. We obtain the vnCDR correction using noise levels c={1,2,3} and train- The results for"
Bultrini et al. - 2023 - Unifying and benchmarking state-of-the-art quantum error mitigation techniques.pdf,Bultrini et al.,yes,yes,strong,worse-than,22,the linear extrapolation ZNE lead to similar mit- max and N =30. igation quality. The exponential extrapolation again produces an order of magnitude worse results than the linear extrapolation. gates [26] and by using further error mitigation of controlled derangement noise [26]. Another interest- ing directio
Bultrini et al. - 2023 - Unifying and benchmarking state-of-the-art quantum error mitigation techniques.pdf,Bultrini et al.,yes,yes,strong,no-improvement,10,"ques for Q = 8 in more detail. Here VD is the best performer at the smallest shot budget (N = tot 105), followed by ZNE, vnCDR, and UNITED. ZNE shows no improvement with an increased shot bud- get. UNITED, vnCDR, and VD, on the other hand, continue improving with UNITED becoming better than vnCDR at N = 108 and v"
Bultrini et al. - 2023 - Unifying and benchmarking state-of-the-art quantum error mitigation techniques.pdf,Bultrini et al.,yes,yes,weak,limitation-mention,15,"c0e7a. https://doi.org/10.1103/PhysRevLett.122.180501. [42] Daniel Stilck França and Raul Garcia-Patron. [32] Jarrod R McClean, Sergio Boixo, Vadim N Limitations of optimization algorithms on noisy Smelyanskiy,RyanBabbush,andHartmutNeven. quantum devices. Nature Physics, 17(11):1221– Barrenplateausinquantumne"
Bultrini et al. - 2023 - Unifying and benchmarking state-of-the-art quantum error mitigation techniques.pdf,Bultrini et al.,yes,yes,weak,challenge-mention,3,"noisy observable Also, a controlled increase of the noise strength is µˆ. In the ZNE framework one usually assumes that hardware dependent and may be challenging to im- the noise in the device can be characterized by a sin- plement in practice [24]. gle parameter λ which is the noise strength. More- over, w"
Bultrini et al. - 2023 - Unifying and benchmarking state-of-the-art quantum error mitigation techniques.pdf,Bultrini et al.,yes,yes,weak,challenge-mention,4,"As in the case of CDR, the construction of an in- ational quantum algorithms [10]. formative training set is the primary technical chal- The primary challenge in CDR is the construction lenge. Furthermore, adding additional noise levels to of the near-Clifford training circuits as the optimal the vnCDR tra"
Bultrini et al. - 2023 - Unifying and benchmarking state-of-the-art quantum error mitigation techniques.pdf,Bultrini et al.,yes,yes,weak,challenge-mention,13,", 98(6):062339, 2018. DOI: in an error mitigation approach. Error mitigation https://doi.org/10.1103/PhysRevA.98.062339. for deep quantum circuits is challenging, but perhaps [2] Sergey Bravyi, Sarah Sheldon, Abhinav Kandala, AcceptedinQuantum2023-05-09,clicktitletoverify. PublishedunderCC-BY4.0. 13"
Bultrini et al. - 2023 - Unifying and benchmarking state-of-the-art quantum error mitigation techniques.pdf,Bultrini et al.,yes,yes,weak,disadvantage-mention,12,"hen post-select these circuits to Max-Cut problems. As these methods have differ- in order to match the desired distribution of exact ent advantages, disadvantages, and resource require- expectation values. We wish to reinforce the point ments,weevaluatedtheirperformancewith105−1010 that this process is scalabl"
Bultrini et al. - 2023 - Unifying and benchmarking state-of-the-art quantum error mitigation techniques.pdf,Bultrini et al.,yes,yes,weak,tradeoff-mention,1,"e individual methods (i.e., mitigationtechniqueshavebeenproposed[6,14],each the whole is better than the individual parts). with its own benefits and trade-offs. Specifically, we employ a realistic noise model One of the most popular approaches to error mit- obtained from a trapped ion quantum com- igation i"
Bultrini et al. - 2023 - Unifying and benchmarking state-of-the-art quantum error mitigation techniques.pdf,Bultrini et al.,yes,yes,weak,worse-mention,22,"y, ZNE, and vnCDR results. ity. The exponential extrapolation results in an or- Here,ZNEisperformedusinglinearextrapolationwithnoise der of magnitude worse results than the linear one. levels c = {1,2}. VD uses M = 3 copies. We obtain the vnCDR correction using noise levels c={1,2,3} and train- The resul"
Bultrini et al. - 2023 - Unifying and benchmarking state-of-the-art quantum error mitigation techniques.pdf,Bultrini et al.,yes,yes,weak,worse-mention,22,the linear extrapolation ZNE lead to similar mit- max and N =30. igation quality. The exponential extrapolation again produces an order of magnitude worse results than the linear extrapolation. gates [26] and by using further error mitigation of controlled derangement noise [26]. Another interest- ing d
Cai et al. - 2023 - Quantum Error Mitigation.pdf,Cai et al.,yes,yes,strong,infeasible,6,"bedcircuit(cid:12)faultratesλ m is toobigorthegapbetweenanytwodatapoints λ λ m k | − | istoosmall,thenC willblowupandtheextrapolation em would become infeasible. For the simple case of equal- gapRichardsonextrapolation(λ =mλ ),thesampling m 1 overhead in Eq. (11) becomes C (2M 1)2, which em ∼ − grow exponenti"
Cai et al. - 2023 - Quantum Error Mitigation.pdf,Cai et al.,yes,yes,weak,limitation-mention,1,"mitigation, assesses their in-principle efficacy, and then describes the hardware demonstrations achieved to date. We identify the commonalities and limitations among the methods, noting howmitigationmethodscanbechosenaccordingtotheprimarytypeofnoisepresent, including algorithmic errors. Open problems in the"
Cai et al. - 2023 - Quantum Error Mitigation.pdf,Cai et al.,yes,yes,weak,limitation-mention,28,"into the unmitigated cir- calerrorrateachievableisstillsubstantialduetoreasons cuit. These additional logical Pauli gates required for like hardware limitations in the system size, challenges error mitigation can be applied virtually and noiselessly in large-scale decoding, and/or insufficient resources for"
Cai et al. - 2023 - Quantum Error Mitigation.pdf,Cai et al.,yes,yes,weak,challenge-mention,1,"uantum computation (Unruh, SubmittedtoReviews of Modern Physics. PleaseaddressallcorrespondencetoZhenyuCai. 1995). This constraint poses a formidable challenge to ∗ cai.zhenyu.physics@gmail.com the ambitions of realising a quantum computer, since it 3202 ceD 82 ]hp-tnauq[ 3v12900.0122:viXra"
Cai et al. - 2023 - Quantum Error Mitigation.pdf,Cai et al.,yes,yes,weak,challenge-mention,2,"m. With indeed proves to be both practically effective and quite the advent of quantum error correction (QEC) (Calder- fascinating as an intellectual challenge. bank and Shor, 1996; Shor, 1995; Steane, 1996), this When exploring the prospects for achieving quantum challenge has been solved at least in theor"
Cai et al. - 2023 - Quantum Error Mitigation.pdf,Cai et al.,yes,yes,weak,challenge-mention,2,"er- fascinating as an intellectual challenge. bank and Shor, 1996; Shor, 1995; Steane, 1996), this When exploring the prospects for achieving quantum challenge has been solved at least in theory. The cele- advantage through error mitigation, it is crucial to con- brated threshold theorem (Aharonov and Ben-O"
Cai et al. - 2023 - Quantum Error Mitigation.pdf,Cai et al.,yes,yes,weak,challenge-mention,2,"be carried out for arbitrary length even on noisy hard- ence times and the noise floor present in quantum hard- ware. However, besides the technical challenge of build- ware, one typically resorts to the idea of quantum com- ing hardware that achieves the threshold, the implemen- putation with short-depth"
Cai et al. - 2023 - Quantum Error Mitigation.pdf,Cai et al.,yes,yes,weak,challenge-mention,2,"in some context et al., 2022; Gottesman, 2014; Panteleev and Kalachev, (for example, for estimating the energies of molecular 2022). Nevertheless the challenge of realising full-scale states, a useful level of chemical accuracy corresponds fault-tolerant quantum computing is a considerable one. to 1kcal/mol"
Cai et al. - 2023 - Quantum Error Mitigation.pdf,Cai et al.,yes,yes,weak,challenge-mention,2,"t we wish to Asavanant et al. (2019); Ebadi et al. (2021); Jurcevic cover in this review. et al. (2021); Madjarov et al. (2020); and Xue et al. It is challenging to find a universally acceptable def- (2022)], some even reaching beyond 50 qubits [see e.g. inition of quantum error mitigation. For the purposes"
Cai et al. - 2023 - Quantum Error Mitigation.pdf,Cai et al.,yes,yes,weak,challenge-mention,5,"se in the circuit. Doing this by modelling noise in P and λ are often good enough to be useful. 0 complete generality on a quantum system can be very challenging (Lidar and Brun, 2013). One useful approx- imation, which is widely employed in the field of quan- tum error correction, is to model noise as disc"
Cai et al. - 2023 - Quantum Error Mitigation.pdf,Cai et al.,yes,yes,weak,challenge-mention,7,"- points at reduced error strength. Of course, learning a sions for their biases and variance in most of the cases. representative noise model can be challenging for large- It is possible to combine exponential and Richardson ex- scale devices, especially for correlated noise. trapolation by performing Rich"
Cai et al. - 2023 - Quantum Error Mitigation.pdf,Cai et al.,yes,yes,weak,challenge-mention,7,"or that circuit the various fault locations without changing their error size (Beguˇsi´c and Chan, 2023; Kechedzhi et al., 2023; models, which can be challenging to implement in ex- Tindall et al., 2023). In addition to the experiments periments. Temme et al. (2017) showed that under the mentioned above, it"
Cai et al. - 2023 - Quantum Error Mitigation.pdf,Cai et al.,yes,yes,weak,challenge-mention,14,"irst. surementsofM copiesofρinordertoaccessexpectation values with respect to the Mth degree purified state Measuring a global operator like S can be challeng- M ing, but it can be decomposed into transversal opera- ρ( p M ur ) = Tr ρ [ρ M M] = 2N 1 pM 2N pM i | ϕ i ⟩⟨ ϕ i | . (29) t c i y o c n li s c a a"
Cai et al. - 2023 - Quantum Error Mitigation.pdf,Cai et al.,yes,yes,weak,challenge-mention,28,"rorrateachievableisstillsubstantialduetoreasons cuit. These additional logical Pauli gates required for like hardware limitations in the system size, challenges error mitigation can be applied virtually and noiselessly in large-scale decoding, and/or insufficient resources for through updating the Pauli fra"
Cai et al. - 2023 - Quantum Error Mitigation.pdf,Cai et al.,yes,yes,weak,tradeoff-mention,4,"s also more sensitive to the variation in the sampled data, and thus its variance will usually increase, Var[O ] Var[O ]. em ρ ≥ Such a bias-variance trade-off is illustrated in Fig. 1 and canbefoundinalmostallareasofparameterestimation. As we will see later, different ways of performing error mitigation oft"
Cai et al. - 2023 - Quantum Error Mitigation.pdf,Cai et al.,yes,yes,weak,tradeoff-mention,4,"g. 1 and canbefoundinalmostallareasofparameterestimation. As we will see later, different ways of performing error mitigation often lead to different trade-offs between bias ytisned ytilibaborP Unmitigated estimator: O Mitigated estimator: Oem Ideal value: Tr(O 0) FIG. 1 The probability density distributions"
Cai et al. - 2023 - Quantum Error Mitigation.pdf,Cai et al.,yes,yes,weak,tradeoff-mention,21,lifford set C for probabilistic error cancellation as knowledgeaboutthenoisewithoutdiscussingthecostof discussed above. More general studies into the trade-off obtainingit. Nowletuslookmorecloselyintothecostof between them would be essential for different learning- the noise calibration for various types of
Cai et al. - 2023 - Quantum Error Mitigation.pdf,Cai et al.,yes,yes,weak,tradeoff-mention,22,"mber of data points in error-free state ρ through a process denoted as : zero-noise extrapolation, etc). Each of these estimators 0 L has a different trade-off between bias and variance and M thusadifferentmeansquareerror. Comparisonsbetween (ρ )= (ρ ) 0 m 0 two QEM methods are further complicated by their d"
Cai et al. - 2023 - Quantum Error Mitigation.pdf,Cai et al.,yes,yes,weak,tradeoff-mention,24,"e of O. ∥ ∥ in the hope of being able to target more noise compo- As discu∞ssed in Cai (2021b), by assuming the ideal nents and/or achieving a better trade-off between bias state ρ to be a pure state, we can decompose the noisy 0 and variance. We have mentioned some possible connec- state ρ into the error-mi"
Cai et al. - 2023 - Quantum Error Mitigation.pdf,Cai et al.,yes,yes,weak,tradeoff-mention,25,ion. QEM methods. These new “interpolated” QEM imple- One may apply zero-noise extrapolation on top of mentations can achieve different bias-variance trade-offs another QEM method by performing extrapolation us- beyond the existing QEM methods and often also tar- ing error-mitigated expectation values (McArd
Campbell et al. - 2023 - Superstaq Deep Optimization of Quantum Programs.pdf,Campbell et al.,partial,partial,weak,limitation-mention,4,"eaddressingallqubits isinturnrequiredtoimplementanarbitrarysingle-qubitgate. Superstaq’s Hilbert compiler therefore optimizes to the capabilities and limitations of the GR gate. While CZ and R gates on the neutral atom architecture z occur on time scales measured in hundreds of nanoseconds, the GR (θ) gate ta"
Campbell et al. - 2023 - Superstaq Deep Optimization of Quantum Programs.pdf,Campbell et al.,partial,partial,weak,tradeoff-mention,7,".7a, we which are necessary to precisely implement the chosen native plotthed oftheoutputstatesofboththestandardandSWAP operation. An example of this tradeoff will be shown in h mirrored compilation against the total MS angle subtended by Section II-D2. the circuit, showing a clear improvement in the perfor"
Campbell et al. - 2023 - Superstaq Deep Optimization of Quantum Programs.pdf,Campbell et al.,partial,partial,weak,worse-mention,9,"iler designed merely to simplify and shorten withtheenvironmentcausethequbittoloseenergyanddecay circuits would eliminate DD operations, resulting in worse to 0 as it idles. However, inserting an XY4 DD sequence | ⟩ overall performance. Superstaq balances the objectives of mitigates this process and exte"
Chernyak et al. - 2026 - Classical Regularization in Variational Quantum Eigensolvers.pdf,Chernyak et al.,yes,partial,weak,failure-mention,2,rp valleys and flattening ill- the training data but perform poorly on unseen inputs—a conditioned ridges in the cost surface. By encouraging trajec- failure of generalization [9]. tories to remain within a compact and physically meaningful L2 regularization addresses this issue by modifying the regionofpa
Chernyak et al. - 2026 - Classical Regularization in Variational Quantum Eigensolvers.pdf,Chernyak et al.,yes,partial,weak,failure-mention,4,"ntsperformedonH ,LiH,andthe 2 indicating that it reflects a transitional regime rather than a Random Field Ising Model (RFIM) reveal a consistent and failure of regularization. striking pattern. Across all systems, the addition of a clas- sical L2 regularizer stabilizes convergence and improves the 2 relia"
Chernyak et al. - 2026 - Classical Regularization in Variational Quantum Eigensolvers.pdf,Chernyak et al.,yes,partial,weak,challenge-mention,1,"illatory ture of the hybrid optimization landscape. Among the most curvature. As a result, even well-behaved physical Hamiltoni- fundamental of these challenges is the occurrence of barren anscangiverisetounstableorerraticoptimizationtrajectories. plateaus [1]–[3], where gradients vanish exponentially with"
Chernyak et al. - 2026 - Classical Regularization in Variational Quantum Eigensolvers.pdf,Chernyak et al.,yes,partial,weak,challenge-mention,2,"an.Inpractice,however,thisoptimizationlandscape L(θ)= ℓ(f (x ),y ). θ i i isoftenruggedandpoorlyconditioned,hinderingconvergence. i=1 To address this challenge, we introduce a classical quadratic WhenthenumberofparametersP greatlyexceedsthenumber penalty on the parameters, yielding the regularized objective"
Chernyak et al. - 2026 - Classical Regularization in Variational Quantum Eigensolvers.pdf,Chernyak et al.,yes,partial,weak,challenge-mention,5,"vexity and numerous local constrained regime. minima.Eachconfigurationwasexecutedwith10,000random seeds per λ, ensuring robust statistics across this challenging D. Cross-System Trends landscape. Despite its rugged energy surface, the same qual- Having analyzed each system individually, we now synthe- itati"
Chernyak et al. - 2026 - Classical Regularization in Variational Quantum Eigensolvers.pdf,Chernyak et al.,yes,partial,weak,tradeoff-mention,2,"e tive systems, each chosen to probe distinct energy-landscape is no dataset, no distribution of unseen inputs, and no characteristics: bias–variance tradeoff. The objective is a single scalar quan- tity—the energy expectation value • H 2 molecule: A four-qubit system with a 40-parameter hardware-efficient"
Chernyak et al. - 2026 - Classical Regularization in Variational Quantum Eigensolvers.pdf,Chernyak et al.,yes,partial,weak,tradeoff-mention,7,"Andrew Arrasmith, M. Cerezo, Piotr Czarnik, Lukasz Cincio, and PatrickJ.Coles.Effectofbarrenplateausongradient-freeoptimization. reveals an intrinsic tradeoff between stabilization and expres- Quantum,5:558,2021. sivity, indicating that λ should be selected based on the target [7] IanGoodfellow,YoshuaBengio"
Chernyak et al. - 2026 - Classical Regularization in Variational Quantum Eigensolvers.pdf,Chernyak et al.,yes,partial,weak,tradeoff-mention,7,"a,andSoumikMandal. Recon- cilingmodernmachine-learningpracticeandtheclassicalbias–variance In this work, we have systematically investigated the role trade-off. Proceedings of the National Academy of Sciences, ofclassicalregularizationinVariationalQuantumEigensolver 116(32):15849–15854,2019. [10] TrevorHasti"
Cirstoiu et al. - 2023 - Volumetric Benchmarking of Error Mitigation with Qermit.pdf,Cirstoiu et al.,yes,yes,strong,method-fails,13,"hich we sequentially perform circuitclass), wetypicallyfoundatleastonesampled CDR, ZNE and no error mitigation. The same sets circuit for which error mitigation does not improve of circuits are used on both ibmq casablanca and upon the noisy expectation value. This occurred for ibm lagos. As discussed, the parameters used for"
Cirstoiu et al. - 2023 - Volumetric Benchmarking of Error Mitigation with Qermit.pdf,Cirstoiu et al.,yes,yes,strong,method-fails,15,"duce improved results. framework here to delineate the boundary beyond Due to the emphasis on composability, Qermit is which a given error mitigation technique fails on av- particularly well suited to explore the application of erage to give an improved estimator of the target ex- multiple noise tailoring and miti"
Cirstoiu et al. - 2023 - Volumetric Benchmarking of Error Mitigation with Qermit.pdf,Cirstoiu et al.,yes,yes,weak,limitation-mention,8,")2 are constants pre- noisy expectation value estimator for a fixed num- m,i z m,i determined from the target observables (and any ber of shots. This limitation has previously been dis- modified observables required in the data collection cussed in Ref. [16] and recent work [23] derives theo- step) and recall"
Cirstoiu et al. - 2023 - Volumetric Benchmarking of Error Mitigation with Qermit.pdf,Cirstoiu et al.,yes,yes,weak,limitation-mention,19,"2-01914-3. measurement circuit. The following is an example of [49] Yihui Quek et al. Exponentially tighter bounds an ObservableExperiment set up. on limitations of quantum error mitigation. 2023. arXiv: 2210.11505 [quant-ph]. 1 from qermit import AnsatzCircuit, ObservableExperiment, [50] Ryuji Takagi, Hiroya"
Cirstoiu et al. - 2023 - Volumetric Benchmarking of Error Mitigation with Qermit.pdf,Cirstoiu et al.,yes,yes,weak,worse-mention,14,"nsidered. etersandshotbudgetwerethesameforemulationand device experiments. Ontheotherhand,weseefromFig.8thatforRan- dom circuits both ZNE and CDR had worse perfor- mance on ibm lagos compared to ibmq casablanca, Improvements are less on ibm lagos Strikingly, with the limits ϵ¯>1 reached within the sizes"
Czarnik et al. - 2021 - Error mitigation with Clifford quantum-circuit data.pdf,Czarnik et al.,yes,yes,strong,worse-than,5,"1.16×106 and remnant of these fluctuations still linger in the cor- 4.65×106, respectively. These shot numbers are of rected energies, leading to the worse performance in thesameorderastheonesusedinourreal-deviceim- Fig. 3(c), although it suggests that employing a more plementations. To perform classical, finite-sho"
Czarnik et al. - 2021 - Error mitigation with Clifford quantum-circuit data.pdf,Czarnik et al.,yes,yes,weak,challenge-mention,1,"orm classical post-processing of ob- tively at the quantum supremacy scale (>50 qubits) servableexpectationvalues. Perhapsthemostwidely are much more challenging to construct. Even meth- used example is state-of-the-art zero-noise extrapola- ods that are in principle scalable may not actually tion (ZNE), wh"
Czarnik et al. - 2021 - Error mitigation with Clifford quantum-circuit data.pdf,Czarnik et al.,yes,yes,weak,challenge-mention,6,hors acknowledge sup- quantum computers and successful error mitigation portfromLANL’sLaboratoryDirectedResearchand of the resulting circuits will be challenging despite Development (LDRD) program. PJC acknowledges the algorithm being more resource efficient than its support from the LANL ASC Beyond Moore’s
Czarnik et al. - 2021 - Error mitigation with Clifford quantum-circuit data.pdf,Czarnik et al.,yes,yes,weak,worse-mention,5,"1.16×106 and remnant of these fluctuations still linger in the cor- 4.65×106, respectively. These shot numbers are of rected energies, leading to the worse performance in thesameorderastheonesusedinourreal-deviceim- Fig. 3(c), although it suggests that employing a more plementations. To perform classical"
Dutkiewicz et al. - 2025 - Error Mitigation and Circuit Division for Early Fault-Tolerant Quantum Phase Estimation.pdf,Dutkiewicz et al.,yes,partial,weak,limitation-mention,8,"stimated, provided that the suppressed[100,101],althoughunknownmechanismsstill first excited state of the Hamiltonian is well separated appear to set limitations on the performance of QEC in from the ground state, by an energy gap (cid:10). This can state-of-the-artexperiments[4].Inthiswork,wegenerally be ach"
Dutkiewicz et al. - 2025 - Error Mitigation and Circuit Division for Early Fault-Tolerant Quantum Phase Estimation.pdf,Dutkiewicz et al.,yes,partial,weak,limitation-mention,28,"Filtered EUMLE] Given the same QPE method and get an idea of the run-time overhead assumptions as in Definition 6, as well as an indica- implied by a limitation on the number of available phys- tor function R(x) (taking values in {0,1}), the filtered ical qubits. To do this, we estimate the physical resources"
Dutkiewicz et al. - 2025 - Error Mitigation and Circuit Division for Early Fault-Tolerant Quantum Phase Estimation.pdf,Dutkiewicz et al.,yes,partial,weak,limitation-mention,33,"puters,PRXQuantum3,010318(2022). [38] D. Aharonov, M. Ben-Or, R. Impagliazzo, and N. [21] Y. Dong, L. Lin, and Y. Tong, Ground state prepara- Nisan, Limitations of noisy reversible computation, tion and energy estimation on early fault-tolerant quan- ArXiv:quant-ph/9611028. tumcomputersviaquantumeigenvaluetr"
Dutkiewicz et al. - 2025 - Error Mitigation and Circuit Division for Early Fault-Tolerant Quantum Phase Estimation.pdf,Dutkiewicz et al.,yes,partial,weak,limitation-mention,33,"energy estimation under depolarizing noise, [41] Y.Quek,D.S.França,S.Khatri,J.J.Meyer,andJ.Eisert, ArXiv:2307.11257. Exponentially tighter bounds on limitations of quantum [24] D. Bultrini, S. Wang, P. Czarnik, M. H. Gordon, M. errormitigation,ArXiv:2210.11505. Cerezo,P.J.Coles,andL.Cincio,Thebattleofcleanan"
Dutkiewicz et al. - 2025 - Error Mitigation and Circuit Division for Early Fault-Tolerant Quantum Phase Estimation.pdf,Dutkiewicz et al.,yes,partial,weak,failure-mention,3,"pproach robust to faults in multiple subcircuits, as a union bound takeninRefs.[13])insteadofabottom-up approachtaken implies that the probability of failure of at least one sub- bysomeotherworks[26,28],asthisrequiresrelativelyfew circuit is larger than the probability of the original circuit assumptionson"
Dutkiewicz et al. - 2025 - Error Mitigation and Circuit Division for Early Fault-Tolerant Quantum Phase Estimation.pdf,Dutkiewicz et al.,yes,partial,weak,failure-mention,11,"PRXQUANTUM6,040318(2025) to a classical postprocessing method that is robust against wehaved−d(cid:12) ≈2log R.Thenumberofphysicalqubits (cid:9) the failure of some of these circuits. Perhaps surprisingly, requiredperlogicalqubitisapproximatelyproportionalto such circuits exist for many problems. The main"
Dutkiewicz et al. - 2025 - Error Mitigation and Circuit Division for Early Fault-Tolerant Quantum Phase Estimation.pdf,Dutkiewicz et al.,yes,partial,weak,failure-mention,32,"hephase repeated error correction with better-than-physical error with variance bounded by (cid:4)2, without allowing for any rates,Arxiv:2404.02280. failure probability. A failure probability of δ, assuming [3] D. Bluvstein et al., Logical quantum processor based on reconfigurableatomarrays,Nature626,58(2"
Dutkiewicz et al. - 2025 - Error Mitigation and Circuit Division for Early Fault-Tolerant Quantum Phase Estimation.pdf,Dutkiewicz et al.,yes,partial,weak,failure-mention,32,"correction with better-than-physical error with variance bounded by (cid:4)2, without allowing for any rates,Arxiv:2404.02280. failure probability. A failure probability of δ, assuming [3] D. Bluvstein et al., Logical quantum processor based on reconfigurableatomarrays,Nature626,58(2024). that the error pr"
Dutkiewicz et al. - 2025 - Error Mitigation and Circuit Division for Early Fault-Tolerant Quantum Phase Estimation.pdf,Dutkiewicz et al.,yes,partial,weak,challenge-mention,6,"m- 1,u=4)andtargetprecision((cid:10)E =10−2)followingRef. ple problems to the surface code, for a range of residual [6], reproducing a regime that is challenging for classical logical noise rates γ. Our goal is to quantify the trade-off methods[84].W isimplementedfollowingthemethodsof between the number of"
Dutkiewicz et al. - 2025 - Error Mitigation and Circuit Division for Early Fault-Tolerant Quantum Phase Estimation.pdf,Dutkiewicz et al.,yes,partial,weak,tradeoff-mention,2,"puting [9] with CCZ factories [11] and quantify is possible [50,66–68].) These single-control QPE tech- how the previously discussed method allows to trade off niques are of particular interest in early fault tolerance an increased computation time for a reduced qubit count. [13–15,18,20,21,25,27,32,69],asth"
Dutkiewicz et al. - 2025 - Error Mitigation and Circuit Division for Early Fault-Tolerant Quantum Phase Estimation.pdf,Dutkiewicz et al.,yes,partial,weak,tradeoff-mention,2,n increase in the total wall time of 2 this reduction in circuit depth and increase in error toler- timesto100times. ance propagates through QEC to a trade-off between the Theremainderofthepaperisorganizedasfollows.The physical qubit count and the wall-clock time (of the full next two sections present the ma
Dutkiewicz et al. - 2025 - Error Mitigation and Circuit Division for Early Fault-Tolerant Quantum Phase Estimation.pdf,Dutkiewicz et al.,yes,partial,weak,tradeoff-mention,4,"ANTUM6,040318(2025) more error correction. We provide a general back-of-the- factorthatincreasesforsmallerγ.Ontheotherhand,when envelope study of the trade-off between error mitigation the target error is small (cid:4) (cid:5)γ, the cost of RPE is about and error correction in Sec. IV A; we find that combini"
Dutkiewicz et al. - 2025 - Error Mitigation and Circuit Division for Early Fault-Tolerant Quantum Phase Estimation.pdf,Dutkiewicz et al.,yes,partial,weak,tradeoff-mention,6,"surface code, for a range of residual [6], reproducing a regime that is challenging for classical logical noise rates γ. Our goal is to quantify the trade-off methods[84].W isimplementedfollowingthemethodsof between the number of physical qubits and the total com- Ref.[6].NotethatqubitizationoftheHubbardmod"
Dutkiewicz et al. - 2025 - Error Mitigation and Circuit Division for Early Fault-Tolerant Quantum Phase Estimation.pdf,Dutkiewicz et al.,yes,partial,weak,tradeoff-mention,29,"th L×L sites, for a total We observe that the curves representing the computa- of2L2 spin-orbitals,andinteractionstrengthu/t=4(with tional space-time trade-off [in Fig. 9(b)] have an “elbow- the hopping parameter t setting the energy dimensions). like” shape. We expect that our method will lead to the This c"
Dutkiewicz et al. - 2025 - Error Mitigation and Circuit Division for Early Fault-Tolerant Quantum Phase Estimation.pdf,Dutkiewicz et al.,yes,partial,weak,worse-mention,8,"4) [98].Therefore,we precisions are fixed, it is common to find that the simpler suggestthatearlyfault-tolerant-algorithm researchshould methods with worse asymptotic scaling (such as Trotter- prioritize optimizing initial state preparation and identi- ized time evolution) are superior to their asymptoti"
English et al. - 2025 - Ising on the donut Regimes of topological quantum error correction from statistical mechanics.pdf,English et al.,yes,yes,strong,failure-condition,7,"ion to hold, this term must be much less than 1, which implies the condition p 1/L. ≪ Next, we must use Bayes’ rule to determine the prob- ability of failure in the fully post-selected case. That is, theprobabilityofnostabilizersbeingviolatedisroughly P(⃗s = +⃗1) = (1 p)2L2 , i.e., no errors occurring. We − c"
English et al. - 2025 - Ising on the donut Regimes of topological quantum error correction from statistical mechanics.pdf,English et al.,yes,yes,strong,failure-condition,12,"ers the below-threshold regime. Anal- ogous to the below-threshold regime of the fully post- selected surface code, we expect logical failure rates P fail in this regime to decay exponentially with code distance L. This exponential suppression is fundamentally linked tothefreeenergycost∆F (p,L)ofadomainwal"
English et al. - 2025 - Ising on the donut Regimes of topological quantum error correction from statistical mechanics.pdf,English et al.,yes,yes,strong,failure-condition,16,"ases. The usual approach, such as in Ref. [7], Taylor expands the scaling function close to the point where the logi- FIG. 14. Logical failure rate P fail for the non-post-selected cal failure curves cross. As we have seen, this can be planar code under bit-flip noise, plotted as a function of the quite far"
English et al. - 2025 - Ising on the donut Regimes of topological quantum error correction from statistical mechanics.pdf,English et al.,yes,yes,strong,failure-condition,17,"ed to propose a new ansatz for the derive closed-form expressions for P (p,L) for all p,L finite-size scaling function of the logical failure rate of fail in that setting, then transfer these insights to non-post- surface codes near threshold. We compared this new er- selectedcodesviaaneffectivesurfacetens"
English et al. - 2025 - Ising on the donut Regimes of topological quantum error correction from statistical mechanics.pdf,English et al.,yes,yes,strong,failure-condition,18,"Ising chains; our results are comple- tured entirely by modified finite-size (or boundary) scal- mentary, providing closed-form P (p,L) for the unbi- fail ing functions. For instance, while the primary scaling ased, fully post-selected case and a physical identifica- variable x = (p p )L1/ν would retain it"
English et al. - 2025 - Ising on the donut Regimes of topological quantum error correction from statistical mechanics.pdf,English et al.,yes,yes,strong,failure-condition,27,"e behaviour of G(x) in these regimes determines whether the phe- nomenological error-function model satisfies the physi- cally required limits of P . fail For Eq. (39) to meet the required limits, the asymp- totic behaviour of G(x) is constrained as follows: • For x : →−∞ (cid:18) (cid:19) G(x) f(x) 0 = erf"
English et al. - 2025 - Ising on the donut Regimes of topological quantum error correction from statistical mechanics.pdf,English et al.,yes,yes,strong,failure-condition,29,"-size scaling analysis on the logical failure ensuring arbitrarily reliable storage in the thermody- rate near-threshold. Data collapse analysis of P fail when namic limit. Typically we expect θ 1 = 1 in the ordered re-parametrized by the scaling variable x = (p p c )Lν 1 regime, but for highly non-local int"
English et al. - 2025 - Ising on the donut Regimes of topological quantum error correction from statistical mechanics.pdf,English et al.,yes,yes,weak,limitation-mention,14,"14 regime, we turn to the framework of finite-size scaling 4.6 theory. 4.4 4.2 C. Near-threshold 4.0 Having established the limitations of the below- 3.8 threshold regime description as p p , we now focus c → onthenear-thresholdregime,wherethebehaviourofthe logical failure rate P is"
English et al. - 2025 - Ising on the donut Regimes of topological quantum error correction from statistical mechanics.pdf,English et al.,yes,yes,weak,limitation-mention,18,"(p p ,L,B) f ((p p )L1/ν), where f (x) ex- fail c B c B ≈ ≈ − plicitly depends on the set of parameters B characteriz- C. Realm of applicability and limitations ing the specific boundary conditions or geometry, distin- guishing it from an idealized scaling function f (x). 0 Our four-regime framework applies"
English et al. - 2025 - Ising on the donut Regimes of topological quantum error correction from statistical mechanics.pdf,English et al.,yes,yes,weak,limitation-mention,18,"uettegaugemodels,ormorecomplexcircuit-levelnoise, While this work provides a comprehensive framework, also presents a direction for research. certain limitations should be acknowledged. Our pri- While the preceding points outline directions for ex- mary analysis has focused on D =2 surface codes under tending"
English et al. - 2025 - Ising on the donut Regimes of topological quantum error correction from statistical mechanics.pdf,English et al.,yes,yes,weak,failure-mention,1,"s post-selected on being syndrome free to the exactly-solvable two-dimensional Ising model on a torus, to derive an analytic solution for the logical failure rate across its full domain of physical error rates. In particular, this mapping pro- videsclosed-formexpressionsforthelogicalfailurerateinfourdistin"
English et al. - 2025 - Ising on the donut Regimes of topological quantum error correction from statistical mechanics.pdf,English et al.,yes,yes,weak,failure-mention,1,"g has matured considerably since its introduction, a quan- performance formulas will be essential to guide code de- titative understanding of logical failure rates remains sign,decoderdevelopment,andresourceallocationinthe a challenge. Precise error rate predictions depend on microscopic details such as la"
English et al. - 2025 - Ising on the donut Regimes of topological quantum error correction from statistical mechanics.pdf,English et al.,yes,yes,weak,failure-mention,2,"ob- fully post-selected toric code under bit-flip noise, the lem in general. Focusing, instead, on the simpler post- functional behaviours of logical failure rates throughout selectedlimitofQECcodescanresultinmodelsthatare the different regimes are established exactly. Further- tractable. In Ref. [23], it"
English et al. - 2025 - Ising on the donut Regimes of topological quantum error correction from statistical mechanics.pdf,English et al.,yes,yes,weak,failure-mention,2,"the corresponding shift certain parameters associated with the functional statistical mechanics model, over which thermodynamic behaviour of logical failure rates in these regimes, the quantities are averaged. This constrained disorder view- qualitative nature of the regimes remains robust across point al"
English et al. - 2025 - Ising on the donut Regimes of topological quantum error correction from statistical mechanics.pdf,English et al.,yes,yes,weak,failure-mention,2,"ived by Onsager in 1944 [25]. This bilizer codes and classical spin models. We explain how observationoffersananalyticfootholdtofurtherourun- logical failure probabilities are encoded as free energy derstanding of optimal QEC performance. costs of domain walls and how these map onto decoding In this work,"
English et al. - 2025 - Ising on the donut Regimes of topological quantum error correction from statistical mechanics.pdf,English et al.,yes,yes,weak,failure-mention,2,"mainofphysicalerrorratesandcodedistances. model to derive closed-form expressions for the logical Weidentifyfourdistinctregimesoftopologicalerrorcor- failure rate in each regime. In Section IV, we extend rection as a function of physical error rate and code dis- theseinsightstonon-post-selectedsurfacecodes"
English et al. - 2025 - Ising on the donut Regimes of topological quantum error correction from statistical mechanics.pdf,English et al.,yes,yes,weak,failure-mention,2,"calQEC,outlineitsassumptionsandscope,interpret to 0. We call this the path-counting regime, in which thephysicalmeaningofkeyparameters,anddiscusslim- failure rates can be estimated by counting the lowest- itations and avenues for future work. weighterrorsthatcannotbecorrected. Second, forsuffi- cientlylarg"
English et al. - 2025 - Ising on the donut Regimes of topological quantum error correction from statistical mechanics.pdf,English et al.,yes,yes,weak,failure-mention,2,"s(orequivalently,latticesizes), and for error rates below the topological code threshold, the system enters the below-threshold (ordered) regime, II. FAILURE RATES AND FREE ENERGY characterized by an exponential decay of logical failure rateswithincreasingcodedistance. Third,whenthecor- Inthissection,webri"
English et al. - 2025 - Ising on the donut Regimes of topological quantum error correction from statistical mechanics.pdf,English et al.,yes,yes,weak,failure-mention,2,"threshold, the system enters the below-threshold (ordered) regime, II. FAILURE RATES AND FREE ENERGY characterized by an exponential decay of logical failure rateswithincreasingcodedistance. Third,whenthecor- Inthissection,webrieflysummarizetheformalismand relationlengthiscomparabletothesystemsizefinite-si"
English et al. - 2025 - Ising on the donut Regimes of topological quantum error correction from statistical mechanics.pdf,English et al.,yes,yes,weak,failure-mention,2,"describes the critical region around the threshold mappings of QEC codes that underpin our later analy- p c . Here, the scaling behaviour of logical failure rates is ses. We assume familiarity with stabilizer codes, logical governedbytheuniversalityclassofthephasetransition sectors and cosets, and the bas"
English et al. - 2025 - Ising on the donut Regimes of topological quantum error correction from statistical mechanics.pdf,English et al.,yes,yes,weak,failure-mention,2,"hreshold, the system transitions into the above- thedisorderedHamiltonianfromphysicalerrorprocesses, threshold (disordered) regime, where the logical failure and the correspondence between partition function cal- rate converges to the value dictated by a uniform distri- culations and decoding strategies [4"
English et al. - 2025 - Ising on the donut Regimes of topological quantum error correction from statistical mechanics.pdf,English et al.,yes,yes,weak,failure-mention,3,"(a)MappingthetoriccodetoanIsingmodel )L( ecnatsid edoC (b)Fourdistinctregimesoferrorcorrection Stat. mech. regime Dominant physical mechanism Logical failure behaviour QEC interpretation Path-counting Combinatorics,minimumweighterrors ∼pwmin Performancesetbyminimallogical errors Ordered Order,domainwallfre"
English et al. - 2025 - Ising on the donut Regimes of topological quantum error correction from statistical mechanics.pdf,English et al.,yes,yes,weak,failure-mention,3,"nergy costs and phase transition points of the clas- the mapping, for a given configuration of errors , is E sical spin models directly yield logical failure probabili- StrengthDisorder Interactions ties and decoding thresholds [3, 9]. We now review this (cid:88) (cid:122)(cid:125)(cid:124)(cid:123) (cid:1"
English et al. - 2025 - Ising on the donut Regimes of topological quantum error correction from statistical mechanics.pdf,English et al.,yes,yes,weak,failure-mention,4,d alternativelybeexpressedasthesignedlogicalgapasfor- P i (τ) is the probability of the local Pauli τ acting on mulated in Refs. [34–36]. The logical failure rate under qubit i. minimum-weight perfect matching decoding (MWPMD) With the Nishimori conditions satisfied and with dis- can then be expressed as [
English et al. - 2025 - Ising on the donut Regimes of topological quantum error correction from statistical mechanics.pdf,English et al.,yes,yes,weak,failure-mention,4,"distribution of domain wall free energies of the = log E , (3) disordered statistical mechanical model is known, then β N P( m ) the optimal logical failure rate can be determined ex- EL actly for any code. As above, for surface codes with bit- where β is the finite thermodynamic beta under which N flip n"
English et al. - 2025 - Ising on the donut Regimes of topological quantum error correction from statistical mechanics.pdf,English et al.,yes,yes,weak,failure-mention,4,"for any code. As above, for surface codes with bit- where β is the finite thermodynamic beta under which N flip noise, to compute the optimal logical failure rate, we theNishimoriconditionsaresatisfiedandP( )isthecu- E integrate the probability distribution of the domain wall mulative probability of all ph"
English et al. - 2025 - Ising on the donut Regimes of topological quantum error correction from statistical mechanics.pdf,English et al.,yes,yes,weak,failure-mention,5,"on depends explicitly on this energy cost, allowing us to connect the scaling of ∆E in the statistical mechanical model to that of the code’s logical failure rate. For such disordered statistical mechanical models, one finds ∆E Lθ, (7) ⟨ ⟩∼ where θ is the stiffness exponent that quantifies the roughness of"
English et al. - 2025 - Ising on the donut Regimes of topological quantum error correction from statistical mechanics.pdf,English et al.,yes,yes,weak,failure-mention,5,"lip noise. (a) Path-counting regime (p p c ): On a clean ≪ atT =0,θvanishes,indicatingmarginallystabledomain lattice at very low error rates, logical failure is dominated by walls [33]. Between these two limits, one expects a non- the shortest possible domain walls, which remain essentially straight and un"
English et al. - 2025 - Ising on the donut Regimes of topological quantum error correction from statistical mechanics.pdf,English et al.,yes,yes,weak,failure-mention,5,"haviour. (d) Above-threshold regime (p > p ): c Above-threshold,thermalfluctuationsdominate,fragmenting In Section II, we identified that the logical failure rate thesystemintoadensetangleofshort,disconnecteddomain ofQECcodescanbedeterminedbythefreeenergycosts wall loops. of domain walls in the statistical"
English et al. - 2025 - Ising on the donut Regimes of topological quantum error correction from statistical mechanics.pdf,English et al.,yes,yes,weak,failure-mention,5,g universality and scaling behaviour near crit- toriccodeontotheclean2DIsingmodelonatorustoob- icality. tain a closed-form expression for the logical failure rate The partition function of the Ising model on a fi- across the full domain of physical error rates and code nite torus with periodic-periodic (pp
English et al. - 2025 - Ising on the donut Regimes of topological quantum error correction from statistical mechanics.pdf,English et al.,yes,yes,weak,failure-mention,6,"exact analytic expression. The P(X X) Z aa . (10) curves all cross at the critical point as predicted by the ⊗ ∝ discussion above. The total logical failure probability is given by This analytic expression for the logical failure rate of the fully post-selected toric code enables us to probe, in Z +Z +Z P"
English et al. - 2025 - Ising on the donut Regimes of topological quantum error correction from statistical mechanics.pdf,English et al.,yes,yes,weak,failure-mention,6,"e critical point as predicted by the ⊗ ∝ discussion above. The total logical failure probability is given by This analytic expression for the logical failure rate of the fully post-selected toric code enables us to probe, in Z +Z +Z P = ap pa aa . (11) closed form, the functional behaviour of the failure r"
English et al. - 2025 - Ising on the donut Regimes of topological quantum error correction from statistical mechanics.pdf,English et al.,yes,yes,weak,failure-mention,6,"l failure rate of the fully post-selected toric code enables us to probe, in Z +Z +Z P = ap pa aa . (11) closed form, the functional behaviour of the failure rate fail Z +Z +Z +Z pp ap pa aa across each of the four regimes identified above. More- over, having this exact formula lets us explore failure Sinc"
English et al. - 2025 - Ising on the donut Regimes of topological quantum error correction from statistical mechanics.pdf,English et al.,yes,yes,weak,failure-mention,6,"the failure rate fail Z +Z +Z +Z pp ap pa aa across each of the four regimes identified above. More- over, having this exact formula lets us explore failure Since we are interested in the square case we will have rates for system sizes far larger than would be tractable Z =Z . pa ap viaMonteCarlosamplingo"
English et al. - 2025 - Ising on the donut Regimes of topological quantum error correction from statistical mechanics.pdf,English et al.,yes,yes,weak,failure-mention,6,"gRefs.[45,47],weevaluatethepartitionfunc- [49]. Wenowusethisexactclosed-formexpressionforthe tionsofthe2DIsingmodelfortheseboundaryconditions logical failure rate of a fully post-selected toric code to in Appendix A. The solution to the 2D Ising model on a investigatethefunctionalbehaviourofthesefailurerat"
English et al. - 2025 - Ising on the donut Regimes of topological quantum error correction from statistical mechanics.pdf,English et al.,yes,yes,weak,failure-mention,7,"attice sizes L. The solid lines represent the exact analytic curves obtained via a mapping to the 2D Ising model, while the scatter points denote the failure rates computed using a tensor network decoder with a truncation bond-dimension of χ=28. Thecurvescrossatthethresholderrorp 0.29and c logical failure"
English et al. - 2025 - Ising on the donut Regimes of topological quantum error correction from statistical mechanics.pdf,English et al.,yes,yes,weak,failure-mention,7,"failure rates computed using a tensor network decoder with a truncation bond-dimension of χ=28. Thecurvescrossatthethresholderrorp 0.29and c logical failure probability P = 1/2 as predicted ≃ by the 2D fail Ising model solution. follows. For sufficiently low p, logical errors are domi- natedbyasingledomai"
English et al. - 2025 - Ising on the donut Regimes of topological quantum error correction from statistical mechanics.pdf,English et al.,yes,yes,weak,failure-mention,7,"alidonlyaslongas contributions fromlonger, higher-weight errorchains are negligible. On the torus, the next-shortest error paths that cause a logical failure have a length of L+2. These paths can be visualized as the minimal, straight-line er- ror chain deformed by two “kinks” (see Appendix B for a detaile"
English et al. - 2025 - Ising on the donut Regimes of topological quantum error correction from statistical mechanics.pdf,English et al.,yes,yes,weak,failure-mention,7,"ion to hold, this term must be much less than 1, which implies the condition p 1/L. ≪ Next, we must use Bayes’ rule to determine the prob- ability of failure in the fully post-selected case. That is, theprobabilityofnostabilizersbeingviolatedisroughly P(⃗s = +⃗1) = (1 p)2L2 , i.e., no errors occurring. We"
English et al. - 2025 - Ising on the donut Regimes of topological quantum error correction from statistical mechanics.pdf,English et al.,yes,yes,weak,failure-mention,7,"counting L=7 Analytic L=9 L=11 FIG.4. LogicalfailurerateP forafullypost-selectedtoric fail code under bit-flip noise in the path-counting regime. The failure rate is plotted as a function of the physical error rate p,withcurvesparametrizedbythelatticesizeL. Thedashed lines represent the path-counting appro"
English et al. - 2025 - Ising on the donut Regimes of topological quantum error correction from statistical mechanics.pdf,English et al.,yes,yes,weak,failure-mention,7,"ateinthefullypost-selectedregimeusing P P = wall fail P(⃗s=+⃗1) 2LpL(1 p)2L2−L − ≈ (1 p)2L2 − pL =2L . (15) (1 p)L − In Fig. 4, we plot the predicted failure probability us- ing the path-counting expression of Eq. (15) and the ex- act analytic values discussed above for a range of val- ues of L. The approx"
English et al. - 2025 - Ising on the donut Regimes of topological quantum error correction from statistical mechanics.pdf,English et al.,yes,yes,weak,failure-mention,8,"alytic L=9 L=11 FIG. 5. Comparison of the capillary wave approximation (dashed lines) and the exact analytic calculation (solid lines) of the logical failure rate for a fully post-selected toric code. Results are shown as a function of the physical error rate p for various lattice sizes L, with each colour"
English et al. - 2025 - Ising on the donut Regimes of topological quantum error correction from statistical mechanics.pdf,English et al.,yes,yes,weak,failure-mention,8,"e twolimitswehaveusedtofindapproximateexpressions. We plot in Fig. 5 comparison of this approximate ex- pression with the exact analytically computed failure rates using the free-fermion mapping. Fig. 5showsthataspapproachesthecriticalvaluep , c our capillary wave approximation breaks down because domain w"
English et al. - 2025 - Ising on the donut Regimes of topological quantum error correction from statistical mechanics.pdf,English et al.,yes,yes,weak,failure-mention,9,"be- comescomparabletoβσ andthelogicalerrorprobability 0.8 is (1). In the next section we turn to finite-size scaling O theory to describe the logical failure rates in this critical 0.6 regime. 0.4 C. Near-threshold (critical) regime 0.2 As we approach the threshold error rate p , fluctua- c 0.2 0.1 0.0 0.1"
English et al. - 2025 - Ising on the donut Regimes of topological quantum error correction from statistical mechanics.pdf,English et al.,yes,yes,weak,failure-mention,9,"on length ξ(β) that becomes very large in the region of the phase transition. For system sizes L ξ unitless ≤ physical quantities such as the logical failure probabil- ity P (β,L) are functions of L/ξ only. For a general fail statistical mechanical model close to a critical point the correlation length ξ d"
English et al. - 2025 - Ising on the donut Regimes of topological quantum error correction from statistical mechanics.pdf,English et al.,yes,yes,weak,failure-mention,9,"(cid:113) (cid:19) ω (k)=arcsinh sin2(k)+2sinh2(µ) . (22) µ etar eruliaf lacigoL L=3 L=5 L=7 L=9 L=11 Prediction FIG. 6. Data collapse of the logical failure rate P for the fail fully post-selected toric code under bit-flip noise. The logi- calfailurerateisplottedasafunctionofthescalingvariable x=(p p )L,w"
English et al. - 2025 - Ising on the donut Regimes of topological quantum error correction from statistical mechanics.pdf,English et al.,yes,yes,weak,failure-mention,10,"these non-universal factors appear in every p∗ = − . (29) 2p(1 p) term in a similar way, so they cancel out. This can- − cellation leaves the logical failure probability dependent The Kramers-Wannier duality mixes the different sec- solely on the scaling variable x = (β β )L, capturing tors of the partitio"
English et al. - 2025 - Ising on the donut Regimes of topological quantum error correction from statistical mechanics.pdf,English et al.,yes,yes,weak,failure-mention,10,"eitwithascalingvariablex=(p p )L1/ν,withν =1, − fail − fail 4 c − ̸ reflecting its distinct universality class. We can therefore estimate the logical failure rates in the At fixed code distance L, increasing the error rate p above-threshold regime using the capillary wave theory beyond p drives the system"
English et al. - 2025 - Ising on the donut Regimes of topological quantum error correction from statistical mechanics.pdf,English et al.,yes,yes,weak,failure-mention,10,"reshold c derived in the below-threshold regime. In the below- regime,wheredomainwallsproliferateandthecodeloses threshold regime, we showed that the failure rate expo- its ability to protect quantum information. This is the nentially decayed to 0 as L for fixed p<p . Then c topic of the next subsection. →"
English et al. - 2025 - Ising on the donut Regimes of topological quantum error correction from statistical mechanics.pdf,English et al.,yes,yes,weak,failure-mention,10,"tum information. This is the nentially decayed to 0 as L for fixed p<p . Then c topic of the next subsection. →∞ by Eq. (31), we see that our logical failure rate in the above-threshold regime exponentially approaches 3/4 at fixed p>p . c D. Above-threshold (disordered) regime In the next section, we move"
English et al. - 2025 - Ising on the donut Regimes of topological quantum error correction from statistical mechanics.pdf,English et al.,yes,yes,weak,failure-mention,10,"o map the behaviour of the below- IV. SURFACE CODES WITHOUT POST-SELECTION thresholdregimetotheabove-thresholdregime[55]. This shows that the logical failure probability P exponen- fail tially decays from unity toward 3/4 with increasing L, In this section, we consider the standard setting of consistent wi"
English et al. - 2025 - Ising on the donut Regimes of topological quantum error correction from statistical mechanics.pdf,English et al.,yes,yes,weak,failure-mention,11,"rder, corresponding to error correction with no post- regime occurs for p > p and sufficiently large c selection. L 1, and is identified with logical failure rates ≫ We now detail the behaviour of surface codes within whichexponentiallyapproach(K 1)/K withcode − these four regimes. For each regime, we desc"
English et al. - 2025 - Ising on the donut Regimes of topological quantum error correction from statistical mechanics.pdf,English et al.,yes,yes,weak,failure-mention,11,")/K withcode − these four regimes. For each regime, we describe its key distance: characteristics and introduce the specific ansatz for the 1 logical failure rate P fail (p,L) that we will derive and an- P fail (p,L) ≈ 1 − K e−β[σ e ′ ff (p)L+δ′(p)]. alyze in the subsequent discussion: The introduction of"
English et al. - 2025 - Ising on the donut Regimes of topological quantum error correction from statistical mechanics.pdf,English et al.,yes,yes,weak,failure-mention,11,"pandadualpointp∗ [61],andconsequently,theel- this regime, as detailed in Sec. IVA, we show that egant transformation relating the above-threshold the failure rate for a toric code under the bit-flip behaviourtothebelow-thresholdregimeislost. As error model with odd L follows the form a result we do not hav"
English et al. - 2025 - Ising on the donut Regimes of topological quantum error correction from statistical mechanics.pdf,English et al.,yes,yes,weak,failure-mention,11,"ical- A. Path-counting ity, low-momentum modes dominate the physics, where finite-size scaling theory dictates that the The derivation of the logical failure rate expression in logical failure rates depend only on the ratio L/ξ, the path-counting regime is similar to the post-selected where ξ is the correl"
English et al. - 2025 - Ising on the donut Regimes of topological quantum error correction from statistical mechanics.pdf,English et al.,yes,yes,weak,failure-mention,11,"entum modes dominate the physics, where finite-size scaling theory dictates that the The derivation of the logical failure rate expression in logical failure rates depend only on the ratio L/ξ, the path-counting regime is similar to the post-selected where ξ is the correlation length that scales as case. O"
English et al. - 2025 - Ising on the donut Regimes of topological quantum error correction from statistical mechanics.pdf,English et al.,yes,yes,weak,failure-mention,11,"e ratio L/ξ, the path-counting regime is similar to the post-selected where ξ is the correlation length that scales as case. One assumes that logical failure is dominated by ξ p p −ν. Since the 2D Ising model is a the minimal uncorrectable error configurations, which c ∼ | − | marginalcaseoftheHarriscriter"
English et al. - 2025 - Ising on the donut Regimes of topological quantum error correction from statistical mechanics.pdf,English et al.,yes,yes,weak,failure-mention,11,"Sec. IVC, by analyzing the distribution ity of such paths leads to an expression of the form of domain wall ground state energy costs, that the 2L L! failure rate for the surface code with bit-flip noise P (p,L)= p⌈L/2⌉, (32) fail L/2 ! L/2 ! in this regime is governed by the finite-size scaling ⌈ ⌉⌊ ⌋ ans"
English et al. - 2025 - Ising on the donut Regimes of topological quantum error correction from statistical mechanics.pdf,English et al.,yes,yes,weak,failure-mention,11,"er of distinct domain wall configurations. For an even P fail (p,L) 1 erf 2 1 0 , distanceL, theminimalerrorchainsofweightL/2cause ≈ 2 − √2 a decoder failure only half the time, which introduces an where x = sgn(p p )(L/ξ)1/ν = (p p )L1/ν is additional factor of 1/2 to the prefactor. c c − − the scaling va"
English et al. - 2025 - Ising on the donut Regimes of topological quantum error correction from statistical mechanics.pdf,English et al.,yes,yes,weak,failure-mention,11,",A and A are con- This expression represents the leading-order contribu- 2 1 0 stants that relate to the domain wall energy cost tion to the logical failure rate, becoming increasingly ac- distribution at criticality. curateasp 0,wheresuchminimalerrorconfigurations →"
English et al. - 2025 - Ising on the donut Regimes of topological quantum error correction from statistical mechanics.pdf,English et al.,yes,yes,weak,failure-mention,12,"12 dominate all other failure mechanisms. The subsequent terms in this expansion, which depend on longer error paths, determine the range of p for which this leading- 10− 4 order"
English et al. - 2025 - Ising on the donut Regimes of topological quantum error correction from statistical mechanics.pdf,English et al.,yes,yes,weak,failure-mention,12,"ationsatverylowphysical error rates. As shown in Fig. 7, the path-counting ex- pression given by Eq. (32) indeed converges to the sim- ulated logical failure rate as p 0. We also observed → that the path-counting expression (Eq. (32)) underesti- matesthelogicalfailureratewhenp>1/L2. Thisregime of validity"
English et al. - 2025 - Ising on the donut Regimes of topological quantum error correction from statistical mechanics.pdf,English et al.,yes,yes,weak,failure-mention,12,dity agrees with the analytical arguments in Ap- pendix B. Thus we find that the regime of validity of the path counting approximation to the logical failure rate is much lower than in the fully-post-selected case. This is presumably due to the entropic contributions of the much larger number of error conf
English et al. - 2025 - Ising on the donut Regimes of topological quantum error correction from statistical mechanics.pdf,English et al.,yes,yes,weak,failure-mention,12,"surface code enters the below-threshold regime. Anal- ogous to the below-threshold regime of the fully post- selected surface code, we expect logical failure rates P fail in this regime to decay exponentially with code distance L. This exponential suppression is fundamentally linked tothefreeenergycost∆F ("
English et al. - 2025 - Ising on the donut Regimes of topological quantum error correction from statistical mechanics.pdf,English et al.,yes,yes,weak,failure-mention,12,ost of overcoming dis- order pinning rather than the entropic wandering of the etaR eruliaF lacigoL L=3 L=5 L=7 L=9 FIG. 7. Comparison of the logical failure rate of a stan- dardtoriccode(withoutpost-selection)inthepath-counting regime. Numerical simulation results (scatter points) are shown alongside the
English et al. - 2025 - Ising on the donut Regimes of topological quantum error correction from statistical mechanics.pdf,English et al.,yes,yes,weak,failure-mention,13,lacigoL 0.4 L=3 L=5 0.2 L=7 Fitted ansatz L=9 Simulation L=11 0.0 0.02 0.04 0.06 0.08 0.10 Physical error rate (p) FIG. 8. Comparison of the logical failure rate for a standard toric code (without post-selection) in the below-threshold regime. The failure rate is modeled by fitting the expres- sion in Eq.
English et al. - 2025 - Ising on the donut Regimes of topological quantum error correction from statistical mechanics.pdf,English et al.,yes,yes,weak,failure-mention,13,"l error rate (p) FIG. 8. Comparison of the logical failure rate for a standard toric code (without post-selection) in the below-threshold regime. The failure rate is modeled by fitting the expres- sion in Eq. (34), with the free energy cost given by Eq. (33), yielding the parameters σ (p) and δ(p). The sca"
English et al. - 2025 - Ising on the donut Regimes of topological quantum error correction from statistical mechanics.pdf,English et al.,yes,yes,weak,failure-mention,13,". We note that the validity of these below-threshold approxi- mations does not extend all the way to the threshold. We curve-fit and plot the logical failure rate of non- post-selected toric codes as a function of physical error rate and code distance in Fig. 8. From this, we obtained anestimateoftheeffect"
English et al. - 2025 - Ising on the donut Regimes of topological quantum error correction from statistical mechanics.pdf,English et al.,yes,yes,weak,failure-mention,13,"s decay parameter in terms of surface tension-driven free energy costs. For our model, in the below-threshold regime of the surface code, the logical failure rate takes the form P (p,L) 2e−β(σeff(p)L+δ(p)). (34) fail ≈ noisnet ecafrus evitceffE )p( σ ffe FIG.9. Plotoftheeffectivesurfacetensionσ asafunction"
English et al. - 2025 - Ising on the donut Regimes of topological quantum error correction from statistical mechanics.pdf,English et al.,yes,yes,weak,failure-mention,13,nger governed by the bulk properties like the effective surface tension or the non-extensive free energy offset. To ac- curately describe the logical failure rates in this critical
English et al. - 2025 - Ising on the donut Regimes of topological quantum error correction from statistical mechanics.pdf,English et al.,yes,yes,weak,failure-mention,14,"hed the limitations of the below- 3.8 threshold regime description as p p , we now focus c → onthenear-thresholdregime,wherethebehaviourofthe logical failure rate P is governed by finite-size scaling 3.6 fail theory. Aconsequenceofintroducingquencheddisorder, 2 101 3 101 × × characteristic of the random-bo"
English et al. - 2025 - Ising on the donut Regimes of topological quantum error correction from statistical mechanics.pdf,English et al.,yes,yes,weak,failure-mention,14,"negativevaluesduetotherandomspin- spin couplings in the model. In the quantum error cor- rectioncontextnegativedomainwallenergycorresponds to decoder failure. We will define the probability den- sity for ∆E to be P(∆E;p,L). As a result the logical failure probability is just the total probability for nega-"
English et al. - 2025 - Ising on the donut Regimes of topological quantum error correction from statistical mechanics.pdf,English et al.,yes,yes,weak,failure-mention,14,"ntextnegativedomainwallenergycorresponds to decoder failure. We will define the probability den- sity for ∆E to be P(∆E;p,L). As a result the logical failure probability is just the total probability for nega- tive ∆E and can be determined if P(∆E;p,L) is known. We will assume as in Eq. (21) that the logic"
English et al. - 2025 - Ising on the donut Regimes of topological quantum error correction from statistical mechanics.pdf,English et al.,yes,yes,weak,failure-mention,14,"obability is just the total probability for nega- tive ∆E and can be determined if P(∆E;p,L) is known. We will assume as in Eq. (21) that the logical failure 2 Under the statistical mechanical mapping, the domain wall ground state energy cost is directly proportional to the logical gap. Concretely, at zero"
English et al. - 2025 - Ising on the donut Regimes of topological quantum error correction from statistical mechanics.pdf,English et al.,yes,yes,weak,failure-mention,15,"n boundary con- ± ditions (i.e., the planar code) is known to exhibit non- Gaussian tails [33]. However, for the purpose of deter- mining the logical failure rate P via integration of fail this distribution, we find that its behaviour, particu- larly in the region relevant to the integral, can be ap- proxi"
English et al. - 2025 - Ising on the donut Regimes of topological quantum error correction from statistical mechanics.pdf,English et al.,yes,yes,weak,failure-mention,16,"he system increases. The usual approach, such as in Ref. [7], Taylor expands the scaling function close to the point where the logi- FIG. 14. Logical failure rate P fail for the non-post-selected cal failure curves cross. As we have seen, this can be planar code under bit-flip noise, plotted as a function"
English et al. - 2025 - Ising on the donut Regimes of topological quantum error correction from statistical mechanics.pdf,English et al.,yes,yes,weak,failure-mention,16,"n Ref. [7], Taylor expands the scaling function close to the point where the logi- FIG. 14. Logical failure rate P fail for the non-post-selected cal failure curves cross. As we have seen, this can be planar code under bit-flip noise, plotted as a function of the quite far from the point where the derivati"
English et al. - 2025 - Ising on the donut Regimes of topological quantum error correction from statistical mechanics.pdf,English et al.,yes,yes,weak,failure-mention,16,"ve that scaling ans¨atze that fit the data accurately in the region where the deriva- 1.041 0.002. Thefitalsorefinedthecriticalparameters tive of the failure probability is largest will outperform to p ± =0.1028 0.0001 and ν =1.517 0.01, which are those that look for the crossing. There are many pos- c use"
English et al. - 2025 - Ising on the donut Regimes of topological quantum error correction from statistical mechanics.pdf,English et al.,yes,yes,weak,failure-mention,16,"- c used to constru ± ct x in the plot. ± sible approaches, an example is the ansatz described in section S3.C of Ref. [68]. To quantify the critical failure rate, we compare three Finally,wedonotincludeadedicatedabove-threshold independent methods that map either the domain wall subsectionfornon-post-sele"
English et al. - 2025 - Ising on the donut Regimes of topological quantum error correction from statistical mechanics.pdf,English et al.,yes,yes,weak,failure-mention,16,"hold independent methods that map either the domain wall subsectionfornon-post-selectedsurfacecodes. Quenched energy cost distribution or the logical failure data to P (p ). (1) Fixing p = 0.103 and fitting Gaussians disorder does not destroy the Kramers-Wannier duality; fail c c rather, it replaces the cl"
English et al. - 2025 - Ising on the donut Regimes of topological quantum error correction from statistical mechanics.pdf,English et al.,yes,yes,weak,failure-mention,16,"(3) Fit- not simply bootstrap an above-threshold ansatz (e.g., ± ⇒ fail c ± σ′,δ′) from the below-threshold quantities. Second, for ting the logical failure rate directly with the (quadratic) p p , the logical failure rate rapidly saturates toward error-function ansatz gives p = 0.1028 0.0001 and c c ≫ A"
English et al. - 2025 - Ising on the donut Regimes of topological quantum error correction from statistical mechanics.pdf,English et al.,yes,yes,weak,failure-mention,16,"., ± ⇒ fail c ± σ′,δ′) from the below-threshold quantities. Second, for ting the logical failure rate directly with the (quadratic) p p , the logical failure rate rapidly saturates toward error-function ansatz gives p = 0.1028 0.0001 and c c ≫ A = 1.041 0.002 P (p ) = 0.14 ± 89 0.0004. (K 1)/K withincreasi"
English et al. - 2025 - Ising on the donut Regimes of topological quantum error correction from statistical mechanics.pdf,English et al.,yes,yes,weak,failure-mention,16,"tion. x and biasing the intercept B . Overall, all three meth- 0 ods place P (p ) in the narrow range of 0.14–0.15; we fail c thus rely on the direct failure rate fit for precise thresh- old estimates and use the distribution-based collapse as V. DISCUSSION AND OUTLOOK a complementary cross-check of the sc"
English et al. - 2025 - Ising on the donut Regimes of topological quantum error correction from statistical mechanics.pdf,English et al.,yes,yes,weak,failure-mention,17,"nergy offset δ(p) regime, we incorporated capillary wave theory to pro- (Fig.10),originatesfromthe (1)terminthecleancap- O pose an expression for the failure rates which depend illary wave calculation and, when quenched disorder is on the surface tension of domain walls. Near criticality, introduced, is re"
English et al. - 2025 - Ising on the donut Regimes of topological quantum error correction from statistical mechanics.pdf,English et al.,yes,yes,weak,failure-mention,17,"d by local pinning effects and the we showed how finite-size scaling manifests in the logical disorder modified stiffness. Across the ordered regime, failure rate through the domination of low-momentum δ(p) remains positive, of order unity, and shows only a modesofthepartitionfunctionswith differentboundar"
English et al. - 2025 - Ising on the donut Regimes of topological quantum error correction from statistical mechanics.pdf,English et al.,yes,yes,weak,failure-mention,17,"f a non-zero δ(p) conditions. Finally, we showed how a Kramers-Wannier underscorestheenergeticcontributionsfromdisorderbe- duality exactly mapped the failure rate in the below- yond the simple linear scaling with L, and can be di- threshold regime to a dual probability in the above- rectly related to the c"
English et al. - 2025 - Ising on the donut Regimes of topological quantum error correction from statistical mechanics.pdf,English et al.,yes,yes,weak,failure-mention,17,"l. [3] established the mapping of surface Finally, we investigated the near-threshold behaviour of codes to a 2D RBIM (and with measurement errors to failure rates by proposing a new notion of data collapse a 3D random-plaquette gauge model) and identified the for the distribution of ground state energy co"
English et al. - 2025 - Ising on the donut Regimes of topological quantum error correction from statistical mechanics.pdf,English et al.,yes,yes,weak,failure-mention,17,"tribution was used to propose a new ansatz for the derive closed-form expressions for P (p,L) for all p,L finite-size scaling function of the logical failure rate of fail in that setting, then transfer these insights to non-post- surface codes near threshold. We compared this new er- selectedcodesviaaneffe"
English et al. - 2025 - Ising on the donut Regimes of topological quantum error correction from statistical mechanics.pdf,English et al.,yes,yes,weak,failure-mention,18,"impact of bound- Most recently, Xiao, Srivastava, and Granath [15] de- ary conditions [71, 72], geometry [73–75], and topo- rived closed-form logical failure rates for the XY and logical features such as twist defects [76]. We expect XZZX surface codes under biased noise by choosing ro- that the underlying"
English et al. - 2025 - Ising on the donut Regimes of topological quantum error correction from statistical mechanics.pdf,English et al.,yes,yes,weak,failure-mention,19,"in the near-threshold regime, our framework suggests a supported by the Australian Research Council via the practical diagnostic: by fitting logical failure data to our Centre of Excellence in Engineered Quantum Systems finite-size scaling forms, one can extract a quantitative (EQUS) project number CE1701"
English et al. - 2025 - Ising on the donut Regimes of topological quantum error correction from statistical mechanics.pdf,English et al.,yes,yes,weak,failure-mention,21,"ftwo-dimensionalstabilizercodes, c New J. Phys. 14, 073048 (2012). [85] M. H. Freedman and D. A. Meyer, Projective plane and Appendix B: Surface code failure rates in planar quantum codes, Found. Comput. Math. 1, 325 path-counting regime (2001). [86] H. Bomb´ın and M. A. Martin-Delgado, Statistical me- cha"
English et al. - 2025 - Ising on the donut Regimes of topological quantum error correction from statistical mechanics.pdf,English et al.,yes,yes,weak,failure-mention,21,"al me- chanical models and topological color codes, Phys. Rev. Inthissection,wederivetheleading-orderexpressions A 77, 042322 (2008). for the logical failure rate of various surface codes in the [87] A. J. Landahl, J. T. Anderson, and P. R. Rice, Fault- path-counting regime by counting the number of most t"
English et al. - 2025 - Ising on the donut Regimes of topological quantum error correction from statistical mechanics.pdf,English et al.,yes,yes,weak,failure-mention,22,e straight line to find another error configuration ing of error configurations in this sum. However for low with this weight that results in decoder failure and so enough p and odd L this double counting should be neg- (cid:18) (cid:19) L+2 ligible and the upper bound should be a good estimate N =2(L3 L2)
English et al. - 2025 - Ising on the donut Regimes of topological quantum error correction from statistical mechanics.pdf,English et al.,yes,yes,weak,failure-mention,23,", and the decoder ⌈ ⌉ will fail half the time for these. This will mean that the (cid:16) (cid:17)L The path-counting approximation P 2L p is logical failure rate is higher for the odd size surface code fail ≈ 1−p by a factor of L. This gives us valid only for p 1/L (i.e., pL 0 as L ; see ≪ → → ∞ Sec. IIIA"
English et al. - 2025 - Ising on the donut Regimes of topological quantum error correction from statistical mechanics.pdf,English et al.,yes,yes,weak,failure-mention,24,"lysis with ν = 1. Dividing by the ther- p < p which both guarantees exponential decay of logi- c modynamicβ accordingtotheNishimoriconditionsthen cal failure rates below-threshold and yields data collapse yields an explicit leading form for the surface tension, under the rescaling by x=(p p )L1/ν. c − 8(1+"
English et al. - 2025 - Ising on the donut Regimes of topological quantum error correction from statistical mechanics.pdf,English et al.,yes,yes,weak,failure-mention,24,"arctan (cid:0)dh(cid:1) ,β (cid:105) and d t x hesquare-rootfactor forces domain walls of length L/2 (assuming even L; see dx Sec. B3). Modeling the failure probability as P inpowersof dh. Keepingtermsuptosecondorderyields fail dx ∼ exp[ βσ(p)L/2]=exp[ α(p)L] and comparing with the (cid:114) − − (cid:104)"
English et al. - 2025 - Ising on the donut Regimes of topological quantum error correction from statistical mechanics.pdf,English et al.,yes,yes,weak,failure-mention,26,"cid:12) (cid:12) (cid:12) =4√J | η(i) | We follow Ref. [54] to derive the near-threshold ex- dx (cid:12) θ (i) + θ (i) + θ (i) pansion of the logical failure probability P fail of a fully x=0 | 1/2,1/2 | | 0,1/2 | | 1/2,0 (E9 | ) post-selected toric code on an L L torus to first order For J = 1, the propor"
English et al. - 2025 - Ising on the donut Regimes of topological quantum error correction from statistical mechanics.pdf,English et al.,yes,yes,weak,failure-mention,26,"Ref. [54], evaluated at aspect ratio ρ = 1 and equal that form in full, starting from the assumption that the lattice dimensions L=M we have logical failure probability P depends only on the scal- fail 2γ (cid:18) 1 (cid:19) ingvariablex=(p p )L1/ν. Wethereforeproposethat logZ (0)= L2+log θ (i)η(i) + , −"
English et al. - 2025 - Ising on the donut Regimes of topological quantum error correction from statistical mechanics.pdf,English et al.,yes,yes,weak,failure-mention,26,", so (cid:18) (cid:19) c 1 is a constant, and the characteristic energy scales as + . (E7) F O L ∆E (L) Lθ. Changing variables via u = ∆E/Lθ, the 0 ∼ failure probability may be rewritten as Substituting into Eq. E4 yields P fail ≃2 1 + θ 1/2,1/2 (i) √ + 8 θ µ 0 L ,1/ | η 2 ( ( i i ) ) | + θ 1/2,0 (i) P fai"
English et al. - 2025 - Ising on the donut Regimes of topological quantum error correction from statistical mechanics.pdf,English et al.,yes,yes,weak,failure-mention,28,"g ans¨atze withAICandBICpenalizingmodelswithmoreparame- performance ters. We compare all four ans¨atze by fitting them to the full dataset of logical failure rates P (p,L) for odd L fail To assess the robustness of our conclusions, we com- betweenL min andL max (L=9to19)andpvaluesspan- pare the phenomenolo"
English et al. - 2025 - Ising on the donut Regimes of topological quantum error correction from statistical mechanics.pdf,English et al.,yes,yes,weak,failure-mention,28,"ke operator its central bulk and positive tail. In contrast, the second [83, 84]. Under the standard mapping to an equivalent method fits the logical failure rate, P fail , which is deter- two-dimensional classical spin model, each logical string mined solely by the integral over the negative tail of the b"
English et al. - 2025 - Ising on the donut Regimes of topological quantum error correction from statistical mechanics.pdf,English et al.,yes,yes,weak,failure-mention,28,"tem at its Nishimori temperature, whereby our analysis of domain wall free energy costs can be related back to f (p,L)=A x2+B x+C , (F9) the logical failure rates of the code. poly poly poly poly We next assume that the classical spin model ob- where A ,B ,C , along with p and ν are fitting tainedunderthe"
English et al. - 2025 - Ising on the donut Regimes of topological quantum error correction from statistical mechanics.pdf,English et al.,yes,yes,weak,failure-mention,29,"eight grows as a positive power of L. By standard continuity of this transition implies diverging correlation large-deviations arguments, the logical failure probabil- (cid:2) (cid:3) lengths and a well-defined universality class, allowing us ity therefore decays at least as fast as exp (Lθ1) , −O to apply"
English et al. - 2025 - Ising on the donut Regimes of topological quantum error correction from statistical mechanics.pdf,English et al.,yes,yes,weak,failure-mention,29,"-defined universality class, allowing us ity therefore decays at least as fast as exp (Lθ1) , −O to apply finite-size scaling analysis on the logical failure ensuring arbitrarily reliable storage in the thermody- rate near-threshold. Data collapse analysis of P fail when namic limit. Typically we expect θ"
English et al. - 2025 - Ising on the donut Regimes of topological quantum error correction from statistical mechanics.pdf,English et al.,yes,yes,weak,failure-mention,29,"shold is uni- would be particularly noteworthy, as it would exhibit a versal. A successful collapse demonstrates that in this below-threshold logical failure rate decaying faster than critical region, the logical failure rate P ceases to be [exp( L)],potentiallyofferinganavenueforextremely fail O − a funct"
English et al. - 2025 - Ising on the donut Regimes of topological quantum error correction from statistical mechanics.pdf,English et al.,yes,yes,weak,failure-mention,29,"ibit a versal. A successful collapse demonstrates that in this below-threshold logical failure rate decaying faster than critical region, the logical failure rate P ceases to be [exp( L)],potentiallyofferinganavenueforextremely fail O − a function of p and L independently. Instead, it follows efficientQEC."
English et al. - 2025 - Ising on the donut Regimes of topological quantum error correction from statistical mechanics.pdf,English et al.,yes,yes,weak,challenge-mention,1,"ulas will be essential to guide code de- titative understanding of logical failure rates remains sign,decoderdevelopment,andresourceallocationinthe a challenge. Precise error rate predictions depend on microscopic details such as lattice geometry, boundary conditions, physical noise channels, and the choice"
English et al. - 2025 - Ising on the donut Regimes of topological quantum error correction from statistical mechanics.pdf,English et al.,yes,yes,weak,challenge-mention,18,"ex noise channels like depolarizing noise, which maps developedhereistofamiliesofbivariatebicyclecodes[77] to the eight-vertex model, remains an open challenge, with fixed check structure [78, 79], as these codes sat- though our general four-regime structure is expected to isfy the assumptions on which our"
English et al. - 2025 - Ising on the donut Regimes of topological quantum error correction from statistical mechanics.pdf,English et al.,yes,yes,weak,tradeoff-mention,18,"18 Beverland et al. [63] analyzed the tradeoff between lied on T = 0 (MWPM) decoding, which approximates square-lattice and rotated surface codes, emphasizing optimal maximum-likelihood decoding."
Etim and Szefer - 2025 - Fault Injection Attacks on Machine Learning-based Quantum Computer Readout Error Correction.pdf,Etim & Szefer,yes,partial,weak,failure-mention,2,"ate errors are reduced, measurement error can remain shared among qubits. In particular, 5 qubits share one readout a dominant contributor to logical failure unless explicitly line [16]. As the result, the readout logic has to correct for mitigated [9], [10], [6]. any correlated errors in these bits. This"
Faculty of Engineering Kampala International University Uganda and Njoki - 2024 - Statistical Challenges and Opportunities in Quantum Computing A Review.pdf,Njoki,no,partial,weak,limitation-mention,1,"ets efficiently, underpinned by statistical methodologies for algorithm optimization and data management. Despite challenges such as quantum hardware limitations and noise interference, ongoing research aims to advance statistical frameworks, optimize algorithms, and explore new applications, ensuring statist"
Faculty of Engineering Kampala International University Uganda and Njoki - 2024 - Statistical Challenges and Opportunities in Quantum Computing A Review.pdf,Njoki,no,partial,weak,limitation-mention,4,"s and Future Directions computational modeling [18]. Challenges in QML and big data analytics include Quantum Machine Learning (QML) quantum hardware limitations, noise interference, QML leverages quantum computing to perform and scalability issues. Statisticians work to address complex computations more effi"
Faculty of Engineering Kampala International University Uganda and Njoki - 2024 - Statistical Challenges and Opportunities in Quantum Computing A Review.pdf,Njoki,no,partial,weak,limitation-mention,4,"rning. interdisciplinary collaboration, ensuring that Challenges like quantum noise and hardware statistical methods remain integral in realizing the limitations persist but have spurred innovative full potential of quantum computing across diverse statistical approaches. As quantum computing applications. ev"
Faculty of Engineering Kampala International University Uganda and Njoki - 2024 - Statistical Challenges and Opportunities in Quantum Computing A Review.pdf,Njoki,no,partial,weak,challenge-mention,1,"esearch IDOSRJCAS913337 IDOSR JOURNAL OF COMPUTER AND APPLIED SCIENCES 9(1):-33-37, 2024. https://doi.org/10.59298/JCAS/2024/91.153337001 Statistical Challenges and Opportunities in Quantum Computing: A Review Wanjiku Amani Njoki Faculty of Engineering Kampala International University Uganda ABSTRACT Quantu"
Faculty of Engineering Kampala International University Uganda and Njoki - 2024 - Statistical Challenges and Opportunities in Quantum Computing A Review.pdf,Njoki,no,partial,weak,challenge-mention,1,"hniques for error detection and mitigation without collapsing quantum states. Statistical inference and data interpretation in quantum computing face challenges posed by the probabilistic nature of quantum data, necessitating novel statistical frameworks for accurate analysis and prediction. Optimizing quan"
Faculty of Engineering Kampala International University Uganda and Njoki - 2024 - Statistical Challenges and Opportunities in Quantum Computing A Review.pdf,Njoki,no,partial,weak,challenge-mention,1,"ng's potential to process vast datasets efficiently, underpinned by statistical methodologies for algorithm optimization and data management. Despite challenges such as quantum hardware limitations and noise interference, ongoing research aims to advance statistical frameworks, optimize algorithms, and expl"
Faculty of Engineering Kampala International University Uganda and Njoki - 2024 - Statistical Challenges and Opportunities in Quantum Computing A Review.pdf,Njoki,no,partial,weak,challenge-mention,1,"to machine learning can lead to more powerful superposition and entanglement. This presents both computational tools. The synergy between statistics, challenges and opportunities for statistical methods. quantum physics, and computer science fosters The inherent uncertainty in quantum states interdisciplina"
Faculty of Engineering Kampala International University Uganda and Njoki - 2024 - Statistical Challenges and Opportunities in Quantum Computing A Review.pdf,Njoki,no,partial,weak,challenge-mention,1,"to accurately describe and predict revolution [5, 6]. quantum computations[2]. Quantum error QUANTUM ERROR CORRECTION AND correction (QEC) is another challenge, as quantum MITIGATION computers are sensitive to environmental noise and Quantum error correction (QEC) and mitigation are operational errors. Inte"
Faculty of Engineering Kampala International University Uganda and Njoki - 2024 - Statistical Challenges and Opportunities in Quantum Computing A Review.pdf,Njoki,no,partial,weak,challenge-mention,1,"or correction (QEC) and mitigation are operational errors. Interpreting quantum data is critical components in the quest to develop practical another challenge, as the output is inherently and scalable quantum computers. Unlike classical probabilistic, requiring sophisticated statistical computers, quantum"
Faculty of Engineering Kampala International University Uganda and Njoki - 2024 - Statistical Challenges and Opportunities in Quantum Computing A Review.pdf,Njoki,no,partial,weak,challenge-mention,1,"ke classical probabilistic, requiring sophisticated statistical computers, quantum systems are highly susceptible inference techniques. Despite these challenges, to errors due to environmental noise, operational quantum computing presents significant imperfections, and the intrinsic probabilistic nature opp"
Faculty of Engineering Kampala International University Uganda and Njoki - 2024 - Statistical Challenges and Opportunities in Quantum Computing A Review.pdf,Njoki,no,partial,weak,challenge-mention,2,s and Quantum Error Correction (QEC) machine learning techniques to improve QEC is a complex field that addresses the unique accuracy and efficiency. challenges posed by quantum errors. Classical error iii. Adaptive Error Correction: Adaptive correction techniques cannot be directly applied to strategies dy
Faculty of Engineering Kampala International University Uganda and Njoki - 2024 - Statistical Challenges and Opportunities in Quantum Computing A Review.pdf,Njoki,no,partial,weak,challenge-mention,2,"ition to QEC, error mitigation techniques are essential for quantum computation. To overcome essential for improving the reliability of quantum these challenges, QEC employs sophisticated computations, especially in the near-term quantum methods that encode logical qubits into multiple devices where fully f"
Faculty of Engineering Kampala International University Uganda and Njoki - 2024 - Statistical Challenges and Opportunities in Quantum Computing A Review.pdf,Njoki,no,partial,weak,challenge-mention,2,"hods for Error Detection and optimal pulse sequences for specific noise Correction environments. Effective QEC relies heavily on advanced statistical Challenges and Future Directions methods to detect and correct errors. These methods Despite significant progress, several challenges include [11]: remain in"
Faculty of Engineering Kampala International University Uganda and Njoki - 2024 - Statistical Challenges and Opportunities in Quantum Computing A Review.pdf,Njoki,no,partial,weak,challenge-mention,2,"ly on advanced statistical Challenges and Future Directions methods to detect and correct errors. These methods Despite significant progress, several challenges include [11]: remain in the field of QEC and error mitigation. One i. Error Syndrome Extraction: Statistical major challenge is the high resource o"
Faculty of Engineering Kampala International University Uganda and Njoki - 2024 - Statistical Challenges and Opportunities in Quantum Computing A Review.pdf,Njoki,no,partial,weak,challenge-mention,2,"icant progress, several challenges include [11]: remain in the field of QEC and error mitigation. One i. Error Syndrome Extraction: Statistical major challenge is the high resource overhead techniques are used to extract syndromes, associated with QEC codes, which requires a large which are patterns of meas"
Faculty of Engineering Kampala International University Uganda and Njoki - 2024 - Statistical Challenges and Opportunities in Quantum Computing A Review.pdf,Njoki,no,partial,weak,challenge-mention,3,"plicability to real- Statistical inference and data interpretation in world problems. Unlike classical algorithms, quantum computing are critical yet challenging quantum algorithms leverage quantum mechanics' aspects due to the probabilistic nature of quantum principles, such as superposition and entangleme"
Faculty of Engineering Kampala International University Uganda and Njoki - 2024 - Statistical Challenges and Opportunities in Quantum Computing A Review.pdf,Njoki,no,partial,weak,challenge-mention,3,"ng new ways to bottlenecks, optimizing parameters, and predicting interpret complex quantum systems. algorithmic behavior under different conditions. Challenges and Opportunities Integration of Classical and Quantum Methods Interpreting quantum data presents significant Statistical methods facilitate the in"
Faculty of Engineering Kampala International University Uganda and Njoki - 2024 - Statistical Challenges and Opportunities in Quantum Computing A Review.pdf,Njoki,no,partial,weak,challenge-mention,3,"unities Integration of Classical and Quantum Methods Interpreting quantum data presents significant Statistical methods facilitate the integration of challenges, including the need for large datasets to classical and quantum computing techniques. Hybrid reduce statistical error and the complexity of quantum"
Faculty of Engineering Kampala International University Uganda and Njoki - 2024 - Statistical Challenges and Opportunities in Quantum Computing A Review.pdf,Njoki,no,partial,weak,challenge-mention,3,"complexity of quantum-classical algorithms leverage statistical modeling quantum phenomena. However, these modeling to combine the strengths of both challenges also offer opportunities for innovation. computing paradigms effectively. Statisticians Developing new statistical models tailored for develop hybr"
Faculty of Engineering Kampala International University Uganda and Njoki - 2024 - Statistical Challenges and Opportunities in Quantum Computing A Review.pdf,Njoki,no,partial,weak,challenge-mention,4,", and ensure reliable computation neural networks are adapted for quantum systems, outcomes[17]. aiming to improve learning accuracy and scalability. Challenges and Future Directions Big Data Analytics Optimizing quantum algorithms through statistical Big data analytics involves processing and analyzing met"
Faculty of Engineering Kampala International University Uganda and Njoki - 2024 - Statistical Challenges and Opportunities in Quantum Computing A Review.pdf,Njoki,no,partial,weak,challenge-mention,4,"tions Big Data Analytics Optimizing quantum algorithms through statistical Big data analytics involves processing and analyzing methods faces several challenges, including the massive datasets to extract valuable insights and complexity of quantum systems, limited quantum patterns. Statistical methods are e"
Faculty of Engineering Kampala International University Uganda and Njoki - 2024 - Statistical Challenges and Opportunities in Quantum Computing A Review.pdf,Njoki,no,partial,weak,challenge-mention,4,"elds such as finance, healthcare, and scientific optimizing algorithms, enhancing data processing research. efficiency, and exploring new avenues for Challenges and Future Directions computational modeling [18]. Challenges in QML and big data analytics include Quantum Machine Learning (QML) quantum hardware"
Faculty of Engineering Kampala International University Uganda and Njoki - 2024 - Statistical Challenges and Opportunities in Quantum Computing A Review.pdf,Njoki,no,partial,weak,challenge-mention,4,"gorithms, enhancing data processing research. efficiency, and exploring new avenues for Challenges and Future Directions computational modeling [18]. Challenges in QML and big data analytics include Quantum Machine Learning (QML) quantum hardware limitations, noise interference, QML leverages quantum comput"
Faculty of Engineering Kampala International University Uganda and Njoki - 2024 - Statistical Challenges and Opportunities in Quantum Computing A Review.pdf,Njoki,no,partial,weak,challenge-mention,4,"verages quantum computing to perform and scalability issues. Statisticians work to address complex computations more efficiently than classical these challenges by developing robust statistical counterparts, particularly in tasks involving large frameworks for quantum data analysis, optimizing datasets and"
Faculty of Engineering Kampala International University Uganda and Njoki - 2024 - Statistical Challenges and Opportunities in Quantum Computing A Review.pdf,Njoki,no,partial,weak,challenge-mention,4,"pretation to algorithm quantum mechanics continues to drive optimization and quantum machine learning. interdisciplinary collaboration, ensuring that Challenges like quantum noise and hardware statistical methods remain integral in realizing the limitations persist but have spurred innovative full potential"
Faculty of Engineering Kampala International University Uganda and Njoki - 2024 - Statistical Challenges and Opportunities in Quantum Computing A Review.pdf,Njoki,no,partial,weak,challenge-mention,5,"oi.org/10.15680/IJIRSET.2024.130 Res.1,50–67(2021). 6136| https://doi.org/10.1016/j.fmre.2020.12.006 CITE AS: Wanjiku Amani Njoki (2024). Statistical Challenges and Opportunities in Quantum Computing: A Review. IDOSR JOURNAL OF COMPUTER AND APPLIED SCIENCES 9(1):- 33-37, 2024. https://doi.org/10.59298/JCAS/"
Filippov et al. - 2023 - Scalable tensor-network error mitigation for near-term quantum computing.pdf,Filippov et al. (2023),partial,yes,strong,error-increase,1,"table at scale, quantum computing will heavily rely on noise mitigation techniques. While methods such as zero noise extrapolation with probabilistic error amplification (ZNE-PEA) and probabilistic error cancellation (PEC) have been successfully tested on hardware recently, their scalability to larger circuits"
Filippov et al. - 2023 - Scalable tensor-network error mitigation for near-term quantum computing.pdf,Filippov et al. (2023),partial,yes,strong,error-increase,1,ferent tic error cancellation (PEC) [20–22] and zero-noise ex- observables even if the number of outcomes is much less trapolation with probabilistic error amplification (ZNE- than what is needed for the state tomography. This is PEA)[12]. PECrepresentsanoise-freecircuitasaquasi- aligned with the approximate re
Filippov et al. - 2023 - Scalable tensor-network error mitigation for near-term quantum computing.pdf,Filippov et al. (2023),partial,yes,weak,challenge-mention,8,"information tions,InternationalJournalofQuantumChemistry122, (World Scientific, 1998) pp. 213–269. e26975 (2022). [3] D. Gottesman, Opportunities and challenges in fault- [8] A. Robert, P. K. Barkoutsos, S. Woerner, and I. Tav- tolerantquantumcomputation(2022),arXiv:2210.15844 ernelli, Resource-efficient qu"
Filippov et al. - 2024 - Scalability of quantum error mitigation techniques from utility to advantage.pdf,Filippov et al. (2024),yes,yes,strong,error-increase,1,"ssociated to the most advanced errormitigationstrategies,includingprobabilisticerrorcancellation(PEC),zeronoiseextrapolation (ZNE) with probabilistic error amplification, and tensor-network error mitigation (TEM); (2) we prove that TEM (i) has the lowest sampling overhead among all three techniques under realis"
Filippov et al. - 2024 - Scalability of quantum error mitigation techniques from utility to advantage.pdf,Filippov et al. (2024),yes,yes,strong,error-increase,1,B. Probabilistic error cancellation (PEC) 8 1. Method 8 2. Random error 9 3. Systematic error 9 C. Zero noise extrapolation (ZNE) with probabilistic error amplification 10 1. Method 10 2. Random error 11 3. Systematic error 12 D. Tensor-network error mitigation (TEM) 14 1. Method 14 2. Random error 15 3. Optim
Filippov et al. - 2024 - Scalability of quantum error mitigation techniques from utility to advantage.pdf,Filippov et al. (2024),yes,yes,strong,error-increase,2,"r realistic noise for three techniques in use: probabilistic error cancellation (PEC) [13, 16, 17], zero noise extrapolation (ZNE) with probabilistic error amplification [1], and tensor-network error mitigation (TEM) [7]. Incontrasttonoise-agnostictechniques[18–23],theseonesrelyonthenoisecharacterizationforever"
Filippov et al. - 2024 - Scalability of quantum error mitigation techniques from utility to advantage.pdf,Filippov et al. (2024),yes,yes,strong,error-increase,6,". O −→O¯ |0⟩ ... ... ... ←− tensor network for ⃝L l=1 (N(cid:101) l −1)† FIG. 3. Noise-aware noise mitigation techniques: PEC, ZNE with probabilistic error amplification (PEA), and TEM. PEC operates without regard to the observable (error mitigation in the Schro¨dinger picture). ZNE operates with a specific obs"
Filippov et al. - 2024 - Scalability of quantum error mitigation techniques from utility to advantage.pdf,Filippov et al. (2024),yes,yes,strong,error-increase,10,"ionΘ=1.8% in the relative density of errors, we get the systematic error δ(1) =1.44%. systematic C. Zero noise extrapolation (ZNE) with probabilistic error amplification 1. Method In this section, we present the derivation of all errors associated to ZNE and summarized in Table I. We begin by recalling the meth"
Filippov et al. - 2024 - Scalability of quantum error mitigation techniques from utility to advantage.pdf,Filippov et al. (2024),yes,yes,strong,error-increase,12,"=(1+1.795εNL)2exp(εNL). 3. Systematic error Effect of imprecisely learned noise model and noise instability. Similarly to PEC, ZNE with probabilistic error amplification is sensitive to the fluctuations in noise parameters and the imprecision in noise learning. Suppose the noise during the data acquisition diff"
Filippov et al. - 2024 - Scalability of quantum error mitigation techniques from utility to advantage.pdf,Filippov et al. (2024),yes,yes,strong,error-increase,24,"ributions to the final estimation error in noise-mitigated quantum computations with three noise-aware techniques in use (PEC, ZNE with probabilistic error amplification, and TEM), we have filled a substantial gap in forecasting noise mitigation performance at large scale. The minimal random error and the optim"
Filippov et al. - 2024 - Scalability of quantum error mitigation techniques from utility to advantage.pdf,Filippov et al. (2024),yes,yes,weak,limitation-mention,3,[6] for an unbiased estimation of Pauli observables in large-scale quantum circuits both with weak SPL noise and with general weak Pauli noise. Other limitations on performance of noise-aware error mitigation techniques originate from a mismatch between the actual noise and its learned model as well as from t
Filippov et al. - 2024 - Scalability of quantum error mitigation techniques from utility to advantage.pdf,Filippov et al. (2024),yes,yes,weak,limitation-mention,3,"ch between the actual noise and its learned model as well as from the method-specific assumptions that can be fulfilled only approximately. All these limitations translate into a collection of the associated systematic errors {δ(i) } in systematic i estimating the noise-mitigated observable, see Table I. PEC,"
Filippov et al. - 2024 - Scalability of quantum error mitigation techniques from utility to advantage.pdf,Filippov et al. (2024),yes,yes,weak,limitation-mention,5,"erform purely classical simulations of ∼100×100 quantum circuits. As the quantum technology improves and the average error rate ε decreases, the main limitation on the size N×L ofhardware-simulablecircuitscomesfromthetotalnumberoferrorsεNLwhichcannotexceed∼20inordertogeta realistic wall time with the sampling"
Filippov et al. - 2024 - Scalability of quantum error mitigation techniques from utility to advantage.pdf,Filippov et al. (2024),yes,yes,weak,failure-mention,24,"le of the kicked Heisenberg model with external inhomogeneous fields, where the entanglement grows exponentially in the circuit depth, we clarify the failure mechanism of matrix product states, the relative estimation error of which approaches 100% even if the compressed bond dimension is as large as half"
Filippov et al. - 2024 - Scalability of quantum error mitigation techniques from utility to advantage.pdf,Filippov et al. (2024),yes,yes,weak,challenge-mention,3,"show that the overall estimation error in noise-mitigated quantum computation can be reasonably small (δ ≲ 10%) in dense circuits of size ∼ 100×100—a challenging scale for uncustomized classical simulations, e.g., with the help of standard tensor networks. Focusing on the universality of algorithms (quantum"
Filippov et al. - 2024 - Scalability of quantum error mitigation techniques from utility to advantage.pdf,Filippov et al. (2024),yes,yes,weak,challenge-mention,3,"c classical methods. II. MAIN RESULTS The practical implementation of any noise mitigation technique in large-scale quantum computations is extremely challenging due to the limited resources available. The allocated wall time limits the number M of circuit executions, which in turn translates into the rando"
Filippov et al. - 2024 - Scalability of quantum error mitigation techniques from utility to advantage.pdf,Filippov et al. (2024),yes,yes,weak,challenge-mention,8,"tenuated down to the values e−εNL/2 hardly distinguishable from the shot noise in practical scenarios (e−εNL/2 ≈3.4×10−4 for εNL=16). We focus on the challenging yet the most pressing scenario for noise mitigation with εNL ≫ 1, where the sampling overhead Γ is extremely sensitive to any factor in the expone"
Filippov et al. - 2024 - Scalability of quantum error mitigation techniques from utility to advantage.pdf,Filippov et al. (2024),yes,yes,weak,challenge-mention,34,"e, Communications of the ACM 66, 82 (2023). [12] B. Fauseweh, Quantum many-body simulations on digital quantum computers: State-of-the-art and future challenges, Nature Communications 15, 2123 (2024). [13] E. van den Berg, Z. K. Minev, A. Kandala, and K. Temme, Probabilistic error cancellation with sparse P"
Filippov et al. - 2024 - Scalability of quantum error mitigation techniques from utility to advantage.pdf,Filippov et al. (2024),yes,yes,weak,tradeoff-mention,1,"demonstrating that TEM with a sufficient bond dimension works similarly to an error correcting code of distance 3. We foresee that the interplay and trade-off betweenthetworesourceswillbethekeytoasmoothtransitionbetweenerrormitigationanderror correction, and hence between near-term and fault-tolerant quantu"
Filippov et al. - 2024 - Scalability of quantum error mitigation techniques from utility to advantage.pdf,Filippov et al. (2024),yes,yes,weak,worse-mention,23,"assical-simulationerrorinFig.7andcompareitwithnoisy exact quantum computation without error mitigation (estimation error ∼ 1−e−εNL/2), which performs worse. We take into account that in a quantum computation a general two-qubit unitary transformation involves 3 cnot gates [60], for instance, S R Y (π 2 +"
França and Garcia-Patron - 2022 - A game of quantum advantage linking verification and simulation.pdf,Franca & Garcia-Patron,yes,partial,weak,limitation-mention,8,"ent function that depends on a polynomial number of samples to try to distinguish the distributions. In Appendix E we discuss possible extensions and limitations of our results in this direction. 2.6 Main results As we anticipated, this framework of quantum advantage certification allows us to prove three mai"
França and Garcia-Patron - 2022 - A game of quantum advantage linking verification and simulation.pdf,Franca & Garcia-Patron,yes,partial,weak,limitation-mention,9,"n this work we do not come up with such a strategy for Bob, but rather explore the consequences of the existence of such a strategy to understand the limitations and connections of verification and simulation of random quantum circuit experiments. Theorem 2.1 (Aliceapproximatelylearnsν after(cid:15)−2 roundsf"
França and Garcia-Patron - 2022 - A game of quantum advantage linking verification and simulation.pdf,Franca & Garcia-Patron,yes,partial,weak,limitation-mention,27,"king. Theory of Computing, 16(11):1–8, 2020. DOI: 10.4086/toc.2020.v016a011. [6] Dorit Aharonov, Michael Ben-Or, Russell Impagliazzo, and Noam Nisan. Limitations of noisy reversible computation. arXiv preprint quant- ph/9611028, 1996. [7] Andris Ambainis and Joseph Emerson. Quantum t-designs: t-wise indepen-"
França and Garcia-Patron - 2022 - A game of quantum advantage linking verification and simulation.pdf,Franca & Garcia-Patron,yes,partial,weak,limitation-mention,29,"nsactions on Information Theory, 48(3):580–598, Mar 2002. ISSN 0018-9448. DOI: 10.1109/18.985948. [23] Daniel Stilck Fran¸ca and Raul Garcia-Patr´on. Limitations of optimization algorithms on noisy quantum devices. Nature Physics, 17(11):1221–1227, oct 2021. DOI: 10.1038/s41567-021-01356-3. [24] Xun Gao, Marc"
França and Garcia-Patron - 2022 - A game of quantum advantage linking verification and simulation.pdf,Franca & Garcia-Patron,yes,partial,weak,limitation-mention,29,"1221–1227, oct 2021. DOI: 10.1038/s41567-021-01356-3. [24] Xun Gao, Marcin Kalinowski, Chi-Ning Chou, Mikhail D. Lukin, Boaz Barak, and Soonwon Choi. Limitations of linear cross-entropy as a measure for quantum advantage, 2021. URL https://arxiv.org/abs/2112.01657. [25] Daniel Gottesman. The heisenberg repres"
França and Garcia-Patron - 2022 - A game of quantum advantage linking verification and simulation.pdf,Franca & Garcia-Patron,yes,partial,weak,limitation-mention,42,"E Generalizations and limitations of our results Let us discuss more precisely to what class of verification and distinguishability algorithms our results apply to, how it can be gen"
França and Garcia-Patron - 2022 - A game of quantum advantage linking verification and simulation.pdf,Franca & Garcia-Patron,yes,partial,weak,failure-mention,4,"average for the functions f on the i samples. The required number of samples required to be confident that the con- dition is satisfied up to a small failure probability can be estimated by e.g. an application of H¨offding’s inequality, as we show later. Note that this guarantees that Alice cannot cheat by"
França and Garcia-Patron - 2022 - A game of quantum advantage linking verification and simulation.pdf,Franca & Garcia-Patron,yes,partial,weak,challenge-mention,4,"if she takes toomuchtimetoproposeanewcandidateorsamplefromit. Similarly,Bobcould beforcedtoacknowledgehisdefeatifhetakestoolongtoofferanewwitnessthat challenges Alice. In some sense, the rules should be consistent with the process of building community consensus on the validity of a quantum advantage result"
França and Garcia-Patron - 2022 - A game of quantum advantage linking verification and simulation.pdf,Franca & Garcia-Patron,yes,partial,weak,challenge-mention,18,"ibutionsuchasGlauberdynamicsorsimulatedannealing[38]performbetter. However, rejection sampling allows for a simple analytical analysis, which is more challenging for more refined techniques. 4 Random quantum circuits Let us now discuss the implications to the verification of quantum advantage proposals base"
França and Garcia-Patron - 2022 - A game of quantum advantage linking verification and simulation.pdf,Franca & Garcia-Patron,yes,partial,weak,drawback-mention,2,"vantage experiments used linear XEB as a benchmark for the quantum state generated by 50 to 60 qubit devices. However, these approaches have two main drawbacks. First, they require the computation of the probability of sampled strings under the circuit’s ideal distribution, which consumes a run- ning time g"
França and Garcia-Patron - 2022 - A game of quantum advantage linking verification and simulation.pdf,Franca & Garcia-Patron,yes,partial,weak,caveat-mention,6,most 8n(cid:15)−2 rounds. We explain this in more detail in Section 4 and refer to Appendix A for a discussion and proof of its basic properties. The caveat is that the knowledge from which Gibbs distribution Alice needs to sample does not guarantee that she can do it efficiently. Let us exemplify this ag
Govia et al. - 2025 - Bounding the Systematic Error in Quantum Error Mitigation due to Model Violation.pdf,Govia et al.,yes,yes,strong,failure-condition,12,"have also proven metric, the upper bound to δ , that quantifies how poorly o thatforsomecircuitstructures,worsenon-Clioff rdcircuits the model could fail at PEC error mitigation. Such an exist. Finally, we have shown that our methodology can operationallydefinedmetricisusefulasitgivesaclearpre- be extende"
Govia et al. - 2025 - Bounding the Systematic Error in Quantum Error Mitigation due to Model Violation.pdf,Govia et al.,yes,yes,strong,error-increase,2,"L.C.G.GOVIAetal. PRXQUANTUM6,010354(2025) Whilepreviousworkhasfocusedonestimatingtheimpact (PEC) [17], probabilistic error amplification (PEA) [1], ofmodelviolationonerrormitigationof“typical”circuits andtensor-networkerrormitigation(TEM)[19]. [22],herewefocusonworst-caseupperbo"
Govia et al. - 2025 - Bounding the Systematic Error in Quantum Error Mitigation due to Model Violation.pdf,Govia et al.,yes,yes,strong,error-increase,2,"t here we use to other error-model-based mitigation protocols, namely, it to refer to the bias in error mitigation that is intrinsic to probabilistic error amplification [1], and tensor-network theoperationofthemitigationprotocol.Forexample,even errormitigation[19]. protocols such as PEC that are bias free when"
Govia et al. - 2025 - Bounding the Systematic Error in Quantum Error Mitigation due to Model Violation.pdf,Govia et al.,yes,yes,strong,error-increase,3,"earning scheme, which we cancellation,andconsidertheextensionofourtechniques denotebyf meas forPauliP.ThePaulifidelitiesfullychar- P to probabilistic error amplification in Appendix F and to acterizeaPauli-stochasticchannelandarerelatedtotheν j tensor-networkerrormitigationinAppendixG. ofEq.(1)byaFouriertransfo"
Govia et al. - 2025 - Bounding the Systematic Error in Quantum Error Mitigation due to Model Violation.pdf,Govia et al.,yes,yes,strong,error-increase,8,"bounds the crosstalk Fig.1(b).Asexpected,theupperboundandtheworst-case errors and N is the number of crosstalk terms. For lin- x Clioff rd systematic error grow with increasing crosstalk. ear connectivity and next-nearest-neighbor crosstalk, N x This type of model violation shows a particularly large scalesli"
Govia et al. - 2025 - Bounding the Systematic Error in Quantum Error Mitigation due to Model Violation.pdf,Govia et al.,yes,yes,strong,error-increase,12,"orm depends on the specifics of the ing mitigation experiments. As expected, the systematic mitigated channel. In some cases, such as the generalized error increases for larger changes in 1/T and the distri- depolarizingchannelormitigatedamplitudedamping,our 1 bution of systematic error is well upper bounded by t"
Govia et al. - 2025 - Bounding the Systematic Error in Quantum Error Mitigation due to Model Violation.pdf,Govia et al.,yes,yes,weak,failure-mention,13,"SYSTEMATICERRORINQUANTUMERRORMITIGATION... PRXQUANTUM6,010354(2025) or failure of other applications of learnt error models, 2.DiamondnormofaPauli-stochastishchannel includingothererror-mitigationschemes,andnoise-aware Following"
Govia et al. - 2025 - Bounding the Systematic Error in Quantum Error Mitigation due to Model Violation.pdf,Govia et al.,yes,yes,weak,failure-mention,16,"N DUETOLEARNINGUNCERTAINTY Statisticaluncertaintyintheparametervaluesofalearnt model can be a significant source of model violation but this is not a failure of the model ansatz. As such, it can beusefultoindependentlyestimatetheeeff ctofthelearn- ing uncertainty on the mitigated expectation values, such t"
Govia et al. - 2025 - Bounding the Systematic Error in Quantum Error Mitigation due to Model Violation.pdf,Govia et al.,yes,yes,weak,worse-mention,16,"genstate of Z. For this cir- cuit with largest δ is also non-Clioff rd. Thus, the onset o cuit, the 25-dimensional Hessian matrix has one positive of worse non-Clioff rd circuits at some critical depth does eigenvalue(therestarestrictlynegative),whichimpliesa notrequirePECerrormitigationbutoccursevenforp"
Govia et al. - 2025 - Bounding the Systematic Error in Quantum Error Mitigation due to Model Violation.pdf,Govia et al.,yes,yes,weak,worse-mention,18,"randomized learningprocedure.Ascanbeseen,thereisnocleartrend ensemble, fit the circuit decay curves to extract Pauli toward degenerate pairs having a worse systematic error, fidelities,andfinallyperformleast-squaresoptimizationto indicating that this is not the only source of additional obtain the model"
Halder et al. - 2023 - Development of zero-noise extrapolated projective quantum algorithm for accurate evaluation of molec.pdf,Halder et al.,yes,partial,weak,limitation-mention,2,"nt quantum hardware. However, the currently would require a quantum device with an exorbitant number of available quantum devices suffer from various limitations in the actual qubits. For example, the surface code18–20 requires O(d2) formofpoorgatefidelity,statepreparationandmeasurementerrors physical qubits"
Halder et al. - 2023 - Development of zero-noise extrapolated projective quantum algorithm for accurate evaluation of molec.pdf,Halder et al.,yes,partial,weak,limitation-mention,3,"veremedytocircumventthese ware does not support adaptive rectification. Apart from these constraintswhilemaintainingVQE’srobustness.Adetailedanalysis limitations, a variety of QEC methods rely on the exact char- oftheadvantagesofPQE(alongwithitsperformanceundernoise) acterization of the noise associated with"
Henao et al. - 2023 - Adaptive quantum error mitigation using pulse-based inverse evolutions.pdf,Henao et al.,yes,yes,strong,degradation,2,"oise accumulates in circuits of increasing size. In this work, U :¼UðTÞ is the unitary associated with the noise-free target instead of analyzing the degradation of statistical precision, our circuit. focus is on the accuracy of error mitigation. We obtain upper OurbasicapproximationisthetruncationoftheMagnusseri"
Henao et al. - 2023 - Adaptive quantum error mitigation using pulse-based inverse evolutions.pdf,Henao et al.,yes,yes,weak,limitation-mention,2,"stheimpactofnoiseandisgivenby correct inversion ofthetarget circuit is still crucial inthis limit. Z T Recently, important results on the fundamental limitations of Ω ðTÞ¼ dtUyðtÞLðtÞUðtÞ; (3) 1 QEMprotocolshavebeenobtained36,37.Thesestudiesaddressthe 0 degradationinthestatisticalprecisionofgenericQEMschemes,"
Henao et al. - 2023 - Adaptive quantum error mitigation using pulse-based inverse evolutions.pdf,Henao et al.,yes,yes,weak,challenge-mention,8,"these M and topology. While achieving a low accumulated noise in big samplingoverheadsarequitemoderateanddonotrepresentan circuits is technologically challenging, if this condition is met the obstacle for scalable error mitigation. In addition, we show in KIKmethodandtheresourcesthatitrequiresareagnostictot"
Hicks et al. - 2022 - Active readout-error mitigation.pdf,Hicks et al.,yes,yes,strong,infeasible,1,"technical require- the measured physical quantities that correspond to the |0i and |1i states. Readout errors can be significant and ments which are infeasible for near-term devices [30, 31]. Moreover, unless all components of a computation are even dominate the error budget for relatively shallow implemente"
Hicks et al. - 2022 - Active readout-error mitigation.pdf,Hicks et al.,yes,yes,weak,limitation-mention,2,"ls. In Section V, we demonstrate the experi- Activereadouterrormitigationovercomesbothofthese mental performance of our strategy on a superconducting limitations by effectively reducing the readout error q quantum computer. In Section VI, we conclude with a on a shot-by-shot basis. The main idea is to take a"
Hicks et al. - 2022 - Active readout-error mitigation.pdf,Hicks et al.,yes,yes,weak,limitation-mention,8,"ed for the readout encoding. Looking forward, we V. EXPERIMENTAL DEMONSTRATION envision that improvements in hardware connectivity will overcome this limitation. For example, one may consider designing a two-dimensional device with two sublattices This section demonstrates the experimental perfor- of qubits:"
Hicks et al. - 2022 - Active readout-error mitigation.pdf,Hicks et al.,yes,yes,weak,failure-mention,5,"polarizing two-qubit code. This implies that the three-qubit en- errors with rate (cid:15) applied after each cnot gate (Eq. 4), coding is subject to failure under the same number of and(ii)symmetricreadouterrorsoneachqubitwithrate individual gate errors, as we confirm by direct examina- q. We implement th"
Hicks et al. - 2022 - Active readout-error mitigation.pdf,Hicks et al.,yes,yes,weak,challenge-mention,1,", USA 2Physics Division, Lawrence Berkeley National Laboratory, Berkeley, CA 94720, USA (Dated: September 9, 2022) Mitigating errors is a significant challenge for near term quantum computers. One of the most important sources of errors is related to the readout of the quantum state into a classical bit str"
Hicks et al. - 2022 - Active readout-error mitigation.pdf,Hicks et al.,yes,yes,weak,tradeoff-mention,2,"tely before readout into a multi-qubit logical state, as exemplified in Fig. 1. A general feature of this strategy is =Var[t 0]+q[1−2p(1−p)]+O(q2), a tradeoff between suppressing readout noise and intro- where we have used that Cov[m 0 ,m 1] = −m 0 m 1 for a ducing errors during the encoding circuit. Our st"
Hicks et al. - 2022 - Active readout-error mitigation.pdf,Hicks et al.,yes,yes,weak,tradeoff-mention,5,"id:17) while single bit-flip errors can be corrected by taking ≈(1−p)−3 +q2 (1−2p), the “majority vote” among the three qubits. To under- 4 stand the tradeoffs between error detection and detec- tion, we analyze the three-qubit encoding circuit under characterizedbyaneffectiveerrorrate,qcor ≈3((cid:15)/4+q2"
Hicks et al. - 2022 - Active readout-error mitigation.pdf,Hicks et al.,yes,yes,weak,tradeoff-mention,9,"eir analysis and proposed implementations. More specifically, we introduced two forms of encoding (therepetitioncodeandtheHammingcode)andanalyzed the tradeoffs between error detection and error correc- CODE AND DATA tion. Which scheme gives the optimal results depends on the criteria that are most important"
Hicks et al. - 2022 - Active readout-error mitigation.pdf,Hicks et al.,yes,yes,weak,worse-mention,15,"s reduced circuit has the q4: 0 | i same scaling with respect to readout errors as the full q0: 0 circuit. However, the simplified circuit exhibits a worse | i performance with respect to gate errors; in particular, we FIG. 15. Reduced circuit for encoding the Hamming (8,4) find α=3/4. The explanation fo"
Hilder et al. - 2022 - Fault-Tolerant Parity Readout on a Shuttling-Based Trapped-Ion Quantum Computer.pdf,Hilder et al.,partial,yes,strong,degradation,6,"eaklyexcitedtransversemotion. However, a presumed residual coupling to the strongly excited axial motion still leads to observable shuttling- induced degradation of the readout efficiency. Readout errors are separately characterized by initializing all qubits in computational states j0i (dark readout) or j1i (bri"
Hilder et al. - 2022 - Fault-Tolerant Parity Readout on a Shuttling-Based Trapped-Ion Quantum Computer.pdf,Hilder et al.,partial,yes,weak,failure-mention,3,"“correction” II. SHUTTLING-BASED TRAPPED-ION X 5,wouldnotremovetheerror,butratherresultinalogical PLATFORM bit-flip error X L ¼X 3 X 4 X 5 and thus a failure of the QEC Quantum computer platforms based on trapped atomic cycle.Thisexampleshowsthenecessityofconstructionsand ionsarrangedasstaticlinearregister"
Hirasaki et al. - 2023 - Detection of temporal fluctuation in superconducting qubits for quantum error mitigation.pdf,Saki et al.,yes,no,none,,,
Hour et al. - 2024 - Improving Zero-noise Extrapolation for Quantum-gate Error Mitigation using a Noise-aware Folding Met.pdf,Hour et al.,partial,partial,weak,limitation-mention,12,"g measured in the state |1⟩. owing to the connectivity constraints, this circuit is not easily executable on quan- tum computers. Accommodating these limitations in quantum computer connectivity becomes increasingly complex with the increasing number of qubits. Foreachnoisemodel,weranthequantumcircuitwithdiff"
Hour et al. - 2024 - Improving Zero-noise Extrapolation for Quantum-gate Error Mitigation using a Noise-aware Folding Met.pdf,Hour et al.,partial,partial,weak,limitation-mention,12,"elations before executing the quantum circuit at the compilation level. Given the complexity of our benchmark circuit (Figure 3) and the connectivity limitations of the quantum com- puter, we must introduce numerous SWAP gates as the number of qubits increases. To avoid this problem and ensure a fair comparis"
Hour et al. - 2024 - Improving Zero-noise Extrapolation for Quantum-gate Error Mitigation using a Noise-aware Folding Met.pdf,Hour et al.,partial,partial,weak,challenge-mention,3,"usexperimentsacrossvariousfull-noisemodelsandrealquantum computers, showcasing the method’s consistent performance in simulations, high- lighting the challenges of scaling to larger circuits, and emphasizing the disparity between simulated and real quantum computer executions. The remainder of this paper is"
Hour et al. - 2024 - Improving Zero-noise Extrapolation for Quantum-gate Error Mitigation using a Noise-aware Folding Met.pdf,Hour et al.,partial,partial,weak,challenge-mention,17,"challengedbyscalingtolargercircuits,necessitatingfurtherexplorationandoptimiza- tion to broaden its applicability. Further refinements and adaptations are ess"
Hour et al. - 2024 - Improving Zero-noise Extrapolation for Quantum-gate Error Mitigation using a Noise-aware Folding Met.pdf,Hour et al.,partial,partial,weak,challenge-mention,17,owards realizing error-free quantum computations. Acknowledgments. This research was partly supported by Quantum Computing based on Quantum Advantage challenge research (RS-2023-00257994) through the National Research Foundation of Korea(NRF) funded by the Korean government (MSIT)andInstituteforInformation&
Hour et al. - 2024 - Improving Zero-noise Extrapolation for Quantum-gate Error Mitigation using a Noise-aware Folding Met.pdf,Hour et al.,partial,partial,weak,challenge-mention,20,"i, C.: Quantum computing–a european perspective. PRACE-6IP TR (2021) [7] Jyothi Ahuja, N., Dutt, S.: Implications of quantum science on industry 4.0: Challenges and opportunities. Quantum and Blockchain for Modern Comput- ing Systems: Vision and Advancements: Quantum and Blockchain Technologies: Current Tre"
Hour et al. - 2024 - Improving Zero-noise Extrapolation for Quantum-gate Error Mitigation using a Noise-aware Folding Met.pdf,Hour et al.,partial,partial,weak,challenge-mention,20,"pportunities. Quantum and Blockchain for Modern Comput- ing Systems: Vision and Advancements: Quantum and Blockchain Technologies: Current Trends and Challenges, 183–204 (2022) [8] Qin, D., Xu, X., Li, Y.: An overview of quantum error mitigation formulas. Chinese Physics B (2022) [9] VanDenBerg,E.,Minev,Z.K"
Hour et al. - 2024 - Improving Zero-noise Extrapolation for Quantum-gate Error Mitigation using a Noise-aware Folding Met.pdf,Hour et al.,partial,partial,weak,challenge-mention,21,"ndEngineering(QCE),vol.2,pp. 207–210 (2023). IEEE [28] Bruzewicz,C.D.,Chiaverini,J.,McConnell,R.,Sage,J.M.:Trapped-ionquantum computing: Progress and challenges. Applied Physics Reviews 6(2) (2019) [29] Chen,I.-C.,Burdick,B.,Yao,Y.,Orth,P.P.,Iadecola,T.:Error-mitigatedsimula- tionofquantummany-bodyscarsonqu"
Hour et al. - 2024 - Improving Zero-noise Extrapolation for Quantum-gate Error Mitigation using a Noise-aware Folding Met.pdf,Hour et al.,partial,partial,weak,tradeoff-mention,2,"come available by the 2030s [6, 7]. In the meantime, QC systems employ QEM methods, often requir- ing additional quantum and classical resources as a trade-off to enhance QC output fidelity. Numerous QEM techniques for reducing diverse sources of error in QC have been proposed [8]: probabilistic error cancel"
Hour et al. - 2024 - Improving Zero-noise Extrapolation for Quantum-gate Error Mitigation using a Noise-aware Folding Met.pdf,Hour et al.,partial,partial,weak,tradeoff-mention,16,"ment in results we observe using linear fit sets it apart from other extrapo- lation models. However, utilizing zero-noise extrapolation comes with a trade-off of executingmorequantumcircuits,typicallyrangingfrom2xto5xtheoriginalamount, depending on the number of λ values desired by the user. Moreover, while"
"Huang et al. - 2023 - Near-Term Quantum Computing Techniques Variational Quantum Algorithms, Error Mitigation, Circuit Co.pdf",Huang et al.,yes,yes,strong,limitation-stated,11,k) follows the Poisson eral approaches using unitary folding can obtain an arbitrary distributionwithprobability[262] real scaling factor [284]. The limitation of identify insertion µk methodisthattheamplifiederrorratemayarbitrarilydeviate p =e−µ . (20) k k! from the desired one [291]. Given a self-adjoint nois
"Huang et al. - 2023 - Near-Term Quantum Computing Techniques Variational Quantum Algorithms, Error Mitigation, Circuit Co.pdf",Huang et al.,yes,yes,weak,limitation-mention,5,"hat 420 while, the algorithmic approaches also needs to be further qubitsQAOAwouldbesufficientforquantumcomputational developed to relax the hardware limitation, such as reduc- supremacy [152]. Furthermore, it was proven that classical ing the number of qubits [69, 73, 105, 130–135] and circuit Goemans-Willia"
"Huang et al. - 2023 - Near-Term Quantum Computing Techniques Variational Quantum Algorithms, Error Mitigation, Circuit Co.pdf",Huang et al.,yes,yes,weak,limitation-mention,9,"gate error εN if we assume Q = 1 + O(ε) for and is quite costly. If only specific types of noise are con- n stochastic noise process [141]. This sets limitations on the sidered,therearesomemoreefficientcharacterizationproto-"
"Huang et al. - 2023 - Near-Term Quantum Computing Techniques Variational Quantum Algorithms, Error Mitigation, Circuit Co.pdf",Huang et al.,yes,yes,weak,limitation-mention,10,"gate-based quantum circuits with the gate- yielded by Tailor expansion when the error rate is low. This independent Markovian noise. To overcome this limitation, estimation is slightly coarse. More refined models, such as the stochastic QEM method [281] is proposed to extend the exponentialandpoly-exponential"
"Huang et al. - 2023 - Near-Term Quantum Computing Techniques Variational Quantum Algorithms, Error Mitigation, Circuit Co.pdf",Huang et al.,yes,yes,weak,limitation-mention,11,k) follows the Poisson eral approaches using unitary folding can obtain an arbitrary distributionwithprobability[262] real scaling factor [284]. The limitation of identify insertion µk methodisthattheamplifiederrorratemayarbitrarilydeviate p =e−µ . (20) k k! from the desired one [291]. Given a self-adjoint n
"Huang et al. - 2023 - Near-Term Quantum Computing Techniques Variational Quantum Algorithms, Error Mitigation, Circuit Co.pdf",Huang et al.,yes,yes,weak,limitation-mention,15,"- inthe|0(cid:105)statebyP . 0 rationerror. Givenanerror-freestate|ψ 0 (cid:105)(cid:104)ψ 0 |,thenoisyout- The VD (or ESD) scheme is subject to some limitations. putstateρcanbeexpressedviathespectraldecomposition First, the coherent dismatch between the target pure state |ψ (cid:105)(cid:104)ψ | and the domi"
"Huang et al. - 2023 - Near-Term Quantum Computing Techniques Variational Quantum Algorithms, Error Mitigation, Circuit Co.pdf",Huang et al.,yes,yes,weak,challenge-mention,2,"oncepts, architectures and applications of VQAs, vantages that can be applied to significant applications such and then discuss the opportunities and challenges for future aschemistry[46,47]andmachinelearning[48–61],andthey industrialapplicationsorscientificresearch. alsoprovideacontinuouspathfortheadvancem"
"Huang et al. - 2023 - Near-Term Quantum Computing Techniques Variational Quantum Algorithms, Error Mitigation, Circuit Co.pdf",Huang et al.,yes,yes,weak,challenge-mention,2,"cificcostfunction. Thus,thebasic reader rapidly understand the specifics. We also discuss the components of VQAs include cost function, PQC and opti- challenges and opportunities, and offer some insights on po- mizationalgorithms,asshowninFig.2. tentialfutureadvances. 1. Costfunction Benchmarking Variationa"
"Huang et al. - 2023 - Near-Term Quantum Computing Techniques Variational Quantum Algorithms, Error Mitigation, Circuit Co.pdf",Huang et al.,yes,yes,weak,challenge-mention,8,"the incompatibility with backpropagation 1. StandardPECwithdiscretegate-basedcircuits and the cost of a large number of measurements, posing a great challenge to the large-scale development of VQAs. Quasi-probabilitydecompositionofinversenoisemodel. SomeapproachestrytousemultipleQPUsforparalleltrain- Suppo"
"Huang et al. - 2023 - Near-Term Quantum Computing Techniques Variational Quantum Algorithms, Error Mitigation, Circuit Co.pdf",Huang et al.,yes,yes,weak,challenge-mention,8,"ANTUMERRORMITIGATION (cid:88) (cid:104)O(cid:105) = q Tr[B ◦E ◦U(ρ)] PEC k k InthecontextofcurrentNISQdevices,theimpactofnoise k remains the greatest challenge for the practical applications (10) [6]. Although quantum error correction (QEC) promises to =Q (cid:88) sgn(q ) |q k | Tr[B ◦E ◦U(ρ)], E k Q k enab"
"Huang et al. - 2023 - Near-Term Quantum Computing Techniques Variational Quantum Algorithms, Error Mitigation, Circuit Co.pdf",Huang et al.,yes,yes,weak,challenge-mention,14,"osenqubits est response matirx can be amplified through simply inversion, before measurements and offsets the effect of Xˆ gates using similar to the challenges faced in high-energy physics. Un- classicalpost-processing. Thisleadstoasymmetrizedeffec- folding methods are thus introduced to readout error miti"
"Huang et al. - 2023 - Near-Term Quantum Computing Techniques Variational Quantum Algorithms, Error Mitigation, Circuit Co.pdf",Huang et al.,yes,yes,weak,disadvantage-mention,28,ix times a vector of size 4. andthencomputethedotproductbetween|ψ(cid:105)andPˆ|ψ(cid:105). The TheoverallfloatingnumberoperationsinAlgorithm.1isthus disadvantage is that one has to use an additional copy of the O(4×2n). At the same time one needs to fetch all the el- quantum state to store the intermediate sta
"Huang et al. - 2023 - Near-Term Quantum Computing Techniques Variational Quantum Algorithms, Error Mitigation, Circuit Co.pdf",Huang et al.,yes,yes,weak,tradeoff-mention,15,"cientlypredictmany em Tr(ρM) (1−λ)M +λMTr(ρM) err different properties, in particular linear functions. Consid- ≈(cid:104)ψ|Oψ(cid:105)+O(λM) ering a trade-off between qubits (and controlled gates) and (42) measurementsoverhead,manymethodsimplementtheVD(or whereO(λM)istheapproximationerrorwhichdecaysexpo- ES"
"Huang et al. - 2023 - Near-Term Quantum Computing Techniques Variational Quantum Algorithms, Error Mitigation, Circuit Co.pdf",Huang et al.,yes,yes,weak,tradeoff-mention,44,"011). [385] J. Jiang, X. Sun, S.-H. Teng, B. Wu, K. Wu, and J. Zhang, [406] R.Wille,O.Keszocze,M.Walter,P.Rohrs,A.Chattopadhyay, “Optimal space-depth trade-off of cnot circuits in quantum andR.Drechsler,in201621stAsiaandSouthPacificDesign logicsynthesis,”inProceedingsofthe2020ACM-SIAMSym- AutomationConferenc"
Jin et al. - 2025 - Noisy probabilistic error cancellation and generalized physical implementability.pdf,Jin et al.,partial,no,none,,,
Jnane et al. - 2024 - Quantum Error Mitigated Classical Shadows.pdf,Jnane et al.,partial,partial,weak,limitation-mention,9,"on application areas where these coherent techniques are ξ ≈0.26 (dashed blue(cid:8)versus dashed red), which is the prohibitive due to circuit-depth limitations, e.g., due to expected number ξ = k p k of errors in the full circuit non-negligible logical error rates expected in early fault- as explained in Se"
Jnane et al. - 2024 - Quantum Error Mitigated Classical Shadows.pdf,Jnane et al.,partial,partial,weak,failure-mention,15,"inLemma2isverypessimistic.Sim- measurements that we want to accurately predict with at ilar, constant factor looseness of the bounds was already most failure probability δ, we need for each individual observedforconventionalshadows[21],howeverthedis- measurement exp(−K/8)≤δ/M. Thus the choice K = crepancy"
Jnane et al. - 2024 - Quantum Error Mitigated Classical Shadows.pdf,Jnane et al.,partial,partial,weak,challenge-mention,1,"sthatwillsignificantlybenefitfromourtechniques. DOI:10.1103/PRXQuantum.5.010324 I.INTRODUCTION solution, implementing it poses an extreme engineering challenge [12]. It is generally expected that some form of Quantum computers are developing rapidly and can early practical quantum advantage just beyond the"
Jnane et al. - 2024 - Quantum Error Mitigated Classical Shadows.pdf,Jnane et al.,partial,partial,weak,challenge-mention,1,"easurement process—a key theory [6], quantum gravity [7], or drug development and subroutineinquantumcomputing. materialsscience[8–11]. Another major challenge is that near-term quantum Quantum computers are highly vulnerable to noise and algorithms typically require an extreme number of circuit whilequantu"
Jnane et al. - 2024 - Quantum Error Mitigated Classical Shadows.pdf,Jnane et al.,partial,partial,weak,challenge-mention,4,"atingstate-preparationerrors,ourmathematicaltheorems [49] will quantify the sample complexity of the latter, while Indeed a considerable experimental challenge is posed we demonstrate in numerical simulations that it is indeed by the possible drift of the error models over time which straightforward to comb"
Jose and Simeone - 2022 - Error-Mitigation-Aided Optimization of Parameterized Quantum Circuits Convergence Analysis.pdf,Jose & Simeone,yes,partial,weak,tradeoff-mention,19,"20-05-11-263. [38] Y.Xiong,S.X.Ng,andL.Hanzo,“Theaccuracyvs.samplingoverhead [21] S. Wang et al., “Noise-induced barren plateaus in variational quan- trade-offinquantumerrormitigationusingMonteCarlo-basedchannelin- tumalgorithms,”NatureCommun.,vol.12,no.1,2021,Art.no.6961, version,”IEEETrans.Commun.,vol.70,n"
Khan - 2025 - Quantum Software Engineering Developing Algorithms for IBM Quantum Systems.pdf,Khan,no,yes,strong,degradation,9,"ough output fidelity or quantum volume benchmarks. Scalability assesses how well circuits can expand with increasing qubit counts without exponential degradation in performance. Resource efficiency evaluates gate count, circuit depth, and qubit utilization relative to computation accuracy. Together, these metrics"
Khan - 2025 - Quantum Software Engineering Developing Algorithms for IBM Quantum Systems.pdf,Khan,no,yes,strong,infeasible,19,"ng as a critical area. Given the complexity of quantum circuits and the sensitivity to backend conditions, manual testing and tuning are increasingly infeasible. Automated pipelines that integrate transpilation optimization, error mitigation, and hybrid loop orchestration reduce human intervention, ensure rep"
Khan - 2025 - Quantum Software Engineering Developing Algorithms for IBM Quantum Systems.pdf,Khan,no,yes,weak,limitation-mention,4,"amping, and depolarizing noise—characterize the stochastic fluctuations that affect quantum computations. Understanding and mitigating these hardware limitations is crucial for software engineers developing quantum algorithms, as algorithmic efficiency is constrained not only by logic but by hardware physics."
Khan - 2025 - Quantum Software Engineering Developing Algorithms for IBM Quantum Systems.pdf,Khan,no,yes,weak,limitation-mention,7,"that reduce latency between classical and quantum subsystems. The hybrid approach ensures scalability and resilience against current quantum hardware limitations, making practical quantum computing viable even in the Noisy Intermediate-Scale Quantum (NISQ) era. In sum, IBM’s quantum ecosystem integrates every"
Khan - 2025 - Quantum Software Engineering Developing Algorithms for IBM Quantum Systems.pdf,Khan,no,yes,weak,limitation-mention,12,"superconducting platforms—ranging from Eagle to Osprey and the upcoming Condor—demonstrate consistent progress in improving error rates, but physical limitations continue to impose constraints on circuit complexity and execution fidelity. Noise sources in IBM Quantum systems primarily arise from decoherence,"
Khan - 2025 - Quantum Software Engineering Developing Algorithms for IBM Quantum Systems.pdf,Khan,no,yes,weak,limitation-mention,15,"bridge between today’s noisy quantum hardware and classical computational resources, enabling meaningful algorithm execution despite current quantum limitations. Unlike purely quantum algorithms, which attempt to solve problems entirely within the quantum domain, hybrid approaches offload iterative or optimi"
Khan - 2025 - Quantum Software Engineering Developing Algorithms for IBM Quantum Systems.pdf,Khan,no,yes,weak,limitation-mention,19,"oyments. Challenges and Future Directions The road ahead for quantum software engineering involves overcoming scalability issues and quantum resource limitations. Current superconducting qubit architectures, despite rapid growth in qubit counts, remain constrained by coherence times, gate fidelity, and connec"
Khan - 2025 - Quantum Software Engineering Developing Algorithms for IBM Quantum Systems.pdf,Khan,no,yes,weak,failure-mention,18,"m in software, and log metadata for reproducibility and auditing. Ensuring that such errors are systematically addressed reduces risks of algorithmic failure, particularly in sensitive applications such as chemistry simulations, optimization problems, and cryptographic computations. Data privacy considerat"
Khan - 2025 - Quantum Software Engineering Developing Algorithms for IBM Quantum Systems.pdf,Khan,no,yes,weak,challenge-mention,3,"tware applications. However, despite rapid progress, developing quantum algorithms for IBM’s superconducting qubit architectures presents significant challenges. The most pressing include qubit decoherence, gate infidelity, and quantum noise, which degrade computation accuracy and limit circuit depth. Debug"
Khan - 2025 - Quantum Software Engineering Developing Algorithms for IBM Quantum Systems.pdf,Khan,no,yes,weak,challenge-mention,3,"ware Engineering within the context of IBM Quantum systems. It seeks to define the conceptual and methodological foundations of QSE, identify current challenges in algorithm design and debugging, and present structured approaches for software lifecycle management in quantum environments. The paper also aims"
Khan - 2025 - Quantum Software Engineering Developing Algorithms for IBM Quantum Systems.pdf,Khan,no,yes,weak,challenge-mention,4,"bilistic element that must be statistically interpreted. Together, these principles define a non-deterministic computational model that fundamentally challenges traditional programming paradigms. Different physical realizations of qubits exist—trapped ions, photonic qubits, and superconducting circuits—each"
Khan - 2025 - Quantum Software Engineering Developing Algorithms for IBM Quantum Systems.pdf,Khan,no,yes,weak,challenge-mention,8,quantum algorithms can be ported across different hardware generations with minimal redesign. Debugging and testing present some of the most complex challenges in quantum software engineering. Traditional debugging methods—such as inspecting intermediate variables or step-by-step execution—are impossible d
Khan - 2025 - Quantum Software Engineering Developing Algorithms for IBM Quantum Systems.pdf,Khan,no,yes,weak,challenge-mention,10,"hm alternates between an oracle operation that marks the target state and a diffusion operator that amplifies its probability amplitude. However, the challenge of executing Grover’s algorithm on IBM hardware lies in managing resource constraints—particularly qubit connectivity, gate count, and decoherence t"
Khan - 2025 - Quantum Software Engineering Developing Algorithms for IBM Quantum Systems.pdf,Khan,no,yes,weak,challenge-mention,11,"binatorial problems. Efficient implementation on IBM systems requires minimizing communication latency between the classical and quantum subsystems—a challenge addressed by the Qiskit Runtime service. By keeping optimization loops close to the quantum backend, Runtime dramatically reduces iteration time, en"
Khan - 2025 - Quantum Software Engineering Developing Algorithms for IBM Quantum Systems.pdf,Khan,no,yes,weak,challenge-mention,11,"QAOA benefits similarly, as its performance depends on rapid feedback between quantum measurements and classical optimization. A critical engineering challenge in these hybrid systems is classical–quantum interface optimization. In the VQE loop, classical optimization algorithms such as COBYLA, SPSA, or gra"
Khan - 2025 - Quantum Software Engineering Developing Algorithms for IBM Quantum Systems.pdf,Khan,no,yes,weak,challenge-mention,12,"factors collectively degrade algorithmic accuracy, especially for deep circuits where gate accumulation amplifies error propagation. To counter these challenges, error mitigation techniques—distinct from full quantum error correction—have been developed to improve output fidelity without excessive hardware"
Khan - 2025 - Quantum Software Engineering Developing Algorithms for IBM Quantum Systems.pdf,Khan,no,yes,weak,challenge-mention,15,"ation tools, and algorithmic frameworks. The IBM Quantum Community also drives educational initiatives, such as the Qiskit Global Summer School, open challenges, and hackathons that cultivate the next generation of quantum engineers. Through this collaborative culture, IBM fosters a self-sustaining ecosyste"
Khan - 2025 - Quantum Software Engineering Developing Algorithms for IBM Quantum Systems.pdf,Khan,no,yes,weak,challenge-mention,15,"s, generate probability distributions, or encode quantum feature spaces. From a software engineering perspective, this hybrid model introduces unique challenges. Engineers must manage asynchronous execution, mitigate communication latency, and ensure that probabilistic quantum outputs are properly incorpora"
Khan - 2025 - Quantum Software Engineering Developing Algorithms for IBM Quantum Systems.pdf,Khan,no,yes,weak,challenge-mention,16,", minimizing idle times and mitigating decoherence effects. Quantum Software Testing and Verification Testing and verifying quantum software presents challenges that diverge sharply from classical computing due to the probabilistic and non-deterministic nature of quantum operations. Qiskit provides an array"
Khan - 2025 - Quantum Software Engineering Developing Algorithms for IBM Quantum Systems.pdf,Khan,no,yes,weak,challenge-mention,17,"matically testing algorithm robustness against hardware variability and software updates. Finally, reproducibility and version control present unique challenges in a probabilistic environment. Unlike classical deterministic software, repeated executions of quantum circuits yield statistical distributions ra"
Khan - 2025 - Quantum Software Engineering Developing Algorithms for IBM Quantum Systems.pdf,Khan,no,yes,weak,challenge-mention,19,"classical cybersecurity measures with quantum-aware safeguards, forming a hybrid security model tailored to NISQ-era deployments. Challenges and Future Directions The road ahead for quantum software engineering involves overcoming scalability issues and quantum resource limitations. Curr"
Khan - 2025 - Quantum Software Engineering Developing Algorithms for IBM Quantum Systems.pdf,Khan,no,yes,weak,challenge-mention,20,"amined the field of Quantum Software Engineering (QSE) with a focus on algorithm development for IBM Quantum systems, highlighting both the technical challenges and methodological strategies required to translate quantum theory into deployable computational solutions. Key findings emphasize that successful"
Khan et al. - 2024 - Error Mitigation in the NISQ Era Applying Measurement Error Mitigation Techniques to Enhance Quantu.pdf,Khan et al.,partial,yes,strong,infeasible,10,"10 of 21 requiring techniques such as diagonalization or numerical integration. The classical meth- ods, although effective for small systems, become infeasible for larger quantum systems due to the exponential growth of the Hilbert space with the number of particles or qubits. Con- Mathematics2024,12,2235 se"
Khan et al. - 2024 - Error Mitigation in the NISQ Era Applying Measurement Error Mitigation Techniques to Enhance Quantu.pdf,Khan et al.,partial,yes,weak,limitation-mention,6,"ssourcesofnoiseandimperfections. Itincludeserrorsstemmingfrom compassing various sources of noise and imperfections. It includes errors stemming from limitations of the measurement devices, environmental noise, and decoherence effects limitations of the measurement devices, environmental noise, and decoherenc"
Khan et al. - 2024 - Error Mitigation in the NISQ Era Applying Measurement Error Mitigation Techniques to Enhance Quantu.pdf,Khan et al.,partial,yes,weak,limitation-mention,6,"ces of noise and imperfections. It includes errors stemming from limitations of the measurement devices, environmental noise, and decoherence effects limitations of the measurement devices, environmental noise, and decoherence effects during the measurement operation. While devices can estimate these errors t"
Khan et al. - 2024 - Error Mitigation in the NISQ Era Applying Measurement Error Mitigation Techniques to Enhance Quantu.pdf,Khan et al.,partial,yes,weak,limitation-mention,18,"smaybeduetovariousfactors. Thesecouldincludeinherentnoiseandimperfections inthephysicalquantumhardware,environmentaldisturbancesduringcomputation,and limitations in qubit connectivity and coherence times [26]. QTC based upon Hamilto- nian[27]arepotentialcandidateforerrormitigationanalysis. MostEffectiveErrorM"
Khan et al. - 2024 - Error Mitigation in the NISQ Era Applying Measurement Error Mitigation Techniques to Enhance Quantu.pdf,Khan et al.,partial,yes,weak,challenge-mention,2,"epresenceofnoisein quantumstatesoroperationsincreasesthelikelihoodoferrorsoccurringduringcompu- tational processes. Quantum noise poses a significant challenge in harnessing the full potentialofquantumcomputing,stemmingfromenvironmentalfactorsliketemperature orelectromagneticradiation, whichdisruptthedelica"
Khan et al. - 2024 - Error Mitigation in the NISQ Era Applying Measurement Error Mitigation Techniques to Enhance Quantu.pdf,Khan et al.,partial,yes,weak,challenge-mention,3,umhardware. 6. Recommendations are made for selecting appropriate error mitigation techniques basedonoverallperformance. 7. The study underscores the challenges and opportunities in harnessing quantum computersintheNISQera. 8. Thefindingsemphasizetheimportanceoferrormitigationtechniquesinenhancing thereliab
Kim et al. - 2023 - Evidence for the utility of quantum computing before fault tolerance.pdf,Kim et al. (utility),yes,yes,strong,error-increase,3,"NE (exp) ZNE (linear) G = 1.0 G = 1.2 G = 1.6 Ideal Unmitigated mitigated Mitigated Mitigated Un Fig. 2 | Zero-noise extrapolation with probabilistic error amplification. linear extrapolation (linear, light blue) when differences between the converged Mitigated expectation values from Trotter circuits at the Cl"
Kim et al. - 2023 - Evidence for the utility of quantum computing before fault tolerance.pdf,Kim et al. (utility),yes,yes,weak,limitation-mention,7,"s have the advantage of well-developed algorithms, yet calibration that optimizes the layer rather than the individual gates. suffer from fundamental limitations of using a 1D method to simulate First, the control and target qubits are assigned to each gate layer to a 2D system. isoTNS methods, on the other h"
Kim et al. - 2023 - Evidence for the utility of quantum computing before fault tolerance.pdf,Kim et al. (utility),yes,yes,weak,challenge-mention,1,"reatest impediment to realizing its Check for updates full potential is noise that is inherent to these systems. The widely accepted solution to this challenge is the implementation of fault-tolerant quantum circuits, which is out of reach for current processors. Here we report experiments on a noisy 127-qu"
Kim et al. - 2023 - Evidence for the utility of quantum computing before fault tolerance.pdf,Kim et al. (utility),yes,yes,weak,challenge-mention,1,"then turn to circuit regimes fault-tolerant processors arrive. Despite the tremendous progress and observables in which classical simulation becomes challenging of quantum hardware in recent years, simple fidelity bounds8 sup- and compare with results from state-of-the-art approximate classical port this b"
Kim et al. - 2025 - Enhanced Extrapolation-Based Quantum Error Mitigation Using Repetitive Structure in Quantum Algorith.pdf,Kim et al. (enhanced),yes,partial,weak,limitation-mention,1,"at the core block’s error follows a highly consistent exponential decay. This allows our technique to achieve robust error mitigation, overcoming the limitations of conventional ZNE which is often compro- mised by statistically unreliable data from near-random behavior under heavy noise. In low-noise conditio"
Kim et al. - 2025 - Enhanced Extrapolation-Based Quantum Error Mitigation Using Repetitive Structure in Quantum Algorith.pdf,Kim et al. (enhanced),yes,partial,weak,challenge-mention,7,"proposedmethodapproach was supported by Quantum Computing based on Quan- the theoretical success probability at low noise, but only the tum Advantage challenge research through the National proposed method provides significant recovery at the high ResearchFoundationofKorea(NRF)fundedbytheKo- noise. rean gov"
Kim et al. - 2025 - Error mitigation with stabilized noise in superconducting quantum processors.pdf,Kim et al. (enhanced),yes,no,none,,,
Kiss et al. - 2025 - Quantum error mitigation for Fourier moment computation.pdf,Kiss et al.,partial,partial,weak,challenge-mention,1,"and an excitation operator Oˆ ðq⃗ Þ, the frequency dependant of a many-body system after an excitation, are generally response function is defined as challenging to compute from first principles, making themanappealingapplicationforquantumcomputers,see Sðω;q⃗ Þ¼hΨ 0jOˆ ðq⃗ Þ †δðω−ðH−E 0ÞÞOˆ ðq⃗ ÞjΨ 0i e sc"
Kiss et al. - 2025 - Quantum error mitigation for Fourier moment computation.pdf,Kiss et al.,partial,partial,weak,challenge-mention,1,f H with correspond- ing energies fE fg f . Computing this value is generally Published by the American Physical Society under the terms of extremely challenging in practice since it requires the Creative Commons Attribution 4.0 International license. knowledge of the full spectrum. A useful strategy to Fur
Kiss et al. - 2025 - Quantum error mitigation for Fourier moment computation.pdf,Kiss et al.,partial,partial,weak,challenge-mention,3,"itizationandlinear Product formulas, such as first-order Trotter combinationofunitaries[65–68].Theyusuallyofferbetter asymptotic scaling but are more challenging to implement → inpractice,astheygenerallyrequirefault-tolerantdevices, U 1ðtÞ¼ Y e−itH γ ¼UðtÞþOðt2 Þ; ð6Þ and are outside the scope of this paper"
Kiss et al. - 2025 - Quantum error mitigation for Fourier moment computation.pdf,Kiss et al.,partial,partial,weak,challenge-mention,8,"KISS, GROSSI, and ROGGERO PHYS. REV. D 111, 034504 (2025) the Hamiltonian are canceled, the Hamiltonian for the procedure. Even if it is challenging to have theoretical model can be expressed in the Pauli basis as guaranteesontheaccuracyoftheVQEscheme,ithasbeen empirically shown to be successfu"
Kiss et al. - 2025 - Quantum error mitigation for Fourier moment computation.pdf,Kiss et al.,partial,partial,weak,challenge-mention,12,"their utility in computing response functions [41] or spectra [36]. Although quantum computers natu- rally facilitate the acquisition of moments, the challenges persist for NISQ devices due to controlled time evolution, introducing an overhead in CNOT gates and posing diffi- culties to overcome the decohere"
Kiss et al. - 2025 - Quantum error mitigation for Fourier moment computation.pdf,Kiss et al.,partial,partial,weak,challenge-mention,12,"volution, introducing an overhead in CNOT gates and posing diffi- culties to overcome the decoherence of the devices. In this study, we address these challenges by employing control reversal gates [80,81] to alleviate control overhead and adapting error mitigation strategies, specifically echo verification["
Krebsbach et al. - 2022 - Optimization of Richardson extrapolation for quantum error mitigation.pdf,Krebsbach et al.,yes,partial,weak,limitation-mention,7,"well known that equidistant nodes are not well suited for interpolation. However, if specific hardwarerequirementsforcethenodestobeequidistant, their limitations can be bypassed by mapping them to so called fake nodes x˜ =S(x ) for some invertible S(x) j j with S(0) = 0 and S(1) = 1 and performing Richardson"
Krebsbach et al. - 2022 - Optimization of Richardson extrapolation for quantum error mitigation.pdf,Krebsbach et al.,yes,partial,weak,limitation-mention,7,"erforming Richardson extrapolation of E (S−1(x˜)) on these fake nodes. By λ0 choosingforexamplesthezerosoftheChebyshevpolyno- mials as fake nodes the limitations of equidistant nodes can be avoided. While this proved to be effective for the interpolation of the Runge function, the map to the tilted Chebyshev"
Krebsbach et al. - 2022 - Optimization of Richardson extrapolation for quantum error mitigation.pdf,Krebsbach et al.,yes,partial,weak,challenge-mention,1,"outperformsthelinear,exponentialorChebyshevnodesfrequentlyusedforRichardson extrapolation without requiring any additional resources. One of the main challenges for the development of ues and can be used on a variety of noise models. Its ef- quantum computers (QCs) is their high sensitivity to er- fectivene"
Krebsbach et al. - 2022 - Optimization of Richardson extrapolation for quantum error mitigation.pdf,Krebsbach et al.,yes,partial,weak,tradeoff-mention,2,"ncrease in Var[Rˆ ]? for some constant coefficients a , then the mitigated re- n k sult reads 2. Is there a scaling method for x that optimizes the j tradeoff between bias and variance? ∞ n (cid:88) (cid:88) R =E∗+ a λk γ xk. (6) n k 0 j j 3. Is there an optimal n? k=n+1 j=0 In the following section, we inv"
Krebsbach et al. - 2022 - Optimization of Richardson extrapolation for quantum error mitigation.pdf,Krebsbach et al.,yes,partial,weak,tradeoff-mention,7,"ads. Furthermore, we show that equidistant nodesarenotagoodchoiceforRichardsonextrapolation and propose the tilted Chebyshev nodes which optimize the trade-off between bias and variance and outperforms other choices, especially for large n."
Kurita et al. - 2023 - Synergetic quantum error mitigation by randomized compiling and zero-noise extrapolation for the var.pdf,Kurita et al.,yes,yes,strong,limitation-stated,2,"trong, physically unmotivated or difficult-to-verify assumptions about the nature of the error model affecting the computation. Overcoming the latter limitation is another major motivation of the current work. Afewvariantsofquantumerrormitigationareknown,someofwhichspecificallytarget VQE applications. For exampl"
Kurita et al. - 2023 - Synergetic quantum error mitigation by randomized compiling and zero-noise extrapolation for the var.pdf,Kurita et al.,yes,yes,weak,limitation-mention,2,"trong, physically unmotivated or difficult-to-verify assumptions about the nature of the error model affecting the computation. Overcoming the latter limitation is another major motivation of the current work. Afewvariantsofquantumerrormitigationareknown,someofwhichspecificallytarget VQE applications. For exa"
Kurita et al. - 2023 - Synergetic quantum error mitigation by randomized compiling and zero-noise extrapolation for the var.pdf,Kurita et al.,yes,yes,weak,failure-mention,14,"much fewer parameters, but requires additional circuit depth. This is preferable for our purpose since it avoids energy errors caused by optimization failure due to the number of parameters being too large – classical optimization with fewer parameters is likely to result in more exact outcomes. For this a"
Kurita et al. - 2023 - Synergetic quantum error mitigation by randomized compiling and zero-noise extrapolation for the var.pdf,Kurita et al.,yes,yes,weak,challenge-mention,1,"d on current, noisy intermediate-scale quantum (NISQ) computers [3, 5, 7, 8, 9, 10, 11, 12]. Scaling VQE to larger system sizes seems to pose serious challenges. For example it is known that variational algorithms suffer from the barren plateau phenomenon, where the energy landscape is exponentially flat in"
Kurita et al. - 2023 - Synergetic quantum error mitigation by randomized compiling and zero-noise extrapolation for the var.pdf,Kurita et al.,yes,yes,weak,challenge-mention,2,"nd while some kinds of coherent noise can be reduced by better calibration of the hardware, other kinds, such as coherent crosstalk, pose significant challenges with current calibration technology. Furthermore, even a small miscalibration can result in significant error in the algorithm’s output if the comp"
LaRose et al. - 2022 - Error mitigation increases the effective quantum volume of quantum computers.pdf,LaRose et al.,partial,no,none,,,
LaRose et al. - 2022 - Mitiq A software package for error mitigation on noisy quantum computers.pdf,LaRose et al.,partial,partial,weak,limitation-mention,7,"ods, since this would require a much more detailed experimental and statistical analysis. We discuss inference techniques more in section 4.2 and the limitations of zero-noise extrapolation more in section 8.1. 3.2 Potential energy surface of H 2 We now consider a canonical example of computing the potential"
LaRose et al. - 2022 - Mitiq A software package for error mitigation on noisy quantum computers.pdf,LaRose et al.,partial,partial,weak,limitation-mention,16,ove the noise of a quantum computer without additional resources apart from a higher sampling overhead. More information about the advantages and the limitations of PEC is given in section 8.2. A key step of PEC is to represent each ideal unitary gate G in a circuit as an average over a set of noisy gates whi
LaRose et al. - 2022 - Mitiq A software package for error mitigation on noisy quantum computers.pdf,LaRose et al.,partial,partial,weak,limitation-mention,23,"e Contribution guidelines documentation. 8 Discussion Now that we have described error mitigation techniques in Mitiq and how to use them, we discuss limitations of these techniques as well as the relationship between zero-noise extrapolation, probabilistic error cancellation, and other strategies. 8.1 Limita"
LaRose et al. - 2022 - Mitiq A software package for error mitigation on noisy quantum computers.pdf,LaRose et al.,partial,partial,weak,limitation-mention,23,"tations of these techniques as well as the relationship between zero-noise extrapolation, probabilistic error cancellation, and other strategies. 8.1 Limitations of zero-noise extrapolation Zero-noise extrapolation [2, 3] is a useful error mitigation technique, but it is not without limitations. First and for"
LaRose et al. - 2022 - Mitiq A software package for error mitigation on noisy quantum computers.pdf,LaRose et al.,partial,partial,weak,limitation-mention,23,"strategies. 8.1 Limitations of zero-noise extrapolation Zero-noise extrapolation [2, 3] is a useful error mitigation technique, but it is not without limitations. First and foremost, the zero-noise estimate is extrapolated, meaning that performance guarantees are quite difficult in general. If a reasonable es"
LaRose et al. - 2022 - Mitiq A software package for error mitigation on noisy quantum computers.pdf,LaRose et al.,partial,partial,weak,limitation-mention,23,"s the circuit. A detailed description of when zero-noise extrapolation is effective, and how effective it is, is the subject of ongoing research. 8.2 Limitations of probabilistic error cancellation The limitations of probabilistic error cancellation [2, 4] are similar to those of other error mitigation method"
LaRose et al. - 2022 - Mitiq A software package for error mitigation on noisy quantum computers.pdf,LaRose et al.,partial,partial,weak,limitation-mention,23,"oise extrapolation is effective, and how effective it is, is the subject of ongoing research. 8.2 Limitations of probabilistic error cancellation The limitations of probabilistic error cancellation [2, 4] are similar to those of other error mitigation methods: more circuit executions are necessary compared to"
LaRose et al. - 2022 - Mitiq A software package for error mitigation on noisy quantum computers.pdf,LaRose et al.,partial,partial,weak,limitation-mention,24,"rrors in the characterization of the hard- ware gates can propagate through the PEC process inducing a significant error in the final estimation. 8.3 Limitations of Clifford data regression Clifford data regression [5, 6] has the promising advantage of being a self-tuning technique since the inference model i"
LaRose et al. - 2022 - Mitiq A software package for error mitigation on noisy quantum computers.pdf,LaRose et al.,partial,partial,weak,limitation-mention,24,"self-tuning technique since the inference model is not assumed a priori but learned during the training phase. However, this technique presents some limitations as well. The training phase typically introducesasignificantoverhead(manytrainingcircuitsmustbeexecutedwithbothquan- tum and classical hardware). Mo"
LaRose et al. - 2022 - Mitiq A software package for error mitigation on noisy quantum computers.pdf,LaRose et al.,partial,partial,weak,drawback-mention,25,"that the goal of error correction is to detect and exactly correct errors, while the goal of error mitigation is to lessen the effect of errors. The drawback of quantum error correction techniques is that they require a large over- head in terms of additional physical qubits needed to create logical qubits"
Liao et al. - 2024 - Machine Learning for Practical Quantum Error Mitigation.pdf,Liao et al.,yes,yes,strong,infeasible,8,and under many ror mitigation in scenarios where ideal outcomes from classi- differentpossibleexpectationvalues. Becauseofthechal- cal simulation are infeasible. Error bars (the shading) show lenge of constructing near-Clifford circuits to simultane- ±standard error. Bottom panel: The L norm of the error 2 ou
Liao et al. - 2024 - Machine Learning for Practical Quantum Error Mitigation.pdf,Liao et al.,yes,yes,strong,error-increase,17,"lso used in the mitigation stage of PEC to keep the noise in the learning and the mitigation as similar as possible. In the learning, by employing an error amplification sequence—reminiscent of those utilized in conventional device benchmarking—the required data for constructing the noise model is gathered. The"
Liao et al. - 2024 - Machine Learning for Practical Quantum Error Mitigation.pdf,Liao et al.,yes,yes,strong,error-increase,20,"20 3. Probabilistic Error Amplification (PEA) A main challenge for ZNE is the lack of a precise calibration of added noise, leading to imprecision. This situation hasrecentlybeenimpr"
Liao et al. - 2024 - Machine Learning for Practical Quantum Error Mitigation.pdf,Liao et al.,yes,yes,strong,error-increase,20,"ion. This situation hasrecentlybeenimprovedexperimentallybycombiningZNEwiththenoiselearninganderrorinjectionofPECinto a method known as probabilistic error amplification (PEA) [9, 11]. The PEC–learned noise model is well suited for amplifying the noise in ZNE in a well-controlled and calibrated manner. Using th"
Liao et al. - 2024 - Machine Learning for Practical Quantum Error Mitigation.pdf,Liao et al.,yes,yes,strong,error-increase,20,"ics-based, black-box-style mitigation techniques, including zero-noise extrapolation (ZNE), probabilistic error cancellation (PEC), and probabilistic error amplification (PEA). Additionally, we explored closely related mitigation methods such as quantum subspace expansion (QSE) and Clifford data regression (CDR"
Liao et al. - 2024 - Machine Learning for Practical Quantum Error Mitigation.pdf,Liao et al.,yes,yes,weak,limitation-mention,17,"en these requirements, certain traditional QEM methods are more suited to mimic and compare than others. Below, we explore the advantages and current limitations of several prominent QEM strategies. We present a com- parativeanalysisoftheirprecisionandoverheadinTab.II,juxtaposingthemwiththebroadcapabilitiesof"
Liao et al. - 2024 - Machine Learning for Practical Quantum Error Mitigation.pdf,Liao et al.,yes,yes,weak,limitation-mention,20,"litative behaviors of the black-box methods. Our experimental data showcase the utility-scale application of ML-QEM to ZNE mimicking. We explored the limitationsandsamplingoverheadchallengespresentedbyPEC.Theseanalyseslendtoourbeliefinthecapabilitiesof ML-QEM,particularlyitspotentialtosignificantlyimprovether"
Liao et al. - 2024 - Machine Learning for Practical Quantum Error Mitigation.pdf,Liao et al.,yes,yes,weak,limitation-mention,21,"l Review Letters 131, 210601 (2023). [13] YihuiQuek,DanielStilckFranc¸a,SumeetKhatri,JohannesJakobMeyer, andJensEisert,“Exponentiallytighterbounds on limitations of quantum error mitigation,” Nature Physics 20, 1648–1658 (2024). [14] RyujiTakagi, HiroyasuTajima, andMileGu,“Universalsamplinglowerboundsforquant"
Liao et al. - 2024 - Machine Learning for Practical Quantum Error Mitigation.pdf,Liao et al.,yes,yes,weak,challenge-mention,1,"it odsdemandexponentialsamplingoverheadsforarbitrar- numbers will in principle ultimately allow fault-tolerant ily high accuracies[12–14]—making them challenging to quantum error correction to overcome these errors [3]. implement at increasing scales of interest. Thus, the Whilethisgoalremainsoutofreach,qua"
Liao et al. - 2024 - Machine Learning for Practical Quantum Error Mitigation.pdf,Liao et al.,yes,yes,weak,challenge-mention,2,"under practical scenarios across a ing primary bottleneck of error mitigation and a fun- variety of relevant quantum computational tasks. damentally challenging problem with a substantial leap Inthisarticle,wepresentageneralframeworkforML- in efficiency. Most conservativeley, this translates into QEM, offe"
Liao et al. - 2024 - Machine Learning for Practical Quantum Error Mitigation.pdf,Liao et al.,yes,yes,weak,challenge-mention,3,"3 because the quantum circuit’s output is typically in- tractable, making it challenging for the ML model to Qqq000 HH l A f e e a a c r t n o u m r t e p h s, r e e a h r n e e d s n u M s l i t v L s e i m n ov d o e e d r p e v e l"
Liao et al. - 2024 - Machine Learning for Practical Quantum Error Mitigation.pdf,Liao et al.,yes,yes,weak,challenge-mention,10,"er, their increased complexity results in higher com- ing on 2-qubit gates, noise factors of {1,3}, and linear putational costs, and they may be more challenging to extrapolation implemented via Ref. [37]. implement and interpret. A core aspect of our ML-QEM with GNN lies in data encoding, which consists of"
Liao et al. - 2024 - Machine Learning for Practical Quantum Error Mitigation.pdf,Liao et al.,yes,yes,weak,challenge-mention,19,"more closely with PEC. This complexity arises from both the indeterminate functional form of the expectation value under unknown noise levels and the challenge of calibrating the M experimental noise amplification factors {λ }. Generally, the cost of ZNE is i anticipated to scale exponentially with M, appro"
Liao et al. - 2024 - Machine Learning for Practical Quantum Error Mitigation.pdf,Liao et al.,yes,yes,weak,challenge-mention,20,"20 3. Probabilistic Error Amplification (PEA) A main challenge for ZNE is the lack of a precise calibration of added noise, leading to imprecision. This situation hasrecentlybeenimprovedexperimentallybycombining"
Liao et al. - 2024 - Machine Learning for Practical Quantum Error Mitigation.pdf,Liao et al.,yes,yes,weak,challenge-mention,20,"tained from executing the target circuit can be adjusted using this model. When attempting to apply to multiple observables or circuits, one inherent challengeforCDRisthatnaivelyeachcircuitandeachobservablerequiresitsowntrainingdataset,raisingthecostof execution. There is also an inherent challenge in craft"
Liao et al. - 2024 - Machine Learning for Practical Quantum Error Mitigation.pdf,Liao et al.,yes,yes,weak,challenge-mention,20,"inherent challengeforCDRisthatnaivelyeachcircuitandeachobservablerequiresitsowntrainingdataset,raisingthecostof execution. There is also an inherent challenge in crafting near-Clifford circuits that meet the conflicting optimization requirements for multiple observables concurrently to keep the training an"
Liao et al. - 2024 - Machine Learning for Practical Quantum Error Mitigation.pdf,Liao et al.,yes,yes,weak,worse-mention,14,"ommonly used in ZNE extrapolation can consistently help bringing it close to the ideal expectation values. It is also reasonable that ML-QEM performs worse with stronger noises, and that significantly more training data may be needed for the model to capture the much larger variations in noisy expectatio"
Liu and Cai - 2025 - Quantum Error Mitigation for Sampling Algorithms.pdf,Liu & Cai,partial,yes,strong,worse-than,8,"overing the smallest em 1 k−1 b string. with the threshold probability being p th =p b /2. Thisapproximationofp (z ...z 0)=p isonaver- em 1 k−1 b age worse than the approximation we made in the alter- native hypothesis in Sec. V (which is p (z ...z )=p ), em 1 N b especially for small k, thus using Bayesian h"
Liu and Cai - 2025 - Quantum Error Mitigation for Sampling Algorithms.pdf,Liu & Cai,partial,yes,weak,worse-mention,8,"overing the smallest em 1 k−1 b string. with the threshold probability being p th =p b /2. Thisapproximationofp (z ...z 0)=p isonaver- em 1 k−1 b age worse than the approximation we made in the alter- native hypothesis in Sec. V (which is p (z ...z )=p ), em 1 N b especially for small k, thus using Bayes"
Lorenz et al. - 2025 - Systematic benchmarking of quantum computers status and recommendations.pdf,Lorenz et al.,partial,yes,strong,infeasible,10,"thods employed are both benchmarking may still be possible. Even if the efficient effective and resource-efficient. simulation of a quantum device is infeasible computationally, Finally, the concept of MegaQuOp – a benchmark pro- one can still benchmark one quantum device against another. posed [78] for large"
Lorenz et al. - 2025 - Systematic benchmarking of quantum computers status and recommendations.pdf,Lorenz et al.,partial,yes,weak,limitation-mention,11,"ers solely based on their LINPACK performance, quantum applications, where efficient cloud-based QC is cru- exemplifies this trend [84]. However, the limitations of LIN- cial. PACK in representing more diverse computational tasks have Certain metrics established for hybrid HPC-QC systems, spurred the developm"
Lorenz et al. - 2025 - Systematic benchmarking of quantum computers status and recommendations.pdf,Lorenz et al.,partial,yes,weak,limitation-mention,17,"URL: https://github.com/ process (ANP) method: A comprehensive review of SRI-International/QC-App-Oriented-Benchmarks. applications, advantages, and limitations”. In: Journal [33] Defense Advanced Research Projects Agency. QBI: of Data Science and Intelligent Systems 1 (2023), Quantum benchmarking initiative"
Lorenz et al. - 2025 - Systematic benchmarking of quantum computers status and recommendations.pdf,Lorenz et al.,partial,yes,weak,challenge-mention,2,"henearfuturethatdonotallowFTQC.Theycontain initsdisruptivepotentialforasignificantnumberofindustrial essentially all quantum and hybrid computational challenges.Similarly,in2020,thegroupofJ.-W.Panclaimed schemes that are not contained within the group of a quantum advantage on Gaussian boson sampling [12],"
Lorenz et al. - 2025 - Systematic benchmarking of quantum computers status and recommendations.pdf,Lorenz et al.,partial,yes,weak,challenge-mention,2,"ience), on solving linear systems of equations, on quantum computers (in the ns to µs regimes) are typically on addressing combinatorial optimization challenges and on longerthangateoperationtimesonclassicalcomputers.There- enhancing machine learning by suitable quantum subroutines. fore, quantum algorithms"
Lorenz et al. - 2025 - Systematic benchmarking of quantum computers status and recommendations.pdf,Lorenz et al.,partial,yes,weak,challenge-mention,4,"process,significanteffortshavebeen platforms offer about 1000 qubits to date [28]. The main made to develop comprehensive benchmarks that incorporate challengehereisthatitisgenerallynotfeasibletoextrapolate both hardware and application metrics [31]. However, these performance of component characterisations"
Lorenz et al. - 2025 - Systematic benchmarking of quantum computers status and recommendations.pdf,Lorenz et al.,partial,yes,weak,challenge-mention,5,"elp guide – UKQuantumComputingMetricsbyUKQuantum future development and raise awareness for both progress as Metrology Institute of PNL [37]. well as challenges, the numbers, in particular the comparison • Europe between devices and regions, will also affect opinions. It is, – German Bench-QC project “Appli"
Lorenz et al. - 2025 - Systematic benchmarking of quantum computers status and recommendations.pdf,Lorenz et al.,partial,yes,weak,challenge-mention,5,"roject “Benchmark for quantum future to give a good understanding of the progress and to computing” by Delft University of Technology [39], highlight challenges, therefore, features ensuring its applica- – Dutch TNO quantum metrics Initiative bilityinFTQCshouldbeprefered.Oneofthemostprominent ”Application-l"
Lorenz et al. - 2025 - Systematic benchmarking of quantum computers status and recommendations.pdf,Lorenz et al.,partial,yes,weak,challenge-mention,6,e hardware level. This fundamental opacity in the wouldcompareperformanceofdifferentplatforms.Suchcom- quantum computing stack presents a significant challenge for parison will be useful for understanding of overall progress fair benchmark comparisons. It shall be noted that similar of different platforms.
Lorenz et al. - 2025 - Systematic benchmarking of quantum computers status and recommendations.pdf,Lorenz et al.,partial,yes,weak,challenge-mention,6,"standing of overall progress fair benchmark comparisons. It shall be noted that similar of different platforms. Yet such benchmarks will hardly offer challenges are also present in classical computing. indicationsonwhatQCarchitecturefitsbestspecificusecases. Finally, quantum computing benchmarks inevitably"
Lorenz et al. - 2025 - Systematic benchmarking of quantum computers status and recommendations.pdf,Lorenz et al.,partial,yes,weak,challenge-mention,8,"unit, in this case, time, attached. The effects may be non-local or non-next-neighbour and thus Longtime-scalesmaysuggestsuperiorperformance,butthese challenging to characterise in a scalable fashion. One of the numbers would then need to be compared to, say, gate- fewmethodstodetectandcharacterisecorrelati"
Lorenz et al. - 2025 - Systematic benchmarking of quantum computers status and recommendations.pdf,Lorenz et al.,partial,yes,weak,challenge-mention,9,"ed compiling to suppress systematic errors. While scribing their procedures remain scarce. Moreover, CLOPS the compilation of circuits is numerically challenging, the canbeextendedintotheFTQCdomain,providingmeaningful integration of dynamical decoupling as well as randomized insights into time-to-solution w"
Lorenz et al. - 2025 - Systematic benchmarking of quantum computers status and recommendations.pdf,Lorenz et al.,partial,yes,weak,challenge-mention,10,"tential of The design of robust and comprehensive benchmarks for quantumcomputinginsolvingcomplexproblemsacrossfields computer hardware is an ongoing challenge, and it has been like materials science, cryptography, and optimization. a focal point of research in the high-performance comput- ing (HPC) communi"
Lorenz et al. - 2025 - Systematic benchmarking of quantum computers status and recommendations.pdf,Lorenz et al.,partial,yes,weak,challenge-mention,12,"of the Quantumcomputinghasbeenproposedtoprovidesolutions quantum device on the given problem with the specific KPIs to industrial-scale optimization challenges, although those are in mind. typically NP-hard problems. Consequently, a lot of attention However, despite the numerous efforts in defining has bee"
Lorenz et al. - 2025 - Systematic benchmarking of quantum computers status and recommendations.pdf,Lorenz et al.,partial,yes,weak,challenge-mention,12,"ation-level benchmarks addressing optimization prob- tion algorithm (QAOA) [88, 89], which suggests applications lems, these efforts need to face the challenge that there has in optimization routines such as Max-Cut, even though no been progress in the field of classical algorithms, to the point proven adva"
Lorenz et al. - 2025 - Systematic benchmarking of quantum computers status and recommendations.pdf,Lorenz et al.,partial,yes,weak,challenge-mention,15,"agnostic, statistically sound, power. Practically, standardization of quantum technologies is andnumericallyefficientevaluationroutinesisasignificant challenging,becauseoftheoftenlowlevelofmaturityofthese effort, on top of current activities to establish the benchmark- technologies. The standardization obje"
Lorenz et al. - 2025 - Systematic benchmarking of quantum computers status and recommendations.pdf,Lorenz et al.,partial,yes,weak,drawback-mention,7,"numbers are typically provided across all quantum ideal solution (TOPSIS) [48]: Based on the concept of platforms. There are, however, at least three drawbacks: (1)"
Lorenz et al. - 2025 - Systematic benchmarking of quantum computers status and recommendations.pdf,Lorenz et al.,partial,yes,weak,tradeoff-mention,3,"o the feature that an arbitrary unitary a multitude of such figures of merit. Usually, there are gate operation can be arbitrarily well approximated. trade-offs in the assumptions one is willing to make and • Analog quantum computers consist of a quantum con- the sample complexities of the scheme, as well as"
Lorenz et al. - 2025 - Systematic benchmarking of quantum computers status and recommendations.pdf,Lorenz et al.,partial,yes,weak,tradeoff-mention,17,"ch- [49] R. L. Keeney and H. Raiffa. Decisions with multiple marks. https://metriq.info. 2024. URL: https://metriq. objectives: preferences and value trade-offs. Cam- info/. bridge university press, 1993. [36] IEEE - QCB-WG - Quantum Computing Benchmark- [50] C.LabreucheandF.LeHue´de´.“MIRIAD:atoolsuite ing"
Majumdar et al. - 2023 - Best Practices for Quantum Error Mitigation with Digital Zero-Noise Extrapolation.pdf,Majumdar et al.,yes,yes,strong,negative-result,4,"referred for larger circuit areas noise expectation value of 0 regardless of the ideal value, anderrors,andthe“NF”regionissmaller. which is clearly a negative outcome. Meanwhile, exponential extrapolation will be unstable, which we define as extrapola- tion error in the zero-noise expectation value that lies outsid"
Majumdar et al. - 2023 - Best Practices for Quantum Error Mitigation with Digital Zero-Noise Extrapolation.pdf,Majumdar et al.,yes,yes,strong,failure-condition,2,"rtial noise factors; the noise factors and structures and, therefore, noise profiles. extrapolator can be chosen based on a calibration; and that ZNE fails for flat noise profiles when noise saturates given practical limits on shots. Notably, we emphasize that these conclusions are highly context-dependent—o"
Majumdar et al. - 2023 - Best Practices for Quantum Error Mitigation with Digital Zero-Noise Extrapolation.pdf,Majumdar et al.,yes,yes,weak,challenge-mention,3,"TRAPOLATION to conserve the overall shot overhead. We demonstrate con- cretely in Fig. 4 that this approach can decrease the variance A priori, it is challenging to select the best settings for of expectation value estimates. Here, we run a brickwork extrapolation, in particular the noise factors and form o"
Majumdar et al. - 2023 - Best Practices for Quantum Error Mitigation with Digital Zero-Noise Extrapolation.pdf,Majumdar et al.,yes,yes,weak,challenge-mention,5,"0 values with increasing noise to be fitted to simple functions whenthetypeofnoiseisassumedtobeincoherent.Inpractice, 0.65 both assumptions are often challenged, so we discuss ways to 0.70 compose other error mitigation methods with dZNE to form composite strategies. 0.75 Readout error. In conventional appr"
Majumdar et al. - 2023 - Best Practices for Quantum Error Mitigation with Digital Zero-Noise Extrapolation.pdf,Majumdar et al.,yes,yes,weak,worse-mention,5,"p(i|j) denotes the probability of measuring i when the outcome was actually j. At low depths, dZNE without readout mitigation performs comparatively worse for circuits run on a noisy simulator with both depolarizing noise and readout errors, and the gap between the readout mitigated and unmitigated case"
Mamedaliev et al. - 2026 - A framework to evaluate the performance of Variational Quantum Algorithms.pdf,Mamedaliev et al.,partial,partial,weak,limitation-mention,1,"s. Section IV provides a comprehensive discussion promisingparadigmfortacklingsuchproblems.Inthecurrent of the results, theoretical implications, and limitations, and 6202 naJ 12 ]hp-tnauq[ 1v21881.1062:viXra"
Mamedaliev et al. - 2026 - A framework to evaluate the performance of Variational Quantum Algorithms.pdf,Mamedaliev et al.,partial,partial,weak,limitation-mention,6,"ss of euclidean sum-of-squares clustering. Machine Learning, 75(2):245–248,2009. [9] L.HyafilandR.L.Rivest. Constructingoptimalbinarydecisiontrees C. Limitations isnp-complete. InformationProcessingLetters,5(1):15–17,1976. Despite these contributions, the study has limitations. The [10] G. A. Kochenberger and"
Mamedaliev et al. - 2026 - A framework to evaluate the performance of Variational Quantum Algorithms.pdf,Mamedaliev et al.,partial,partial,weak,limitation-mention,6,"tingoptimalbinarydecisiontrees C. Limitations isnp-complete. InformationProcessingLetters,5(1):15–17,1976. Despite these contributions, the study has limitations. The [10] G. A. Kochenberger and et al. Unconstrained binary quadratic pro- gramming:Asurvey.JournalofCombinatorialOptimization,28:58–81, analysis i"
Mamedaliev et al. - 2026 - A framework to evaluate the performance of Variational Quantum Algorithms.pdf,Mamedaliev et al.,partial,partial,weak,challenge-mention,1,"on noisy intermediate-scale quantum (NISQ) gate fidelities—restrict achievable circuit depth. Variational devices. However, benchmarking VQAs remains challenging due QuantumAlgorithms(VQAs)[21],[22]wereintroducedtoex- to their stochastic nature and the absence of standardized performance criteria. In this w"
Mamedaliev et al. - 2026 - A framework to evaluate the performance of Variational Quantum Algorithms.pdf,Mamedaliev et al.,partial,partial,weak,challenge-mention,1,"on (QUBO) problems [10], [11], which are generally NP- formalize reproducibility using Shannon entropy and define hard [12], making them increasingly challenging for classical a decision criterion for algorithm selection under resource algorithmsasproblemsizegrows.Classicalheuristics,suchas constraints.Asap"
Mamedaliev et al. - 2026 - A framework to evaluate the performance of Variational Quantum Algorithms.pdf,Mamedaliev et al.,partial,partial,weak,tradeoff-mention,1,"pli- reproducibility—and visualizes performance through a quality cations. Crucial hyperparameters influencing solution quality diagram that captures trade-offs between success probability and resource consumption. We formalize reproducibility using include ansatz design [23], measurement strategy (number of"
Mamedaliev et al. - 2026 - A framework to evaluate the performance of Variational Quantum Algorithms.pdf,Mamedaliev et al.,partial,partial,weak,tradeoff-mention,3,evaluated during optimization. aim to quantify which one performs better in terms of the • (iii) How confident are we in the feasibility and quality trade-off between achieving a high probability of measuring metricsobtained?Reproducibilityquantifieshowreliable
Mamedaliev et al. - 2026 - A framework to evaluate the performance of Variational Quantum Algorithms.pdf,Mamedaliev et al.,partial,partial,weak,tradeoff-mention,5,.03 0.60±0.03 0.58±0.04 a priori measure of algorithmic reliability. 80000 0.67±0.03 0.64±0.02 0.50±0.03 0.59±0.03 0.59±0.03 • Quality formalizes the trade-off between resource con- 100000 0.64±0.03 0.66±0.02 0.49±0.03 0.62±0.03 0.63±0.03 sumption and success probability through a normalized distance in the
"Maupin et al. - 2024 - Error mitigation, optimization, and extrapolation on a trapped ion testbed.pdf",Maupin et al.,yes,partial,weak,tradeoff-mention,3,"ts is fit (polynomial of degree m − 1 for m data exact ground state energy E as follows: theory points). Higher degree polynomials double down on the trade-off inherent to extrapolation, further reducing the ϵ=100∗ |E measured −E theory | (1) bias of our estimate but increasing the variance [24]. In E theory"
"Maupin et al. - 2024 - Error mitigation, optimization, and extrapolation on a trapped ion testbed.pdf",Maupin et al.,yes,partial,weak,worse-mention,9,"hen the resulting decoherence may cause the noise scal- will refer to this method as time-stretching the gates. ing to become even more nonlinear, or worse render the action of our ansatz circuit useless. B. Time Stretch Simulation C. Time Stretch Experiment Webeginourinvestigationofthisnoisescalingmetho"
McDonough et al. - 2022 - Automated quantum error mitigation based on probabilistic error reduction.pdf,McDonough et al.,partial,partial,weak,challenge-mention,9,y calling VI. CONCLUSIONANDOUTLOOK perexp = \ Mitigatingerrorsthatoccurinanoisyquantumcomputation experiment.create_per_experiment(circuits) is a key challenge that must be addressed in order to achieve 91 Authorized licensed use limited to: Ostbayerische Technische Hochschule Regensburg. Downloaded on Febr
Moguel et al. - 2024 - Quantum software experiments A reporting and laboratory package structure guidelines.pdf,Moguel et al.,yes,partial,weak,limitation-mention,5,"mpiricalquantumsoftwareengi- Context Requirementsimposedbythequantumsoftwareonthehardwareorsimulator(e.g., minimumnumberofqubits,gatetypes). neering. Limitationsofthecomputingplatform(e.g.,provider-specificconstraints,modifications tosoftwareduetohardwarecharacteristics). Experimental Anypre-experimentorpost-"
Moguel et al. - 2024 - Quantum software experiments A reporting and laboratory package structure guidelines.pdf,Moguel et al.,yes,partial,weak,limitation-mention,5,modifications tosoftwareduetohardwarecharacteristics). Experimental Anypre-experimentorpost-experimentprocessesrequiredbythequantumsoftware. Planning Limitationsimposedbythecomputingproviderorexecutionplatformusedinthe ExperimentalMaterial. Thissectionnotonlyprovidesdetailed experimentintermsofschedulingorexe
Moguel et al. - 2024 - Quantum software experiments A reporting and laboratory package structure guidelines.pdf,Moguel et al.,yes,partial,weak,limitation-mention,7,"quirements ✓ ✓4 ✓2 ✓ ✓ 5/5 Measurements ✓ ✓ ✓2 ✓ × 4/5 Context Circuitdepth(ifappropriate) ✓ ✓ ✓2 −7 ✓ 4/5 Connectivitybetweenqubits ✓ ✓4 ✓2 −7 × 3/5 Limitationsimposedbytheexecutionplatform(maxexecutiontime,max ✓ ✓ × ✓ ✓ 4/5 qbits,etc.) Experimental Bootsrappingneeds − −5 ✓ ✓ −5 2/5 Planning Targetplatformex"
Moguel et al. - 2024 - Quantum software experiments A reporting and laboratory package structure guidelines.pdf,Moguel et al.,yes,partial,weak,limitation-mention,10,"CHECKLISTFORTHEREPORTINGOFQUANTUMSOFTWAREEXPERIMENTS MinQ-bits □ Gaterequirements □ Circuitdepth(ifappropriate) □ Context Connectivitybetweenqubits □ Limitationsimposedbytheexecutionplatform(maxexecutiontime,maxqbits, □ etc.) Experimental Bootsrappingneeds □ Planning Targetplatformexecutionlimitations □ Targe"
Moguel et al. - 2024 - Quantum software experiments A reporting and laboratory package structure guidelines.pdf,Moguel et al.,yes,partial,weak,challenge-mention,2,"positionisexpressedas𝛼|0⟩+𝛽|1⟩,where𝛼 ForQSEs,thereportingandreplicabilityproblemisevenmore and𝛽arecomplexprobabilityamplitudesrepresentingthelikeli- challenging.Thecurrentstateofquantumcomputingentailsthat hoodofmeasuringthequbitinthestates|0⟩and|1⟩respectively. softwareisoftendevelopedthroughthespecificat"
Moguel et al. - 2024 - Quantum software experiments A reporting and laboratory package structure guidelines.pdf,Moguel et al.,yes,partial,weak,challenge-mention,9,"rioPiattini,AntonioRuiz-Cortés,AntonioBrogi,Jianjun GenerationEU/PRTR”,bytheMinistryofScience,Innovationand Zhao,AndriyMiranskyy,andManuelWimmer.2024.ChallengesofQuantum Universities(projectsPID2021-126227NB-C21,PID2021-126227NB- SoftwareEngineeringfortheNextDecade:TheRoadAhead.arXiv1(42024),1 –12. https://"
Niroula et al. - 2025 - Error Mitigation Thresholds in Noisy Random Quantum Circuits.pdf,Niroula et al.,yes,yes,strong,method-fails,1,"ization disorder below the threshold rate allows for errormitigationuptotimesthatscalewiththenumberofqubits. Forone-dimensionalcircuits, by contrast, mitigation fails at an O(1) time for any imperfection in the characterization of disorder. Asaresult,errormitigationisonlyapracticalmethodforsufficientlywell-characte"
Niroula et al. - 2025 - Error Mitigation Thresholds in Noisy Random Quantum Circuits.pdf,Niroula et al.,yes,yes,strong,method-fails,2,low-threshold” phase where mitigation succeeds on av- the system composed of two qubit gates. Each two-site erage to an “above-threshold” phase where mitigation fails. gate in the circuit is chosen to be Haar random37–39 and are interspersed with noise and what we call “antinoise” channels (defined below). The choi
Niroula et al. - 2025 - Error Mitigation Thresholds in Noisy Random Quantum Circuits.pdf,Niroula et al.,yes,yes,strong,method-fails,2,"q 2 . The − tion of circuit depth. For depths larger than the linear antinoise can be tuned to a zero mean-field condition by size of the system, the mitigation fails, resulting in a fi- taking(1 q a )=(1 q 1 )p(1 q 2 )1−p equaltoageometric − − − delity worse then one obtains for the maximally mixed mean. This cond"
Niroula et al. - 2025 - Error Mitigation Thresholds in Noisy Random Quantum Circuits.pdf,Niroula et al.,yes,yes,strong,failure-condition,1,"order below the threshold rate allows for errormitigationuptotimesthatscalewiththenumberofqubits. Forone-dimensionalcircuits, by contrast, mitigation fails at an O(1) time for any imperfection in the characterization of disorder. Asaresult,errormitigationisonlyapracticalmethodforsufficientlywell-characteriz"
Niroula et al. - 2025 - Error Mitigation Thresholds in Noisy Random Quantum Circuits.pdf,Niroula et al.,yes,yes,weak,limitation-mention,11,"(2022). acting quantum systems, Nature Physics 17, 931 (2021), 49 X. Gao, M. Kalinowski, C.-N. Chou, M. D. Lukin, 2004.07266. B. Barak, and S. Choi, Limitations of Linear Cross- 29 E. v. d. Berg, Z. K. Minev, A. Kandala, and K. Temme, Entropy as a Measure for Quantum Advantage, Probabilistic error cancellati"
Niroula et al. - 2025 - Error Mitigation Thresholds in Noisy Random Quantum Circuits.pdf,Niroula et al.,yes,yes,weak,challenge-mention,1,"ronment. In- ing large-scale quantum computing with error corrected stead the inverse channel is achieved through classi- qubits remains a formidable challenge. In recent years, cal post-processing. This post-processing step can be quantum error mitigation has emerged as a complemen- implemented through a w"
Niroula et al. - 2025 - Error Mitigation Thresholds in Noisy Random Quantum Circuits.pdf,Niroula et al.,yes,yes,weak,challenge-mention,1,"nential sampling overheads with in- creasing circuit layers29,31–33. Despite the apparent relies on the ability to accurately characterize the inter- challenges, PEC has been used to significantly extend action of the system with its environment. Armed with the accessible circuit depths of a given noisy qua"
Niroula et al. - 2025 - Error Mitigation Thresholds in Noisy Random Quantum Circuits.pdf,Niroula et al.,yes,yes,weak,worse-mention,2,"an-field condition by size of the system, the mitigation fails, resulting in a fi- taking(1 q a )=(1 q 1 )p(1 q 2 )1−p equaltoageometric − − − delity worse then one obtains for the maximally mixed mean. This condition ensures that a Pauli operator σ x µ state. The corresponding conjectured phase diagram"
Noel et al. - 2022 - Observation of measurement-induced quantum phases in a trapped-ion quantum computer.pdf,Noel et al.,yes,partial,weak,challenge-mention,7,"ing behavior thatinterpolatesbetweenthetwoextremes. Having obtained conclusive evidence for the two phases in our system, it remains an out- standing challenge to experimentally probe the universal critical behavior of this model. We predict that such effects will become accessible in our system through mod"
Pascuzzi et al. - 2022 - Computationally efficient zero-noise extrapolation for quantum-gate-error mitigation.pdf,Pascuzzi et al.,partial,no,none,,,
Patil et al. - 2023 - Folding-Free ZNE A Comprehensive Quantum Zero-Noise Extrapolation Approach for Mitigating Depolariz.pdf,Patil et al.,yes,yes,strong,worse-than,8,"with higher probabilities due to noise. On the other hand, RZNE Top K only operates on a portionofthestates,leavingsomestatesuncorrected,resulting in worse performance than RZNE. In Fig. 5, we observe that for the GHZ benchmarks with a higher number of qubits, RZNETopKbeginstoperformsignificantlybetterthanRZNE whent"
Patil et al. - 2023 - Folding-Free ZNE A Comprehensive Quantum Zero-Noise Extrapolation Approach for Mitigating Depolariz.pdf,Patil et al.,yes,yes,strong,limitation-stated,1,"d by depolarizing ThispaperimprovestheefficacyofZNEwiththefollowing error mitigation. novel designs. First, we propose to change the way how A common limitation of ZNE schemes is that if the circuit of the extrapolation is performed such that we can leverage the interestsuffersfromhighnoise,scaling-upnoiselevels"
Patil et al. - 2023 - Folding-Free ZNE A Comprehensive Quantum Zero-Noise Extrapolation Approach for Mitigating Depolariz.pdf,Patil et al.,yes,yes,weak,limitation-mention,1,"d by depolarizing ThispaperimprovestheefficacyofZNEwiththefollowing error mitigation. novel designs. First, we propose to change the way how A common limitation of ZNE schemes is that if the circuit of the extrapolation is performed such that we can leverage the interestsuffersfromhighnoise,scaling-upnoiselev"
Patil et al. - 2023 - Folding-Free ZNE A Comprehensive Quantum Zero-Noise Extrapolation Approach for Mitigating Depolariz.pdf,Patil et al.,yes,yes,weak,limitation-mention,1,"eme noise cuttechniquestobreakalargequantumcircuitintosmallersub- are independent of the circuit structure but dependent on circuits to overcome this limitation. This way, the noise levels of the noise source. With depolarizing noise, the quantum state thesub-circuitsarelowerthantheoriginalcircuit,andZNEcan u"
Patil et al. - 2023 - Folding-Free ZNE A Comprehensive Quantum Zero-Noise Extrapolation Approach for Mitigating Depolariz.pdf,Patil et al.,yes,yes,weak,limitation-mention,3,",QRAFT[19],leveragesthemachinelearning The above-mentioned ZNE approaches have the following model for quantum error mitigation. With QRAFT, one exe- limitations. First, the relationship between the expectation cutes the quantum circuit to be mitigated and then prepares value and the circuit scale/folding fac"
Patil et al. - 2023 - Folding-Free ZNE A Comprehensive Quantum Zero-Noise Extrapolation Approach for Mitigating Depolariz.pdf,Patil et al.,yes,yes,weak,limitation-mention,3,"proposed as QEM to mitigate Next, we describe our proposed improvements to overcome idling errors [8] as well as cross-talk errors [24]. Unlike these limitations. previously mentioned QEM methods, DD does not involve running an ensemble of circuits or any post-processing step. IV. ACOMPREHENSIVEAPPROACHFORZER"
Patil et al. - 2023 - Folding-Free ZNE A Comprehensive Quantum Zero-Noise Extrapolation Approach for Mitigating Depolariz.pdf,Patil et al.,yes,yes,weak,challenge-mention,1,"e.Forsystemssuffering with errors and noise. Noise in quantum computers is the from both depolarizing and decoherence noise, we propose a fundamental challenge facing the reliable execution of quan- serial approach, which first mitigates the decoherence noise tum algorithms. To deal with this problem, quant"
Patil et al. - 2023 - Folding-Free ZNE A Comprehensive Quantum Zero-Noise Extrapolation Approach for Mitigating Depolariz.pdf,Patil et al.,yes,yes,weak,worse-mention,8,"with higher probabilities due to noise. On the other hand, RZNE Top K only operates on a portionofthestates,leavingsomestatesuncorrected,resulting in worse performance than RZNE. In Fig. 5, we observe that for the GHZ benchmarks with a higher number of qubits, RZNETopKbeginstoperformsignificantlybetterth"
Pelofske et al. - 2024 - Increasing the Measured Effective Quantum Volume with Zero Noise Extrapolation.pdf,Pelofske et al.,yes,yes,strong,worse-than,9,"that could be chosen to compile to. As has been observed for Quantum Volume test enumeration [4], Figure 10 shows that on average the performance is worse than the best performance cases. Lastly, note that the best mean ZNE HOPdoesnotreachabovetheidealmeanHOPof≈0.85[1, 7], showingthatwhenthisprocedureisavera"
Pelofske et al. - 2024 - Increasing the Measured Effective Quantum Volume with Zero Noise Extrapolation.pdf,Pelofske et al.,yes,yes,weak,limitation-mention,3,"nalquantumvolumebenchmarknumberforNISQdevices. Theeffectivequantumvolumeprotocol[18]canbe scaled to large system sizes; however there are two primary limitations of its scalability. The first comes from the original quantum volume protocol, which is that we need to classically compute the full statevector of"
Pelofske et al. - 2024 - Increasing the Measured Effective Quantum Volume with Zero Noise Extrapolation.pdf,Pelofske et al.,yes,yes,weak,limitation-mention,3,"he full statevector of the random quantum circuits – and this becomes prohibitive even for HPC clusters at qubit counts greater than ∼ 32. The second limitation comes from the inherent noise level in the quantum computer being benchmarked; this error rate is the limiting factor for arbitrarily increasing, and"
Pelofske et al. - 2024 - Increasing the Measured Effective Quantum Volume with Zero Noise Extrapolation.pdf,Pelofske et al.,yes,yes,weak,limitation-mention,14,056-6387. doi: 10.1038/s41534-022-00618-z. url: http://dx.doi.org/10.1038/s41534- 022-00618-z. [17] Yihui Quek et al. Exponentially tighter bounds on limitations of quantum error mitigation. 2023. arXiv: 2210.11505 [quant-ph]. [18] Ryan LaRose et al. Error mitigation increases the effective quantum volume of
Pelofske et al. - 2024 - Increasing the Measured Effective Quantum Volume with Zero Noise Extrapolation.pdf,Pelofske et al.,yes,yes,weak,tradeoff-mention,2,"htofasanintermediatestepinthedevelopmentofquantumcomputers,eventuallyleadingtothedevelopment of fully realized quantum error correction [14, 15]. The trade off that comes from using quantum error mitigation is that in general there is significant computational cost of applying quantum error mitigation, namel"
Pelofske et al. - 2024 - Increasing the Measured Effective Quantum Volume with Zero Noise Extrapolation.pdf,Pelofske et al.,yes,yes,weak,worse-mention,9,"that could be chosen to compile to. As has been observed for Quantum Volume test enumeration [4], Figure 10 shows that on average the performance is worse than the best performance cases. Lastly, note that the best mean ZNE HOPdoesnotreachabovetheidealmeanHOPof≈0.85[1, 7], showingthatwhenthisprocedureis"
Prodius et al. - 2025 - Robust design under uncertainty in quantum error mitigation.pdf,Prodius et al.,partial,yes,strong,limitation-stated,1,e techniques for reducing leveraging symmetries of a circuit of interest [44–47]. errors in near-term quantum hardware. They can be ap- A fundamental limitation of the power of such er- pliedondeviceswithlargererrorratesandsmallerqubit ror mitigation techniques is shot noise. Noisy expecta- numbersthanrequiredby
Prodius et al. - 2025 - Robust design under uncertainty in quantum error mitigation.pdf,Prodius et al.,partial,yes,weak,limitation-mention,1,e techniques for reducing leveraging symmetries of a circuit of interest [44–47]. errors in near-term quantum hardware. They can be ap- A fundamental limitation of the power of such er- pliedondeviceswithlargererrorratesandsmallerqubit ror mitigation techniques is shot noise. Noisy expecta- numbersthanrequire
Prodius et al. - 2025 - Robust design under uncertainty in quantum error mitigation.pdf,Prodius et al.,partial,yes,weak,limitation-mention,2,"in the case of Virtual Distillation and poor choice of training circuits for learning-based error mitigation produce bias. Taking into account these limitations, it is crucial to account for the outcome uncertainty while applying and designing error mitigation methods to correct noisy ob- servables. While me"
Prodius et al. - 2025 - Robust design under uncertainty in quantum error mitigation.pdf,Prodius et al.,partial,yes,weak,limitation-mention,9,"ates. A natural limits the accuracy of error-mitigated results. In this extension is to determine whether the optimal hyperpa- work, we address these limitations by introducing meth- rameterscanbegeneralizedtoabroaderclassofcircuits. ods to quantify and minimize the uncertainty and error In this work, we opti"
Prodius et al. - 2025 - Robust design under uncertainty in quantum error mitigation.pdf,Prodius et al.,partial,yes,weak,limitation-mention,11,"uantum 2, 040330 (2021). hannes Jakob Meyer, and Jens Eisert, “Exponentially [36] AshleyMontanaroandStasjaStanisic,“Errormitigation tighter bounds on limitations of quantum error mitiga- by training with fermionic linear optics,” arXiv preprint tion,” arXiv preprint arXiv:2210.11505 (2022). arXiv:2102.02120 ("
Prodius et al. - 2025 - Robust design under uncertainty in quantum error mitigation.pdf,Prodius et al.,partial,yes,weak,failure-mention,2,"xistoptimalbounds on uncertainties that are obtained as values of well- defined optimization problems corresponding to extrem- izing probabilities of failure, or of deviations, subject to theconstraintsimposedbythescenarioscompatiblewith the assumptions and information [55–57]. In particular, this framewor"
Prodius et al. - 2025 - Robust design under uncertainty in quantum error mitigation.pdf,Prodius et al.,partial,yes,weak,challenge-mention,9,"mpling from a probabil- As the field moves towards error mitigation for circuits ity distribution of error-mitigated results (and the unbi- which are challenging for the classical simulations [4], a ased determination of bounds thereof). They enable one pertinent line of research is how to adapt these metho"
Qin et al. - 2023 - Error statistics and scalability of quantum error mitigation formulas.pdf,Qin et al.,yes,yes,strong,error-increase,11,"t in ICS. The Supplementary Note 1.3. Because the remaining decoherence numerical result in Fig. 9 shows that RMSE ofppffiffirffiffiobabilistic error error increases quadratically with the gate number, the coherent cancellation withtheoptimised λscales as/ N. mismatch is the dominant component in the remaining er"
Quek et al. - 2024 - Exponentially tighter bounds on limitations of quantum error mitigation.pdf,Quek et al.,yes,partial,weak,limitation-mention,1,"nature physics Article https://doi.org/10.1038/s41567-024-02536-7 Exponentially tighter bounds on limitations of quantum error mitigation Received: 26 February 2023 Yihui Quek 1,2 , Daniel Stilck França 1,3,4, Sumeet Khatri 1, Johannes Jakob Meyer1 & Jens Ei"
Quek et al. - 2024 - Exponentially tighter bounds on limitations of quantum error mitigation.pdf,Quek et al.,yes,partial,weak,limitation-mention,1,"chemes. Recently, error mitigation has been successfully applied to reduce noise in near-term applications. In this work, however, we identify strong limitations to the degree to which quantum noise can be effectively ‘undone’ for larger system sizes. Our framework rigorously captures large classes of error-m"
Quek et al. - 2024 - Exponentially tighter bounds on limitations of quantum error mitigation.pdf,Quek et al.,yes,partial,weak,limitation-mention,2,"we write6–8. Unsurprisingly, given the high expectations for bounds shine light on upper bounds. Our work suggests that future such techniques, their limitations have also already been studied. In sample-efficient error-mitigation schemes must dodge the limita- particular, we build on a key work16 that first"
Quek et al. - 2024 - Exponentially tighter bounds on limitations of quantum error mitigation.pdf,Quek et al.,yes,partial,weak,limitation-mention,2,"already been studied. In sample-efficient error-mitigation schemes must dodge the limita- particular, we build on a key work16 that first identified limitations to tions we have identified. How then can we design circuits to be more quantum error mitigation by studying how noise affects the distin- resilient"
Quek et al. - 2024 - Exponentially tighter bounds on limitations of quantum error mitigation.pdf,Quek et al.,yes,partial,weak,limitation-mention,2,"s exponen- error mitigation in the rest of this work. In the literature, the term ‘error tially but only with the depth of the circuit. This is not a limitation when mitigation’ has been used to describe protocols that are appended the depth is O(logn), as is the case in practice. after a noisy quantum algori"
Quek et al. - 2024 - Exponentially tighter bounds on limitations of quantum error mitigation.pdf,Quek et al.,yes,partial,weak,limitation-mention,2,"re concretely, we formulate the problem of correction is used). Strikingly, in contrast to this natural expectation, error mitigation as follows. our limitations kick in for circuits that come much closer to constant depth. This is because we introduce a dependence of the sample cost Problem 1. (Error mitigat"
Quek et al. - 2024 - Exponentially tighter bounds on limitations of quantum error mitigation.pdf,Quek et al.,yes,partial,weak,limitation-mention,4,". requires as input at least s−1p−Ω(n D/s) copies of the output state σ′ of the noisy quantum circuit 𝒞𝒞′. Dependence on the initial state The strong limitations we have proven so far are based on the assump- Refer to Supplementary Information Theorem 4 for the full, formal tion that the error-mitigation algo"
Quek et al. - 2024 - Exponentially tighter bounds on limitations of quantum error mitigation.pdf,Quek et al.,yes,partial,weak,limitation-mention,5,"processors. For these schemes, Clifford gates acting on two qubits are a product of one-qubit gates. we have identified severe information-theoretic limitations that are Thus, at each step there is a constant probability q > 0 that the gate we exponentially tighter than what was previously known16–18, due to"
Quek et al. - 2024 - Exponentially tighter bounds on limitations of quantum error mitigation.pdf,Quek et al.,yes,partial,weak,limitation-mention,10,"li expansion to decay exponentially (2016). with its Hamming weight. We then iterate the argument for every 21. Stilck França, D. & García-Patrón, R. Limitations of optimization additional layer of a two-design followed by noise. Formal definitions algorithms on noisy quantum devices. Nat. Phys. 17, 1221 (202"
Quek et al. - 2024 - Exponentially tighter bounds on limitations of quantum error mitigation.pdf,Quek et al.,yes,partial,weak,limitation-mention,10,"within the two-designs are provided in (Springer, 2009). the Supplementary Information. 23. De Palma, G., Marvian, M., Rouzé, C. & Stilck Franca, D. Limitations of variational quantum algorithms: a quantum optimal transport Online content approach. PRX Quantum 4, 010309 (2023). Any methods, additional refere"
Roy et al. - 2024 - Simulating open quantum systems using noise models and NISQ devices with error mitigation.pdf,Roy et al.,yes,no,none,,,
Russo et al. - 2023 - Testing Platform-Independent Quantum Error Mitigation on Noisy Quantum Computers.pdf,Russo et al.,yes,partial,weak,limitation-mention,10,"eral computers. This experimentally verifies that error mitigation can indeed be viewed as an algorithmicorsoftwaremethodindependentofhardware,but B. LIMITATIONSOFOURWORK ourresultsalsoemphasizethattheperformanceoferrormit- Whilethecostfactordefinedin(5)normalizesbytheaddi- igationdependsontheunderlyingcomput"
Régent - 2025 - Awesome Quantum Computing Experiments Benchmarking Experimental Progress Towards Fault-Tolerant Qua.pdf,Regent,partial,partial,weak,limitation-mention,24,"ady the case for the EE), or conversely, accelerate due to breakthroughs not captured by historical data. Factors like increasing crosstalk at scale, limitations in control systems, or shifts in research focus could significantly alter these trajectories. Therefore, while illustrative, these projections shoul"
Régent - 2025 - Awesome Quantum Computing Experiments Benchmarking Experimental Progress Towards Fault-Tolerant Qua.pdf,Regent,partial,partial,weak,limitation-mention,29,"al model fits the historical data well but does not guarantee that the trend will continue into the future, as discussed in Section 7.1 regarding the limitations of extrapolation. Overall, the analysis of R2 values reinforces the observation of strong historical exponential trends in key physical qubit metric"
Régent - 2025 - Awesome Quantum Computing Experiments Benchmarking Experimental Progress Towards Fault-Tolerant Qua.pdf,Regent,partial,partial,weak,challenge-mention,1,"izing these physical and logical benchmarks reveals substantial progress enabled by underlying hardware improvements, while also outlining persistent challenges towards scalable FTQC. The experimental databases and analysis code underpinning this review are publicly available at https://github.com/francois-"
Régent - 2025 - Awesome Quantum Computing Experiments Benchmarking Experimental Progress Towards Fault-Tolerant Qua.pdf,Regent,partial,partial,weak,challenge-mention,3,"t the computational basis states |0⟩ and |1⟩ varies significantly across different hardware platforms, each choice presenting distinct advantages and challenges concerning qubit stability, control fidelity, readout efficiency, and scalability potential. For instance, both trapped ions [28, 32] and neutral a"
Régent - 2025 - Awesome Quantum Computing Experiments Benchmarking Experimental Progress Towards Fault-Tolerant Qua.pdf,Regent,partial,partial,weak,challenge-mention,6,"ode logical information and perform QEC [5, 6]. Scaling the number of individually controllable, high-quality qubits is therefore a major engineering challenge. The qubit count metric serves thus as a critical link between physical qubit progress and the resources available for implementing QEC codes. It is"
Régent - 2025 - Awesome Quantum Computing Experiments Benchmarking Experimental Progress Towards Fault-Tolerant Qua.pdf,Regent,partial,partial,weak,challenge-mention,7,"s the analysis of entanglement error (Section 2.2.2) illustrates, even state-of-the-art physical qubits possess inherent error rates and face scaling challenges that currently preclude the direct execution of large-scale, fault-tolerant quantum algorithms. The physical error rates, while dramatically reduce"
Régent - 2025 - Awesome Quantum Computing Experiments Benchmarking Experimental Progress Towards Fault-Tolerant Qua.pdf,Regent,partial,partial,weak,challenge-mention,9,"ent efforts in NV centers. This cumulative view highlights the increasing investment and progress across multiple hardware modalities in tackling the challenges of QEC. A non-cumulative, year-by-year breakdown is provided in Figure 6 in the Appendices. 3.3.2 [[n,k,d]] Representation As mentioned above, the"
Régent - 2025 - Awesome Quantum Computing Experiments Benchmarking Experimental Progress Towards Fault-Tolerant Qua.pdf,Regent,partial,partial,weak,challenge-mention,11,"atforms [136, 159, 160]. Despite the impressive progress, achieving robust fault-tolerant quantum computation requires overcoming persistent critical challenges. Three key obstacles include: (1) The resource overhead problem: QEC requires encoding information across multiple physical qubits, dramatically in"
Régent - 2025 - Awesome Quantum Computing Experiments Benchmarking Experimental Progress Towards Fault-Tolerant Qua.pdf,Regent,partial,partial,weak,challenge-mention,13,"10.1017/CBO9780511976667. [28] Colin D. Bruzewicz, John Chiaverini, Robert McConnell, and Jeremy M. Sage. Trapped-Ion Quantum Computing: Progress and Challenges. Applied Physics Reviews, 6(2):021314, June 2019. ISSN 1931-9401. doi: 10.1063/1.5088164. [29] Karen Wintersperger, Florian Dommert, Thomas Ehmer,"
Régent - 2025 - Awesome Quantum Computing Experiments Benchmarking Experimental Progress Towards Fault-Tolerant Qua.pdf,Regent,partial,partial,weak,challenge-mention,13,"011308, February 2021. ISSN 1931-9401. doi: 10.1063/5.0007444. [32] Kenneth R. Brown, John Chiaverini, Jeremy M. Sage, and Hartmut Häffner. Materials challenges for trapped- ion quantum computers. Nature Reviews Materials, 6(10):892–905, October 2021. ISSN 2058-8437. doi: 10.1038/s41578-021-00292-1. [33] At"
Régent - 2025 - Awesome Quantum Computing Experiments Benchmarking Experimental Progress Towards Fault-Tolerant Qua.pdf,Regent,partial,partial,weak,caveat-mention,24,"del, the rapid PQC scaling factor currently observed for neutral atoms is the primary driver for this accelerated timeline. However, several critical caveats apply to these projections. Firstly, let us emphasize again that the definition of ‘utility scale’ based solely on PQC and EE is a simplification: t"
Régent - 2025 - Awesome Quantum Computing Experiments Benchmarking Experimental Progress Towards Fault-Tolerant Qua.pdf,Regent,partial,partial,weak,caveat-mention,29,"3 and provides quantitative justification for using exponential fits to characterize the rates of progress (doubling/halving times). However, certain caveats should be noted: • The R2 value for Superconducting Circuit T time (0.418) is notably lower than others, reflecting that we 2 included different fam"
Sahu and Gupta - 2024 - NAC-QFL Noise Aware Clustered Quantum Federated Learning.pdf,Sahu & Gupta,partial,partial,weak,limitation-mention,10,"ation.Cambridgeuniversitypress. tumhardwareutilizationdespitecapacity,noise,andqubitdeco- [21] PARAMShivay.2024. https://nsmindia.in/node/155 herence limitations. Future research avenues include exploring [22] TianyiPeng,AramW.Harrow,MarisOzols,andXiaodiWu.2020.Simulating methodstoenhancetherobustnessofquantu"
Saki et al. - 2023 - Hypothesis Testing for Error Mitigation How to Evaluate Error Mitigation.pdf,Saki et al.,yes,partial,weak,failure-mention,10,",σ(i) }i=10,{µ(i) ,σ(i) }i=10 i=1 λ=0 λ=0 i=1 λ=1 λ=1 i=1 Output: SuccessandFailureCountsforanEMpipeline 1: procedureDATAPREPARATION 2: success←0 3: failure←0 4: fori=1toi=10do 5: Generate1000samplesfor(cid:104)E(cid:105)(i) fromN(µ(i) ,σ(i) ) λ=0 λ=0 λ=0 6: Generate1000samplesfor(cid:104)E(cid:105)(i) fr"
Saki et al. - 2023 - Hypothesis Testing for Error Mitigation How to Evaluate Error Mitigation.pdf,Saki et al.,yes,partial,weak,failure-mention,10,"µ(i) ,σ(i) ) λ=1 λ=1 λ=1 7: PlugvaluesintoEq.1toget1000REMValues 8: forj =1toj =1000do 9: ifREM <1then 10: success←success+1 11: elseifREM ≥1then 12: failure←failure+1 13: ReturnSuccess,Failure Thestatisticaltestsareappliedontheexperimentaldatacollectedfromhardwareexperimentsontheibm_lagosand ibm_perth. We"
Saki et al. - 2023 - Hypothesis Testing for Error Mitigation How to Evaluate Error Mitigation.pdf,Saki et al.,yes,partial,weak,failure-mention,10,"i) ) λ=1 λ=1 λ=1 7: PlugvaluesintoEq.1toget1000REMValues 8: forj =1toj =1000do 9: ifREM <1then 10: success←success+1 11: elseifREM ≥1then 12: failure←failure+1 13: ReturnSuccess,Failure Thestatisticaltestsareappliedontheexperimentaldatacollectedfromhardwareexperimentsontheibm_lagosand ibm_perth. Weran91,88"
Saki et al. - 2023 - Hypothesis Testing for Error Mitigation How to Evaluate Error Mitigation.pdf,Saki et al.,yes,partial,weak,failure-mention,10,"esintoEq.1toget1000REMValues 8: forj =1toj =1000do 9: ifREM <1then 10: success←success+1 11: elseifREM ≥1then 12: failure←failure+1 13: ReturnSuccess,Failure Thestatisticaltestsareappliedontheexperimentaldatacollectedfromhardwareexperimentsontheibm_lagosand ibm_perth. Weran91,880circuitsoneachdeviceperfold"
Saki et al. - 2023 - Hypothesis Testing for Error Mitigation How to Evaluate Error Mitigation.pdf,Saki et al.,yes,partial,weak,challenge-mention,15,"quantumcircuits. npj QuantumInf,5(1):45,2019. [8] Alejandro Perdomo-Ortiz, Marcello Benedetti, John Realpe-Gómez, and Rupak Biswas. Opportunities and challenges for quantum-assisted machine learning in near-term quantum computers. Quantum Sci. Technol., 3(3):030502,2018. [9] ManuelS.Rudolph,NtwaliBashigeTou"
Saki et al. - 2023 - Hypothesis Testing for Error Mitigation How to Evaluate Error Mitigation.pdf,Saki et al.,yes,partial,weak,tradeoff-mention,1,"sivefigureofmeritthataccountsforbothresourcerequirementand mitigationefficiencyofanerrormitigationimplementation. Thefigureofmeritisusefultoweigh the trade-offs between the scalability and accuracy of various error mitigation methods. Finally, usingthehypothesistestingandthefigureofmerit,weexperimentallyeval"
Saki et al. - 2023 - Hypothesis Testing for Error Mitigation How to Evaluate Error Mitigation.pdf,Saki et al.,yes,partial,weak,tradeoff-mention,13,"ingthebest-performingpipeline. • Adoptingafull-fledgedpipelinewithZNE,MEM,RC,andDDisastatisticallysafechoice. • While there is a resource vs. quality trade-offs among pipelines, adding more resources does not always guaranteeabettererrormitigationquality. • Thechoiceofanerrormitigationpipeline(and+device)dep"
Saki et al. - 2023 - Hypothesis Testing for Error Mitigation How to Evaluate Error Mitigation.pdf,Saki et al.,yes,partial,weak,tradeoff-mention,14,"terplayamongfactors. Thus,weintroducetheconceptof resource-efficiencyspace,whichvisualizesthelandscapeofmitigationefficiency(PSRandREM)andresource(R) trade-offs. The evaluation frameworks and metrics we proposed are extensible to different hardware, test circuits, and error mitigation methods. For instance,"
Schultz et al. - 2022 - Impact of time-correlated noise on zero-noise extrapolation.pdf,Schultz et al.,yes,partial,weak,limitation-mention,1,"ol, called an overlap integral. In tion[42–47]. Onerecently-proposedtechniquemotivated what follows, we will show how this intuition can also by NISQ limitations is zero-noise extrapolation (ZNE) be applied to different ZNE schemes in the presence of [48–53]. This aims to mitigate the impacts of any errors te"
Schultz et al. - 2022 - Impact of time-correlated noise on zero-noise extrapolation.pdf,Schultz et al.,yes,partial,weak,limitation-mention,9,"1 (d)-Trotter λ=1 Noise injection as a method for noise scaling is a theo- λ=3 λ=3 λ=5 λ=5 retically ideal mechanism for noise scaling, but given the limitations on estimating, emulating, and injecting the native spectra and noise mechanism(s), this is not likely feasible in most situations. On the other hand"
Schultz et al. - 2022 - Impact of time-correlated noise on zero-noise extrapolation.pdf,Schultz et al.,yes,partial,weak,challenge-mention,9,"expectthatglobalfoldingwouldcontinuetotrack DATA AVAILABILITY direct noise scaling the best. However, analysis of the other three techniques would be challenging as the over- lap integral with these would essentially vanish as the Software for reproducing all numerical results is avail- scalingincreased. Wi"
Schultz et al. - 2022 - Impact of time-correlated noise on zero-noise extrapolation.pdf,Schultz et al.,yes,partial,weak,drawback-mention,4,"olding Apossiblewayofeffectively elementary gates are used. On the other hand, a possi- increasing the noise of a circuit is to insert after each ble drawback of the gate Trotterization method is that noisy CNOT gate, the product of two additional CNOT G1/λ may be compiled by the hardware in different ways"
Seif et al. - 2023 - Shadow Distillation Quantum Error Mitigation with Classical Shadows for Near-Term Quantum Processor.pdf,Seif et al.,yes,partial,weak,limitation-mention,5,"[see Fig. 2(d)], we expect M ∼20.82nq. Note that the pling) in the mitigated values decrease (see Fig. 4). Note second-order mitigation (m=2) has its limitations and that while in this comparison the total number of mea- evenwithinfinitelymanymeasurementsonecannotcom- surements (N N ) in the SD scheme is larg"
Seif et al. - 2023 - Shadow Distillation Quantum Error Mitigation with Classical Shadows for Near-Term Quantum Processor.pdf,Seif et al.,yes,partial,weak,challenge-mention,2,"izing lar, the long-range coupling required for performing the experimental resources for improving the measurements swap operation between copies is challenging in devices of stabilizers of a five-qubit Greenberger-Horne-Zeilinger with limited connectivity and requires additional gates (GHZ) state [29]. Th"
Seif et al. - 2023 - Shadow Distillation Quantum Error Mitigation with Classical Shadows for Near-Term Quantum Processor.pdf,Seif et al.,yes,partial,weak,challenge-mention,2,"These methods elim- II.ERRORMITIGATIONUSINGMULTIPLE inate the need for quantum operations between dieff rent COPIES copies of the state, which can be challenging in near- We first review the scheme using multiple copies for term devices [31]. However, they require knowledge of suppressing errors in preparin"
Seif et al. - 2023 - Shadow Distillation Quantum Error Mitigation with Classical Shadows for Near-Term Quantum Processor.pdf,Seif et al.,yes,partial,weak,tradeoff-mention,2,", given access to m copies of ρ. westudyerrormitigationusingmultiplecopies[7,13–16] This is enabled by using the fact that tr(V(m)ρ⊗m)= and study the trade-off between quantum resources (such tr(ρm), where V(m) is a permutation operator acting as as two-qubit gates and coherent access to multiple copies V(m)"
Seif et al. - 2023 - Shadow Distillation Quantum Error Mitigation with Classical Shadows for Near-Term Quantum Processor.pdf,Seif et al.,yes,partial,weak,tradeoff-mention,2,"erent access to two copies at the same ical analysis of the errors and resources and explore the time [30]. However, even in this case, preparing two trade-off between the number of measurement settings copies of the state in the same quantum register and and the repetitions of each measurement. Finally, usi"
Seif et al. - 2023 - Shadow Distillation Quantum Error Mitigation with Classical Shadows for Near-Term Quantum Processor.pdf,Seif et al.,yes,partial,weak,tradeoff-mention,3,"NTUM4,010303(2023) distillation (SD). Our approach trades circuit size with U.Wedenoteourestimateoftr(Oρ2)byoˆ ,givenby[34] 2 sample complexity. This trade-off can be especially use- (cid:4) f a u n l d in wi n d e th ar- a t r e e rm lim d i e te v d ic a e n s d w e h r e ro re rs c a o r n e tr l o a l rg"
Seif et al. - 2023 - Shadow Distillation Quantum Error Mitigation with Classical Shadows for Near-Term Quantum Processor.pdf,Seif et al.,yes,partial,weak,tradeoff-mention,4,"nentγ ≈0.82,whichisfavorable afixedbasis.Therefore,itisinterestingtoexplorethepos- U compared to full quantum state tomography with N ∼ sibility of a trade-off between the N and N for a fixed U U S 3nq [37]. Therefore, the scheme is favorable for the near- measurementtime. term regime, where we are pushing t"
Seif et al. - 2023 - Shadow Distillation Quantum Error Mitigation with Classical Shadows for Near-Term Quantum Processor.pdf,Seif et al.,yes,partial,weak,tradeoff-mention,4,". Next, we model the experi- GHZ (|0(cid:2)⊗5+|1(cid:2)⊗5)/ 2 is prepared. This is a sta(cid:7)bilizer ment time by T =N U (1000+N S ) to capture the trade-off state with gene(cid:7)rators G ={Z 1 Z 2 ,Z 2 Z 3 ,Z 3 Z 4 ,Z 4 Z 5 , i X i }, betweenchangingthemeasurementbasisandrepeatingthe where we use X to de"
Senapati et al. - 2023 - Towards Redefining the Reproducibility in Quantum Computing A Data Analysis Approach on NISQ Device.pdf,Senapati et al. (2023),yes,partial,weak,challenge-mention,1,"any real applications kept making rapid progress in recent years, noise is still the such as quantum simulation for chemistry [4], quantum sens- main challenge for any application to leverage the power of ing for sensitive signal detection [5], and quantum machine quantumcomputing.Existingworksaddressingnoi"
Senapati et al. - 2024 - PQML Enabling the Predictive Reproducibility on NISQ Machines for Quantum ML Applications.pdf,Senapati et al. (2024),yes,partial,weak,challenge-mention,1,"esents a groundbreaking quantum computing. However, the presence of noise poses approachtohigh-performancecomputing.Inrecentyears,quan- a significant challenge, hindering the effective utilization of tum computers have progressed from single-qubit processors to these machines for problem-solving tasks. Nois"
Senapati et al. - 2024 - PQML Enabling the Predictive Reproducibility on NISQ Machines for Quantum ML Applications.pdf,Senapati et al. (2024),yes,partial,weak,challenge-mention,1,"fered by higher qubit counts. The variability putingmethods.However,thecurrentstageofquantumcomput- of noise across quantum computers exacerbates the challenge ingisreferredtoasthenoisyintermediate-scalequantum(NISQ) of maintaining consistent performance, as running identical era. The existence of noise in"
Senapati et al. - 2024 - PQML Enabling the Predictive Reproducibility on NISQ Machines for Quantum ML Applications.pdf,Senapati et al. (2024),yes,partial,weak,challenge-mention,1,"sthenoisyintermediate-scalequantum(NISQ) of maintaining consistent performance, as running identical era. The existence of noise in this era presents challenges in quantum computing applications on the same machine may testingquantumcomputingapplications,leadingtoconsiderable yield divergent outcomes. Here,"
Senapati et al. - 2024 - PQML Enabling the Predictive Reproducibility on NISQ Machines for Quantum ML Applications.pdf,Senapati et al. (2024),yes,partial,weak,challenge-mention,1,"the selection of the appropriate machine tiple system samples, thereby amplifying computational over- for application execution. In response to these challenges, we head. As depicted in Figure 1, the same quantum algorithm introduce our Predictive Quantum Machine Learning (PQML) executed on three distinct q"
Senapati et al. - 2024 - PQML Enabling the Predictive Reproducibility on NISQ Machines for Quantum ML Applications.pdf,Senapati et al. (2024),yes,partial,weak,challenge-mention,2,"formance, our methodology empowers both researchers and practitioners to It should be noted, however, that these analytical bounds are surmount these challenges and make well-informed decisions effectiveonlywithincertainconstraints[1].WhileDasguptaet regarding the integration of quantum computers into machi"
Senapati et al. - 2024 - PQML Enabling the Predictive Reproducibility on NISQ Machines for Quantum ML Applications.pdf,Senapati et al. (2024),yes,partial,weak,challenge-mention,2,"–[4]. In the realm of quantum computing, achieving repro- QML model accuracy and propose methods for trans- ducibility poses distinct and substantial challenges compared formingquantumcomputercalibrationdata.Notably,our to classical computing paradigms. While prior studies have study is the first to compreh"
Senapati et al. - 2024 - PQML Enabling the Predictive Reproducibility on NISQ Machines for Quantum ML Applications.pdf,Senapati et al. (2024),yes,partial,weak,challenge-mention,2,erformance levels among the training phase of QML models can improve performance quantum computers in classifying MNIST images when and resilience to challenges related to reproducibility [5]. utilizing these specific regression learning techniques. This study aims to develop a methodology for accurately •
Senapati et al. - 2024 - PQML Enabling the Predictive Reproducibility on NISQ Machines for Quantum ML Applications.pdf,Senapati et al. (2024),yes,partial,weak,challenge-mention,3,"uters. periments [25] is a Python package utilized for the character- ization and calibration of quantum computers. In addressing II. RELATEDWORK the challenge of identifying a large set of errors, a stringent protocolnamedcyclebenchmarkingisdevelopedforquantum Recent research has proposed methods for quant"
Senapati et al. - 2024 - PQML Enabling the Predictive Reproducibility on NISQ Machines for Quantum ML Applications.pdf,Senapati et al. (2024),yes,partial,weak,challenge-mention,3,"ntum (NISQ) devices, albeit they often come with and1simultaneouslyandthispropertyiscalledsuperposition, computational overhead [16]. To address this challenge, a which is at the core of quantum computing. Superposition method has been proposed wherein multiple variants of pri- is a linear combination of st"
Senapati et al. - 2024 - PQML Enabling the Predictive Reproducibility on NISQ Machines for Quantum ML Applications.pdf,Senapati et al. (2024),yes,partial,weak,challenge-mention,10,esduetotheinherentuncertaintysurrounding teristics of the quantum computers utilized in testing the their fidelity. Our software tool addresses these challenges by MNISTimagesforaccuracy.TheY componentofthiscustom mitigating the effects of noise on NISQ quantum computers. datasetrepresentsthetestaccuracyoft
Shi and Malaney - 2023 - Error-Mitigated Quantum Routing on Noisy Devices.pdf,Shi & Malaney,yes,partial,weak,challenge-mention,1,"an optical quantum router meeting all six requirements. This quantum hardware still out of reach, quantum error mitiga- router was deterministic but challenging for experimental tion methods are currently deemed an attractive option for implementation - only a probabilistic version of the router implementi"
Shi and Malaney - 2023 - Error-Mitigated Quantum Routing on Noisy Devices.pdf,Shi & Malaney,yes,partial,weak,drawback-mention,5,"whether coherent or incoherent errors), (cid:0) Tr (cid:112)√ ρ ρ′ √ ρ (cid:1)2 . Note that ρ′ is reconstructed by quantum which compensates for the drawback of ZNE. The almost- state tomography, which requires at least 33 = 27 copies unity fidelity outcome of Fig. 6 represents the main result of of the tr"
Takagi et al. - 2022 - Fundamental limits of quantum error mitigation.pdf,Takagi et al. (2022),yes,partial,weak,limitation-mention,2,"somedesiredaccuracyandfailure i i¼1 toallpossiblechoices.However,wecanoftenmakethesebounds probability. tighter in situations where further practical limitations constrain how many distorted states P can coherently interact. Error shifted and rescaled to some A satisfying this condition, from mitigationprotoc"
Takagi et al. - 2022 - Fundamental limits of quantum error mitigation.pdf,Takagi et al. (2022),yes,partial,weak,limitation-mention,3,"ntiate error mitigation from error correction and makes it informative by choosing as large M (equivalently, as small N) as useful to investigate the limitations imposed particularly on the possible.ThestrategiesinFig.3admitsmallN’sthatdonotscale former. with the total shot budget, representing examples for w"
Takagi et al. - 2022 - Fundamental limits of quantum error mitigation.pdf,Takagi et al. (2022),yes,partial,weak,failure-mention,4,"ssociated proof,see Methods. actual sampling cost required to achieve the accuracy δ and Observe that our bound involves the local distinguishability failure rate ε can be smaller than the estimate based on the D (ρ,σ) rather than the standard trace distance D ðρ;σÞ. This is LM tr maximum spread. In this s"
Takagi et al. - 2022 - Fundamental limits of quantum error mitigation.pdf,Takagi et al. (2022),yes,partial,weak,challenge-mention,4,utilize measures of state Quantifyingperformance distinguishability. Consider the scenario where Alice prepares a quantum state in either ρ and σ and challenges Bob to guess Theperformanceofanerror-mitigationprotocolisdeterminedby h w o it w h T w r e ðA ll ψ th Þ. e W ra e n c d a o n m ch v a a r r a ia c
Takagi et al. - 2022 - Fundamental limits of quantum error mitigation.pdf,Takagi et al. (2022),yes,partial,weak,tradeoff-mention,4,¼(cid:6)K k¼1 (cid:6)Q q¼1 E q ðkÞðϕÞ . Theorem 1 and Corollary 2 offer two qualitative insights. The Δe max :¼ max Δe A ; (2) first is the potential trade-off between sampling cost and (cid:2)I=2(cid:3)A(cid:3)I=2 systematicerror—wemayreducethesamplingcostbyincreasing whereΔe isthedifferencebetweenthemaximu
Takagi et al. - 2023 - Universal Sampling Lower Bounds for Quantum Error Mitigation.pdf,Takagi et al. (2023),yes,yes,strong,infeasible,1,"dware is to characterize becomes too large, then such quantum error mitigation how well noise effects could be circumvented. This is protocol becomes infeasible under a realistic time con- especiallysoforNISQdevices,astoday’squantumdevices straint. Various prominent quantum error mitigation meth- generally ca"
Takagi et al. - 2023 - Universal Sampling Lower Bounds for Quantum Error Mitigation.pdf,Takagi et al. (2023),yes,yes,weak,limitation-mention,5,"east γ that andbias—eachofwhichhasitsownoperationalrelevance. follow L layers of unitaries, and achieves (1) with some Our bounds provide fundamental limitations that uni- δ≥0 and 0≤ε≤1=2. Then, if there exist at least two versally apply to general mitigation protocols, clarifying statesρ;σ∈SsuchthatD Oðρ;σÞ≥"
Takagi et al. - 2023 - Universal Sampling Lower Bounds for Quantum Error Mitigation.pdf,Takagi et al. (2023),yes,yes,weak,limitation-mention,6,"A 51, 992 (1995). 052608 (2022). [10] D. Aharonov, M. Ben-Or, R. Impagliazzo, and N. Nisan, [30] E.Fontana,I.Rungger,R.Duncan,andC.Cîrstoiu,Spectral Limitations of noisy reversible computation, arXiv:quant- analysis for noise diagnostics and filter-based digital error ph/9611028. [11] G.M. Palma, K.-a. Suomi"
Takagi et al. - 2023 - Universal Sampling Lower Bounds for Quantum Error Mitigation.pdf,Takagi et al. (2023),yes,yes,weak,limitation-mention,6,"036 (2021). tions, Nat. Commun. 8, 15043 (2017). [17] N. Yoshioka, H. Hakoshima, Y. Matsuzaki, Y. Tokunaga, [37] B. Regula and R. Takagi, Fundamental limitations on Y. Suzuki, and S. Endo, Generalized quantum subspace distillation of quantum channel resources, Nat. Commun. expansion, Phys. Rev. Lett. 129, 020"
Takagi et al. - 2023 - Universal Sampling Lower Bounds for Quantum Error Mitigation.pdf,Takagi et al. (2023),yes,yes,weak,limitation-mention,7,"un. 12, 6961 Theory 67, 6627 (2021). (2021). [61] A. Gilchrist, N.K. Langford, and M.A. Nielsen, Distance [42] D. Stilck França and R. García-Patrón, Limitations of measures to compare real and ideal quantum processes, optimization algorithms on noisy quantum devices, Nat. Phys. Rev. A 71, 062310 (2005). Phys"
Takagi et al. - 2023 - Universal Sampling Lower Bounds for Quantum Error Mitigation.pdf,Takagi et al. (2023),yes,yes,weak,limitation-mention,7,"i,andK.Saito,Uncertaintyrelations [43] G. De Palma, M. Marvian, C. Rouze´, and D.S. França, in implementation of unitary operations, Phys. Rev. Lett. Limitations of variational quantum algorithms: A quantum 121, 110403 (2018). optimaltransportapproach,PRXQuantum4,010309(2023). [63] R. Katsube, M. Hotta, and K"
Takagi et al. - 2023 - Universal Sampling Lower Bounds for Quantum Error Mitigation.pdf,Takagi et al. (2023),yes,yes,weak,challenge-mention,1,"recent technological developments information of interest. While this avoids the engineering have started to realize controllable small-scale quantum challenge in error correction, it comes at the price of devices,acentralprobleminquantuminformationscience samplingcost—computationaloverheadinhavingtosam- ha"
Takagi et al. - 2023 - Universal Sampling Lower Bounds for Quantum Error Mitigation.pdf,Takagi et al. (2023),yes,yes,weak,tradeoff-mention,5,"tesρ;σ∈SsuchthatD Oðρ;σÞ≥2δ,therequiredsample the underlying principle that regulates error-mitigation number N is lower bounded as performance. As a trade-off, they may not give tight estimates for a given specific error-mitigation strategy, ð1−2εÞ 2 analogously to many other converse bounds established N ≥"
Tindall et al. - 2024 - Efficient Tensor Network Simulation of IBM’s Eagle Kicked Ising Experiment.pdf,Tindall et al.,partial,partial,weak,limitation-mention,11,"unonaMacbookM1pro.Thetensornetwork than the more general tensor network-based approaches. diagrams in this paper were produced using the publicly The limitations of methods based on 1D ansatzes for this available package GraphTikz.jl [45], a general-purpose problem,likeMPSandMPO,isespeciallyclearwhencon- Juli"
Tindall et al. - 2024 - Efficient Tensor Network Simulation of IBM’s Eagle Kicked Ising Experiment.pdf,Tindall et al.,partial,partial,weak,drawback-mention,11,"uting cluster. Timings and memory h 5π/16—mapping the system to a 1D ansatz sueff rs from usage quoted for Fig. 3, however, are based on the same the drawback of requiring much larger bond dimensions codebeingrunonaMacbookM1pro.Thetensornetwork than the more general tensor network-based approaches. diagrams"
Tran et al. - 2023 - Locality and Error Mitigation of Quantum Circuits.pdf,Tran et al.,partial,partial,weak,challenge-mention,1,"ng notmakeanylocalityassumptionaboutthenoisemodel. overhead is the primary bottleneck of PEC, the main So,forexample,qubitsthatarenotconnectedbyU can challengeinZNEistoconstrainthebiasthatremainsaf- i still have correlated Pauli noise. ter applying the Richardson extrapolation [3]. Here, we We note that, si"
Tran et al. - 2023 - Locality and Error Mitigation of Quantum Circuits.pdf,Tran et al.,partial,partial,weak,challenge-mention,6,"ponential Error Suppression for Near- Clure,A.W.Cross,K.Temme,P.D.Nation,M.Steffen, Term Quantum Devices, Phys. Rev. X 11, 031057 and J. M. Gambetta, Challenges and Opportunities of (2021). Near-Term Quantum Computing Systems, Proc. IEEE [18] M. Cerezo, K. Sharma, A. Arrasmith, and P. J. Coles, 108, 1338 (2"
Urbanek et al. - 2021 - Mitigating Depolarizing Noise on Quantum Computers with Noise-Estimation Circuits.pdf,Urbanek et al.,partial,yes,strong,worse-than,3,"Q19, and Q20 with have found that this approach is very sensitive to noise 8192 shots for each circuit. The circuit is shown in Fig. 2. and leads to worse results than the mitigation with es- It contains 14 CNOT gates per time step. The longest timation circuits. Fitting an exponential function may circuit for"
Urbanek et al. - 2021 - Mitigating Depolarizing Noise on Quantum Computers with Noise-Estimation Circuits.pdf,Urbanek et al.,partial,yes,weak,worse-mention,3,"Q19, and Q20 with have found that this approach is very sensitive to noise 8192 shots for each circuit. The circuit is shown in Fig. 2. and leads to worse results than the mitigation with es- It contains 14 CNOT gates per time step. The longest timation circuits. Fitting an exponential function may circ"
Venere et al. - 2024 - Characterizing the Effects of Zero-Noise Extrapolation on a QAOA Workflow.pdf,Venere et al.,partial,partial,weak,worse-mention,2,"hehigherthenumberoflocal minima.Anoisyexplorationmaylettheoptimizergetstuckon a localminimum moreeasily thanin a noiselessenvironment, thus providing worse solutions [8]. For what concerns the number of function evaluations n , fi weuseitasanestimateoftheamountofcomputationrequired by the optimizer in or"
Wahl et al. - 2023 - Zero Noise Extrapolation on Logical Qubits by Scaling the Error Correction Code Distance.pdf,Wahl et al.,partial,partial,weak,limitation-mention,1,"raint of a fixed number of techniques [17], [21]), sampling overhead remains a practical executions of the quantum device, DS-ZNE outperforms unitary limitation for some techniques, particularly for PEC. foldingbyupto92%intermsofthepost-ZNElogicalerrorrate. One way of viewing the overheads of QEC and QEM in a"
Wahl et al. - 2023 - Zero Noise Extrapolation on Logical Qubits by Scaling the Error Correction Code Distance.pdf,Wahl et al.,partial,partial,weak,challenge-mention,6,"lower d i,0 because there is greater room for improvement, operation in the fault-tolerant regime, p was chosen such that which is representative of challenging applications for QEC p < p th , p = 0.006 and p = 0.004 in the first and second withlimitednumbersofphysicalqubits.Athigherd i,0 thereis parts of"
Wahl et al. - 2023 - Zero Noise Extrapolation on Logical Qubits by Scaling the Error Correction Code Distance.pdf,Wahl et al.,partial,partial,weak,challenge-mention,8,"(b)). The ideal,noiselessexpectationvalueis1.Thehorizontalaxisd ated Research for Quantum Computing Program; and in part i,0 by the NSF Quantum Leap Challenge Institute for Hybrid isthehighestdistancethatweassumetobeavailableinagiven Quantum Architectures and Networks (NSF Award 2016136) quantum processor."
Wang et al. - 2021 - Noise-induced barren plateaus in variational quantum algorithms.pdf,Wang et al.,yes,partial,weak,limitation-mention,1,"ath to quantum advantage on Noisy Intermediate-Scale Quantum (NISQ) computers. A natural question is whether noise on NISQ devices places fundamental limitations on VQA performance. We rigorously prove a serious limitation for noisy VQAs, in that the noise causes the training landscape to have a barrenplateau"
Wang et al. - 2021 - Noise-induced barren plateaus in variational quantum algorithms.pdf,Wang et al.,yes,partial,weak,limitation-mention,1,"NISQ) computers. A natural question is whether noise on NISQ devices places fundamental limitations on VQA performance. We rigorously prove a serious limitation for noisy VQAs, in that the noise causes the training landscape to have a barrenplateau(i.e., vanishinggradient).Specifically,forthelocalPaulinoiseco"
Weaving et al. - 2023 - Benchmarking noisy intermediate scale quantum error mitigation strategies for ground state preparati.pdf,Weaving et al.,yes,partial,weak,limitation-mention,16,"Y. Quek, D. S. França, S. Khatri, J. J. Meyer, and J. Eisert, forshort-depthquantumcircuits,Phys.Rev.Lett.119,180509 Exponentially tighter bounds on limitations of quantum error (2017). mitigation,arXiv:2210.11505. [7] S. Endo, S. C. Benjamin, and Y. Li, Practical quantum error [27] A.Peruzzo,J.McClean,P.Sha"
Weaving et al. - 2023 - Benchmarking noisy intermediate scale quantum error mitigation strategies for ground state preparati.pdf,Weaving et al.,yes,partial,weak,failure-mention,11,"luding ibm_hanoi and ibm_geneva, due to these systems withd theancillaqubit),wemaynotentanglequbitsaandbsince performing suboptimally (resulting in a failure of ZNE in itwouldresultinaclosedloopofthreeCNOToperationsthatisnot Fig. 7). When bias(E QEM ) is near zero, the error suppression expressibleontheava"
Weaving et al. - 2023 - Benchmarking noisy intermediate scale quantum error mitigation strategies for ground state preparati.pdf,Weaving et al.,yes,partial,weak,failure-mention,13,"or the best three QEM strategies identified through our benchmark. The mean energy of each distribution corresponds with the estimator bias. Note the failure of ZNE on ibm_hanoi and ibm_geneva, which is explained in Sec. IVD andillustratesthesensitivityofthistechniquetoerroneousfluctuationsinthenoiseamplif"
Weaving et al. - 2023 - Benchmarking noisy intermediate scale quantum error mitigation strategies for ground state preparati.pdf,Weaving et al.,yes,partial,weak,challenge-mention,3,"ntity term leaves a target energyof−2.066Ha;withrespecttochemicalprecision,this incur expensive SWAP operations that rapidly consume the represents a challenging 0.077% error ratio that we aim to remainingfidelity,indicatedbythedramaticjumpinthenum- captureviaQEM. ber of CNOT gates from 22-qubit onwards. We"
Weidinger et al. - 2023 - Error Mitigation for Quantum Approximate Optimization.pdf,Weidinger et al.,partial,partial,weak,limitation-mention,1,"nslike mization problems [1–5]. The main obstacles to observ- error extrapolation with symmetry verification [30, 32] ing a quantum advantage are the limitations of the cur- and quasi-probability method [32]. rent noisy intermediate-scale quantum (NISQ) devices, In this work we propose a novel error mitigatio"
Weidinger et al. - 2023 - Error Mitigation for Quantum Approximate Optimization.pdf,Weidinger et al.,partial,partial,weak,limitation-mention,10,"lator, Proceedings of the National beyond, Quantum 2, 79 (2018). Academy of Sciences 117, 25396 (2020). [7] D. Stilck Franc¸a and R. Garc´ıa-Patro´n, Limitations of [17] N.Lacroixandetal.,Improvingtheperformanceofdeep optimization algorithms on noisy quantum devices, Na- quantum optimization algorithms with c"
Weidinger et al. - 2023 - Error Mitigation for Quantum Approximate Optimization.pdf,Weidinger et al.,partial,partial,weak,disadvantage-mention,5,"hieves a higher success probability P S than QAOA with rerouting and is able to keep this ad- vantage for all error rates (< 0.1), despite having the disadvantage of a higher CNOT gate count. With an er- rorrateof0.03theparityQAOAperformsaswellasthe rerouting with no noise, executed 2.5 times."
Weidinger et al. - 2023 - Error Mitigation for Quantum Approximate Optimization.pdf,Weidinger et al.,partial,partial,weak,tradeoff-mention,3,"ere, follow- 1 K of qubits N < K instead favors the rerouting strategy ing Refs. [33, 60], we consider a simple strategy based for QAOA. Although the tradeoff between the number on spanning trees (subgraphs where all pairs of nodes of qubits and the number of multi-qubit gates still needs are connected by e"
Weidinger et al. - 2023 - Error Mitigation for Quantum Approximate Optimization.pdf,Weidinger et al.,partial,partial,weak,tradeoff-mention,9,"heresomeparityconstraintsareenforcedim- plicit with the driver Hamiltonian and the others are applied explicit with parity constraints, one obtains a trade-offbetweenperformanceandparallelizabilityofthe gates. Nevertheless, here we want to focus on the first. WeuseadriverunitaryU˜ x (mod)(β)=e−βH˜ x (mod) su"
White - 2025 - MANAGING ERRORS IN QUANTUM METROLOGY VIA QUANTUM ERROR MITIGATION.pdf,White,yes,yes,strong,worse-than,102,"fit having a smaller region but a greater margin of improved performance. Meanwhile, for larger values of σ, the exponential fit once again performs worse than Ramsey, consistent with the results of Fig. 4-2. All of these results can be understood in the context of the filter functions: the goal of ZNE is to"
White - 2025 - MANAGING ERRORS IN QUANTUM METROLOGY VIA QUANTUM ERROR MITIGATION.pdf,White,yes,yes,strong,worse-than,111,"| > |G | > |G |. 1,1 1,2 2,2 Different colors in the left and middle subfigures represent different numbers of folds. results are also substantially worse than the equivalent case of dephasing noise. This result can be understood by studying the filter functions associated to control noise. Despite having a"
White - 2025 - MANAGING ERRORS IN QUANTUM METROLOGY VIA QUANTUM ERROR MITIGATION.pdf,White,yes,yes,strong,worse-than,111,"ephasing of the system. As a result of this discrepancy, control noise has a much more detrimental effect on the simple Ramsey experiment, leading to worse performance. The same increased noise sensitivity also reduces the effectiveness of ZNE, as even for relatively low noise powers, the folding protocol adds subst"
White - 2025 - MANAGING ERRORS IN QUANTUM METROLOGY VIA QUANTUM ERROR MITIGATION.pdf,White,yes,yes,strong,no-improvement,102,"hile the exponential fit (which has a tendency towards overfitting for larger values of noise) fits the small amount of variation well while offering no improvement over the unmitigated result. For moderately larger values of noise power, in the case of linear and quadratic fits, folding adds enough total noise i"
White - 2025 - MANAGING ERRORS IN QUANTUM METROLOGY VIA QUANTUM ERROR MITIGATION.pdf,White,yes,yes,strong,no-improvement,105,"alues, we find regimes for which both the linear and quadratic fits find improvement for ZNE relative to the Ramsey measurement. Meanwhile, ZNE finds no improvement relative to Ramsey for exponential fitting, consistent with previous results. Note that the magnitude of the axis for the three error difference plot"
White - 2025 - MANAGING ERRORS IN QUANTUM METROLOGY VIA QUANTUM ERROR MITIGATION.pdf,White,yes,yes,strong,negative-result,110,"y and ZNE magnetometry as a function of τ and BT with fixed noise power σ = 0.05. c Unlike in the case of dephasing noise, here we see overwhelmingly negative results for ZNE in comparison to Ramsey. The MSE is substantially higher over a wide range of the parameter space and there is only a small regime in which"
White - 2025 - MANAGING ERRORS IN QUANTUM METROLOGY VIA QUANTUM ERROR MITIGATION.pdf,White,yes,yes,strong,error-increase,97,"articularly reliable ZNE protocol in quantum computing applications, as the preserved spectral structure of the filter functions produces more robust error amplification. These conclusions are consistent with later experimental results [155, 156]. In this work we consider the cases of global folding and local f"
White - 2025 - MANAGING ERRORS IN QUANTUM METROLOGY VIA QUANTUM ERROR MITIGATION.pdf,White,yes,yes,strong,breakdown,78,"bility as a function of λ at Bt = π/4. Although a linear extrapolation in the number of foldings appears reasonable at small λ, this function clearly breaks down at intermediate and large phase damping strengths. 59"
White - 2025 - MANAGING ERRORS IN QUANTUM METROLOGY VIA QUANTUM ERROR MITIGATION.pdf,White,yes,yes,weak,limitation-mention,21,"m algorithms, such as breaking RSA encryption [17]. While progress continues to be made, and the future outlook is good for the field, these hardware limitations indicate that true fault-tolerant quantum computing will likely not be achieved for many years. However, an alternative approach to quantum technolo"
White - 2025 - MANAGING ERRORS IN QUANTUM METROLOGY VIA QUANTUM ERROR MITIGATION.pdf,White,yes,yes,weak,limitation-mention,36,"This scaling is therefore considered a fundamental limitation on precision for classical sensors — and, equivalently, quantum sensors that make no use of entanglement between qubits. The HL arises when entanglem"
White - 2025 - MANAGING ERRORS IN QUANTUM METROLOGY VIA QUANTUM ERROR MITIGATION.pdf,White,yes,yes,weak,limitation-mention,37,"titive with or superior to other existing sensors. However, in real devices the maximum sensitivity that has been achieved is O(1) pT [65, 66]. These limitations arise due to difficulties in achieving efficient fluorescence detection of large ensemble, and due to interactions between NV− center spins with oth"
White - 2025 - MANAGING ERRORS IN QUANTUM METROLOGY VIA QUANTUM ERROR MITIGATION.pdf,White,yes,yes,weak,limitation-mention,43,"tion of the environment’s dynamics is prohibitively complex to derive, or because the experimental apparatus cannot interact with them directly. This limitation can be addressed via the partial trace, a mathematical tool for relating the state of a subsystem with that of the total system via “averaging out” u"
White - 2025 - MANAGING ERRORS IN QUANTUM METROLOGY VIA QUANTUM ERROR MITIGATION.pdf,White,yes,yes,weak,limitation-mention,51,"stems, such as the Nakajima-Zwanzig equation, the Born master equation, and the Redfield master equation [109, 107]. However, each of these has their limitations, and it is often convenient to approach the problem in a different way. An alternative approach to the problem of non-Markovianity is via the use of"
White - 2025 - MANAGING ERRORS IN QUANTUM METROLOGY VIA QUANTUM ERROR MITIGATION.pdf,White,yes,yes,weak,limitation-mention,54,"sing often involve the detection of weak, continuous signals. Therefore QEC algorithms are often modified for quantum sensing applications with these limitations in mind [114]. While QEC is a promising avenue of research, which holds the promise of significant improvement in quantum sensing and has a large bo"
White - 2025 - MANAGING ERRORS IN QUANTUM METROLOGY VIA QUANTUM ERROR MITIGATION.pdf,White,yes,yes,weak,limitation-mention,54,"holds the promise of significant improvement in quantum sensing and has a large body of existing quantum computing research to draw upon, it also has limitations. Particularly, in the context of modern devices, the additional qubit resources necessary provide a substantial barrier to implementation of QEC alg"
White - 2025 - MANAGING ERRORS IN QUANTUM METROLOGY VIA QUANTUM ERROR MITIGATION.pdf,White,yes,yes,weak,limitation-mention,60,"e whether they are truly effective against non-Markovian noise remains an open question that we address in part in this work. Of course, QEM also has limitations relative to the previously proposed techniques. For example, the classical post-processing demands often require a large sampling overhead cost (as"
White - 2025 - MANAGING ERRORS IN QUANTUM METROLOGY VIA QUANTUM ERROR MITIGATION.pdf,White,yes,yes,weak,limitation-mention,65,"employed to reduce the impact of noise in quantum sensing, such as DD and QEC, have been discussed in Chapter 2. However, these methods face various limitations, e.g. the inability of DD to handle Markovian noise, and the qubit and control resource requirements to implement QEC. To overcome such limitations,"
White - 2025 - MANAGING ERRORS IN QUANTUM METROLOGY VIA QUANTUM ERROR MITIGATION.pdf,White,yes,yes,weak,limitation-mention,65,"s limitations, e.g. the inability of DD to handle Markovian noise, and the qubit and control resource requirements to implement QEC. To overcome such limitations, here we explore the application of QEM techniques to quantum sensing. Although there has been some work along these lines [130, 129, 131], includin"
White - 2025 - MANAGING ERRORS IN QUANTUM METROLOGY VIA QUANTUM ERROR MITIGATION.pdf,White,yes,yes,weak,failure-mention,78,"vels of folding, the probability of measuring |1⟩ at the end of the Ramsey ZNE protocol is p = 1[1−(1−λ)(2m+1)/2cos(Bt)]. (3.6) 1 2 For instance, the failure of ZNE to improve upon the ordinary Ramsey protocol when Bt = π/2 (Fig. 3-2) arises from the fact that p is independent of m in this 1 case, such tha"
White - 2025 - MANAGING ERRORS IN QUANTUM METROLOGY VIA QUANTUM ERROR MITIGATION.pdf,White,yes,yes,weak,failure-mention,90,"compared to the ordinary Ramsey protocol, when operating at the slope detection point with a finite number of shots. This ultimately arises from the failure of the extrapolation for weak fields. On the other hand, if the field is sufficiently strong, ZNE achieves a greater accuracy than the ordinary Ramse"
White - 2025 - MANAGING ERRORS IN QUANTUM METROLOGY VIA QUANTUM ERROR MITIGATION.pdf,White,yes,yes,weak,challenge-mention,21,"ithms, such as the ones mentioned above, which can leverage these uniquely-quantum resources to outperform classical algorithms. However, outstanding challenges remain in the field of quantum computing. Cur- rently, quantum devices remain in the Noisy Intermediate-Scale Quantum (NISQ) regime [5]. Modern qua"
White - 2025 - MANAGING ERRORS IN QUANTUM METROLOGY VIA QUANTUM ERROR MITIGATION.pdf,White,yes,yes,weak,challenge-mention,22,"nsors currently see use in fields as diverse as physics [19], medicine [20], geology [21], and others [22, 23]. Of course, quantum sensing also faces challenges — while quantum sensors take advantage of qubits’ sensitivity towards certain environmental interactions, unwanted environmental interactions remai"
White - 2025 - MANAGING ERRORS IN QUANTUM METROLOGY VIA QUANTUM ERROR MITIGATION.pdf,White,yes,yes,weak,challenge-mention,38,"mely high sensitivity of transmons suggests that they could serve as promising quantum sensors, their implementation also faces substantial technical challenges. Primarily, these difficulties arise from the fact that transmons must be cooled to temperatures of O(1) mK in order to prevent thermal noise from"
White - 2025 - MANAGING ERRORS IN QUANTUM METROLOGY VIA QUANTUM ERROR MITIGATION.pdf,White,yes,yes,weak,challenge-mention,41,"d sensitivities of O(1) pT/ Hz [106]. While trapped ions remain an extremely promising platform for quantum sensing applications, there are remaining challenges associated with their implementation. Trapped ion devices in general suffer from low absolute gate speed [100]. Furthermore, so far, trapped ions a"
White - 2025 - MANAGING ERRORS IN QUANTUM METROLOGY VIA QUANTUM ERROR MITIGATION.pdf,White,yes,yes,weak,challenge-mention,70,"general, the GHZ state, like many entangled states, is strongly impacted by noise. It is this fact that typically renders entanglement-based sensing challenging in practice. Below, we will investigate ways of leveraging noise as a resource for improving estimates of static magnetic field strengths via ZNE."
White - 2025 - MANAGING ERRORS IN QUANTUM METROLOGY VIA QUANTUM ERROR MITIGATION.pdf,White,yes,yes,weak,challenge-mention,91,"se models. However, these models do not capture the full range of relevant noise processes. Time- correlated noise, e.g., 1/f noise, is a significant challenge for quantum devices, which has been observed in a variety of platforms including superconducting qubits [140, 141, 142, 143, 144], neutral atoms [14"
White - 2025 - MANAGING ERRORS IN QUANTUM METROLOGY VIA QUANTUM ERROR MITIGATION.pdf,White,yes,yes,weak,challenge-mention,115,"gime that we study, explaining the qualitative similarity of the results. 4.4 Discussion Managing the effects of correlated noise continues to pose a challenge for near- and long-term quantum devices. In this work we have studied cross-pollination of 96"
White - 2025 - MANAGING ERRORS IN QUANTUM METROLOGY VIA QUANTUM ERROR MITIGATION.pdf,White,yes,yes,weak,challenge-mention,120,"evelopment of new quantum technologies, and the approaches developed in this work will prove to be valuable resources for overcoming new and existing challenges in the operation of useful quantum devices. 101"
White - 2025 - MANAGING ERRORS IN QUANTUM METROLOGY VIA QUANTUM ERROR MITIGATION.pdf,White,yes,yes,weak,worse-mention,74,"cur on opposite sides of true value of B = 1. On the other hand, when t = π/4 [Fig. 3-3(b)], there is a systematic overestimation of B, which becomes worse with increasing noise strength (similarly, t > π/2 leads to a systematic underestimation). Therefore, linear extrapolation tends to fail near the opt"
White - 2025 - MANAGING ERRORS IN QUANTUM METROLOGY VIA QUANTUM ERROR MITIGATION.pdf,White,yes,yes,weak,worse-mention,90,"approach to ZNE yields a worse sensitivity compared to the ordinary Ramsey protocol, when operating at the slope detection point with a finite number of shots. This ultimately aris"
White - 2025 - MANAGING ERRORS IN QUANTUM METROLOGY VIA QUANTUM ERROR MITIGATION.pdf,White,yes,yes,weak,worse-mention,102,"fit having a smaller region but a greater margin of improved performance. Meanwhile, for larger values of σ, the exponential fit once again performs worse than Ramsey, consistent with the results of Fig. 4-2. All of these results can be understood in the context of the filter functions: the goal of ZNE"
White - 2025 - MANAGING ERRORS IN QUANTUM METROLOGY VIA QUANTUM ERROR MITIGATION.pdf,White,yes,yes,weak,worse-mention,103,"y protocol performs exceptionally badly throughout the parameter regime, and the performance of all forms of ZNE in this case are still substantially worse in absolute magnitude than in others. The poor performance of all protocols in the variance detection regime arises from the fact that the variance-d"
White - 2025 - MANAGING ERRORS IN QUANTUM METROLOGY VIA QUANTUM ERROR MITIGATION.pdf,White,yes,yes,weak,worse-mention,103,"rms poorly, as expected from the variance detection protocol in the case of a DC magnetic field. However, here we find that the performance of ZNE is worse relative to that the Ramsey protocol, compared to the previous results in Fig. 4-4. Once again, the Ramsey protocol outperforms ZNE for very weak noi"
White - 2025 - MANAGING ERRORS IN QUANTUM METROLOGY VIA QUANTUM ERROR MITIGATION.pdf,White,yes,yes,weak,worse-mention,105,"e study the MSE as a function of τ and BT for fixed σ = 0.05. In this case, the performance c of the unmitigated Ramsey experiment is once again much worse, as expected for variance detection of a DC signal. Interestingly, here the performance of all three ZNE protocols is uniform, with ZNE outperforming"
White - 2025 - MANAGING ERRORS IN QUANTUM METROLOGY VIA QUANTUM ERROR MITIGATION.pdf,White,yes,yes,weak,worse-mention,111,"| > |G | > |G |. 1,1 1,2 2,2 Different colors in the left and middle subfigures represent different numbers of folds. results are also substantially worse than the equivalent case of dephasing noise. This result can be understood by studying the filter functions associated to control noise. Despite havi"
White - 2025 - MANAGING ERRORS IN QUANTUM METROLOGY VIA QUANTUM ERROR MITIGATION.pdf,White,yes,yes,weak,worse-mention,111,"ephasing of the system. As a result of this discrepancy, control noise has a much more detrimental effect on the simple Ramsey experiment, leading to worse performance. The same increased noise sensitivity also reduces the effectiveness of ZNE, as even for relatively low noise powers, the folding protoco"
Wu et al. - 2022 - Erasure conversion for fault-tolerant quantum computing in alkaline earth Rydberg atom arrays.pdf,Wu et al.,partial,partial,weak,failure-mention,4,"we note that the L Apν,wheretheexponentνisthenumberoferrorsneededtocausea threshold error rate for R =0.98 corresponds to a two-qubit gate e logical failure. A larger value of ν results in a faster suppression of fidelity of 95.9%, which is exceeded by the current state-of-the-art. logicalerrorsbelowtheth"
Younis et al. - 2024 - Progress and Challenges in Quantum Computing Algorithms for NP-Hard Problems.pdf,Younis et al.,partial,yes,strong,worse-than,6,"icult computational challenges. The most successful approaches are VQE and QAOA, where accuracy increases with the growth of the qubits, but slightly worse than Grover's Algorithm and Fig. 4. Error Rate Distribution Across Quantum Algorithms for Increasing Shor's Algorithms. Qubit Numbers These results are si"
Younis et al. - 2024 - Progress and Challenges in Quantum Computing Algorithms for NP-Hard Problems.pdf,Younis et al.,partial,yes,weak,limitation-mention,1,"ities of quantum algorithms in capturing NP-hard problems and discuss their These challenges have multiple uses in different areas such strengths and limitations. The article illustrates how algorithms as optimization, cryptography, and network design. Traditional like Grover's and Shor's may offer exponentia"
Younis et al. - 2024 - Progress and Challenges in Quantum Computing Algorithms for NP-Hard Problems.pdf,Younis et al.,partial,yes,weak,limitation-mention,1,"in computational present-day quantum algorithms and analyzes their capabilities as efficiency through exponential or polynomial enhancements well as limitations. This article examines advancements in [1], [2]. hardware innovation and error correction methods to assess their Niroula et al. showcased how quant"
Younis et al. - 2024 - Progress and Challenges in Quantum Computing Algorithms for NP-Hard Problems.pdf,Younis et al.,partial,yes,weak,limitation-mention,1,"omputing on NP-hard problems. However, significant quantum (NISQ) computing, there is an increasing emphasis on barriers remain, such as the inherent limitations of hardware, creating hybrid quantum-classical algorithms to solve complex universality with respect to programming language and robust problems mor"
Younis et al. - 2024 - Progress and Challenges in Quantum Computing Algorithms for NP-Hard Problems.pdf,Younis et al.,partial,yes,weak,limitation-mention,2,"ng computations, lack of scalable and fault-tolerant quantum implementation nearing, the importance of addressing error hardware, and the theoretical limitations that current classical correction and hardware scalability challenges grows more techniques impose on what is possible with present-day pressing [6]"
Younis et al. - 2024 - Progress and Challenges in Quantum Computing Algorithms for NP-Hard Problems.pdf,Younis et al.,partial,yes,weak,limitation-mention,2,"actical situations [9]. The importance of this discovery is give a holistic perspective on the subject by examining and its potential to overcome the limitations of existing analyzing existing algorithms along new advancements in terms quantum technology, which is vulnerable to interference and of minimizing"
Younis et al. - 2024 - Progress and Challenges in Quantum Computing Algorithms for NP-Hard Problems.pdf,Younis et al.,partial,yes,weak,limitation-mention,3,"t is incredibly important for science. The purpose is understanding the strengths these algorithms to be performant on a larger number of qubits. and limitations of each algorithm to allow testing them in If a quantum algorithm is scalable, it means that the size of practice. problems and types of circuits we"
Younis et al. - 2024 - Progress and Challenges in Quantum Computing Algorithms for NP-Hard Problems.pdf,Younis et al.,partial,yes,weak,limitation-mention,3,"ial to examine algorithmic scalability in detail for an appreciation of the capabilities and Standardized Problems: Establish a curated collection of limitations of such algorithms as they scale from small-scale NP-hard problem instances, simulations towards practical quantum systems. These results will give"
Younis et al. - 2024 - Progress and Challenges in Quantum Computing Algorithms for NP-Hard Problems.pdf,Younis et al.,partial,yes,weak,limitation-mention,9,"ttings, it allows for an improved understanding of their Quantum Circuits in a Quantum Algorithm with potential power, while pointing to the possible limitations to be Superconducting Qubits’', Physical Review Letters, 127, (10), expected in actually solving NP-hard problems across many 2021, pp. 100501 indus"
Younis et al. - 2024 - Progress and Challenges in Quantum Computing Algorithms for NP-Hard Problems.pdf,Younis et al.,partial,yes,weak,challenge-mention,1,ISSN 2305-7254________________________________________PROCEEDING OF THE 36TH CONFERENCE OF FRUCT ASSOCIATION Progress and Challenges in Quantum Computing Algorithms for NP-Hard Problems Marwa Mahmood Younis Abeer Salim Jamil Ahmed Hamid Abdulrazzaq Alnoor University Al Mansour Un
Younis et al. - 2024 - Progress and Challenges in Quantum Computing Algorithms for NP-Hard Problems.pdf,Younis et al.,partial,yes,weak,challenge-mention,1,"kthrough paradigm, that exploits the computer conundrums known for being exceptionally principles of quantum physics for performing computation in an challenging to solve efficiently in polynomial time, but exceedingly efficient manner. quantum computing could potentially revolutionize the situation. Object"
Younis et al. - 2024 - Progress and Challenges in Quantum Computing Algorithms for NP-Hard Problems.pdf,Younis et al.,partial,yes,weak,challenge-mention,1,"ionize the situation. Objective: This study aims to explore the abilities of quantum algorithms in capturing NP-hard problems and discuss their These challenges have multiple uses in different areas such strengths and limitations. The article illustrates how algorithms as optimization, cryptography, and net"
Younis et al. - 2024 - Progress and Challenges in Quantum Computing Algorithms for NP-Hard Problems.pdf,Younis et al.,partial,yes,weak,challenge-mention,1,"s in [1], [2]. hardware innovation and error correction methods to assess their Niroula et al. showcased how quantum computing ability to address the challenges of limited scalability and elevated techniques on a trapped-ion quantum computer can be used to error rates currently hindering their adoption. sol"
Younis et al. - 2024 - Progress and Challenges in Quantum Computing Algorithms for NP-Hard Problems.pdf,Younis et al.,partial,yes,weak,challenge-mention,2,"ard traditional and quantum resources [2]. computing tasks. However, there are a slew of remaining Hardware plays a crucial role in advancing quantum challenges such as large error rates observed in quantum computing techniques. With quantum computing computations, lack of scalable and fault-tolerant quantu"
Younis et al. - 2024 - Progress and Challenges in Quantum Computing Algorithms for NP-Hard Problems.pdf,Younis et al.,partial,yes,weak,challenge-mention,2,"tion nearing, the importance of addressing error hardware, and the theoretical limitations that current classical correction and hardware scalability challenges grows more techniques impose on what is possible with present-day pressing [6]. Although error correction techniques have made quantum algorithms."
Younis et al. - 2024 - Progress and Challenges in Quantum Computing Algorithms for NP-Hard Problems.pdf,Younis et al.,partial,yes,weak,challenge-mention,2,"d error correction techniques throughout investigating the progress and obstacles faced by quantum history from then until now while considering what challenges computing algorithms created for tackling NP-hard problems. may lie in wait. This paper is, therefore, a detailed guide for This study is beneficia"
Younis et al. - 2024 - Progress and Challenges in Quantum Computing Algorithms for NP-Hard Problems.pdf,Younis et al.,partial,yes,weak,challenge-mention,2,ofessionals as it academicians and professionals alike to introduce front-line indicates the future direction of the field. algorithms along with the challenges that must be addressed in order to pave the way for a new era of computational capabilities. II. LITERATURE REVIEW Academics at universities and in
Younis et al. - 2024 - Progress and Challenges in Quantum Computing Algorithms for NP-Hard Problems.pdf,Younis et al.,partial,yes,weak,challenge-mention,2,"ing quantum processors, which are regarded as promising platforms for quantum B. Problem Statement computing [11]. NP-hard problems are computational challenges that have a history of not being computable using conventional computing In their application-specific work, Wong and Chang (year) methods. The abo"
Younis et al. - 2024 - Progress and Challenges in Quantum Computing Algorithms for NP-Hard Problems.pdf,Younis et al.,partial,yes,weak,challenge-mention,3,"of to some fixed maximum system size). With concomitant growth quantum algorithms. In order to achieve this, it is crucial to in the number of quits, challenges such as maintaining establish a solid foundation for analyzing, creating, and acceptable error rates and battling against decoherence come contrast"
Younis et al. - 2024 - Progress and Challenges in Quantum Computing Algorithms for NP-Hard Problems.pdf,Younis et al.,partial,yes,weak,challenge-mention,4,G OF THE 36TH CONFERENCE OF FRUCT ASSOCIATION only touch on the ideas in theory but also mention practical 𝑇(cid:3404) (cid:3095) √ 𝑁 (6) scalability challenges — such as those inherent to current (cid:2872) quantum hardware. G. Shor's Algorithm Algorithmic Scalability: For an algorithm 𝐴 and problem Shor's
Younis et al. - 2024 - Progress and Challenges in Quantum Computing Algorithms for NP-Hard Problems.pdf,Younis et al.,partial,yes,weak,challenge-mention,6,"fficient. Its high accuracy, especially with a larger number of qubits, indicates the efficiency of these algorithms for more difficult computational challenges. The most successful approaches are VQE and QAOA, where accuracy increases with the growth of the qubits, but slightly worse than Grover's Algorith"
Younis et al. - 2024 - Progress and Challenges in Quantum Computing Algorithms for NP-Hard Problems.pdf,Younis et al.,partial,yes,weak,challenge-mention,7,"tum operations. In their study, Wong and Chang algorithm performance. [12] investigate the capacity of quantum speedup to decrease error rates in the challenging task of protein structure The findings demonstrate that although all chosen prediction. algorithms can tackle NP-hard problems with different leve"
Younis et al. - 2024 - Progress and Challenges in Quantum Computing Algorithms for NP-Hard Problems.pdf,Younis et al.,partial,yes,weak,challenge-mention,7,The study is a current Self et al. propose a novel approach to tackle the scalability academic paper that provides a detailed analysis of the current challenges of quantum systems [5]. They provide a variational ---------------------------------------------------------------------------- 466 ---------------
Younis et al. - 2024 - Progress and Challenges in Quantum Computing Algorithms for NP-Hard Problems.pdf,Younis et al.,partial,yes,weak,challenge-mention,8,"lity of Even though the results presented show a favorable quantum computing algorithms [22]. perspective, it is crucial to recognize and address the challenges that have been revealed. Although mistake rates have decreased Even with these improvements, Bittel and Kliesch's [18] with an increase in qubits,"
Younis et al. - 2024 - Progress and Challenges in Quantum Computing Algorithms for NP-Hard Problems.pdf,Younis et al.,partial,yes,weak,challenge-mention,8,"ting, thereby adding an extra level of seeks to address are inherently complex. During their talk, Hu computational complexity. Additionally, a major challenge is et al. [16] explore the intricacies of open quantum dynamics the lack of technology capable of supporting a large number of through the demonstra"
Younis et al. - 2024 - Progress and Challenges in Quantum Computing Algorithms for NP-Hard Problems.pdf,Younis et al.,partial,yes,weak,challenge-mention,8,"ways to leverage quantum computing, which can be very useful classified as NP-hard has yet to be extensively examined. as researchers are faced with challenges related to scalability, Examining how these algorithms may be integrated into algorithmic complexity, or error rates. Work in different areas exist"
Younis et al. - 2024 - Progress and Challenges in Quantum Computing Algorithms for NP-Hard Problems.pdf,Younis et al.,partial,yes,weak,challenge-mention,9,"H. Paik, B. S. Palmer, N. Samarth, S. Sangtawesin, and D. W. track reconstruction in particle accelerators’', Physical Review Steuerman: ‘'Materials challenges and opportunities for D, 105, (7), 2022, pp. 076012 quantum computing hardware’', Science, 372, (6539), 2021, [24] S. Otgonbaatar, and M. Datcu: ‘'"
Younis et al. - 2024 - Progress and Challenges in Quantum Computing Algorithms for NP-Hard Problems.pdf,Younis et al.,partial,yes,weak,drawback-mention,5,how much they work solving complex computational problems that by definition would be NP-hard. The results shed light on the relative advantages and drawbacks 𝐴𝑐𝑐𝑢𝑟𝑎𝑐𝑦 94 𝐸 (cid:3404) (cid:3398)𝐸𝑟𝑟𝑜𝑟 𝑅𝑎𝑡𝑒(cid:3404) (cid:3398)0.11 of each algorithm in practical settings. (cid:3023)(cid:3018)(cid:3006) 𝑅𝑢𝑛𝑡𝑖
Younis et al. - 2024 - Progress and Challenges in Quantum Computing Algorithms for NP-Hard Problems.pdf,Younis et al.,partial,yes,weak,tradeoff-mention,8,otential to address these issues. Huang et al. capacity to enhance computational efficiency. Grover's emphasised the need to effectively regulate the trade-off Algorithm has shown exceptional performance in both between algorithm complexity and error rates in quantum computational efficiency and precision. T
Younis et al. - 2024 - Progress and Challenges in Quantum Computing Algorithms for NP-Hard Problems.pdf,Younis et al.,partial,yes,weak,worse-mention,5,"success compared to the state-of-the-art VQE and QAOA methods, This efficiency metric enables us to quantitatively compare which on average slightly worse error rates. In other studies, the performance of each algorithm, and Grover's Algorithm Grover's algorithm is competitive with and sometimes faster"
Younis et al. - 2024 - Progress and Challenges in Quantum Computing Algorithms for NP-Hard Problems.pdf,Younis et al.,partial,yes,weak,worse-mention,6,"icult computational challenges. The most successful approaches are VQE and QAOA, where accuracy increases with the growth of the qubits, but slightly worse than Grover's Algorithm and Fig. 4. Error Rate Distribution Across Quantum Algorithms for Increasing Shor's Algorithms. Qubit Numbers These results a"
Zhang et al. - 2025 - Demonstrating quantum error mitigation on logical qubits.pdf,Zhang et al.,yes,yes,strong,limitation-stated,7,"allyvalidatedtechniqueonNISQcircuits,en- tanceandcircuitcomplexityincrease[5]. Afundamental sures the feasibility of our approach. Moreover, the suc- limitation of error mitigation methods is that they be- cessoferrormitigationmethodssuchasZNEandproba- come inefficient when the product of the error rate per bili"
Zhang et al. - 2025 - Demonstrating quantum error mitigation on logical qubits.pdf,Zhang et al.,yes,yes,weak,limitation-mention,7,"allyvalidatedtechniqueonNISQcircuits,en- tanceandcircuitcomplexityincrease[5]. Afundamental sures the feasibility of our approach. Moreover, the suc- limitation of error mitigation methods is that they be- cessoferrormitigationmethodssuchasZNEandproba- come inefficient when the product of the error rate per b"
Zhang et al. - 2025 - Demonstrating quantum error mitigation on logical qubits.pdf,Zhang et al.,yes,yes,weak,limitation-mention,11,"uek, D. Stilck França, S. Khatri, J. J. Meyer, and the experimental data under the supervision of P.Z. and J. Eisert, Exponentially tighter bounds on limitations of H. Wang; H.L. and J.C. fabricated the device, super- quantum error mitigation, Nat. Phys. 20, 1648 (2024). vised by H. WaSng; H. Wang, P.Z., Q.G."
Zhang et al. - 2025 - Demonstrating quantum error mitigation on logical qubits.pdf,Zhang et al.,yes,yes,weak,challenge-mention,2,"llege of Optical Science and Engineering, Zhejiang University, Hangzhou 310027, China 4Hefei National Laboratory, Hefei 230088, China A long-standing challenge in quantum computing is developing technologies to overcome the in- evitable noise in qubits. To enable meaningful applications in the early stages"
Zhang et al. - 2025 - Demonstrating quantum error mitigation on logical qubits.pdf,Zhang et al.,yes,yes,weak,challenge-mention,2,"igned for the regime The implementation of ZNE on logical qubits faces thaterrorcorrectionislacking[3]. Consideringtheearli- two primary experimental challenges. First, it requires a estapplicationsofquantumcomputing,itishighlylikely quantumprocessorwithhigh-fidelitygatesandsufficient thattheywillbecarriedo"
Zheng et al. - 2023 - A Bayesian Approach for Characterizing and Mitigating Gate and Measurement Errors.pdf,Zheng et al.,partial,no,none,,,
van den Berg et al. - 2022 - Model-free readout-error mitigation for quantum expectation values.pdf,van den Berg et al. (2022),partial,partial,weak,failure-mention,4,ties denominator are α close to their expectation with prob- and we therefore consider how the estimation error in ability at least 1−δ. Bounding the failure probability these quantities affect the result. Note that through this in (6) from above by δ/2 gives the sufficient condition section we work with t
van den Berg et al. - 2022 - Model-free readout-error mitigation for quantum expectation values.pdf,van den Berg et al. (2022),partial,partial,weak,tradeoff-mention,6,"twecanimprovetheaccuracyoftheestimates, q 0 foreachinstanceq. Inpracticewethereforeneedtomake as illustrated in Figure 4(c) and 4(d). However, even a tradeoff between the number of circuit instances and with 32 times more measurements, the results obtained the number of samples per circuit. We leave a detai"
van den Berg et al. - 2023 - Probabilistic error cancellation with sparse Pauli–Lindblad models on noisy quantum processors.pdf,van den Berg et al. (2023),partial,partial,weak,failure-mention,18,"’sinequality (S17)wecanselecttheprobabilityδ withwhichtheestimatedfidelityexceeds(cid:15). When considering K different fidelity estimates, each with failure probability δ and possibly correlated, it follows from the union bound that the probability that at least one fails is bounded above by Kδ. This mean"
van den Berg et al. - 2023 - Probabilistic error cancellation with sparse Pauli–Lindblad models on noisy quantum processors.pdf,van den Berg et al. (2023),partial,partial,weak,challenge-mention,1,"ate representation of the noise in a full large quantum circuits, however, has been a ma- device, which is particularly complicated by cross-talk jor challenge and has severely hampered experi- errorsthatoccurduringtheparallelapplicationofgates. mental realizations. Our work presents a practi- This has lead"
van den Berg et al. - 2023 - Probabilistic error cancellation with sparse Pauli–Lindblad models on noisy quantum processors.pdf,van den Berg et al. (2023),partial,partial,weak,challenge-mention,10,"ing structure can help reduce the noise channelrepresentation,applicationofthemodeltonoisemitigationandcomputingorsamplingfromthenoiseinverse remains challenging. We therefore focus on a Pauli model that retains the local correlation but is better suited to the probabilistic error-cancellation protocol."
van den Berg et al. - 2023 - Probabilistic error cancellation with sparse Pauli–Lindblad models on noisy quantum processors.pdf,van den Berg et al. (2023),partial,partial,weak,tradeoff-mention,22,tlyexpandsubsetsoftermsin(S9)andworkwithPaulichannelsthatcontainmoreterms. Since combining terms we are able to decrease γ. This enables us to make a trade-off between the computational complexity of expanding the channels and sample complexity due to scaling parameter γ. B. Error bounds for probabilistic er
