pdf_file,csv_paper,csv_rating,scan_candidate,match_tier,pattern_name,page,context_snippet
AbuGhanem - 2024 - Google Quantum AI's Quest for Error-Corrected Quantum Computers.pdf,AbuGhanem,partial,yes,strong,computational-cost,1,rror correction 8 L. 2024: Continuing the quantum quest 10 I. INTRODUCTION IV. Comparing NISQ processors and classical computers 10 A. Evaluating the computational cost of noisy The Noisy Intermediate-Scale Quantum (NISQ) com- quantum processing experiments 10 puting era [1] has marked a significant milestone in the evo
AbuGhanem - 2024 - Google Quantum AI's Quest for Error-Corrected Quantum Computers.pdf,AbuGhanem,partial,yes,strong,computational-cost,10,of the Kosterlitz-Thouless known as the “effective quantum volume” (EFQV) for phase transition [445] and deviations from Kibble-Zurek evaluating the computational cost of quantum experi- scaling [446] due to quantum-classical domain coarsen- ments. This measure quantifies the number of quantum ing [447]. It also examin
AbuGhanem - 2024 - Google Quantum AI's Quest for Error-Corrected Quantum Computers.pdf,AbuGhanem,partial,yes,strong,computational-cost,10,"conditional unitary evolution, focusing on their effects on entanglement neg- ativity in quantum systems. By analyzing random mea- A. Evaluating the computational cost of noisy surement and feed-forward (MFF) processes [466, 467], quantum processing experiments the study identifies a sharp transition in the ability to"
AbuGhanem - 2024 - Google Quantum AI's Quest for Error-Corrected Quantum Computers.pdf,AbuGhanem,partial,yes,strong,computational-cost,12,"e fi- a signal-to-noise ratio of 1, resulting in an effective delityof0.37wasestimatedforthelargestcircuits. Given ≈ volume of around 250 gates and a computational cost of a gate error rate of approximately 1%, this corresponds 2 1012. toaneffectivevolumeofaround100,significantlysmaller × than the light cone volume, whi"
AbuGhanem - 2024 - Google Quantum AI's Quest for Error-Corrected Quantum Computers.pdf,AbuGhanem,partial,yes,strong,computational-cost,12,"ically chaotic, are hard to simulate OTOC measurements. Despite the experiment’s depth, classically and quickly decay in standard time-order cor- the computational cost is about 5 1011, nearly a tril- relators (TOCs) [29]. OTOCs, however, allow for grow- × lion times less than that of the recent RCS experiment. ingcompl"
AbuGhanem - 2024 - Google Quantum AI's Quest for Error-Corrected Quantum Computers.pdf,AbuGhanem,partial,yes,strong,computational-cost,39,".Milburn,QuantumMeasure- X. Mi, S. Boixo, V. Smelyanskiy, Effective quantum ment and Control (Cambridge University Press, 2009). volume, fidelity and computational cost of noisy quan- [467] A.MetelmannandA.A.Clerk,Nonreciprocalquantum tum processing experiments, Future Generation Com- interactions and devices via autono"
AbuGhanem - 2024 - Google Quantum AI's Quest for Error-Corrected Quantum Computers.pdf,AbuGhanem,partial,yes,strong,factor-of-N,4,"ion) Quantum Master demonstrated reduced error rates with increasing sys- Equation [49], the researchers developed a model that tem size, achieving a factor of 2.7 improvement with describes the effects of multi-qubit dissipative tunneling five qubits and 8.5 with nine qubits after eight cycles. in the presenc"
AbuGhanem - 2024 - Google Quantum AI's Quest for Error-Corrected Quantum Computers.pdf,AbuGhanem,partial,yes,strong,factor-of-N,12,"its scheme [483] achieved an effective fidelity of approximately 0.06 with to the data from [384]. They noted that an effective fi- a signal-to-noise ratio of 1, resulting in an effective delityof0.37wasestimatedforthelargestcircuits. Given ≈ volume of around 250 gates and a computational cost of a gate error"
AbuGhanem - 2024 - Google Quantum AI's Quest for Error-Corrected Quantum Computers.pdf,AbuGhanem,partial,yes,weak,overhead-mention,29,", Buell, Brian Burkett, Z Chen, Ben Chiaro, Andrew (2018). Dunsworth, Brooks Foxen, Austin Fowler, C Gidney, [166] Austin G Fowler, Craig Gidney, Low overhead quan- Marissa Giustina, Rob Graff, Trent Huang, Evan Jef- tum computation using lattice surgery, arXiv preprint frey, J Kelly, Paul Victor Klimov, Fe"
AbuGhanem - 2024 - Google Quantum AI's Quest for Error-Corrected Quantum Computers.pdf,AbuGhanem,partial,yes,weak,scaling-mention,4,"ap- computing [65, 80–83], using tomography to probe the proach established a robust platform for studying topo- system’s evolution and assess error scaling with system logical phenomena in quantum systems. size[7]. Theresearcherssolvedtheone-dimensionalIsing Dynamics-based sampling methods are improved ["
AbuGhanem - 2024 - Google Quantum AI's Quest for Error-Corrected Quantum Computers.pdf,AbuGhanem,partial,yes,weak,scaling-mention,8,"al states and employs a time- donotsurpasssomeclassicalalgorithms,highlightingthe reversal protocol to measure external decoherence ef- difficulty of scaling QAOA [204] for non-native problems fects. Efficient sampling of the eigen-spectrum and a andsuggestingafocusonnon-nativeproblemsforbench- finite-size"
AbuGhanem - 2024 - Google Quantum AI's Quest for Error-Corrected Quantum Computers.pdf,AbuGhanem,partial,yes,weak,scaling-mention,8,"riments is demon- variable QErC codes [377–380]. Nevertheless, a pivotal strated in [325]. The study reveals that quantum ma- question persists: will scaling up the size of the error- chinescanofferexponentialadvantagesinpredictingsys- correcting code lead to lower logical error rates in prac- tem properti"
AbuGhanem - 2024 - Google Quantum AI's Quest for Error-Corrected Quantum Computers.pdf,AbuGhanem,partial,yes,weak,scaling-mention,10,he “effective quantum volume” (EFQV) for phase transition [445] and deviations from Kibble-Zurek evaluating the computational cost of quantum experi- scaling [446] due to quantum-classical domain coarsen- ments. This measure quantifies the number of quantum ing [447]. It also examines the eigenstate therma
AbuGhanem - 2024 - Google Quantum AI's Quest for Error-Corrected Quantum Computers.pdf,AbuGhanem,partial,yes,weak,scaling-mention,22,"pororceessesaorrcsh,ucotidliezitnhgaatlegxotreitnhdmssaannddleevxepreargiemseCntirsqth[5a0t6c]a.n cal qubit error rate: 10 6): This milestone aims at scaling quantum system−s to incorporate more log- berunwithReCirq[518],aGitHubrepositorydedicated 5. Engineering scale-up(physicalqubits: 105,logi- ical qubi"
AbuGhanem - 2024 - Google Quantum AI's Quest for Error-Corrected Quantum Computers.pdf,AbuGhanem,partial,yes,weak,scaling-mention,27,"ience 358 (6367), 1175-1179, (2017). ture 417, 709–711 (2002). [119] D. Jaksch and P. Zoller, Creation of effective magnetic [105] C. Monroe, J. Kim, Scaling the ion trap quantum pro- fieldsinopticallattices: thehofstadterbutterflyforcold cessor. Science 339, 1164–1169 (2013). neutral atoms, New J. Phys. 5"
AbuGhanem - 2024 - Google Quantum AI's Quest for Error-Corrected Quantum Computers.pdf,AbuGhanem,partial,yes,weak,scaling-mention,28,"han,JarrodMcClean,NathanWiebe,Craig Sergio Boixo, Guglielmo Mazzola, Matthias Troyer, Gidney, Ala´n Aspuru-Guzik, Garnet Kin-Lic Chan, Hartmut Neven, Scaling analysis and instantons for RyanBabbush,Quantumsimulationofelectronicstruc- thermallyassistedtunnelingandquantumMonteCarlo turewithlineardepthandconn"
AbuGhanem - 2024 - Google Quantum AI's Quest for Error-Corrected Quantum Computers.pdf,AbuGhanem,partial,yes,weak,scaling-mention,29,"ates for quantum simulation of Hamiltonian HartmutNeven,Quantumsimulationofchemistrywith spectra, Science advances 4 (1), eaap9646, (2018). sublinear scaling in basis size, npj Quantum Inf 5 (1), [160] Ryan Babbush, Craig Gidney, Dominic W Berry, 92, (2019). Nathan Wiebe, Jarrod McClean, Alexandru Paler, ["
AbuGhanem - 2024 - Google Quantum AI's Quest for Error-Corrected Quantum Computers.pdf,AbuGhanem,partial,yes,weak,scaling-mention,34,"tNeven,JohnCPlatt,VadimNSmelyanskiy,Sergio tum 2 (3), 030305, (2021). Boixo, Efficient approximation of experimental Gaus- [297] Andrew D King et al. Scaling advantage over path- sian boson sampling, arXiv preprint arXiv:2109.11525, integralMonteCarloinquantumsimulationofgeomet- (2021). rically frustrated"
Acharya et al. - 2025 - Quantum error correction below the surface code threshold.pdf,Acharya et al. (Willow),yes,yes,strong,factor-of-N,1,"03 per cent error per cycle of error correction. This logical memory is also beyond breakeven, exceeding the lifetime of its best physical qubit by a factor of 2.4 ± 0.3. Our system maintains below-threshold performance when decoding in real time, achieving an average decoder latency of 63 microseconds at dist"
Acharya et al. - 2025 - Quantum error correction below the surface code threshold.pdf,Acharya et al. (Willow),yes,yes,strong,factor-of-N,3,"s- all the constituent physical qubits (median, 85 ± 7 μs; best, 119 ± 13 μs) sor, we measure the logical performance of one distance-5 and four by a factor of 2.4 ± 0.3. Our logical memory beyond breakeven extends distance-3 codes 16 times over 15 h, and the results are shown in Fig. 2e. previous results usin"
Acharya et al. - 2025 - Quantum error correction below the surface code threshold.pdf,Acharya et al. (Willow),yes,yes,strong,factor-of-N,4,"1)/2) error suppression. For example, reduc- stand the cause of these events, but mitigating them remains vital to ing the detection probability by a factor of 2 manifests in reduction building a fault-tolerant quantum computer. These results reaffirm by a factor of 250 in logical error at distance 15, consist"
Acharya et al. - 2025 - Quantum error correction below the surface code threshold.pdf,Acharya et al. (Willow),yes,yes,strong,factor-of-N,4,"ital to ing the detection probability by a factor of 2 manifests in reduction building a fault-tolerant quantum computer. These results reaffirm by a factor of 250 in logical error at distance 15, consistent with the Nature | Vol 638 | 27 February 2025 | 923 d ,elcyc rep rorre lacigoL d ,elcyc rep rorre lacigo"
Acharya et al. - 2025 - Quantum error correction below the surface code threshold.pdf,Acharya et al. (Willow),yes,yes,weak,overhead-mention,6,"encoded lattice surgery. PRX Quantum 3, 010331 (2022). a quantum computer. SIAM Rev. 41, 303–332 (1999). 49. Bravyi, S. et al. High-threshold and low-overhead fault-tolerant quantum memory. Nature 8. Farhi, E. et al. A quantum adiabatic evolution algorithm applied to random instances of an 627, 778–782 (202"
Acharya et al. - 2025 - Quantum error correction below the surface code threshold.pdf,Acharya et al. (Willow),yes,yes,weak,overhead-mention,6,"olution algorithm applied to random instances of an 627, 778–782 (2024). NP-complete problem. Science 292, 472–475 (2001). 50. Xu, Q. et al. Constant-overhead fault-tolerant quantum computation with reconfigurable 9. McKay, D. C. et al. Benchmarking quantum processor performance at scale. Preprint at atom a"
Acharya et al. - 2025 - Quantum error correction below the surface code threshold.pdf,Acharya et al. (Willow),yes,yes,weak,scaling-mention,4,"ion, our processor expe- differently. rienced six of these large error bursts, which are responsible for the Furthermore, although we have tested the scaling law in equa- highest-distance failures. These bursts, such as the event shown in tion (1) at low distances, repetition codes enable us to scan to hig"
Acharya et al. - 2025 - Quantum error correction below the surface code threshold.pdf,Acharya et al. (Willow),yes,yes,weak,scaling-mention,4,"similar coherent error injec- events17. They occur approximately once an hour, rather than once tion method as that in the surface code, we show the scaling of logical every few seconds, and they decay with an exponential time constant error versus physical error and code distance in Fig. 3c,d, observing"
Acharya et al. - 2025 - Quantum error correction below the surface code threshold.pdf,Acharya et al. (Willow),yes,yes,weak,scaling-mention,4,",ytilibaborp ted d = 3 d = 5 d = 7 d = 9 d = 11 d = 13 d = 15 d = 17 d = 19 d = 21 d = 23 d = 25 d = 27 d = 29 p ted V/1 Fig. 3 | High-distance error scaling in repetition codes. a, ε versus d d when decoding with minimum-weight perfect matching. The repetition code points are from d = 29, 103-cycle experi"
Acharya et al. - 2025 - Quantum error correction below the surface code threshold.pdf,Acharya et al. (Willow),yes,yes,weak,scaling-mention,4,"n probability. The inset shows the average detection probability for each measure qubit (coloured circle) in the grey-shaded window. c, Logical error scaling with the injected error. We inject a range of coherent errors on all the qubits and plot against the observed mean detection probability p . det Each"
Acharya et al. - 2025 - Quantum error correction below the surface code threshold.pdf,Acharya et al. (Willow),yes,yes,weak,scaling-mention,4,"again subsampled from d = 29. Lines, power-law fits ε =A p(d+1)/2 (one fit parameter, A), restricted to ε > 10−7 and p < 0.3. d, 1/Λ d d det d d det scaling with the injected error. Typical relative fit uncertainty is 2%. Line, fit; 2.2p . To obtain the data in this figure, a 72-qubit processor is used. d"
Acharya et al. - 2025 - Quantum error correction below the surface code threshold.pdf,Acharya et al. (Willow),yes,yes,weak,scaling-mention,5,Article expected O(p8) scaling. This shows the considerable error suppres- a Complete Processing Now Not started sion that should eventually enable large-scale fault-tolerant quant
Acharya et al. - 2025 - Quantum error correction below the surface code threshold.pdf,Acharya et al. (Willow),yes,yes,weak,scaling-mention,6,"e might, 21. Gidney, C. & Ekerå, M. How to factor 2,048 bit RSA integers in 8 hours using 20 million in principle, achieve low logical error rates by scaling up our current noisy qubits. Quantum 5, 433 (2021). 22. Terhal, B. M. & Burkard, G. Fault-tolerant quantum computation for local non-Markovian proces"
Acharya et al. - 2025 - Quantum error correction below the surface code threshold.pdf,Acharya et al. (Willow),yes,yes,weak,scaling-mention,6,"require 23. Terhal, B. M. Quantum error correction for quantum memories. Rev. Mod. Phys. 87, a distance-27 logical qubit using 1,457 physical qubits. Scaling up will 307–346 (2015). 24. Koch, J. et al. Charge-insensitive qubit design derived from the Cooper pair box. Phys. bring additional challenges in re"
Acharya et al. - 2025 - Quantum error correction below the surface code threshold.pdf,Acharya et al. (Willow),yes,yes,weak,scaling-mention,6,"multi- 50–55 (2023). qubit lattice surgery. Preprint at https://arxiv.org/abs/2403.01353 (2024). 17. Google Quantum AI. Suppressing quantum errors by scaling a surface code logical qubit. 59. Bombín, H. et al. Logical blocks for fault-tolerant topological quantum computation. Nature 614, 676–681 (2023). PR"
Amin et al. - 2023 - Quantum error mitigation in quantum annealing.pdf,Amin et al.,partial,no,none,,,
Bharti - 2022 - Noisy intermediate-scale quantum algorithms.pdf,Bharti,partial,yes,strong,computational-cost,49,training of the readout stage parameters is required. The aforementioned idea helps utilize the high nonlinearities of the reservoir without the high computational cost of training. The concept of Quantum Boltzmann Machines. The quantum Boltz- employing quantum systems as quantum reservoirs was mann machine (Amin et al.
Bharti - 2022 - Noisy intermediate-scale quantum algorithms.pdf,Bharti,partial,yes,strong,computational-cost,58,"58 parametricquantumcircuitsV (p)andW(q)forencod- nificant reduction of the computational cost of LQFT is ing and decoding respectively, with tunable parameter proposedin(Avkhadievet al.,2020)byusingaVQAap- vectors p and q. For a given encoding-de"
Bharti - 2022 - Noisy intermediate-scale quantum algorithms.pdf,Bharti,partial,yes,strong,computational-cost,58,"ionestablishesthat in a discretized version of QFT on a lattice structure the quantum state ρ is separable if and only if for ar- AB (LQFT). The high computational cost of LQFT has mo- bitrary quantum system R and arbitrary positive map tivated the study of using quantum computation or sim- N from B to R, we have N (ρ )"
Bharti - 2022 - Noisy intermediate-scale quantum algorithms.pdf,Bharti,partial,yes,strong,computational-cost,58,"n Ref. (Kokail et al., 2019) a VQS is used in an analog setup to reduce the number of vari- VII. BENCHMARKING ational parameters and thus, reduce the computational cost of the algorithm. Their proposal is experimentally Oneofthecentralquestionsattheintersectionofsoft- implemented in a trapped-ion analog simulator. A sig"
Bharti - 2022 - Noisy intermediate-scale quantum algorithms.pdf,Bharti,partial,yes,weak,overhead-mention,31,"nand crease in the number of measurements to be performed, Nielsen, 2006) states that given this universal set G, any without additional experimental overhead. Calculating unitary operation U ∈SU(d) can be approximated with dynamic quantities such as Hamiltonian moments (Val- (cid:15)accuracywithafinitesequ"
Bharti - 2022 - Noisy intermediate-scale quantum algorithms.pdf,Bharti,partial,yes,weak,scaling-mention,8,"s and s′. The number of measurements scales exponentially with the number Following the objective function, the next essential of qubits, however the scaling is far better compared to constituent of a VQA is the quantum circuit that pre- state tomography. Importance sampling has been pro- paresthestatethat"
Bharti - 2022 - Noisy intermediate-scale quantum algorithms.pdf,Bharti,partial,yes,weak,scaling-mention,27,"ean and variance σ2 = E(δˆ2) = σ2/N. Here, σ2 is 0 0 resulting in pure unitary dynamics. When λ=1, the ac- the single-shot variance. Given a set of m scaling pa- tual quantum device loss rate is matched. In summary, rameters λ={λ ,λ ,⋯,λ } with λ ≥1, and the corre- 1 2 m j ZNE involves two steps. spondingm"
Bharti - 2022 - Noisy intermediate-scale quantum algorithms.pdf,Bharti,partial,yes,weak,scaling-mention,27,"mmary, rameters λ={λ ,λ ,⋯,λ } with λ ≥1, and the corre- 1 2 m j ZNE involves two steps. spondingmeasurementoutcomesµ={µ ,µ ,⋯,µ },the 1 2 m 1. Noise-scaling: we make a number of measurements ZNEisnothingbuttobuildagoodestimatorEˆ[µ(0)]for E[µ(λj)] for λ≥1. E[µ(0)] such that its bias E(Eˆ[µ(0)]−E[µ(0)]), a"
Bharti - 2022 - Noisy intermediate-scale quantum algorithms.pdf,Bharti,partial,yes,weak,scaling-mention,27,"ow let us mention briefly the statis- tical models. The expectation value E(λ) cannot be of any arbitrary function, which would make ZNE impos- Noise-scaling canbeaccomplishedinthreeways. Firstly, sible to extrapolate back to E(0). Depending on some in Ref. (Temme et al., 2017) it was proposed to use under"
Bharti - 2022 - Noisy intermediate-scale quantum algorithms.pdf,Bharti,partial,yes,weak,scaling-mention,27,"ate back to E(0). Depending on some in Ref. (Temme et al., 2017) it was proposed to use underlying noise model assumption, one can apply vari- a time-scaling approach by taking λ > 1, which means ous statistical models. that the time-dependent driving Hamiltonian Kˆ(t) is now rescaled by 1Kˆ(t/λ). This app"
Bharti - 2022 - Noisy intermediate-scale quantum algorithms.pdf,Bharti,partial,yes,weak,scaling-mention,27,techniques do not require users to is dictated by a statistical uncertainty which is exponen- havefullcontrolofquantumcomputerback-endandthus tially scaling with the number of data points. There are weexpecttobeofgreateruseinsoftwarelevelcontrolof also other statistical models such as poly-exponential ex-
Bharti - 2022 - Noisy intermediate-scale quantum algorithms.pdf,Bharti,partial,yes,weak,scaling-mention,45,"i) −h(∑σˆ x i) (88) in further algorithms, action upon the data in the latent i=1 i=1 space,inwhichthedataisrepresentedmoredensely,may with resources scaling polynomially with the number of prove powerful in further applications. spins N. Since the system can encounter a first-order A data re-uploading str"
Bharti - 2022 - Noisy intermediate-scale quantum algorithms.pdf,Bharti,partial,yes,weak,scaling-mention,46,"ial neural networks, structures capable of Deviceandsetupdesignisakeychallengeinimproving learning sophisticated distributions and that encompass and scaling quantum systems. Therefore, digital quan- multiple features that can be fine-tuned depending on tum simulation of quantum processors will be a releva"
Bharti - 2022 - Noisy intermediate-scale quantum algorithms.pdf,Bharti,partial,yes,weak,scaling-mention,57,"e NISQ era. edy some of the difficulties of classical approaches to op- Given the density matrices of two quantum states ρ 1 timal control related to scaling of resources, (Dive et al., and ρ , their fidelity is given by 2 2018) proposed another NISQ framework. Experimental demonstration of quantum control"
Bharti - 2022 - Noisy intermediate-scale quantum algorithms.pdf,Bharti,partial,yes,weak,additional-resources,30,"g technique to obtain dynami- ments by adding ancilla qubits to the qubit registers or cally corrected gates (Edmunds et al., 2020; Khodjasteh taking additional measurements and post-processing. and Viola, 2009) composing of shaped pulses which ac- tivelydrivestateevolutionwithinaHilbertspaceinorder to cancel certain syst"
Bultrini et al. - 2023 - Unifying and benchmarking state-of-the-art quantum error mitigation techniques.pdf,Bultrini et al.,yes,yes,strong,factor-of-N,8,"ror mitigation methods require esti- For N tot =107−1010 we find that both vnCDR and mates of observables from a different total number UNITED give a factor of 5−10 improvement of the of circuits. In the case of ZNE, the circuit of inter- errorinthenoisyresults. ForN tot =109−1010 wesee est needs to be evaluat"
Bultrini et al. - 2023 - Unifying and benchmarking state-of-the-art quantum error mitigation techniques.pdf,Bultrini et al.,yes,yes,strong,factor-of-N,21,"re N =109,1010. Nevertheless,westillfindafactorof tot 2QλMj 2.5 VD improvement over the noisy simulations and f =1− . M,j (2Q−1)λMj +(2Q−λj(2Q−1))M a factor of 1.2 UNITED improvement over vnCDR (92) for N =1010. These results indicatethat UNITED tot Therefore, we can conclude that both CGVD and canbeusefulinth"
Bultrini et al. - 2023 - Unifying and benchmarking state-of-the-art quantum error mitigation techniques.pdf,Bultrini et al.,yes,yes,strong,factor-of-N,22,"improvement over the noisy results. For N =1010, tot M =4 is optimal giving a factor of 2.5 improvement. Based on the obtained results, we use M = 2 in the main text as it is optimal for most circuits. We note that although with M = 4 VD p"
Bultrini et al. - 2023 - Unifying and benchmarking state-of-the-art quantum error mitigation techniques.pdf,Bultrini et al.,yes,yes,strong,factor-of-N,22,"circuits depends strongly on N . For N = 105, M = 2 is usedinSection4.2werethenchosenbypost-selecting tot tot optimal but it gives on average a small factor of 1.2 on these near-Clifford circuits. AcceptedinQuantum2023-05-09,clicktitletoverify. PublishedunderCC-BY4.0. 22"
Bultrini et al. - 2023 - Unifying and benchmarking state-of-the-art quantum error mitigation techniques.pdf,Bultrini et al.,yes,yes,weak,cost-mention,15,"oi.org/10.1103/PRXQuantum.2.040330. https://arxiv.org/abs/2102.02120. [44] Ryuji Takagi. Optimal resource [34] Prakash Murali, Jonathan M. Baker, Ali cost for error mitigation. Phys. Rev. Javadi-Abhari, Frederic T. Chong, and Mar- Res., 3:033178, Aug 2021. DOI: garet Martonosi. Noise-adaptive compiler map- https:"
Bultrini et al. - 2023 - Unifying and benchmarking state-of-the-art quantum error mitigation techniques.pdf,Bultrini et al.,yes,yes,weak,scaling-mention,3,"nge a state encoded by the noiseless circuit U but observable [45]. The method was applied successfully increases the number of gates in the circuit, scaling to mitigate variational ground state quantum simula- the noise. tions with IBM quantum computers [12, 24]. ZNE provides a very simple framework to mi"
Bultrini et al. - 2023 - Unifying and benchmarking state-of-the-art quantum error mitigation techniques.pdf,Bultrini et al.,yes,yes,weak,scaling-mention,7,"of qubits Q = 4,6,8,10 and several circuit applications of ZNE and vnCDR show that imper- depths. We consider random quantum circuits con- fect noise scaling control does not preclude successful structed using the native gates of the trapped-ion error mitigation. Very importantly, training a model quantumc"
Bultrini et al. - 2023 - Unifying and benchmarking state-of-the-art quantum error mitigation techniques.pdf,Bultrini et al.,yes,yes,weak,scaling-mention,10,"howthemean of this comparison in Appendix F. and maximal absolute errors of the mitigated observ- ablesoverthe28graphinstances. Weagainfind(asin When scaling the noise in our simulations we use thecaseofrandomquantumcircuits)thattheperfor- factors c = 2,3. To implement c = 2 we replace mance of the error m"
Bultrini et al. - 2023 - Unifying and benchmarking state-of-the-art quantum error mitigation techniques.pdf,Bultrini et al.,yes,yes,weak,scaling-mention,13,"velopment (LDRD) program of LANL under project Thisisanissueparticularlyformethodsthatlackan- numbers 20190659PRD4 (Piotr C.) and 20210116DR alytical scaling guarantees, or when such guarantees (AA and Piotr. C). MC was supported by the U.S. onlyexistunderrestrictivenoiseassumptions. Inthis DepartmentofEne"
Bultrini et al. - 2023 - Unifying and benchmarking state-of-the-art quantum error mitigation techniques.pdf,Bultrini et al.,yes,yes,weak,scaling-mention,15,"://doi.org/10.1088/1367-2630/ab784c. Zeng. Extending quantum probabilistic er- [40] John A. Smolin and David P. DiVincenzo. ror cancellation by noise scaling. Physi- Five two-bit quantum gates are sufficient to cal Review A, 104(5):052607, 2021. DOI: implement the quantum fredkin gate. Phys- https://doi.or"
Bultrini et al. - 2023 - Unifying and benchmarking state-of-the-art quantum error mitigation techniques.pdf,Bultrini et al.,yes,yes,weak,scaling-mention,17,"r- than the dominant one. ator. Such an error produces a non-zero noise floor forθ ̸=0, whilepreservingtheorthogonalityofstates B.1 Proof of VD error scaling with the number corresponding to different sequences of the gate er- rors. For a circuit with G gates the noisy output ρ of state copies can be writt"
Bultrini et al. - 2023 - Unifying and benchmarking state-of-the-art quantum error mitigation techniques.pdf,Bultrini et al.,yes,yes,weak,scaling-mention,20,"θ ,c λ ), (77) k 2Q Mmax,n j M M j 0 j 0 k=0 j=0 M=1 = X M (cid:18) M (cid:19) (1−λ)(M−k)Tr(ρM−k) (cid:18) λ (cid:19)k . and obtaining the same error scaling as in (76), since k 2Q for large enough M the error will always be dom- k=0 max (82) inated by the coherent mismatch. Noting that when M = k we are t"
Cai et al. - 2023 - Quantum Error Mitigation.pdf,Cai et al.,yes,yes,strong,sampling-cost,5,"he crease exponentiallywith the circuit fault rate (and thus number of fault locations in the circuit (and thus the the circuit size). This implies a sampling overhead of number of qubits and the circuit depth). Do note that C em 150 when λ = 5 and C em 104 when λ = 9, ∼ ∼ the fault-free probability is not the fidelity"
Cai et al. - 2023 - Quantum Error Mitigation.pdf,Cai et al.,yes,yes,strong,sampling-cost,8,"ete set of basis operations p U (cid:80) highfidelityPauligatestobeusedasourbasis ,the is discussed in Endo et al. (2018). With a sufficiently n {B } sampling overhead is still given by Eq. (16). large basis, we can decompose the ideal operation into Up to now we are using the basis set to cancel out the noisy componen"
Cai et al. - 2023 - Quantum Error Mitigation.pdf,Cai et al.,yes,yes,strong,sampling-cost,8,"of the coefficients α discussed in Temme et al. (2017) and Endo et al. (2018) n n inthisexpansioncanbenegative, whichmeans thatthis and its resultant sampling overhead is similar. However, decompositiondoesnotnecessarilycorrespondtoaprob- thisnoise-inversionimplementationrequiresinsertingad- abilistic mixture of physic"
Cai et al. - 2023 - Quantum Error Mitigation.pdf,Cai et al.,yes,yes,strong,sampling-cost,15,"sical copies. However, the sampling sampling overhead, similar to the difference between the cost in this case scale exponentially with the number of sampling overhead of direct and post-processing symme- qubits and thus may be difficult to scale beyond small tryverification(Sec.III.D).ForEV,theerror-mitigation system"
Cai et al. - 2023 - Quantum Error Mitigation.pdf,Cai et al.,yes,yes,strong,sampling-cost,15,"w h a o n v t er t i o fic m at e i a o s n ur ( e EV th ) e . T id o ea p l er s f t o a r t m e p E r V o- , C em ∼ Tr ρ2 − 2 . More generally, the sampling cost of VD/ESDscalesexponentiallyinthenumberofcopiesM jector ρ 0 = | ψ 0 ⟩⟨ ψ 0 | at the end of the circuit for post- (asTr ρM (cid:2) is (cid:3) exponential"
Cai et al. - 2023 - Quantum Error Mitigation.pdf,Cai et al.,yes,yes,strong,sampling-cost,23,"opy, which is related to the trace distance mitigated estimator and obtained two lower bounds on through the quantum Pinsker’s inequality D (ρ,σ) the sampling cost of QEM. Their first lower bound is for tr ≤ ln2 S(ρ σ)/2 (Hiai et al., 2008). It has been shown generic layered quantum circuits under a wide class of |"
Cai et al. - 2023 - Quantum Error Mitigation.pdf,Cai et al.,yes,yes,strong,sampling-cost,24,"rror cancellation (Cai, 2021a). As will (where ρ is assumed to be pure) and the corresponding 0 be discussed in Sec. V.C, QEM can be used to mitigate sampling overhead is given as: errors in the circuit compilation. Hence, it is possible to use one QEM method to mitigate these compilation er- C q 2. (55) em ∼ e−m rors,"
Cai et al. - 2023 - Quantum Error Mitigation.pdf,Cai et al.,yes,yes,strong,sampling-cost,26,"algorithm. Note cuitrun. Ifwearetryingtoremove(almost)allbiaslike that what we have discussed here is not a sheer compar- in fault-tolerant QEC, the sampling overhead of general ison between QEC and QEM, but more of a comparison QEMwillgrowexponentially withthecircuitsizeasdis- between a NISQ algorithm with the help o"
Cai et al. - 2023 - Quantum Error Mitigation.pdf,Cai et al.,yes,yes,strong,sampling-cost,32,"h component observable Oˆ is associated a. Exponential sampling overhead n withasamplingoverheadof K α 2. Sincethereare n=1| n | K of them, the total sampling overhead is As mentioned in Sec. II.D, if the component random (cid:80) variables Oˆ are obtained from measuring Pauli ob- n K { } servables on circuits sufferin"
Cai et al. - 2023 - Quantum Error Mitigation.pdf,Cai et al.,yes,yes,strong,exponential-overhead,5,"employed in the field of quan- tum error correction, is to model noise as discrete, prob- abilistic events named faults that can occur at the var- D. Exponential scaling of the sampling overhead ious locations in the circuit including gates, idling steps andmeasurements(Gottesman,2009;Terhal,2015). For We can perform"
Cai et al. - 2023 - Quantum Error Mitigation.pdf,Cai et al.,yes,yes,strong,exponential-overhead,5,"fault lo- need an exponential number of samples (C em = eβλ O cations, and the circuit fault rate is of the order of unity for some positive β). This exponential scaling of sample (cid:0) (cid:1) λ 1, then the number of faults occurring in a given overhead still applies when we consider error-mitigated cir ∼ cuit run"
Cai et al. - 2023 - Quantum Error Mitigation.pdf,Cai et al.,yes,yes,strong,circuit-overhead,15,"shadow tomography (Hu et al., 2022; achieve a high degree of purification with a lower qubit Huanget al.,2020;Seifet al.,2023). Thishastheadvan- and circuit overhead (Cai, 2021d). There is also a dif- tage that one may reuse a single copy of ρ rather than ference between these two approaches in terms of their usin"
Cai et al. - 2023 - Quantum Error Mitigation.pdf,Cai et al.,yes,yes,strong,computational-cost,37,"105 (1), 012419. S. Boixo, and V. Smelyanskiy (2023), “Effective quantum Hu, Hong-Ye, Ryan LaRose, Yi-Zhuang You, Eleanor Rief- volume, fidelity and computational cost of noisy quantum fel, and Zhihui Wang (2022), “Logical shadow tomogra- processing experiments,” arXiv:2306.15970 [quant-ph]. phy: Efficient estimation o"
Cai et al. - 2023 - Quantum Error Mitigation.pdf,Cai et al.,yes,yes,strong,overhead-scaling,15,"ions (Cai, (cid:2) (cid:3) effective post-selection (post-processing), and thus the 2021d; Huo and Li, 2022; O’Brien et al., 2021), but here sampling overhead increases more steeply, scaling as w id e ea r l e l f y er w t e o w it o a u s ld ec w h a o n v t er t i o fic m at e i a o s n ur ( e EV th ) e . T id o"
Cai et al. - 2023 - Quantum Error Mitigation.pdf,Cai et al.,yes,yes,weak,overhead-mention,2,"rcuits in physics simula- codes,suchasthesurfacecode(Fowleret al.,2012),gen- tions (McClean et al., 2016; Peruzzo et al., 2014; Wecker erates a qubit overhead that seems daunting at the mo- etal.,2015),approximateoptimisationalgorithms(Farhi ment. For example, recent optimised approaches show et al., 2014),"
Cai et al. - 2023 - Quantum Error Mitigation.pdf,Cai et al.,yes,yes,weak,overhead-mention,4,"tude of the bias Bias[Oˆ] , the exact increase in the number of circuit runs is called the sam- | | meaning should be obvious from the context. pling overhead, which is given by: The simplest way to construct the estimator Oˆ is by directly measuring O on the noisy output state of the Nϵ (Oˆ ) Var[Oˆ ] C ="
Cai et al. - 2023 - Quantum Error Mitigation.pdf,Cai et al.,yes,yes,weak,overhead-mention,4,"ed estimator and the error-mitigated estimator. We see a decrease of bias and an increase of variance after performing error mitigation. The sampling overhead can also be estimated using therangeoftheestimatorthroughHoeffding’sinequality. The range of a random variable Xˆ, denoted as R[Xˆ], is the differenc"
Cai et al. - 2023 - Quantum Error Mitigation.pdf,Cai et al.,yes,yes,weak,overhead-mention,4,"stimation of E[Xˆ] to ϵ-precision with 1 δ probability − is given by Nϵ,δ(Xˆ)= ln(2/δ) R[Xˆ] 2 (4) hff 2ϵ2 which can be used to estimate the sampling overhead requiredfortheerror-mitigatedestimatorOˆ toachieve em the same ϵ and δ as the unmitigated estimator Oˆ : ρ Nϵ (Oˆ ) Nϵ,δ(Oˆ ) R[Oˆ ] 2 C = shot em hf"
Cai et al. - 2023 - Quantum Error Mitigation.pdf,Cai et al.,yes,yes,weak,overhead-mention,5,"rror correction, is to model noise as discrete, prob- abilistic events named faults that can occur at the var- D. Exponential scaling of the sampling overhead ious locations in the circuit including gates, idling steps andmeasurements(Gottesman,2009;Terhal,2015). For We can perform bias-free QEM if we are a"
Cai et al. - 2023 - Quantum Error Mitigation.pdf,Cai et al.,yes,yes,weak,overhead-mention,5,"f (cid:89) allowingforthe“magical”post-selectionoffault-freecir- which we will simply call the fault-free probability of the cuit runs, the sampling overhead C em = eλ will still in- circuit. It decays exponentially with the increase of the crease exponentiallywith the circuit fault rate (and thus number o"
Cai et al. - 2023 - Quantum Error Mitigation.pdf,Cai et al.,yes,yes,weak,overhead-mention,5,"exponentiallywith the circuit fault rate (and thus number of fault locations in the circuit (and thus the the circuit size). This implies a sampling overhead of number of qubits and the circuit depth). Do note that C em 150 when λ = 5 and C em 104 when λ = 9, ∼ ∼ the fault-free probability is not the fidel"
Cai et al. - 2023 - Quantum Error Mitigation.pdf,Cai et al.,yes,yes,weak,overhead-mention,5,"ult rate is beyond (1). Of O noise assumption. course, this does not constitute a rigorous bound on the Wecanalsoquantifytheamountofnoiseinthecircuit overhead of QEM. using the average number of faults in each circuit run, Now let us move beyond trying to extract the error- which is given by: freestateandin"
Cai et al. - 2023 - Quantum Error Mitigation.pdf,Cai et al.,yes,yes,weak,overhead-mention,5,"is of the order of unity for some positive β). This exponential scaling of sample (cid:0) (cid:1) λ 1, then the number of faults occurring in a given overhead still applies when we consider error-mitigated cir ∼ cuit run can be modelled using a Poisson distribution estimators that are linear combinations of"
Cai et al. - 2023 - Quantum Error Mitigation.pdf,Cai et al.,yes,yes,weak,overhead-mention,5,"ently tackle noisy circuits with large 1 All of the arguments will still apply if we define 1−p f as the λ on its own due to the exponential sampling overhead. coefficient of the error-free part of the Kraus representation of However, as we will see later, due to the much lower im- somegeneralnoise(wewillse"
Cai et al. - 2023 - Quantum Error Mitigation.pdf,Cai et al.,yes,yes,weak,overhead-mention,6,"expectation values Tr[Oρ ] , thus it can be estimated using the Monte { λm } Carlo sampling method(see Appendix A.1) and the cor- responding sampling overhead for Richardson extrapola- tion is given by: 2 M λ k C . (11) em ∼ (cid:12) λ λ (cid:12) m=1(cid:12)k=m k − m(cid:12) (cid:88) (cid:12)(cid:89)̸ (ci"
Cai et al. - 2023 - Quantum Error Mitigation.pdf,Cai et al.,yes,yes,weak,overhead-mention,6,"mall,thenC willblowupandtheextrapolation em would become infeasible. For the simple case of equal- gapRichardsonextrapolation(λ =mλ ),thesampling m 1 overhead in Eq. (11) becomes C (2M 1)2, which em ∼ − grow exponentially with the number of data points M. Theexamplehereismainlyforillustratingthescalingbe- h"
Cai et al. - 2023 - Quantum Error Mitigation.pdf,Cai et al.,yes,yes,weak,overhead-mention,6,"(2M 1)2, which em ∼ − grow exponentially with the number of data points M. Theexamplehereismainlyforillustratingthescalingbe- haviour of the sampling overhead. In practice, Richard- sonextrapolationusuallytakesmoregeneraldatagap∆ with data points at λ =λ +(m 1)∆. Even more so- m 1 − phisticated Richardson e"
Cai et al. - 2023 - Quantum Error Mitigation.pdf,Cai et al.,yes,yes,weak,overhead-mention,6,"ts at λ =λ +(m 1)∆. Even more so- m 1 − phisticated Richardson extrapolation beyond the equal- gap variant is possible, which can reduce the sampling overhead (Krebsbach et al., 2022). As mentioned, theoretically Richardson extrapolation willonlybevalidforsmallλduetotheapproximationwe made in Eq. (9). Howev"
Cai et al. - 2023 - Quantum Error Mitigation.pdf,Cai et al.,yes,yes,weak,overhead-mention,7,"lues of generic quantum circuits (Bias[Oˆ ] = em shown to be effective with linear extrapolation (Kandala 0). This comes at the expense of a sampling overhead et al., 2019), most recently demonstrated in experiments C that grows exponentially with the circuit fault rate em with up to 26 qubits and a depth o"
Cai et al. - 2023 - Quantum Error Mitigation.pdf,Cai et al.,yes,yes,weak,overhead-mention,8,"of the linear combination and decomposition of a set of of the basis operations that we can implement: = , 2 N B noisy quantum circuits. the sampling overhead for removing the noise in is p U To construct an estimator for an ideal channel from given by: U noisy operations, we need to choose a set of noisy b"
Cai et al. - 2023 - Quantum Error Mitigation.pdf,Cai et al.,yes,yes,weak,overhead-mention,8,"f basis operations p U (cid:80) highfidelityPauligatestobeusedasourbasis ,the is discussed in Endo et al. (2018). With a sufficiently n {B } sampling overhead is still given by Eq. (16). large basis, we can decompose the ideal operation into Up to now we are using the basis set to cancel out the noisy compo"
Cai et al. - 2023 - Quantum Error Mitigation.pdf,Cai et al.,yes,yes,weak,overhead-mention,8,"efficients α discussed in Temme et al. (2017) and Endo et al. (2018) n n inthisexpansioncanbenegative, whichmeans thatthis and its resultant sampling overhead is similar. However, decompositiondoesnotnecessarilycorrespondtoaprob- thisnoise-inversionimplementationrequiresinsertingad- abilistic mixture of phy"
Cai et al. - 2023 - Quantum Error Mitigation.pdf,Cai et al.,yes,yes,weak,overhead-mention,9,"noise with the same error overheadundergeneralnoisemodels. Suchalowerbound rate p, the circuit size M is large and the circuit fault on the sampling overhead has proven to be a good mea- rate λ = Mp is finite, then taking the product of the sureformanypropertiesofthenoisechannelthatwetry gate-level samplin"
Cai et al. - 2023 - Quantum Error Mitigation.pdf,Cai et al.,yes,yes,weak,overhead-mention,9,"as proven to be a good mea- rate λ = Mp is finite, then taking the product of the sureformanypropertiesofthenoisechannelthatwetry gate-level sampling overhead in Eq. (16) we have: tomitigate(GuoandYang,2023;Jiangetal.,2021;Reg- ulaetal.,2021),butthebasisrequiredtoreachthislower M 1+p 2 boundmaynotbeimplemen"
Cai et al. - 2023 - Quantum Error Mitigation.pdf,Cai et al.,yes,yes,weak,overhead-mention,9,"trap (Bergquist et al., 1986; Nagourney From Eqs. (12) and (14), we see that the sampling et al., 1986; Sauter et al., 1986). Other architectures ex- overhead of probabilistic error cancellation is highly de- perience noise in the measurement stage from different pendent on the basis we choose. For the stan"
Cai et al. - 2023 - Quantum Error Mitigation.pdf,Cai et al.,yes,yes,weak,overhead-mention,10,". Since we are only inter- tic error cancellation in Sec. III.B. Hence, the associated ested in the action of on the computational subspace, sampling overhead will increase exponentially with the A we only need to consider Pauli basis elements that are measurement faults rate, similar to Eq. (18) for proba-"
Cai et al. - 2023 - Quantum Error Mitigation.pdf,Cai et al.,yes,yes,weak,overhead-mention,11,"y define a setofmeasurementstodetectandcorrectalllocalerrors In practice, the ideal output distribution p⃗ is often 0 at the cost of additional qubit overhead. Though ex- sparse. With weak measurement noise, we would expect plicitly correcting errors is required for scalability (Shor, the corresponding nois"
Cai et al. - 2023 - Quantum Error Mitigation.pdf,Cai et al.,yes,yes,weak,overhead-mention,12,"thmic errors (Sec. V.C). multaneous measurements of the particle number do not Asmentioned,theprocessofdirect symmetryverifica- present a significant overhead. tion is carried out by measuring both the symmetry op- Insteadofconstructingcircuitstosimultaneouslydiag- eratorsS andthetargetobservableOineverycir"
Cai et al. - 2023 - Quantum Error Mitigation.pdf,Cai et al.,yes,yes,weak,overhead-mention,13,ended for a local fermionic measurementresultswithdifferentweightsatthecostof lattice without paying the price of some system observ- larger sampling overhead. ables being extensively large. Jiang et al. (2019) further Note that as we try to describe different ways of per- found an encoding (the ‘Majorana l
Cai et al. - 2023 - Quantum Error Mitigation.pdf,Cai et al.,yes,yes,weak,overhead-mention,13,"s(Tsubouchiet al., measurement circuit through post-processing, but this 2023b) and bosonic codes (Endo et al., 2022). will come at a higher sampling overhead, which scales as Alargenumberofexperimentshavedemonstratedsta- C em ∼ Tr[Πρ]− 2 (Cai, 2021c; Huggins et al., 2021b). biliser measurements in error co"
Cai et al. - 2023 - Quantum Error Mitigation.pdf,Cai et al.,yes,yes,weak,overhead-mention,14,"3) et al., 2023), in which an example implementation of operator between M copies of ρ, the quantity Tr OρM VD/ESD is shown with almost no space-time overhead. can be estimated using (cid:2) (cid:3) Inthemoregeneralcase,onecanimagineeitherunitar- Tr OρM =Tr S O ρ M =Tr S Oρ M (30) ily transforming O to a si"
Cai et al. - 2023 - Quantum Error Mitigation.pdf,Cai et al.,yes,yes,weak,overhead-mention,15,"tomography (Hu et al., 2022; achieve a high degree of purification with a lower qubit Huanget al.,2020;Seifet al.,2023). Thishastheadvan- and circuit overhead (Cai, 2021d). There is also a dif- tage that one may reuse a single copy of ρ rather than ference between these two approaches in terms of their usin"
Cai et al. - 2023 - Quantum Error Mitigation.pdf,Cai et al.,yes,yes,weak,overhead-mention,15,"a single copy of ρ rather than ference between these two approaches in terms of their using multiple physical copies. However, the sampling sampling overhead, similar to the difference between the cost in this case scale exponentially with the number of sampling overhead of direct and post-processing symme"
Cai et al. - 2023 - Quantum Error Mitigation.pdf,Cai et al.,yes,yes,weak,overhead-mention,15,"ies. However, the sampling sampling overhead, similar to the difference between the cost in this case scale exponentially with the number of sampling overhead of direct and post-processing symme- qubits and thus may be difficult to scale beyond small tryverification(Sec.III.D).ForEV,theerror-mitigation syst"
Cai et al. - 2023 - Quantum Error Mitigation.pdf,Cai et al.,yes,yes,weak,overhead-mention,15,"ions (Cai, (cid:2) (cid:3) effective post-selection (post-processing), and thus the 2021d; Huo and Li, 2022; O’Brien et al., 2021), but here sampling overhead increases more steeply, scaling as w id e ea r l e l f y er w t e o w it o a u s ld ec w h a o n v t er t i o fic m at e i a o s n ur ( e EV th ) e ."
Cai et al. - 2023 - Quantum Error Mitigation.pdf,Cai et al.,yes,yes,weak,overhead-mention,15,"ion of ρ with a known 0 decomposition of a complex O (Polla et al., 2023), it eigenstateofO andapplyingthegateO onthequantum presents roughly an O(N) overhead in sampling com- state (assuming O is unitary) (Lu et al., 2021; O’Brien pared to VD/ESD. etal.,2021),thoughthisisnotformallyequivalentto2nd degree p"
Cai et al. - 2023 - Quantum Error Mitigation.pdf,Cai et al.,yes,yes,weak,overhead-mention,20,"llation cuits have near-zero expectation values which are costly withCliffordtraining(Strikisetal.,2021)astheexample to evaluate in terms of sampling overhead. One way to toillustratehowthetrainingcircuitscanbeconstructed. circumventthisistotruncatetheCliffordtrainingsetby In probabilistic error cancellatio"
Cai et al. - 2023 - Quantum Error Mitigation.pdf,Cai et al.,yes,yes,weak,overhead-mention,20,"uit with random single-qubit Clifford the device calibration stage and the training sampling and random single-qubit unitary, respectively (note that overhead may be omitted when considering a particu- C U and P U). By constructing the training cir- lar computational task. On the other hand, when the ⊂ ∈ cu"
Cai et al. - 2023 - Quantum Error Mitigation.pdf,Cai et al.,yes,yes,weak,overhead-mention,20,"s in the cir- then the training is best viewed as a part of a task itself cuits. Since the Clifford group is a unitary 2-design, the and the training overhead needs to be included in any lossfunctionsatisfiesL (θ⃗)=L (θ⃗)(Wangetal.,2021c). resource audit for that computational task. Note that C U"
Cai et al. - 2023 - Quantum Error Mitigation.pdf,Cai et al.,yes,yes,weak,overhead-mention,21,21 a smaller training set usually also means a smaller sam- 1. Noise calibration overhead pling overhead for training. The relation between the sizeofthetrainingset T andtheperformanceofapply- In the previous sections when talking about sa
Cai et al. - 2023 - Quantum Error Mitigation.pdf,Cai et al.,yes,yes,weak,overhead-mention,21,21 a smaller training set usually also means a smaller sam- 1. Noise calibration overhead pling overhead for training. The relation between the sizeofthetrainingset T andtheperformanceofapply- In the previous sections when talking about sampling | | ing
Cai et al. - 2023 - Quantum Error Mitigation.pdf,Cai et al.,yes,yes,weak,overhead-mention,21,"ningset T andtheperformanceofapply- In the previous sections when talking about sampling | | ing the trained result onto the target circuit P is only overhead, we are mostly referring to the response mea- rigorously developed for the case of training using the surement sampling overhead. We often assumed ce"
Cai et al. - 2023 - Quantum Error Mitigation.pdf,Cai et al.,yes,yes,weak,overhead-mention,21,"et circuit P is only overhead, we are mostly referring to the response mea- rigorously developed for the case of training using the surement sampling overhead. We often assumed certain full Clifford set C for probabilistic error cancellation as knowledgeaboutthenoisewithoutdiscussingthecostof discussed abov"
Cai et al. - 2023 - Quantum Error Mitigation.pdf,Cai et al.,yes,yes,weak,overhead-mention,23,"depth(Kastoryano layered quantum circuit, they demonstrated the expo- andTemme,2013;Mu¨ller-Hermesetal.,2016),whichim- nential growth of the sampling overhead as the depth of plies that the sampling cost in Eq. (51) will grow expo- the circuit increases. In the special case of global de- nentiallywiththecir"
Cai et al. - 2023 - Quantum Error Mitigation.pdf,Cai et al.,yes,yes,weak,overhead-mention,24,"021a; This is simply the ratio between the fidelity boost and Koczor, 2021b; McArdle et al., 2019). More generally in the square root of the sampling overhead, and thus is most of the QEM methods, the error-mitigated expecta- a natural indicator for the cost-effectiveness of a given tion value E[Oˆ ] is a l"
Cai et al. - 2023 - Quantum Error Mitigation.pdf,Cai et al.,yes,yes,weak,overhead-mention,24,"ellation (Cai, 2021a). As will (where ρ is assumed to be pure) and the corresponding 0 be discussed in Sec. V.C, QEM can be used to mitigate sampling overhead is given as: errors in the circuit compilation. Hence, it is possible to use one QEM method to mitigate these compilation er- C q 2. (55) em ∼ e−m ro"
Cai et al. - 2023 - Quantum Error Mitigation.pdf,Cai et al.,yes,yes,weak,overhead-mention,26,"ry verification com- ification and error extrapolation (Cai, 2020). To over- pared to QEC to achieve the “break-even” point of per- come the sampling overhead, which is partly due to formingbetterthantheuncorrected/unmitigatedcircuit. QEM, it was estimated that more than 100 independent Furthermore,performi"
Cai et al. - 2023 - Quantum Error Mitigation.pdf,Cai et al.,yes,yes,weak,overhead-mention,26,"ependent Furthermore,performinglogicaloperationsinQECcode quantum processors are needed for parallelisation, each usually come with higher space-time overhead than the containing 50 qubits and with a gate error rate of 10 4. − physicaloperationsperformedinQEM,leadingtolonger Thegatefidelityandthetotalnumber"
Cai et al. - 2023 - Quantum Error Mitigation.pdf,Cai et al.,yes,yes,weak,overhead-mention,26,"ate of 10 4. − physicaloperationsperformedinQEM,leadingtolonger Thegatefidelityandthetotalnumberofqubitsrequired circuit run time and even more qubit overhead for QEC. here are actually similar to those required for solving Even though we are talking about symmetry verifica- the problem using a fault-tolera"
Cai et al. - 2023 - Quantum Error Mitigation.pdf,Cai et al.,yes,yes,weak,overhead-mention,26,"m. Note cuitrun. Ifwearetryingtoremove(almost)allbiaslike that what we have discussed here is not a sheer compar- in fault-tolerant QEC, the sampling overhead of general ison between QEC and QEM, but more of a comparison QEMwillgrowexponentially withthecircuitsizeasdis- between a NISQ algorithm with the hel"
Cai et al. - 2023 - Quantum Error Mitigation.pdf,Cai et al.,yes,yes,weak,overhead-mention,26,"and QEM, both dynamical decoupling (DD) and decoherence-free subspace/subsystem (DFS) Qubit High Low methods are open-loop quantum control techniques overhead whose action does not depend on the status of the quan- tumstateandthusnomeasurementsareneededfortheir Circuit Oftenscalewith Similar to the un- runt"
Cai et al. - 2023 - Quantum Error Mitigation.pdf,Cai et al.,yes,yes,weak,overhead-mention,26,"). In fact, DFS is a passive technique that requires no ac- Sampling Const. Exponential in the tion at all, we only need to choose the right symmetry overhead circuitsize1 subspace that is immune to the target set of noise. QEC Errorrate Must be below Importanttokeepit andsymmetry-basedQEMallhavesomeelement"
Cai et al. - 2023 - Quantum Error Mitigation.pdf,Cai et al.,yes,yes,weak,overhead-mention,27,"nt error mitigation (Cirstoiu • Probabilistic error cancellation: Pauli noise re- et al., 2023; LaRose et al., 2021; Qiskit contributors, quires less overhead to be characterised and re- 2023). In additional, Qermit and Mitiq also contain the moved using the standard basis, similarly for mea- Clifford varia"
Cai et al. - 2023 - Quantum Error Mitigation.pdf,Cai et al.,yes,yes,weak,overhead-mention,29,"nal eigensolver, the target uni- − abilistic error cancellation can reduce the physical qubit tary is represented using some parametrised ansatz cir- overhead by 80% for some classically intractable prob- cuit, which can lead to algorithmic errors due to wrong lemsandmorethan45%inmanypracticalfault-tolerant"
Cai et al. - 2023 - Quantum Error Mitigation.pdf,Cai et al.,yes,yes,weak,overhead-mention,31,"lly LIST OF SYMBOLS whenthecircuitfaultrateislarge,wecanalwaysaimfor a sweet spot between the amount of noise removed and C error mitigation sampling overhead em the resource required. Consequently we can expect that QEM techniques will continue to establish themselves as N number of qubits indispensable en"
Cai et al. - 2023 - Quantum Error Mitigation.pdf,Cai et al.,yes,yes,weak,overhead-mention,32,"32 Therefore, each component observable Oˆ is associated a. Exponential sampling overhead n withasamplingoverheadof K α 2. Sincethereare n=1| n | K of them, the total sampling overhead is As mentioned in Sec. II.D, if the component random"
Cai et al. - 2023 - Quantum Error Mitigation.pdf,Cai et al.,yes,yes,weak,overhead-mention,32,"nt observable Oˆ is associated a. Exponential sampling overhead n withasamplingoverheadof K α 2. Sincethereare n=1| n | K of them, the total sampling overhead is As mentioned in Sec. II.D, if the component random (cid:80) variables Oˆ are obtained from measuring Pauli ob- n K { } servables on circuits suffe"
Cai et al. - 2023 - Quantum Error Mitigation.pdf,Cai et al.,yes,yes,weak,overhead-mention,32,"Oˆ m 2 ix ] − E[Oˆ mix ] 2 mix ∼ ρ = p E[Oˆ2] E[Oˆ ] 2 Var[Oˆ em ]=A2Var[Oˆ mix ] A2Var[Oˆ ρ ]. n n n − mix ∼ (cid:88) =1 e 2βλ − Hence, the sampling overhead (Eq. (3)) of performing −O error-mitigated estimation using Oˆ em instead of Oˆ ρ is wherewehaveagainusedOˆ2(cid:0) =1. T (cid:1) hisshowsthatwhen th"
Cai et al. - 2023 - Quantum Error Mitigation.pdf,Cai et al.,yes,yes,weak,overhead-mention,40,"n,L.Faoro,E.Farhi,R.Fatemi, (2022), “Quasiprobability decompositions with reduced V. S. Ferreira, L. Flores Burgos, E. Forati, A. G. Fowler, sampling overhead,” npj Quantum Information 8, 12. B. Foxen, W. Giang, C. Gidney, D. Gilboa, M. Giustina, Polla, Stefano, Gian-Luca R. Anselmetti, and Thomas E. R. Gos"
Cai et al. - 2023 - Quantum Error Mitigation.pdf,Cai et al.,yes,yes,weak,overhead-mention,43,greeofpurification: M Nil parameters ter mitigation: λ em points: M symmetrysubspace: Π Qubitoverhead 1 1 1‡ M 1 Circuitruntime upto∼2 upto∼M 1 ∼1∥ 2 overhead Sampling over- e4(λ−λem) (cid:0) 2M−1 (cid:1)2 Post-selection: Tr[Πρ]−1 Tr (cid:2) ρM(cid:3)−2≳ e2Mλ Tr (cid:2) ρ2(cid:3)−1≳ e2λ head(C em) Post-proc
Cai et al. - 2023 - Quantum Error Mitigation.pdf,Cai et al.,yes,yes,weak,overhead-mention,43,"LEIV Atablesummarisingtheassumptions,costsandperformancesassociatedwithsomeoftheQEMmethodsmentionedinthisreview. Someoftheexpressions of the sampling overhead and the fidelity boost are derived under the assumption that the occurrence of faults in the circuit follows a Poisson distribution with the circuit"
Cai et al. - 2023 - Quantum Error Mitigation.pdf,Cai et al.,yes,yes,weak,cost-mention,41,"eandTechnology Proceedings of 37th Conference on Foundations of Com- 5 (4), 044010. puter Science, pp. 56–65. Takagi, Ryuji (2021), “Optimal resource cost for error miti- Sidi,Avram(2003),Practical Extrapolation Methods: Theory gation,” Physical Review Research 3 (3), 033178. and Applications, Cambridge Monograph"
Cai et al. - 2023 - Quantum Error Mitigation.pdf,Cai et al.,yes,yes,weak,scaling-mention,5,"the field of quan- tum error correction, is to model noise as discrete, prob- abilistic events named faults that can occur at the var- D. Exponential scaling of the sampling overhead ious locations in the circuit including gates, idling steps andmeasurements(Gottesman,2009;Terhal,2015). For We can perform"
Cai et al. - 2023 - Quantum Error Mitigation.pdf,Cai et al.,yes,yes,weak,scaling-mention,5,"ed an exponential number of samples (C em = eβλ O cations, and the circuit fault rate is of the order of unity for some positive β). This exponential scaling of sample (cid:0) (cid:1) λ 1, then the number of faults occurring in a given overhead still applies when we consider error-mitigated cir ∼ cuit run"
Cai et al. - 2023 - Quantum Error Mitigation.pdf,Cai et al.,yes,yes,weak,scaling-mention,15,"ive post-selection (post-processing), and thus the 2021d; Huo and Li, 2022; O’Brien et al., 2021), but here sampling overhead increases more steeply, scaling as w id e ea r l e l f y er w t e o w it o a u s ld ec w h a o n v t er t i o fic m at e i a o s n ur ( e EV th ) e . T id o ea p l er s f t o a r t"
Cai et al. - 2023 - Quantum Error Mitigation.pdf,Cai et al.,yes,yes,weak,scaling-mention,22,"lly demonstrate key characteristics of the QEM ing to construct the training circuit, we can make use of methods like their target noise types, their scaling be- the structure of the primary circuit for gate error miti- haviour, etc. gation, or we can make use of the known observable of Whilerecognisingtha"
Cai et al. - 2023 - Quantum Error Mitigation.pdf,Cai et al.,yes,yes,weak,scaling-mention,24,"ththesymmetryandthusareimmunetosymme- B = Tr[ρ 0 ρ em ] =p 1 tryverificationcanbemitigatedusingzero-noiseextrap- em Tr[ρ ρ] −em olation (through only scaling these ‘commuting’ noise) 0 or probabilistic error cancellation (Cai, 2021a). As will (where ρ is assumed to be pure) and the corresponding 0 be discu"
Cai et al. - 2023 - Quantum Error Mitigation.pdf,Cai et al.,yes,yes,weak,scaling-mention,25,"the best implementation that fits our target altered by the base QEM method, such that the noise problem and experimental constraints rather than be- scaling factor might not be well-defined anymore. Fur- ing restricted to the existing QEM methods. We have thermore, the shape of the extrapolation curves ma"
Cai et al. - 2023 - Quantum Error Mitigation.pdf,Cai et al.,yes,yes,weak,scaling-mention,25,"efore in Sec. III.A (Cai, 2021a). For other base QEM etal.,2021). SomeQEMcombinationsmentionedearlier methods, as long as we know the effective noise scaling in this section can also be viewed as attempts to con- factor and the circuit fault rate is small after the base struct a unified framework (Bultrini"
Cai et al. - 2023 - Quantum Error Mitigation.pdf,Cai et al.,yes,yes,weak,scaling-mention,36,"and Mikhail D. Lukin (2021), “Quantum phases GoogleQuantumAI,(2023),“Suppressingquantumerrorsby of matter on a 256-atom programmable quantum simula- scaling a surface code logical qubit,” Nature 614 (7949), tor,” Nature 595 (7866), 227–232. 676–681. Egan, Laird, Dripto M. Debroy, Crystal Noel, Andrew Goog"
Cai et al. - 2023 - Quantum Error Mitigation.pdf,Cai et al.,yes,yes,weak,scaling-mention,39,"suke Fujii (2019), “Methodology “Extending quantum probabilistic error cancellation by for replacing indirect measurements with direct measure- noise scaling,” Physical Review A 104 (5), 052607. ments,” Physical Review Research 1 (1), 013006. Mazziotti, David A (2016), “Pure-$N$-representability con- Monta"
Cai et al. - 2023 - Quantum Error Mitigation.pdf,Cai et al.,yes,yes,weak,additional-resources,5,ll locations are afflicted with select for the fault-free circuit runs without needing any Pauli noise with the error probability of location f given additional circuit components. The fraction of circuit by p 1. If we further assume the error events in all lo- f runs that are selected is simply given by the fault-fr
Cai et al. - 2023 - Quantum Error Mitigation.pdf,Cai et al.,yes,yes,weak,additional-resources,12,"d:104) (cid:105) run, which can be carried out using only single-qubit mapsX X +Y Y toZ Z whileleavingZ +Z invari- Pauli measurements without needing additional circuit i j i j i j i j − ant (Huggins et al., 2021b). In terms of fermionic sys- components. The simple examples above can be fur- tems, this is the operato"
Campbell et al. - 2023 - Superstaq Deep Optimization of Quantum Programs.pdf,Campbell et al.,partial,yes,strong,factor-of-N,9,"sphere. idletime.Altogether,insertingthisDDsequenceincreasedthe These processes destroy the quantum information stored in a lifetime of a qubit by a factor of 4. qubit. DD addresses these errors by applying regular pulse sequences that can be thought of as changing the “frame” in B. Execution which the qubit"
Campbell et al. - 2023 - Superstaq Deep Optimization of Quantum Programs.pdf,Campbell et al.,partial,yes,weak,overhead-mention,7,"provided precision using a ibration (which can be a source of considerable experimental sequence of two-qubit native operations and arbitrary single- overhead, as device and control system properties can be vary qubit gates. The tolerance is chosen to balance approximation qubit-to-qubit and day-to-day). Hi"
Campbell et al. - 2023 - Superstaq Deep Optimization of Quantum Programs.pdf,Campbell et al.,partial,yes,weak,overhead-mention,11,"tion workloads in can be effectively converted to a linear connectivity circuit mind, which motivates the star-to-line mapping technique. with modest overhead. In particular, the CX between the Overall, Superstaq is able to achieve significant improve- second-to-edge qubit (q[1]) and edge qubit (q[0]) can b"
Chernyak et al. - 2026 - Classical Regularization in Variational Quantum Eigensolvers.pdf,Chernyak et al.,partial,no,none,,,
Cirstoiu et al. - 2023 - Volumetric Benchmarking of Error Mitigation with Qermit.pdf,Cirstoiu et al.,yes,partial,weak,overhead-mention,2,"l performance, which we use to [23, 24] have also exploited these common features identify classes of computations where error mitiga- to analyse the overhead in sample complexity, and to tion may be used fruitfully. Taking a volumetric ap- determine(universal)lowerbounds. Ourapproachfo- proach ensures that"
Cirstoiu et al. - 2023 - Volumetric Benchmarking of Error Mitigation with Qermit.pdf,Cirstoiu et al.,yes,partial,weak,overhead-mention,8,"thenumberoflayersofprimitivecircuits) ber of qubits for sparser graphs that require an O(n) and qubit number n (which is to say the number of routing overhead [33]. qubits the circuit acts on). Our methodology is in- Secondly,thefunctionalmodelusedtoproducethe spired by volumetric benchmarks of quantum proc"
Cirstoiu et al. - 2023 - Volumetric Benchmarking of Error Mitigation with Qermit.pdf,Cirstoiu et al.,yes,partial,weak,overhead-mention,8,"Determinethemedianrelativeerrorofmitigation N a good estimator of ⟨O⟩ with high accuracy and due over the sampled circuits to the additional sampling overhead error mitigation will not, on average, improve upon that estimator for ϵ¯=medC i=1 [ϵ i (O,n,d)]. afixedshotbudget. Typicallyerrormitigationstrate- g"
Cirstoiu et al. - 2023 - Volumetric Benchmarking of Error Mitigation with Qermit.pdf,Cirstoiu et al.,yes,partial,weak,scaling-mention,5,"t ingcircuitisaccepted/rejectedaccordingtoa(usually problem-dependent) user-defined maximal likelihood Several options exist in Qermit for both noise scaling function. A second option, implemented in Qermit, and extrapolation to the zero noise limit. Each noise and used in the experiments of Section 5 repl"
Cirstoiu et al. - 2023 - Volumetric Benchmarking of Error Mitigation with Qermit.pdf,Cirstoiu et al.,yes,partial,weak,scaling-mention,6,"gn lels in Fig. 2. Indeed the iFoldMitEx contains a MitEx TaskGraph, which we do not expand for succinctness, as well as a MitTask perfoing the noise scaling. Herewedevelopabenchmarkprocedurewhichcanbe used to compare error mitigation methods on differ- ent backends. To assess the performance of an error w"
Cirstoiu et al. - 2023 - Volumetric Benchmarking of Error Mitigation with Qermit.pdf,Cirstoiu et al.,yes,partial,weak,scaling-mention,8,h a fixed set of total resources R. We if the architecture has a restricted topology then this employ circuit classes with increasing depth d (as de- scaling can even depend exponentially on the num- terminedbythenumberoflayersofprimitivecircuits) ber of qubits for sparser graphs that require an O(n) and q
Cirstoiu et al. - 2023 - Volumetric Benchmarking of Error Mitigation with Qermit.pdf,Cirstoiu et al.,yes,partial,weak,scaling-mention,12,"f the architec- of λ = 1,3,5,7,9 times. The shot budget is dis- ture, availablegateset, andanexpansionofthenoise tributed equally between these noise scaling values. model to include thermal relaxation and readout er- Curve fitting is achieved via a least-square optimisa- rors,inadditiontoalocaldepolarisin"
Cirstoiu et al. - 2023 - Volumetric Benchmarking of Error Mitigation with Qermit.pdf,Cirstoiu et al.,yes,partial,weak,scaling-mention,16,"gation schemes, or techniques which make such ex- verifying the predicted scaling. Secondly we imagine tensive use of device characteristics. However, this that our techniques could be used to explore more indicates that Qermit’s c"
Cirstoiu et al. - 2023 - Volumetric Benchmarking of Error Mitigation with Qermit.pdf,Cirstoiu et al.,yes,partial,weak,scaling-mention,18,"arXiv: 1810.04681 [quant-ph]. J. Zeng. “Extending quantum probabilistic er- [40] Sergio Boixo et al. “Characterizing quan- ror cancellation by noise scaling”. In: Physical tum supremacy in near-term devices”. In: Na- Review A 104.5 (Oct. 2021). issn: 2469-9934. ture Physics 14.6 (June 2018), pp. 595–600."
Cirstoiu et al. - 2023 - Volumetric Benchmarking of Error Mitigation with Qermit.pdf,Cirstoiu et al.,yes,partial,weak,scaling-mention,20,"has the required inputs: backend, 14 graph = cdr_mitex.get_task_graph() the backend on which the circuits will be run; and produces the output: noise scaling list, a list of factors by which the 1 {(Zq[1], Zq[2]): -1.00000000000000} noise is scaled. Optionally the type of folding used canbespecifiedviathe"
Cirstoiu et al. - 2023 - Volumetric Benchmarking of Error Mitigation with Qermit.pdf,Cirstoiu et al.,yes,partial,weak,scaling-mention,28,"Figure 15: Data is as in Fig. 8a and Fig. 8b, with a qubit number of two. Error bars show one standard deviation. where |λ| is the number of noise scaling values, and where we have assumed Var (cid:2)log(cid:0) Dq (cid:1)(cid:3)=Var h log (cid:16) ⟨O ˆ ⟩ (cid:17)i , ∀i. (43) λi N Assuming further that σ"
Cirstoiu et al. - 2023 - Volumetric Benchmarking of Error Mitigation with Qermit.pdf,Cirstoiu et al.,yes,partial,weak,sample-complexity,2,"e, which we use to [23, 24] have also exploited these common features identify classes of computations where error mitiga- to analyse the overhead in sample complexity, and to tion may be used fruitfully. Taking a volumetric ap- determine(universal)lowerbounds. Ourapproachfo- proach ensures that results of these ben"
Cirstoiu et al. - 2023 - Volumetric Benchmarking of Error Mitigation with Qermit.pdf,Cirstoiu et al.,yes,partial,weak,sample-complexity,8,data collection cussed in Ref. [16] and recent work [23] derives theo- step) and recall that n are the number of indepen- retical lower bounds on the sample complexity over- i dent samples {Z }ni each with variance σ2. headoferrormitigationintermsofthemaximalnoise s s=1 i bias and distinguishability measures. In par
Czarnik et al. - 2021 - Error mitigation with Clifford quantum-circuit data.pdf,Czarnik et al.,yes,partial,weak,cost-mention,4,"the obtainedwith16384shotspercircuitand70near-Cliffordcir- numberofsystemqubits, pisthenumberofQAOArounds, cuits in the training sets. The total shot cost of mitigation and N is the number of non-Clifford gates in the training is 1.16×106 shots per circuit of interest. circuits. Thenoisyresultsareobtainedwith16384sho"
Czarnik et al. - 2021 - Error mitigation with Clifford quantum-circuit data.pdf,Czarnik et al.,yes,partial,weak,cost-mention,4,"5536shotspercircuit inthecaseof(a). Thetrainingsetscontain70near-Clifford two-qubit entangling gates per pair of neighboring circuits. The total shot cost of mitigation is 1.16×106 and qubits than the ansatzes used to demonstrate quan- 4.65×106 shots per minimum, respectively. tum supremacy [2]. We note that the larg"
Czarnik et al. - 2021 - Error mitigation with Clifford quantum-circuit data.pdf,Czarnik et al.,yes,partial,weak,scaling-mention,3,"dingC bythetrainingsizeandthentaking and H =− P σjσj0 . Then the QAOA is the square root (see Appendix C for more details). 1 hj,j0i Z Z To study the scaling behavior, we also imple- Y eiβjH2eiγjH1(|+i)⊗Q, (5) ment this problem using a classical matrix-product- state [20] simulator and full density matrix"
Czarnik et al. - 2021 - Error mitigation with Clifford quantum-circuit data.pdf,Czarnik et al.,yes,partial,weak,scaling-mention,5,"antum circuits with6ofthetotal12non-CliffordgatesreplacedbyClifford gates (see Appendix E for a circuit diagram). and 360 non-Clifford rotations. The scaling results presented in Figs. 3, 4 were ob- tained with 70 circuits in the training set and 16384 fluctuations in the energy, i.e., very different noisy"
Czarnik et al. - 2021 - Error mitigation with Clifford quantum-circuit data.pdf,Czarnik et al.,yes,partial,weak,scaling-mention,5,"ies is not necessary to achieve a high quality to start with. For more details, see Appendix F. correction with CDR. To give further insight into the scaling with Q, 3.3 Implementation for phase estimation we show the results for individual optimization in- stances in Fig. 5. Interestingly, Fig. 5 shows th"
Czarnik et al. - 2021 - Error mitigation with Clifford quantum-circuit data.pdf,Czarnik et al.,yes,partial,weak,scaling-mention,6,"lled e−iHt gate to the state |χi [43]. ware will be important, as will be further studying We performed error mitigation of he−iH˜ti for a three- the scaling of our method’s performance with cir- qubit Max-Cut Hamiltonian H˜ = 1(σ1σ2 +σ1σ3 + cuitdepthandproblemsize. Furthermore,additional 6 Z Z Z Z σ2σ3),"
Czarnik et al. - 2021 - Error mitigation with Clifford quantum-circuit data.pdf,Czarnik et al.,yes,partial,weak,scaling-mention,6,"Beyond Moore’s Law alternatives. Additionally, circuit compilation tech- project. This work was also supported by the U.S. niques used here have cost scaling exponentially with Department of Energy (DOE), Office of Science, Of- the numbers of qubits [12] restricting their usability fice of Advanced Scienti"
Czarnik et al. - 2021 - Error mitigation with Clifford quantum-circuit data.pdf,Czarnik et al.,yes,partial,weak,scaling-mention,9,"r bars The classical resources scale polynomially with in- In the main text, we display error bars on the cor- creasing number of the Clifford gates. Scaling of rected observables obtained by the CDR method. ξ and i needs to be analyzed empirically. We Theseerrorbarsaremeanttoconveyone’sconfidence MCMC 0 o"
Czarnik et al. - 2021 - Error mitigation with Clifford quantum-circuit data.pdf,Czarnik et al.,yes,partial,weak,scaling-mention,10,"viations, general directly adjust λ, under the assumption that wherethestandarddeviationisgivenby p C/(L−1), the form of L is invariant under time re-scaling and whereListhenumberofstatesinthetrainingsetS . independent of K(t), one can in effect increase λ. ψ Increasingλisaccomplishedbyincreasing(stretch-"
Dutkiewicz et al. - 2025 - Error Mitigation and Circuit Division for Early Fault-Tolerant Quantum Phase Estimation.pdf,Dutkiewicz et al.,yes,yes,strong,exponential-overhead,2,"framework that jointly opti- constant factor requirements of fault tolerance, but results mizes QEC, mitigation, and algorithm design for early in an exponential overhead with increasing circuit depth fault-tolerantquantumcomputation.Specifically,westudy and error rate [38–43]. A wide range of EM techniques thetrade-of"
Dutkiewicz et al. - 2025 - Error Mitigation and Circuit Division for Early Fault-Tolerant Quantum Phase Estimation.pdf,Dutkiewicz et al.,yes,yes,strong,factor-of-N,4,"s the range of errors and noise rates considered, the circuitswithaquadraticoverheadM ∼R2 [13,23,63].As performance of both estimators falls within a factor of 10 these methods rely on measuring expectation values of of the information-theoretic bounds, which places a limit Hadamard-test-like circuits, they are"
Dutkiewicz et al. - 2025 - Error Mitigation and Circuit Division for Early Fault-Tolerant Quantum Phase Estimation.pdf,Dutkiewicz et al.,yes,yes,strong,factor-of-N,7,"[2,3]. As illustrated in Fig. 3, with current darddeviationof(cid:10)φ =(cid:10)E/λ(whereλisthequbitization methods, qubit counts can be reduced by a factor of 2–3, 1-norm).(Notethatthisisdieff rentthanrequiringprecision but with significant overheads of a factor of 10–100 in (cid:10)φ with a fixed success pro"
Dutkiewicz et al. - 2025 - Error Mitigation and Circuit Division for Early Fault-Tolerant Quantum Phase Estimation.pdf,Dutkiewicz et al.,yes,yes,strong,factor-of-N,7,"methods, qubit counts can be reduced by a factor of 2–3, 1-norm).(Notethatthisisdieff rentthanrequiringprecision but with significant overheads of a factor of 10–100 in (cid:10)φ with a fixed success probability, which is a common run-time. This result, while somewhat sobering for early choice in the literatur"
Dutkiewicz et al. - 2025 - Error Mitigation and Circuit Division for Early Fault-Tolerant Quantum Phase Estimation.pdf,Dutkiewicz et al.,yes,yes,strong,factor-of-N,11,"ialbenefitofcircuitdivisioninanearlyfault-tolerant tor of 2 reduction in the number of physical qubits with setting. R≈40, but it would appear that a factor of 10 reduction would require R to be unfeasibly large. While the model Definition1. Acircuitdivisionofaquantumalgorithm of errors that we have considered"
Dutkiewicz et al. - 2025 - Error Mitigation and Circuit Division for Early Fault-Tolerant Quantum Phase Estimation.pdf,Dutkiewicz et al.,yes,yes,strong,factor-of-N,27,"cid:29) y ∼(cid:2) Q(y) b2 C≈20, we find the overhead from mitigating local Pauli lim T2 (cid:27) c (cid:29) (cid:28) ≤ . (92) noise to be a constant factor of 7 larger. As the bound in T→∞ E s2 c (y)(cid:29) y ∼P c (y) 2 a2c2 Theorem10holdsforarbitraryadversarialnoise,whilethe expression in Theorem 8 saturate"
Dutkiewicz et al. - 2025 - Error Mitigation and Circuit Division for Early Fault-Tolerant Quantum Phase Estimation.pdf,Dutkiewicz et al.,yes,yes,strong,factor-of-N,30,"firstbeen CCSD mEh.ConsistentwithwhathasbeenreportedinRef.[94], symmetry shifted as proposed in Ref. [85]. This means we have also observed roughly a factor of 2 reduction of finding shifts a and a and modifying the molecular 1 2 thelambdavalueduetosymmetryshifting. Hamiltonian H by adding powers of the total-"
Dutkiewicz et al. - 2025 - Error Mitigation and Circuit Division for Early Fault-Tolerant Quantum Phase Estimation.pdf,Dutkiewicz et al.,yes,yes,weak,overhead-mention,1,"the two-dimensional Hubbard model and various molecular Hamiltonians,wefindthatwecanroughlyhalvethenumberofphysicalqubitswitha∼10timeswall- clocktime overhead,butthat further reductioncausesa steeprun-time increase.This workprovidesan end-to-endanalysisofearlyfault-tolerancecostreductionsandspace-timetrade-"
Dutkiewicz et al. - 2025 - Error Mitigation and Circuit Division for Early Fault-Tolerant Quantum Phase Estimation.pdf,Dutkiewicz et al.,yes,yes,weak,overhead-mention,2,"at jointly opti- constant factor requirements of fault tolerance, but results mizes QEC, mitigation, and algorithm design for early in an exponential overhead with increasing circuit depth fault-tolerantquantumcomputation.Specifically,westudy and error rate [38–43]. A wide range of EM techniques thetrade-of"
Dutkiewicz et al. - 2025 - Error Mitigation and Circuit Division for Early Fault-Tolerant Quantum Phase Estimation.pdf,Dutkiewicz et al.,yes,yes,weak,overhead-mention,2,"representations of the desired phase. naturalnoisemodelsbasedonlocalPaulierrors,weupper These QFT-based QPE algorithms achieve the Heisen- bound the overhead of our method relative to the global- berg limit, the information-theoretic optimum for phase depolarizing-noisecasebyafactorof7.Finally,wepresent es"
Dutkiewicz et al. - 2025 - Error Mitigation and Circuit Division for Early Fault-Tolerant Quantum Phase Estimation.pdf,Dutkiewicz et al.,yes,yes,weak,overhead-mention,3,"raintimposedby ational algorithms [76,77]. These are not known to be the device (e.g., the number of available physical qubits). noise robust and the overhead in most cases is exponen- The comparison of the standard fault-tolerant algorithm tial in the number of cuts. For a c ircuit-division protocol design"
Dutkiewicz et al. - 2025 - Error Mitigation and Circuit Division for Early Fault-Tolerant Quantum Phase Estimation.pdf,Dutkiewicz et al.,yes,yes,weak,overhead-mention,3,"algorithm tial in the number of cuts. For a c ircuit-division protocol design process with our early fault-tolerant framework is to be practical, its overhead M/R needs to be reason- illustrated in Fig. 1. We choose this top-down approach able. Furthermore, the classical postprocessing should be to early fa"
Dutkiewicz et al. - 2025 - Error Mitigation and Circuit Division for Early Fault-Tolerant Quantum Phase Estimation.pdf,Dutkiewicz et al.,yes,yes,weak,overhead-mention,3,"be further employed to boost the robustness of circuit-division protocols to the remaining A.Circuitdivisionanderrormitigation subcircuit faults. The overhead of EM typically depends In order to adapt our quantum algorithm to a range of on the subcircuit fidelity F [37], which can be controlled noise rates"
Dutkiewicz et al. - 2025 - Error Mitigation and Circuit Division for Early Fault-Tolerant Quantum Phase Estimation.pdf,Dutkiewicz et al.,yes,yes,weak,overhead-mention,4,"modelsexpectedto We give the algorithm in Sec. IVC 2 and prove the characterizeresiduallogicalerror.EMintroducesacircuit- followingresult. repetition overhead that scales inverse polynomially with thecircuitfidelityF. Theorem 1 (Theorem 6, informal). Given an initial Oursecondcontributionistostudyhowoverhea"
Dutkiewicz et al. - 2025 - Error Mitigation and Circuit Division for Early Fault-Tolerant Quantum Phase Estimation.pdf,Dutkiewicz et al.,yes,yes,weak,overhead-mention,5,"EARLYFAULT-TOLERANTQUANTUMPHASEESTIMATION... PRXQUANTUM6,040318(2025) repetitions) translates to an overhead in the cost of error- Our protocol, detailed in Sec. IV E 1, is based on mitigated QPE (in terms of the number of calls to a noisy rewriting the dist"
Dutkiewicz et al. - 2025 - Error Mitigation and Circuit Division for Early Fault-Tolerant Quantum Phase Estimation.pdf,Dutkiewicz et al.,yes,yes,weak,overhead-mention,5,distribution P(x) that describes the out- implementation of the unitary operator). We find that this comesxofanoiselesscircuitasanonconvexcombination overhead can be suppressed logarithmically due to circuit of distributions(cid:3)Q j (x) that can be sampled on the noisy division. device:P(x)= α Q (x).Thisc
Dutkiewicz et al. - 2025 - Error Mitigation and Circuit Division for Early Fault-Tolerant Quantum Phase Estimation.pdf,Dutkiewicz et al.,yes,yes,weak,overhead-mention,5,"elessdistribution,theexpectedvalueof mitigation scheme for expectation values with a sample the log-likelihood function L¯(φ) can then be expanded in overhead scaling with a power of the circuit fidelity F−ν, termsofQ : j one can obtain an unbiased error-mitigation scheme for (cid:4) single-control phase es"
Dutkiewicz et al. - 2025 - Error Mitigation and Circuit Division for Early Fault-Tolerant Quantum Phase Estimation.pdf,Dutkiewicz et al.,yes,yes,weak,overhead-mention,5,"ower of the circuit fidelity F−ν, termsofQ : j one can obtain an unbiased error-mitigation scheme for (cid:4) single-control phase estimation with an overhead propor- L¯(φ)= α E[logP(x|φ)|x ∼Q (x)]. (1) j j tional to νγ/(cid:4), where (cid:4) is the precision of the estimate j andγ ≤1/ν isthenoiseratepercal"
Dutkiewicz et al. - 2025 - Error Mitigation and Circuit Division for Early Fault-Tolerant Quantum Phase Estimation.pdf,Dutkiewicz et al.,yes,yes,weak,overhead-mention,5,"derGDN Explicitunbiasing C =(cid:9)F−4 CQPE(γ,(cid:4))≤ a(cid:9)emax(4bγ ,1) Probabilisticerrorcancellation, em em π (cid:4) virtualdistillation aThe overhead of echo verification (a.k.a. verified phase estimation) depends on the assumptions on the circuit: if the cost of state preparation is negligible, it"
Dutkiewicz et al. - 2025 - Error Mitigation and Circuit Division for Early Fault-Tolerant Quantum Phase Estimation.pdf,Dutkiewicz et al.,yes,yes,weak,overhead-mention,5,"f echo verification (a.k.a. verified phase estimation) depends on the assumptions on the circuit: if the cost of state preparation is negligible, its overhead is postelection bounded; if the dominant cost comes from state preparation, it behaves like a rescalingtechniqueduetotherequireddoublingofthecircuitd"
Dutkiewicz et al. - 2025 - Error Mitigation and Circuit Division for Early Fault-Tolerant Quantum Phase Estimation.pdf,Dutkiewicz et al.,yes,yes,weak,overhead-mention,6,"ALICJADUTKIEWICZetal. PRXQUANTUM6,040318(2025) overhead of mitigating a more general noise channel is structure Hamiltonians for a selection of small to classi- approximatelyafactorof7(seeSec.IVE4). cally"
Dutkiewicz et al. - 2025 - Error Mitigation and Circuit Division for Early Fault-Tolerant Quantum Phase Estimation.pdf,Dutkiewicz et al.,yes,yes,weak,overhead-mention,7,"cuit- we outline a filtering procedure for the EUMLE, which depth enhancements are possible by combining error cor- could reduce the error-mitigation overhead toward the rectionwitherrormitigation.Asanticipated,itisapparent boundfrompostselection,potentiallyachievingafactorof thatthesimulationofchemistryism"
Dutkiewicz et al. - 2025 - Error Mitigation and Circuit Division for Early Fault-Tolerant Quantum Phase Estimation.pdf,Dutkiewicz et al.,yes,yes,weak,overhead-mention,8,"proach is to requireonlyonepreparationof|ψ(cid:7)foreachcircuitsample, assume that some combination of techniques will allow but introduce a sampling overhead scaling as O(a−2) and us to execute much larger circuits than we can on the requireQPEcircuitsofatleastdepthO((cid:10)−1)[98].Draw- noisydevicesoftod"
Dutkiewicz et al. - 2025 - Error Mitigation and Circuit Division for Early Fault-Tolerant Quantum Phase Estimation.pdf,Dutkiewicz et al.,yes,yes,weak,overhead-mention,8,inordertominimizetheresourcesrequired eigenstatescenarioisnontrivialandboundingtheresulting to perform the task in the absence of error. The focus on overhead is left to future work. All the options described early fault tolerance in these works appears mainly in the above establish a lower bound on the min
Dutkiewicz et al. - 2025 - Error Mitigation and Circuit Division for Early Fault-Tolerant Quantum Phase Estimation.pdf,Dutkiewicz et al.,yes,yes,weak,overhead-mention,9,"XQUANTUM6,040318(2025) 1.Combiningquantumerrormitigationandquantum D is the circuit depth, t is the time per gate, and γ2 is gate errorcorrection the overhead required to mitigate the logical errors using Earlyfault-tolerantquantumcomputerswillnotbeable PEC.Weoptimizeoverthechoiceofwhetherornottouse toarbit"
Dutkiewicz et al. - 2025 - Error Mitigation and Circuit Division for Early Fault-Tolerant Quantum Phase Estimation.pdf,Dutkiewicz et al.,yes,yes,weak,overhead-mention,9,"Weoptimizeoverthechoiceofwhetherornottouse toarbitrarilysuppresserrorrateswithanegligibleresource errorcorrectionandthecodedistanced,findingthechoice overhead, which makes it desirable to consider computa- thatallowsforthelargestDsuchthattheeeff ctivetimeper tions that can tolerate a nonzero error rate. Thi"
Dutkiewicz et al. - 2025 - Error Mitigation and Circuit Division for Early Fault-Tolerant Quantum Phase Estimation.pdf,Dutkiewicz et al.,yes,yes,weak,overhead-mention,11,"crete esti- on the required evolution by controlled-U in order to mate,letusconsider(cid:9)=10andG=106,whichimplies resolve an eigenvalue (without an overhead that grows thatweneedacodedistanceofd =11.Ifweletd(cid:12) bethe exponentially in the number of nearby eigenvalues). This code distance required for"
Dutkiewicz et al. - 2025 - Error Mitigation and Circuit Division for Early Fault-Tolerant Quantum Phase Estimation.pdf,Dutkiewicz et al.,yes,yes,weak,overhead-mention,21,"rtheMSQPEisveryclosetotheclassi- largernumberM ofshotsofnoisyquantumcircuits.The F calCramer-Raoboundforthedatataken,whiletheerrorof error-mitigation overhead C (F)=M /M depends on em F 1 RPEisabout50%aboveitsCramer-Raobound[Fig.8(b)]. thefidelityF =(cid:8)ψ|ρ|ψ(cid:7)towhichtheoriginalcircuitcan However, t"
Dutkiewicz et al. - 2025 - Error Mitigation and Circuit Division for Early Fault-Tolerant Quantum Phase Estimation.pdf,Dutkiewicz et al.,yes,yes,weak,overhead-mention,21,"ethe Var[O]=(cid:8)ψ|O2|ψ(cid:7)−(cid:8)ψ|O|ψ(cid:7)2. fundamentallimit0.89 4γ/3e≈1.7[88]. Error-mitigation techniques can be classified based on the overhead scaling as a function of F. If errors can be D.Error-mitigationoverheadforQPE detected deterministically and associated runs discarded, The depolariz"
Dutkiewicz et al. - 2025 - Error Mitigation and Circuit Division for Early Fault-Tolerant Quantum Phase Estimation.pdf,Dutkiewicz et al.,yes,yes,weak,overhead-mention,21,"PE detected deterministically and associated runs discarded, The depolarizing-noise model is a useful toy model error mitigation can be achieved with overhead C ∼ em to understand the idealized performance of a quantum F−1, which we term the postselection bound. This is algorithm (especially in terms of the"
Dutkiewicz et al. - 2025 - Error Mitigation and Circuit Division for Early Fault-Tolerant Quantum Phase Estimation.pdf,Dutkiewicz et al.,yes,yes,weak,overhead-mention,21,"ues would have on the results in Sec. IV C. Our on measuring a noisy signal and processing it classically primary result is to incorporate a fidelity overhead of Fα to remove the bias, which is estimated analytically under directlyintoourT optimizationforQPE.Wefindthatwe specificassumptionsontheproblemandno"
Dutkiewicz et al. - 2025 - Error Mitigation and Circuit Division for Early Fault-Tolerant Quantum Phase Estimation.pdf,Dutkiewicz et al.,yes,yes,weak,overhead-mention,21,"izingnoise[ 133] T to yield a multiplicative overall cost T →αT . This orwhentheeeff ctofthenoisecanbesimulatedeeff ctively tot tot suggests that the overhead for explicitly unbiased meth- [134]. Due to error propagation in the required rescaling, ods such as PEC [44,45] may be aoff rdable, but it also the"
Dutkiewicz et al. - 2025 - Error Mitigation and Circuit Division for Early Fault-Tolerant Quantum Phase Estimation.pdf,Dutkiewicz et al.,yes,yes,weak,overhead-mention,21,"for explicitly unbiased meth- [134]. Due to error propagation in the required rescaling, ods such as PEC [44,45] may be aoff rdable, but it also the overhead for these techniques is C ∼F−2: we call em suggests that improving error mitigation will yield little this the rescaling bound. Echo verification mat"
Dutkiewicz et al. - 2025 - Error Mitigation and Circuit Division for Early Fault-Tolerant Quantum Phase Estimation.pdf,Dutkiewicz et al.,yes,yes,weak,overhead-mention,22,"ng good characterization of the noise itself. In the of these circuits is bounded by F ≥e−γT, so the error- case(cid:3)of local stochastic noise, the overhead of PEC is mitigation overhead is bounded by C em (T,γ)≤(cid:9)eνγT. C ( |α |)2 ∝F−4 [37,44,45]. This can be interpreted TheQPEerror-mitigationoverhea"
Dutkiewicz et al. - 2025 - Error Mitigation and Circuit Division for Early Fault-Tolerant Quantum Phase Estimation.pdf,Dutkiewicz et al.,yes,yes,weak,overhead-mention,22,"e noise itself. In the of these circuits is bounded by F ≥e−γT, so the error- case(cid:3)of local stochastic noise, the overhead of PEC is mitigation overhead is bounded by C em (T,γ)≤(cid:9)eνγT. C ( |α |)2 ∝F−4 [37,44,45]. This can be interpreted TheQPEerror-mitigationoverheadisthencalculatedas em j j as"
Dutkiewicz et al. - 2025 - Error Mitigation and Circuit Division for Early Fault-Tolerant Quantum Phase Estimation.pdf,Dutkiewicz et al.,yes,yes,weak,overhead-mention,22,"/bν. For smaller error rates, we simply have to run RPE once while, U(ρ)=e −γ cUρcU†+(1−e −γ)N(ρ), (45) on every circuit, paying the error-mitigation overhead, boundedbyC (e−γb/(cid:4))=(cid:9)eνγb/(cid:4) asthemaximumdepth em which approximates the controlled unitary oracle cU, isb/(cid:4).Thetotalcostisbo"
Dutkiewicz et al. - 2025 - Error Mitigation and Circuit Division for Early Fault-Tolerant Quantum Phase Estimation.pdf,Dutkiewicz et al.,yes,yes,weak,overhead-mention,22,"cid:16) asthecostofestimatingφtoaccuracy(cid:4).Byanalogytothe CQPE(γ,(cid:4))≤ max ,1 . (48) em π (cid:4) definitionofC ,wedefinetheerror-mitigation overhead em forthisschemeasCQPE(γ,(cid:4))=T (γ,(cid:4))/T (0,(cid:4)). em tot tot The residual overhead even for γ →0 is due to (1) the fact that we are usin"
Dutkiewicz et al. - 2025 - Error Mitigation and Circuit Division for Early Fault-Tolerant Quantum Phase Estimation.pdf,Dutkiewicz et al.,yes,yes,weak,overhead-mention,22,"π (cid:4) definitionofC ,wedefinetheerror-mitigation overhead em forthisschemeasCQPE(γ,(cid:4))=T (γ,(cid:4))/T (0,(cid:4)). em tot tot The residual overhead even for γ →0 is due to (1) the fact that we are using single-control QPE circuits (factor Theorem 7 (Error-mitigation overhead for QPE). b/π), (2) t"
Dutkiewicz et al. - 2025 - Error Mitigation and Circuit Division for Early Fault-Tolerant Quantum Phase Estimation.pdf,Dutkiewicz et al.,yes,yes,weak,overhead-mention,22,"tot tot The residual overhead even for γ →0 is due to (1) the fact that we are using single-control QPE circuits (factor Theorem 7 (Error-mitigation overhead for QPE). b/π), (2) the assumption that the error-mitigation scheme Assumeanunbiasederror-mitigationschemeforexpecta- tionvalueswithoverheadC (F)=(ci"
Dutkiewicz et al. - 2025 - Error Mitigation and Circuit Division for Early Fault-Tolerant Quantum Phase Estimation.pdf,Dutkiewicz et al.,yes,yes,weak,overhead-mention,22,"an error-mitigated single-control QPE protocol that esti- fromquantumerrormitigation(andtheassociatedincrease mates φ to an accuracy (cid:4) with an overhead CQPE(γ,(cid:4))∝ inthecostofmeasurement),butnottheeeff ctofanyresid- em νγ/(cid:4) inthenumberofcallstoU,comparedtotheoptimal ualbiasb.Forallordersbe"
Dutkiewicz et al. - 2025 - Error Mitigation and Circuit Division for Early Fault-Tolerant Quantum Phase Estimation.pdf,Dutkiewicz et al.,yes,yes,weak,overhead-mention,25,"rem 8 using the regularized ∂φ [L c (φ)+B(φ)−B(φ)] φ=φ∗+bφ versionsofthelikelihoodL(cid:2) andscores . (cid:3) c c ∂ ∂2 Next, we calculate the sample overhead of this error- = ∂φ [L c (φ)] φ=φ∗ +bφ∂φ2 [L c (φ)] φ=φ∗ +O(b2 φ ). mitigation technique. This is defined as the ratio between (77) thenumberofsample"
Dutkiewicz et al. - 2025 - Error Mitigation and Circuit Division for Early Fault-Tolerant Quantum Phase Estimation.pdf,Dutkiewicz et al.,yes,yes,weak,overhead-mention,27,"theabovelimits, Comparing to Theorem 6, where T =Cγ(cid:4)−2 with (cid:27) (cid:29) (cid:28) tot E s2(y)(cid:29) y ∼(cid:2) Q(y) b2 C≈20, we find the overhead from mitigating local Pauli lim T2 (cid:27) c (cid:29) (cid:28) ≤ . (92) noise to be a constant factor of 7 larger. As the bound in T→∞ E s2 c (y)(ci"
Dutkiewicz et al. - 2025 - Error Mitigation and Circuit Division for Early Fault-Tolerant Quantum Phase Estimation.pdf,Dutkiewicz et al.,yes,yes,weak,overhead-mention,27,"id:28) 1 ≤B 1 . (93) 5.Improvingtheoverheadbyfiltering E s2(y)(cid:29) y ∼P (y) 2M (cid:2)T2 M (cid:2)T2 c c In order to improve the error-mitigation overhead of the EUMLE, we propose to combine the explicit unbias- Numerically, we find that the limits for T →∞ act ing method with a postselection method, wh"
Dutkiewicz et al. - 2025 - Error Mitigation and Circuit Division for Early Fault-Tolerant Quantum Phase Estimation.pdf,Dutkiewicz et al.,yes,yes,weak,overhead-mention,28,"hedetailsonthechoiceofthecenterandwidthofthefil- IV E 2. Depending on the chosen size of the filtering ter and the calculation of the filtering-EUMLE overhead, window (cid:10), the regularization constant c can be lowered arelefttofuturework. comparedtotheunfilteredcase,oritmaynotbeneededat all. F.Surface-c"
Dutkiewicz et al. - 2025 - Error Mitigation and Circuit Division for Early Fault-Tolerant Quantum Phase Estimation.pdf,Dutkiewicz et al.,yes,yes,weak,overhead-mention,28,"etheabove. Inthissection,weaimtobenchmarkourcircuit-division Definition 8. [Filtered EUMLE] Given the same QPE method and get an idea of the run-time overhead assumptions as in Definition 6, as well as an indica- implied by a limitation on the number of available phys- tor function R(x) (taking values in {0"
Dutkiewicz et al. - 2025 - Error Mitigation and Circuit Division for Early Fault-Tolerant Quantum Phase Estimation.pdf,Dutkiewicz et al.,yes,yes,weak,overhead-mention,28,"amorerealisticnoisemodel,thetechniques guess guess meanφ andvarianceσ2 ∝M (cid:2)−1. proposedinSec.IVEwouldneedtobeapplied,resulting in an additional overhead which depends strongly on the Thisresultcanbeprovenwiththesametechniqueasthe assumptionsaboutthenoisemodel. resultwithoutfilteringinTheorem8. The ass"
Dutkiewicz et al. - 2025 - Error Mitigation and Circuit Division for Early Fault-Tolerant Quantum Phase Estimation.pdf,Dutkiewicz et al.,yes,yes,weak,overhead-mention,29,"h#as$egradient noise. However, if we assume a local Pauli noise chan- + β +1 (102) nelwiththesameoverallerror-eventprobabilityasGDN, we can bound the overhead of EUMLE-based error miti- Thewalkoperatorhasthesamespectrumas±arccosH/λ, gation by a factor ≈7 (see Sec. IV E 4). Extending our where λ/t=8L2 is the"
Dutkiewicz et al. - 2025 - Error Mitigation and Circuit Division for Early Fault-Tolerant Quantum Phase Estimation.pdf,Dutkiewicz et al.,yes,yes,weak,overhead-mention,29,"(as in Ref. [6]), and using two factories to reduce 2,5,10,20. Increasing the error rate allowed shortens the the run-time. We assume 50% of routing overhead [11] largest circuit that is optimal to run (following Algorithm on top of the physical qubits used for data encoding and 5,T ≤γ−1).AswereduceT,wemus"
Dutkiewicz et al. - 2025 - Error Mitigation and Circuit Division for Early Fault-Tolerant Quantum Phase Estimation.pdf,Dutkiewicz et al.,yes,yes,weak,overhead-mention,32,"ieldanimprovementbyaboutafactorof scale quantum computation, Phys. Rev. A 86, 032324 2inthetotalrun-time. (2012). [9] A. G. Fowler and C. Gidney, Low overhead quantum ACKNOWLEDGMENTS computationusinglatticesurgery,ArXiv:1808.06709. [10] D. Litinski, A game of surface codes: Large-scale quan- We acknowledge"
Dutkiewicz et al. - 2025 - Error Mitigation and Circuit Division for Early Fault-Tolerant Quantum Phase Estimation.pdf,Dutkiewicz et al.,yes,yes,weak,cost-mention,5,"EARLYFAULT-TOLERANTQUANTUMPHASEESTIMATION... PRXQUANTUM6,040318(2025) repetitions) translates to an overhead in the cost of error- Our protocol, detailed in Sec. IV E 1, is based on mitigated QPE (in terms of the number of calls to a noisy rewriting the distribution P(x) that de"
Dutkiewicz et al. - 2025 - Error Mitigation and Circuit Division for Early Fault-Tolerant Quantum Phase Estimation.pdf,Dutkiewicz et al.,yes,yes,weak,scaling-mention,1,"rge. For ple, the use of Trotter-based simulation instead of meth- example, the combination of the two-dimensional surface ods with better asymptotic scaling has been shown codewithmagicstatedistillation[8–11]iscapableofuni- to oeff r lower costs for smaller systems [ 12,27,29,30]. versalquantumcomputation"
Dutkiewicz et al. - 2025 - Error Mitigation and Circuit Division for Early Fault-Tolerant Quantum Phase Estimation.pdf,Dutkiewicz et al.,yes,yes,weak,scaling-mention,5,"ribution,theexpectedvalueof mitigation scheme for expectation values with a sample the log-likelihood function L¯(φ) can then be expanded in overhead scaling with a power of the circuit fidelity F−ν, termsofQ : j one can obtain an unbiased error-mitigation scheme for (cid:4) single-control phase estimation"
Dutkiewicz et al. - 2025 - Error Mitigation and Circuit Division for Early Fault-Tolerant Quantum Phase Estimation.pdf,Dutkiewicz et al.,yes,yes,weak,scaling-mention,8,"case the techniques we explore may prove immediately with our algorithm, it requires long state- especiallyuseful. preparation circuits, with a cost scaling as O((cid:10)−1a−1). There is a growing body of work focused on under- Thiscostneedstobeaddedforeachcircuitsample,which standingandmaximizingthepower"
Dutkiewicz et al. - 2025 - Error Mitigation and Circuit Division for Early Fault-Tolerant Quantum Phase Estimation.pdf,Dutkiewicz et al.,yes,yes,weak,scaling-mention,8,"to requireonlyonepreparationof|ψ(cid:7)foreachcircuitsample, assume that some combination of techniques will allow but introduce a sampling overhead scaling as O(a−2) and us to execute much larger circuits than we can on the requireQPEcircuitsofatleastdepthO((cid:10)−1)[98].Draw- noisydevicesoftoday,butth"
Dutkiewicz et al. - 2025 - Error Mitigation and Circuit Division for Early Fault-Tolerant Quantum Phase Estimation.pdf,Dutkiewicz et al.,yes,yes,weak,scaling-mention,8,",we precisions are fixed, it is common to find that the simpler suggestthatearlyfault-tolerant-algorithm researchshould methods with worse asymptotic scaling (such as Trotter- prioritize optimizing initial state preparation and identi- ized time evolution) are superior to their asymptotically fying applica"
Dutkiewicz et al. - 2025 - Error Mitigation and Circuit Division for Early Fault-Tolerant Quantum Phase Estimation.pdf,Dutkiewicz et al.,yes,yes,weak,scaling-mention,16,"e ing the outcomes over many circuit runs would result in withsucffi ientlyhighconfidence.InRef.[ 72],theauthors T ∝γ1/3(cid:4)−2, as compared to the scaling T ∝γ(cid:4)−2 in optimize the number of measurements M of Algorithm 2 tot tot j the previous section for RPE. We would hope to recover to account for"
Dutkiewicz et al. - 2025 - Error Mitigation and Circuit Division for Early Fault-Tolerant Quantum Phase Estimation.pdf,Dutkiewicz et al.,yes,yes,weak,scaling-mention,21,"gnificant and both algorithms per- t form as in the noiseless case, achieving near-Heisenberg Definition 5 (Error mitigation for expectation values). scaling (cid:4) ∝1/T [Fig. 8(a)]. However, MSQPE has a Consider a quantum circuit that prepares a state |ψ(cid:7), a tot better scaling constant; it satisfie"
Dutkiewicz et al. - 2025 - Error Mitigation and Circuit Division for Early Fault-Tolerant Quantum Phase Estimation.pdf,Dutkiewicz et al.,yes,yes,weak,scaling-mention,21,"expectation values). scaling (cid:4) ∝1/T [Fig. 8(a)]. However, MSQPE has a Consider a quantum circuit that prepares a state |ψ(cid:7), a tot better scaling constant; it satisfies the Heisenberg limit noisy device that can run this circuit preparing a mixed (cid:4) ≈π/T , while RPE has a small gap (cid:4)"
Dutkiewicz et al. - 2025 - Error Mitigation and Circuit Division for Early Fault-Tolerant Quantum Phase Estimation.pdf,Dutkiewicz et al.,yes,yes,weak,scaling-mention,21,"epresenceofnoise,ratherthantheclassicalestimation in the large number of samples M (cid:2) →∞; otherwise, it routine performing badly. For MSQPE, the scaling factor converges to (cid:2) O→(cid:8)ψ|O|ψ(cid:7)+b, where we call b the is≈4√.9(whichisclosetotheanalyticalresultinTheorem bias. For an unbiased sch"
Dutkiewicz et al. - 2025 - Error Mitigation and Circuit Division for Early Fault-Tolerant Quantum Phase Estimation.pdf,Dutkiewicz et al.,yes,yes,weak,scaling-mention,21,"O]=(cid:8)ψ|O2|ψ(cid:7)−(cid:8)ψ|O|ψ(cid:7)2. fundamentallimit0.89 4γ/3e≈1.7[88]. Error-mitigation techniques can be classified based on the overhead scaling as a function of F. If errors can be D.Error-mitigationoverheadforQPE detected deterministically and associated runs discarded, The depolarizing-nois"
Dutkiewicz et al. - 2025 - Error Mitigation and Circuit Division for Early Fault-Tolerant Quantum Phase Estimation.pdf,Dutkiewicz et al.,yes,yes,weak,scaling-mention,32,"0.1% ((cid:5)),togetherwiththerequirementsforthecircuit-division [1] R. Acharya et al., (Google Quantum AI), Suppressing algorithm. quantum errors by scaling a surface code logical qubit, The costs of this standard approach should only be Nature614,676(2023). considered a reference and not a fair compariso"
Dutkiewicz et al. - 2025 - Error Mitigation and Circuit Division for Early Fault-Tolerant Quantum Phase Estimation.pdf,Dutkiewicz et al.,yes,yes,weak,scaling-mention,34,",B.R.Johnson,C.A.Ryan,andM.Steffen, [72] F. Belliardo and V. Giovannetti, Achieving Heisenberg Self-consistent quantum process tomography, Phys. Rev. scaling with maximally entangled states: An analytic A—At.,Mol.Opt.Phys.87,062119(2013). upper bound for the attainable root-mean-square error, [90] R.Blume-"
English et al. - 2025 - Ising on the donut Regimes of topological quantum error correction from statistical mechanics.pdf,English et al.,partial,yes,strong,factor-of-N,11,"errorchainsofweightL/2cause ≈ 2 − √2 a decoder failure only half the time, which introduces an where x = sgn(p p )(L/ξ)1/ν = (p p )L1/ν is additional factor of 1/2 to the prefactor. c c − − the scaling variable, and A ,A and A are con- This expression represents the leading-order contribu- 2 1 0 stants that re"
English et al. - 2025 - Ising on the donut Regimes of topological quantum error correction from statistical mechanics.pdf,English et al.,partial,yes,strong,factor-of-N,22,"gical operator l = d corre- sponds to straight lines across the code, of which there Withtheplanarcodepatch,therearenowhalfasmany are N (L) = 2L. The factor of 2 corresponds to hori- length d error chains since only horizontal chains exist. con zontal and vertical lines. These straight lines lead to an However"
English et al. - 2025 - Ising on the donut Regimes of topological quantum error correction from statistical mechanics.pdf,English et al.,partial,yes,weak,overhead-mention,1,"the thermodynamic logical error suppression below-threshold and resource limit, for a physical error rate below this critical value, requirements for overhead optimization. Yet, there are decoding success occurs with certainty. Above this criti- fewanalytictreatments, themostnotablebeingrigorous cal value,"
English et al. - 2025 - Ising on the donut Regimes of topological quantum error correction from statistical mechanics.pdf,English et al.,partial,yes,weak,overhead-mention,17,areexpectedtobeagenericfeatureofsuchcodes. Watson and Barrett [8] identified a small-p path- countingregimeandanear-thresholdscalingregimethat inform overhead estimates. Our results recover these A. Physical interpretation same limits quantitatively: (i) we reproduce the path- counting behaviour when p 1/L2
English et al. - 2025 - Ising on the donut Regimes of topological quantum error correction from statistical mechanics.pdf,English et al.,partial,yes,weak,overhead-mention,21,"77] S. Bravyi, A. W. Cross, J. M. Gambetta, D. Maslov, tiperiodic spin boundary conditions, we have P. Rall, and T. J. Yoder, High-threshold and low- overhead fault-tolerant quantum memory, Nature 627, (2sinh(2Jβ))L 2 2 (cid:18) 778 (2024). Z = Z (µ)+Z (µ) pp 2 1/2,1/2 0,1/2 [78] K.Chen,Y.Liu,Y.Zhang,Z.Lian"
English et al. - 2025 - Ising on the donut Regimes of topological quantum error correction from statistical mechanics.pdf,English et al.,partial,yes,weak,scaling-mention,1,"es. The performance of quantum error correction(QEC)isgenerallypredictedthroughlarge-scalenumericalsimulations,usedtoestimate thresholds, finite-size scaling, and exponential suppression of logical errors below threshold. The connection of QEC to models from statistical mechanics provides an alternative to"
English et al. - 2025 - Ising on the donut Regimes of topological quantum error correction from statistical mechanics.pdf,English et al.,partial,yes,weak,scaling-mention,1,"nics mappings involve random-bond disorder. Specifically, we intro- duce an effective surface tension model for the below-threshold regime, and a new scaling ansatz forthenear-thresholdregime,derivedfromananalysisofthegroundstateenergycostdistribution. By bridging statistical mechanics theory and quantum e"
English et al. - 2025 - Ising on the donut Regimes of topological quantum error correction from statistical mechanics.pdf,English et al.,partial,yes,weak,scaling-mention,1,"featuring tensor-network and Monte Carlo estimates of threshold J couplings [3]. The order-disorder phase transition of values [4–6] and finite-size scaling [7–9], these numeri- ± the statistical mechanical model corresponds to the log- cal approaches have delivered indispensable insights into ical thresh"
English et al. - 2025 - Ising on the donut Regimes of topological quantum error correction from statistical mechanics.pdf,English et al.,partial,yes,weak,scaling-mention,2,"e dis- theseinsightstonon-post-selectedsurfacecodes,propos- tance. ing effective surface tension and error function ans¨atze that capture finite-size scaling and below-threshold be- First, at sufficiently low physical error rates, the sys- haviour. Finally, in Section V, we extend the results tem is well d"
English et al. - 2025 - Ising on the donut Regimes of topological quantum error correction from statistical mechanics.pdf,English et al.,partial,yes,weak,scaling-mention,2,"tion,webrieflysummarizetheformalismand relationlengthiscomparabletothesystemsizefinite-size key results from the literature on statistical mechanical scaling describes the critical region around the threshold mappings of QEC codes that underpin our later analy- p c . Here, the scaling behaviour of logical"
English et al. - 2025 - Ising on the donut Regimes of topological quantum error correction from statistical mechanics.pdf,English et al.,partial,yes,weak,scaling-mention,2,"tatistical mechanical scaling describes the critical region around the threshold mappings of QEC codes that underpin our later analy- p c . Here, the scaling behaviour of logical failure rates is ses. We assume familiarity with stabilizer codes, logical governedbytheuniversalityclassofthephasetransition se"
English et al. - 2025 - Ising on the donut Regimes of topological quantum error correction from statistical mechanics.pdf,English et al.,partial,yes,weak,scaling-mention,2,"ain. [23]. We finally introduce key results from the spin-glass Fig. 1 provides (a) a schematic overview of this mapping literature, particularly the scaling of domain-wall free and (b) summarizes the resulting regimes along with (c) energy costs in random-bond Ising models [28, 29], see their physical int"
English et al. - 2025 - Ising on the donut Regimes of topological quantum error correction from statistical mechanics.pdf,English et al.,partial,yes,weak,scaling-mention,5,"ese two c phases. A key diagnostic inthesespin-glass studies is the scal- ing of the domain-wall energy cost ∆E with system size L. Understanding the scaling of this domain wall energy (a)Path-counting (b)Below-threshold costisnecessary, asthefailurerateofthequantumerror correcting code under consideration"
English et al. - 2025 - Ising on the donut Regimes of topological quantum error correction from statistical mechanics.pdf,English et al.,partial,yes,weak,scaling-mention,5,"isnecessary, asthefailurerateofthequantumerror correcting code under consideration depends explicitly on this energy cost, allowing us to connect the scaling of ∆E in the statistical mechanical model to that of the code’s logical failure rate. For such disordered statistical mechanical models, one finds ∆E"
English et al. - 2025 - Ising on the donut Regimes of topological quantum error correction from statistical mechanics.pdf,English et al.,partial,yes,weak,scaling-mention,5,"uationsim- corresponding to domain walls whose energy cost grows c part roughening to an otherwise predominantly straight in- sublinearly with L, the scaling of which we analyze in terface, yielding small-amplitude corrections on a straight detail later in this work. wall. (c) Near-threshold regime (p p ):"
English et al. - 2025 - Ising on the donut Regimes of topological quantum error correction from statistical mechanics.pdf,English et al.,partial,yes,weak,scaling-mention,5,"nwallfreeen- statistical mechanics which laid the groundwork for un- ergycosts. Inthissection,wemapthefullypost-selected derstanding universality and scaling behaviour near crit- toriccodeontotheclean2DIsingmodelonatorustoob- icality. tain a closed-form expression for the logical failure rate The partition"
English et al. - 2025 - Ising on the donut Regimes of topological quantum error correction from statistical mechanics.pdf,English et al.,partial,yes,weak,scaling-mention,9,ected to be valid when the system size L be- comescomparabletoβσ andthelogicalerrorprobability 0.8 is (1). In the next section we turn to finite-size scaling O theory to describe the logical failure rates in this critical 0.6 regime. 0.4 C. Near-threshold (critical) regime 0.2 As we approach the threshold
English et al. - 2025 - Ising on the donut Regimes of topological quantum error correction from statistical mechanics.pdf,English et al.,partial,yes,weak,scaling-mention,9,"β)=1/βσ(β) [53] and by differentiating σ asgiveninEq.(17)atβ itisstraightforwardtoconfirm c the known result that ν =1. We now define a dimensionless scaling variable x=(p p )L1/ν (L/ξ)1/ν. c − ≃ In the critical scaling regime we expect that P (p,L)=f[(p p )L1/ν]. (21) fail c − If we plot the logical error"
English et al. - 2025 - Ising on the donut Regimes of topological quantum error correction from statistical mechanics.pdf,English et al.,partial,yes,weak,scaling-mention,9,"tisstraightforwardtoconfirm c the known result that ν =1. We now define a dimensionless scaling variable x=(p p )L1/ν (L/ξ)1/ν. c − ≃ In the critical scaling regime we expect that P (p,L)=f[(p p )L1/ν]. (21) fail c − If we plot the logical error probability against x for all L then the data collapses onto"
English et al. - 2025 - Ising on the donut Regimes of topological quantum error correction from statistical mechanics.pdf,English et al.,partial,yes,weak,scaling-mention,9,"L)=f[(p p )L1/ν]. (21) fail c − If we plot the logical error probability against x for all L then the data collapses onto a single curve given by the scaling function f(x). Fig. 6 demonstrates this data collapse, particularly close to the phase transition. Once x 0 or x 0 (i.e., L ξ), the curves no longer"
English et al. - 2025 - Ising on the donut Regimes of topological quantum error correction from statistical mechanics.pdf,English et al.,partial,yes,weak,scaling-mention,9,"longer fall ≪ ≫ ≫ onto a single, L-independent line. Since we have an analytical solution to the 2D Ising model it is possible to see exactly how the scaling limit emerges from the solution. In fact the scaling function f could in principle be determined from the exact solution of the Ising model. We can a"
English et al. - 2025 - Ising on the donut Regimes of topological quantum error correction from statistical mechanics.pdf,English et al.,partial,yes,weak,scaling-mention,9,Since we have an analytical solution to the 2D Ising model it is possible to see exactly how the scaling limit emerges from the solution. In fact the scaling function f could in principle be determined from the exact solution of the Ising model. We can already see from our earlier discussion that f(0) = 1/
English et al. - 2025 - Ising on the donut Regimes of topological quantum error correction from statistical mechanics.pdf,English et al.,partial,yes,weak,scaling-mention,9,"can use the results of Ref. [54] to → find f′(0) → 1.6 ∞ 82 ≈ (seeAppendixE),whichagreeswiththeplotabove. Be- low, we show explicitly how finite-size scaling behaviour arisesfromthelow-momentummodesinthefree-fermion mapping in order to understand the regime of validity of the near-threshold regime. The fer"
English et al. - 2025 - Ising on the donut Regimes of topological quantum error correction from statistical mechanics.pdf,English et al.,partial,yes,weak,scaling-mention,9,"variable x=(p p )L,wherep = 1 isthecriticalerrorrate. Near − c c 2+√2 criticality,thefailurerateisexpectedtocollapseontoasingle curve, reflecting the scaling form P (p,L)=f(L/ξ), where fail the correlation length diverges as ξ p p c − ν, with ν =1 ∼| − | for the 2D Ising universality class. The central sha"
English et al. - 2025 - Ising on the donut Regimes of topological quantum error correction from statistical mechanics.pdf,English et al.,partial,yes,weak,scaling-mention,9,"cid:12) (β β c ) ≈ dβ(cid:12) − β=βc √2Jx =√2J(β β )= . (23) c − L This result implies that in the critical regime µ ξ−1, | | ∝ which is the expected scaling at the critical point. The small values of µ given by Eq. (23) and the dispersion relation (Eq. (22)) imply that there are numerous long- wavelength"
English et al. - 2025 - Ising on the donut Regimes of topological quantum error correction from statistical mechanics.pdf,English et al.,partial,yes,weak,scaling-mention,9,"are numerous long- wavelength low-frequency modes that will dominate the physics. Similarly, for the low-lying momentum modes relevant to finite-size scaling, π(n+α) k = n=0,1,..., L for small n. The smallness of µ and k as L (for → ∞ x= (1))justifiestheuseofsmall-angleapproximations O forsin(k),sinh(µ)inE"
English et al. - 2025 - Ising on the donut Regimes of topological quantum error correction from statistical mechanics.pdf,English et al.,partial,yes,weak,scaling-mention,10,"cancel out. This can- − cellation leaves the logical failure probability dependent The Kramers-Wannier duality mixes the different sec- solely on the scaling variable x = (β β )L, capturing tors of the partition functions as [57] c − the universal critical behaviour. Z (p) 1 1 1 1 Z (p∗) Theemergence"
English et al. - 2025 - Ising on the donut Regimes of topological quantum error correction from statistical mechanics.pdf,English et al.,partial,yes,weak,scaling-mention,10,"te ( r s i e s e -   Z Z p a a p ( ( p p ) )   = 2  1 1 − 1 1 − 1 1 − − 1 1     Z Z a pa p ( ( p p ∗ ∗ ) )   . (30) tic window where the scaling variable x is of order unity aa − − aa (e.g., x < c for some constant c). This observation So immediately it follows that | | provides the foundation"
English et al. - 2025 - Ising on the donut Regimes of topological quantum error correction from statistical mechanics.pdf,English et al.,partial,yes,weak,scaling-mention,10,"− aa (e.g., x < c for some constant c). This observation So immediately it follows that | | provides the foundation for expecting similar finite-size scaling behaviour in the non-post-selected toric code, al- [1 P (p)][1 P (p∗)]= 1 , (31) beitwithascalingvariablex=(p p )L1/ν,withν =1, − fail − fail 4 c − ̸"
English et al. - 2025 - Ising on the donut Regimes of topological quantum error correction from statistical mechanics.pdf,English et al.,partial,yes,weak,scaling-mention,11,"σ (p )=0. eff c 3. Near-threshold regime (critical): Near critical- A. Path-counting ity, low-momentum modes dominate the physics, where finite-size scaling theory dictates that the The derivation of the logical failure rate expression in logical failure rates depend only on the ratio L/ξ, the path-counti"
English et al. - 2025 - Ising on the donut Regimes of topological quantum error correction from statistical mechanics.pdf,English et al.,partial,yes,weak,scaling-mention,11,"the 2L L! failure rate for the surface code with bit-flip noise P (p,L)= p⌈L/2⌉, (32) fail L/2 ! L/2 ! in this regime is governed by the finite-size scaling ⌈ ⌉⌊ ⌋ ansatz where the L-dependent prefactor accounts for the num- 1 (cid:20) (cid:18) A x2+A x+A (cid:19)(cid:21) ber of distinct domain wall confi"
English et al. - 2025 - Ising on the donut Regimes of topological quantum error correction from statistical mechanics.pdf,English et al.,partial,yes,weak,scaling-mention,11,"er failure only half the time, which introduces an where x = sgn(p p )(L/ξ)1/ν = (p p )L1/ν is additional factor of 1/2 to the prefactor. c c − − the scaling variable, and A ,A and A are con- This expression represents the leading-order contribu- 2 1 0 stants that relate to the domain wall energy cost tion"
English et al. - 2025 - Ising on the donut Regimes of topological quantum error correction from statistical mechanics.pdf,English et al.,partial,yes,weak,scaling-mention,12,"sumably due to the entropic contributions of the much larger number of error configurations that can occur without post-selection. B. Below-threshold scaling As the physical error rate p increases beyond the nar- rowapplicabilityofpath-countingbutremainsbelowthe critical threshold p of the RBIM, the non-po"
English et al. - 2025 - Ising on the donut Regimes of topological quantum error correction from statistical mechanics.pdf,English et al.,partial,yes,weak,scaling-mention,12,"using minimum- m weight perfect matching. The quenched disorder present intheRBIMprohibitsasimpleanalyticevaluationofthe surface tension. However the scaling of the domain wall tensionisexpectedtoobeyaformulasimilartoEq.(17). When quenched disorder is introduced, the capillary wave fluctuations are suppres"
English et al. - 2025 - Ising on the donut Regimes of topological quantum error correction from statistical mechanics.pdf,English et al.,partial,yes,weak,scaling-mention,12,"ffectsareab- sorbed into other sub-leading corrections to the primary linearscaling. Accordingly,weleaveadetailedinvestiga- tion of this DPRE-related scaling to future studies. This leads us to postulate that the quenched average free energy cost of a domain wall is ∆F =σ (p)L+δ(p), (33) m eff where σ (p)"
English et al. - 2025 - Ising on the donut Regimes of topological quantum error correction from statistical mechanics.pdf,English et al.,partial,yes,weak,scaling-mention,14,"14 regime, we turn to the framework of finite-size scaling 4.6 theory. 4.4 4.2 C. Near-threshold 4.0 Having established the limitations of the below- 3.8 threshold regime description as p p , we now focus c →"
English et al. - 2025 - Ising on the donut Regimes of topological quantum error correction from statistical mechanics.pdf,English et al.,partial,yes,weak,scaling-mention,14,"shold regime description as p p , we now focus c → onthenear-thresholdregime,wherethebehaviourofthe logical failure rate P is governed by finite-size scaling 3.6 fail theory. Aconsequenceofintroducingquencheddisorder, 2 101 3 101 × × characteristic of the random-bond Ising model relevant L tonon-post-selec"
English et al. - 2025 - Ising on the donut Regimes of topological quantum error correction from statistical mechanics.pdf,English et al.,partial,yes,weak,scaling-mention,14,"ith L as ∆E Lθ where 0<θ <1 is the stiffness exponent that ∝ has been studied in the spin glass literature [33, 38–42]. Below, we analyze finite size scaling results for both the full ground state energy cost distribution and the logical error rate close to threshold. To simplify the initial presentation o"
English et al. - 2025 - Ising on the donut Regimes of topological quantum error correction from statistical mechanics.pdf,English et al.,partial,yes,weak,scaling-mention,14,"line is a linear regression fit based on theansatz∆E (L)=ALθ. Thefityieldsastiffnessexponent 0 of θ=0.242. probability is given as a function of the scaling variable x = (p p )L1/ν where ν is the scaling exponent of the c − RBIM. Thus we have (cid:90) 0 P (p,L)= d∆EP(∆E;p,L) fail −∞ 1 =f((p p c )Lν), (36)"
English et al. - 2025 - Ising on the donut Regimes of topological quantum error correction from statistical mechanics.pdf,English et al.,partial,yes,weak,scaling-mention,14,"satz∆E (L)=ALθ. Thefityieldsastiffnessexponent 0 of θ=0.242. probability is given as a function of the scaling variable x = (p p )L1/ν where ν is the scaling exponent of the c − RBIM. Thus we have (cid:90) 0 P (p,L)= d∆EP(∆E;p,L) fail −∞ 1 =f((p p c )Lν), (36) − wheref isthescalingfunction. Thegeneralscali"
English et al. - 2025 - Ising on the donut Regimes of topological quantum error correction from statistical mechanics.pdf,English et al.,partial,yes,weak,scaling-mention,15,"Whilethisapproximationneglectsthetruenon-Gaussian natureofthetails,whichcanintroducenon-universal,L- dependent corrections, it captures the dominant scaling behaviour. Thusweapproximatetheground-stateenergycostdis- tribution P(∆E;p,L) by a Gaussian with mean µ(p,L) andvarianceσ2(p,L). Thefailureprobabilit"
English et al. - 2025 - Ising on the donut Regimes of topological quantum error correction from statistical mechanics.pdf,English et al.,partial,yes,weak,scaling-mention,15,". (37) fail ≈ 2 − σ(p,L)√2 Giventheassumedscalingbehaviourofthelogicalfailure probability, we expect the ratio µ(p,L)/σ(p,L) to be a function of the scaling variable x = (p p )L1/ν near- c − threshold. Let us define µ(p,L) g(x)= . (38) σ(p,L) We analyze the ground state energy cost distribution found in s"
English et al. - 2025 - Ising on the donut Regimes of topological quantum error correction from statistical mechanics.pdf,English et al.,partial,yes,weak,scaling-mention,15,sing the pa- 2 1 0 rameters given in the main text. The collapse of data from varioussystemsizesontothissingleuniversalcurvevalidates the finite-size scaling hypothesis for the energy cost distribu- tion near the threshold. the mean and variance of the distribution. We plot the ratiog(x)inFig.13andobservev
English et al. - 2025 - Ising on the donut Regimes of topological quantum error correction from statistical mechanics.pdf,English et al.,partial,yes,weak,scaling-mention,15,"the threshold. the mean and variance of the distribution. We plot the ratiog(x)inFig.13andobserveverygooddatacollapse, indicating the quality of our scaling ansatz. We curve-fit a second-order polynomial to the ratio g(x), using the ansatzg(x)=B x2+B x+B . Thebest-fitparameters 2 1 0 extracted from this p"
English et al. - 2025 - Ising on the donut Regimes of topological quantum error correction from statistical mechanics.pdf,English et al.,partial,yes,weak,scaling-mention,15,"on structure of Eq. (37). The general form we consider is: (cid:18) (cid:19) 1 f (x)= 1 erf(G(x)/√2) , (39) erf 2 − where G(x) is a polynomial in the scaling variable x=(p p )L1/ν, and p and ν are also fitting param- c c − eters. The order of the polynomial G(x) determines the total number of free paramete"
English et al. - 2025 - Ising on the donut Regimes of topological quantum error correction from statistical mechanics.pdf,English et al.,partial,yes,weak,scaling-mention,16,"elevant range of physical er- ror probability shifts as the size of the system increases. The usual approach, such as in Ref. [7], Taylor expands the scaling function close to the point where the logi- FIG. 14. Logical failure rate P fail for the non-post-selected cal failure curves cross. As we have seen,"
English et al. - 2025 - Ising on the donut Regimes of topological quantum error correction from statistical mechanics.pdf,English et al.,partial,yes,weak,scaling-mention,16,"rs where P fail 1, making ≃ PyMatching with n=105 shots. locating the threshold by means of the crossing less ef- ficient. In general we believe that scaling ans¨atze that fit the data accurately in the region where the deriva- 1.041 0.002. Thefitalsorefinedthecriticalparameters tive of the failure probabi"
English et al. - 2025 - Ising on the donut Regimes of topological quantum error correction from statistical mechanics.pdf,English et al.,partial,yes,weak,scaling-mention,16,", ited diagnostic value; only in the narrow near-threshold whereas (2) is modestly offset; this is consistent with its window governed by finite-size scaling does P carry lower fitted p incorrectly centering the scaling variable fail c useful ‘distance-to-threshold’ information. x and biasing the intercept"
English et al. - 2025 - Ising on the donut Regimes of topological quantum error correction from statistical mechanics.pdf,English et al.,partial,yes,weak,scaling-mention,16,"reas (2) is modestly offset; this is consistent with its window governed by finite-size scaling does P carry lower fitted p incorrectly centering the scaling variable fail c useful ‘distance-to-threshold’ information. x and biasing the intercept B . Overall, all three meth- 0 ods place P (p ) in the narrow"
English et al. - 2025 - Ising on the donut Regimes of topological quantum error correction from statistical mechanics.pdf,English et al.,partial,yes,weak,scaling-mention,16,"re rate fit for precise thresh- old estimates and use the distribution-based collapse as V. DISCUSSION AND OUTLOOK a complementary cross-check of the scaling form. We compared the quadratic error function ansatz In this work, we have leveraged the exact solvability (Eq.(39))withseveralalternatives,includin"
English et al. - 2025 - Ising on the donut Regimes of topological quantum error correction from statistical mechanics.pdf,English et al.,partial,yes,weak,scaling-mention,17,"order is on the surface tension of domain walls. Near criticality, introduced, is rescaled by local pinning effects and the we showed how finite-size scaling manifests in the logical disorder modified stiffness. Across the ordered regime, failure rate through the domination of low-momentum δ(p) remains pos"
English et al. - 2025 - Ising on the donut Regimes of topological quantum error correction from statistical mechanics.pdf,English et al.,partial,yes,weak,scaling-mention,17,"ow a Kramers-Wannier underscorestheenergeticcontributionsfromdisorderbe- duality exactly mapped the failure rate in the below- yond the simple linear scaling with L, and can be di- threshold regime to a dual probability in the above- rectly related to the critical amplitude of P at thresh- fail threshold r"
English et al. - 2025 - Ising on the donut Regimes of topological quantum error correction from statistical mechanics.pdf,English et al.,partial,yes,weak,scaling-mention,17,"Ising model on the torus and distribution was used to propose a new ansatz for the derive closed-form expressions for P (p,L) for all p,L finite-size scaling function of the logical failure rate of fail in that setting, then transfer these insights to non-post- surface codes near threshold. We compared thi"
English et al. - 2025 - Ising on the donut Regimes of topological quantum error correction from statistical mechanics.pdf,English et al.,partial,yes,weak,scaling-mention,17,"ature, obtaining an order-of-magnitude latedthethresholdtocriticalphenomenaandprovideda improvementinthefittingaccuracywithequivalentnum- finite-size scaling analysis. The finite size scaling ansatz bers of free parameters. inRef.[7]involvedaTaylorexpansionofthescalingfunc- The consistent structure of thes"
English et al. - 2025 - Ising on the donut Regimes of topological quantum error correction from statistical mechanics.pdf,English et al.,partial,yes,weak,scaling-mention,17,tude latedthethresholdtocriticalphenomenaandprovideda improvementinthefittingaccuracywithequivalentnum- finite-size scaling analysis. The finite size scaling ansatz bers of free parameters. inRef.[7]involvedaTaylorexpansionofthescalingfunc- The consistent structure of these four opera- tion close to the po
English et al. - 2025 - Ising on the donut Regimes of topological quantum error correction from statistical mechanics.pdf,English et al.,partial,yes,weak,scaling-mention,17,"σ (p) (Fig. 9), ex- tation of the coefficients of exponential decay and (iii) eff hibitsamonotonicallydecreasingtrendwithp,vanishing we improve their scaling ansatz by deriving the scaling as p p as expected. This behaviour quantifies how function from the full distribution of domain wall energy c → the en"
English et al. - 2025 - Ising on the donut Regimes of topological quantum error correction from statistical mechanics.pdf,English et al.,partial,yes,weak,scaling-mention,17,"he coefficients of exponential decay and (iii) eff hibitsamonotonicallydecreasingtrendwithp,vanishing we improve their scaling ansatz by deriving the scaling as p p as expected. This behaviour quantifies how function from the full distribution of domain wall energy c → the energy cost of creating a system-"
English et al. - 2025 - Ising on the donut Regimes of topological quantum error correction from statistical mechanics.pdf,English et al.,partial,yes,weak,scaling-mention,18,"-temperature MLD or other decoders on the spe- and boundary condition effects govern performance at cific forms of σ (p) and δ(p), or the finite-size scaling eff small p while such boundary effects are not significant function, could be explored further. Additionally, while close to threshold. Our analysis"
English et al. - 2025 - Ising on the donut Regimes of topological quantum error correction from statistical mechanics.pdf,English et al.,partial,yes,weak,scaling-mention,18,"vyi and Vargo [49] used rare event Monte Carlo theenergycostdistributionleadingtotheerrorfunction (splitting) methods to estimate P (p,L) for surface scaling) would be desirable. Finally, the range of system fail codeswithholesuptoL 20,confirmingP e−α(p)L, sizesLandthenumberofshotsinournumericalsimula- fai"
English et al. - 2025 - Ising on the donut Regimes of topological quantum error correction from statistical mechanics.pdf,English et al.,partial,yes,weak,scaling-mention,18,"te α(p). Our analysis tions, while substantial, inherently limit the precision to replacessuchempiricaldecayratefitswithformulasfrom which asymptotic scaling behaviours can be confirmed, the clean Ising mapping, identifying α(p) = βσ (p) especially at extremely low p. eff as a domain wall surface tension."
English et al. - 2025 - Ising on the donut Regimes of topological quantum error correction from statistical mechanics.pdf,English et al.,partial,yes,weak,scaling-mention,18,"MPS-based approximation for depolarizing noise); our results are decoder-agnostic and provide parameter- Future work should determine the finite-size scaling interpretable fits for P (p,L) that can be applied to fail functionsgoverningfault-tolerantlogicaloperationssuch outputs of any MLD or MPD implementa"
English et al. - 2025 - Ising on the donut Regimes of topological quantum error correction from statistical mechanics.pdf,English et al.,partial,yes,weak,scaling-mention,18,"for the XY and logical features such as twist defects [76]. We expect XZZX surface codes under biased noise by choosing ro- that the underlying bulk scaling behaviour remains the tated boundaries that reduce a special disordered point same as in the defect-free case, with any deviations cap- to decoupled"
English et al. - 2025 - Ising on the donut Regimes of topological quantum error correction from statistical mechanics.pdf,English et al.,partial,yes,weak,scaling-mention,18,"by modified finite-size (or boundary) scal- mentary, providing closed-form P (p,L) for the unbi- fail ing functions. For instance, while the primary scaling ased, fully post-selected case and a physical identifica- variable x = (p p )L1/ν would retain its form, the c tion α(p) = βσ eff (p) that extends be"
English et al. - 2025 - Ising on the donut Regimes of topological quantum error correction from statistical mechanics.pdf,English et al.,partial,yes,weak,scaling-mention,18,"ters B characteriz- C. Realm of applicability and limitations ing the specific boundary conditions or geometry, distin- guishing it from an idealized scaling function f (x). 0 Our four-regime framework applies broadly to topo- Beyond these scaling investigations, the exploration of logical stabilizer codes"
English et al. - 2025 - Ising on the donut Regimes of topological quantum error correction from statistical mechanics.pdf,English et al.,partial,yes,weak,scaling-mention,18,"nditions or geometry, distin- guishing it from an idealized scaling function f (x). 0 Our four-regime framework applies broadly to topo- Beyond these scaling investigations, the exploration of logical stabilizer codes in two spatial dimensions, which newcodeconstructionsderivedfromstatisticalmechani- have"
English et al. - 2025 - Ising on the donut Regimes of topological quantum error correction from statistical mechanics.pdf,English et al.,partial,yes,weak,scaling-mention,19,"Research Council via the practical diagnostic: by fitting logical failure data to our Centre of Excellence in Engineered Quantum Systems finite-size scaling forms, one can extract a quantitative (EQUS) project number CE170100009, and by the ARO ‘distance-to-threshold’ metric. This would enable exper- thro"
English et al. - 2025 - Ising on the donut Regimes of topological quantum error correction from statistical mechanics.pdf,English et al.,partial,yes,weak,scaling-mention,20,"tion: growing T states as cheap as CNOT gates (2024), sition, Phys. Rev. B 79, 184402 (2009). arXiv:2409.17595 [quant-ph]. [38] R. Fisch, Finite-size scaling of the domain wall entropy [59] S.-H.Lee,F.Thomsen,N.Fazio,B.J.Brown,andS.D. distributionsforthe2D JIsingspinglass,J.Stat.Phys. Bartlett,Low-overhead"
English et al. - 2025 - Ising on the donut Regimes of topological quantum error correction from statistical mechanics.pdf,English et al.,partial,yes,weak,scaling-mention,24,"24 log(1−p)(1−2p) = log 1 + (p), so along the Nishimori From the RBIM mapping, the near-threshold finite- line p p O size scaling implies P fail (p,L) = f (cid:0) (p p c )L1/ν (cid:1) with − ν =1(empiricallyν 1.5forbit-flipnoise). Consistency (cid:20) (cid:18) (cid:19)(cid:21) α"
English et al. - 2025 - Ising on the donut Regimes of topological quantum error correction from statistical mechanics.pdf,English et al.,partial,yes,weak,scaling-mention,24,") = f (cid:0) (p p c )L1/ν (cid:1) with − ν =1(empiricallyν 1.5forbit-flipnoise). Consistency (cid:20) (cid:18) (cid:19)(cid:21) α(p) 1 ̸ ≈ with this scaling and the decay-rate definition implies σ(p)= =2J 1+ , β O log(1/p) that, as p p from below, c → i.e., σ(p) 2J with 1/log(1/p) corrections as p 0. α(p)"
English et al. - 2025 - Ising on the donut Regimes of topological quantum error correction from statistical mechanics.pdf,English et al.,partial,yes,weak,scaling-mention,24,". This viewpoint was c c − − O − introducedbyWatsonandBarrett[8],whoproposedthe so βσ vanishes linearly as p → p c , matching the finite- finite-size scaling ansatz P fail (p,L) = Ae−a|p−pc|νL, for size scaling analysis with ν = 1. Dividing by the ther- p < p which both guarantees exponential decay of logi"
English et al. - 2025 - Ising on the donut Regimes of topological quantum error correction from statistical mechanics.pdf,English et al.,partial,yes,weak,scaling-mention,24,"dBarrett[8],whoproposedthe so βσ vanishes linearly as p → p c , matching the finite- finite-size scaling ansatz P fail (p,L) = Ae−a|p−pc|νL, for size scaling analysis with ν = 1. Dividing by the ther- p < p which both guarantees exponential decay of logi- c modynamicβ accordingtotheNishimoriconditionsthen"
English et al. - 2025 - Ising on the donut Regimes of topological quantum error correction from statistical mechanics.pdf,English et al.,partial,yes,weak,scaling-mention,26,"26 Appendix E: Near-threshold expansion of fully Using the scaling identification µL = √2Jx (see post-selected toric code and the critical slope of the Eq. (23)), Eq. (E8) shows scaling function dP fail (cid:12) (cid"
English et al. - 2025 - Ising on the donut Regimes of topological quantum error correction from statistical mechanics.pdf,English et al.,partial,yes,weak,scaling-mention,26,"d expansion of fully Using the scaling identification µL = √2Jx (see post-selected toric code and the critical slope of the Eq. (23)), Eq. (E8) shows scaling function dP fail (cid:12) (cid:12) (cid:12) =4√J | η(i) | We follow Ref. [54] to derive the near-threshold ex- dx (cid:12) θ (i) + θ (i) + θ (i) pans"
English et al. - 2025 - Ising on the donut Regimes of topological quantum error correction from statistical mechanics.pdf,English et al.,partial,yes,weak,scaling-mention,26,"g. 6. With Z the fermionic partition functions at twist α,β (α,β) 0,1 2, one finds ∈{ 2} Appendix F: Supplementary analysis of 1 P = + near-threshold scaling of non-post-selected surface fail 2 codes sgnZ (µ) 0,0 , Z (µ)+Z (µ)+Z (µ)+sgnZ (µ) 1/2,1/2 0,1/2 1/2,0 0,0 This section provides additional technica"
English et al. - 2025 - Ising on the donut Regimes of topological quantum error correction from statistical mechanics.pdf,English et al.,partial,yes,weak,scaling-mention,26,"0 This section provides additional technical details and (E1) supporting results for Sec. IVC of the main text. We present the full derivation of the scaling form for the where sgn = sgn(T T ). Near the critical point µ = 0, − c domain-wall energy distribution, numerical evidence for it can be shown that c"
English et al. - 2025 - Ising on the donut Regimes of topological quantum error correction from statistical mechanics.pdf,English et al.,partial,yes,weak,scaling-mention,26,", (α,β)=(0,0), envelope, asymptoticconstraintsonthescalingfunction, α,β α,β 2 α,β ··· ̸ and a quantitative comparison of alternative finite-size (E2) scaling ans¨atze. These results provide justification for µ3 the modeling choices and parameter estimates reported Z 0,0 (µ)= | µ | Z 0 ′ ,0 (0)+ | 6 | Z 0 ′"
English et al. - 2025 - Ising on the donut Regimes of topological quantum error correction from statistical mechanics.pdf,English et al.,partial,yes,weak,scaling-mention,26,",0 (0)+ | 6 | Z 0 ′′ , ′ 0 (0)+ ··· . (E3) there. DefiningS :=Z (0)+Z (0)+Z (0),astan- 0 1/2,1/2 0,1/2 1/2,0 dard linearisation of Eq. (E1) gives 1. Scaling form for the domain wall energy 1 Z′ (0) distribution P = + 0,0 µ+ (µ2), (E4) fail 2 S O 0 In Sec. IVC we proposed that the distribution of do- where"
English et al. - 2025 - Ising on the donut Regimes of topological quantum error correction from statistical mechanics.pdf,English et al.,partial,yes,weak,scaling-mention,26,"Sec. IVC we proposed that the distribution of do- where we absorbed sgnZ into the signed µ so that the 0,0 main wall energy costs obeys a finite-size scaling form first correction is odd in µ. Following Eqs. (16) and (17) near the threshold. Here we present the derivation of of Ref. [54], evaluated at aspe"
English et al. - 2025 - Ising on the donut Regimes of topological quantum error correction from statistical mechanics.pdf,English et al.,partial,yes,weak,scaling-mention,26,"2)+2log η(i) + 1 . (F1) 0,0 π 2 | | O L2 (E6) ∆E (L) Lθ ((p p )L1/ν), (F2) 0 c ∼ F − Exponentiating and taking the ratio, the common expo- with G the scaling function, ∆E (L) representing the 0 nential factor cancels, giving characteristic energy scale and capturing subleading F Z 0 ′ ,0 (0) =√8L | η(i) |"
English et al. - 2025 - Ising on the donut Regimes of topological quantum error correction from statistical mechanics.pdf,English et al.,partial,yes,weak,scaling-mention,26,"L de ) n := tify ∆ ∆ E E (p 0 ( , L L ) ) w . i A th t S 0 θ 1/2,1/2 (i) + θ 0,1/2 (i) + θ 1/2,0 (i) 0 ⟨ ⟩ | | | | | | the critical point (p=p ), the scaling variable x=0, so (cid:18) (cid:19) c 1 is a constant, and the characteristic energy scales as + . (E7) F O L ∆E (L) Lθ. Changing variables via u = ∆E"
English et al. - 2025 - Ising on the donut Regimes of topological quantum error correction from statistical mechanics.pdf,English et al.,partial,yes,weak,scaling-mention,27,"27 Since P fail is known to be a universal function of 0.5 x=(p p )L1/ν, it follows that the scaling function c − G(u,x) must depend on p and L only through the scal- 0.4 ing variable x. In particular, at criticality (p = p ), the c domain wall energ"
English et al. - 2025 - Ising on the donut Regimes of topological quantum error correction from statistical mechanics.pdf,English et al.,partial,yes,weak,scaling-mention,27,"universal function G(u) using the Wasserstein metric. 2. Convergence of rescaled probability distribution to envelope Having established the expected scaling form for P (∆E;p,L), we next test whether the rescaled distri- fail butions at p=p converge to a single universal envelope c asL . Weassesstheconverg"
English et al. - 2025 - Ising on the donut Regimes of topological quantum error correction from statistical mechanics.pdf,English et al.,partial,yes,weak,scaling-mention,27,"creasing L provides evidence that the rescaled distributions converge toward a continuous universal envelope as L . →∞ 3. Asymptotic behaviour of the scaling function G(x) Having verified that the rescaled energy-cost distribu- tions converge to a universal form at criticality, we now considertheconstraint"
English et al. - 2025 - Ising on the donut Regimes of topological quantum error correction from statistical mechanics.pdf,English et al.,partial,yes,weak,scaling-mention,28,28 4. Comparison of alternative scaling ans¨atze withAICandBICpenalizingmodelswithmoreparame- performance ters. We compare all four ans¨atze by fitting them to the full dataset of logical f
English et al. - 2025 - Ising on the donut Regimes of topological quantum error correction from statistical mechanics.pdf,English et al.,partial,yes,weak,scaling-mention,28,enomenological error function model intro- ning the critical region (p = 0.08 to 0.12). The results duced in Sec. IVC against alternative finite-size scaling are summarized in Tab. I. ans¨atze. These comparisons test whether the observed scalingbehaviourandextractedparametersaresensitive to the specific fu
English et al. - 2025 - Ising on the donut Regimes of topological quantum error correction from statistical mechanics.pdf,English et al.,partial,yes,weak,scaling-mention,28,"). Appendix G: Assumptions and scope of applicability fail While both fitting procedures yield excellent data col- lapse and validate the finite-size scaling hypothesis, the In this section, we detail the assumptions under which significant difference in the extracted parameters (B i vs. the results presen"
English et al. - 2025 - Ising on the donut Regimes of topological quantum error correction from statistical mechanics.pdf,English et al.,partial,yes,weak,scaling-mention,28,", as these can often be mapped to The first alternative is a second-order polynomial in the models with surface code-like properties, consistent with scaling variable x = (p p c )L1/ν, augmented with a the aforementioned general results [78, 79]. Although − leading-order finite-size correction term depende"
English et al. - 2025 - Ising on the donut Regimes of topological quantum error correction from statistical mechanics.pdf,English et al.,partial,yes,weak,scaling-mention,29,"id:2) (cid:3) lengths and a well-defined universality class, allowing us ity therefore decays at least as fast as exp (Lθ1) , −O to apply finite-size scaling analysis on the logical failure ensuring arbitrarily reliable storage in the thermody- rate near-threshold. Data collapse analysis of P fail when nam"
English et al. - 2025 - Ising on the donut Regimes of topological quantum error correction from statistical mechanics.pdf,English et al.,partial,yes,weak,scaling-mention,29,"e thermody- rate near-threshold. Data collapse analysis of P fail when namic limit. Typically we expect θ 1 = 1 in the ordered re-parametrized by the scaling variable x = (p p c )Lν 1 regime, but for highly non-local interactions, it is con- − not only enables precise numerical determination of p c ceivabl"
English et al. - 2025 - Ising on the donut Regimes of topological quantum error correction from statistical mechanics.pdf,English et al.,partial,yes,weak,scaling-mention,29,"only on the scal- such disordered statistical mechanical models exhibiting ing variable x, confirming that the code’s performance is this superlinear scaling of the average domain wall free governed by the universal features of the underlying sta- energy(andthusaneffectivesurfacetensionwithθ 1 >1) tistical"
English et al. - 2025 - Ising on the donut Regimes of topological quantum error correction from statistical mechanics.pdf,English et al.,partial,yes,weak,scaling-mention,29,"independent logical operator indexed by m, disorder transition, and one finds the stated finite-size the disorder-averaged free energy cost satisfies scaling of the domain wall free energy. Under the above assumptions, the logical-error behaviour naturally splits [∆F(L m )] E c 1 Lθ1, c 1 >0, θ 1 >0. (G1)"
Etim and Szefer - 2025 - Fault Injection Attacks on Machine Learning-based Quantum Computer Readout Error Correction.pdf,Etim & Szefer,na,no,none,,,
Faculty of Engineering Kampala International University Uganda and Njoki - 2024 - Statistical Challenges and Opportunities in Quantum Computing A Review.pdf,Njoki,na,partial,weak,overhead-mention,2,"ges include [11]: remain in the field of QEC and error mitigation. One i. Error Syndrome Extraction: Statistical major challenge is the high resource overhead techniques are used to extract syndromes, associated with QEC codes, which requires a large which are patterns of measurement number of physical qubi"
Faculty of Engineering Kampala International University Uganda and Njoki - 2024 - Statistical Challenges and Opportunities in Quantum Computing A Review.pdf,Njoki,na,partial,weak,scaling-mention,5,"l, C., Strahm, M., Shi, J., Morris, G.M., T.I., et al, Google Quantum AI: Suppressing Benjamin, S.C., Deane, C.M.: The prospects of quantum errors by scaling a surface code quantum computing in computational logical qubit. Nature. 614, 676–681 (2023). molecular biology. WIREs Comput. Mol. Sci. https://doi."
Filippov et al. - 2023 - Scalable tensor-network error mitigation for near-term quantum computing.pdf,Filippov et al. (2023),yes,yes,strong,computational-cost,4,"vided the crosstalk noise affects the truncation error exhibits a transition to the order P √ nearest qubits). However, the relation γ ≈ γ of ϵ2. The computational cost of the MPO compression TEM PEC still remains because TEM has one contribution in the scales as χ3 N [33], and it thus outweighs the cost of max measurem"
Filippov et al. - 2023 - Scalable tensor-network error mitigation for near-term quantum computing.pdf,Filippov et al. (2023),yes,yes,weak,overhead-mention,1,"entationofinformationallycompletePOVMs,whichcan be achieved through randomised local measurements. The key advantage of TEM is that the mea- surement overhead is quadratically smaller than in PEC. We test TEM extensively in numerical simulations in different regimes. We find that TEM can be applied to circu"
Filippov et al. - 2023 - Scalable tensor-network error mitigation for near-term quantum computing.pdf,Filippov et al. (2023),yes,yes,weak,overhead-mention,1,n of a quan- probability distribution of the randomised noisy ones at tumstatebyusingitsclassicalshadows[26–28]. Notonly the expense of a measurement overhead (which quan- localbutalsonon-localobservablescanbeestimatedthis titatively shows the increase in the measurement out- way if IC measurements are opti
Filippov et al. - 2023 - Scalable tensor-network error mitigation for near-term quantum computing.pdf,Filippov et al. (2023),yes,yes,weak,overhead-mention,2,"Asallothernoisemitigationstrategies,TEMhasaside comes, we get an unbiased estimation S 1 (cid:80) k D k for the effect in the form of the measurement overhead (needed noisy density operator ϱ at the noisy circuit output; the to keep precision while estimating a desired observable). corresponding tensor netw"
Filippov et al. - 2023 - Scalable tensor-network error mitigation for near-term quantum computing.pdf,Filippov et al. (2023),yes,yes,weak,overhead-mention,2,"desired observable). corresponding tensor network is presented in Appendix The advantage of the proposed TEM is that the associ- D1. ated measurement overhead is less than that for PEC. For typical observables we get a quadratic advantage in If the observable O is a single Pauli string, it has a the measure"
Filippov et al. - 2023 - Scalable tensor-network error mitigation for near-term quantum computing.pdf,Filippov et al. (2023),yes,yes,weak,overhead-mention,2,"ess than that for PEC. For typical observables we get a quadratic advantage in If the observable O is a single Pauli string, it has a the measurement overhead. trivialtensornetworkdescriptionwithdisconnectedten- sors. Otherwise, O can be defined as a sum of weighted Paulistrings,withthecorrespondingtensorne"
Filippov et al. - 2023 - Scalable tensor-network error mitigation for near-term quantum computing.pdf,Filippov et al. (2023),yes,yes,weak,overhead-mention,4,sarenon-trivialPaulistringsσ = (cid:78)N−1σ . Then α m=0 αm N−1 ≈(1+ϵ)Id−ϵΛ and γ ≈1+2ϵ for this layer. P PEC PEC has two summands in the measurement overhead: the amplifying factor 1+ϵ and the negativity-induced FIG. 2. One iteration in the middle-out contraction: multi- contribution ϵ. plication of layer
Filippov et al. - 2023 - Scalable tensor-network error mitigation for near-term quantum computing.pdf,Filippov et al. (2023),yes,yes,weak,overhead-mention,4,"ϵ is quadraticimprovementinthemeasurementoverheadare small but non-zero, the expansion N ≈ Id+ϵΛ leads to given in Appendix K. Since the measurement overhead U◦N−1◦U−1 ≈Id−ϵU◦Λ◦U−1. Continuing this line scales exponentially with the circuit depth L, the im- of reasoning for iterative Eq. (1), we see that t"
Filippov et al. - 2023 - Scalable tensor-network error mitigation for near-term quantum computing.pdf,Filippov et al. (2023),yes,yes,weak,overhead-mention,4,"f the singular val- nents of which act trivially on all but a few qubits) has uesofMPOlinksjustifiesthisobservation(AppendixH). a smaller measurement overhead both in PEC [43] and Forthesufficientlylargebonddimensionχ exceeding max TEM due to the causal cone structure in its Heisenberg a certain threshold,"
Filippov et al. - 2023 - Scalable tensor-network error mitigation for near-term quantum computing.pdf,Filippov et al. (2023),yes,yes,weak,overhead-mention,4,"MPO compression TEM PEC still remains because TEM has one contribution in the scales as χ3 N [33], and it thus outweighs the cost of max measurement overhead in contrast to two contributions the MPO multiplication. in PEC. IV. MEASUREMENT OVERHEAD IN TEM V. RESULTS Similarly to PEC, TEM amplifies the measu"
Filippov et al. - 2023 - Scalable tensor-network error mitigation for near-term quantum computing.pdf,Filippov et al. (2023),yes,yes,weak,overhead-mention,4,"3 N [33], and it thus outweighs the cost of max measurement overhead in contrast to two contributions the MPO multiplication. in PEC. IV. MEASUREMENT OVERHEAD IN TEM V. RESULTS Similarly to PEC, TEM amplifies the measurement First, we show TEM for the discrete-time 10-qubit shot noise. The measurement overh"
Filippov et al. - 2023 - Scalable tensor-network error mitigation for near-term quantum computing.pdf,Filippov et al. (2023),yes,yes,weak,overhead-mention,4,"RHEAD IN TEM V. RESULTS Similarly to PEC, TEM amplifies the measurement First, we show TEM for the discrete-time 10-qubit shot noise. The measurement overhead γ is the ratio dynamics recently simulated on a digital quantum com- of standard deviations in estimations of the observable puter with PEC [21]. A s"
Filippov et al. - 2023 - Scalable tensor-network error mitigation for near-term quantum computing.pdf,Filippov et al. (2023),yes,yes,weak,overhead-mention,5,"s correspond to the estimation errors ∆O¯ , n.m. computed using Eq. (B.3). Bond dimension of the noise mitigation map is at most 400. (c) Measurement overhead in the numerical experiment (dots) as the ratio of the noise-mitigated and unmitigated estimation errors, ∆O¯ /∆O¯ , and the n.m. noisy theoretical p"
Filippov et al. - 2023 - Scalable tensor-network error mitigation for near-term quantum computing.pdf,Filippov et al. (2023),yes,yes,weak,overhead-mention,5,"ralldepthsL. Fig.4b L value of ∆O¯ n.m. ). This is due to the quadratic improve- depictstheresultstheTEMandZNEfor100qubitsand ment in the measurement overhead inherent in TEM. different depths L, up to L = 100 (for details on the Wevisualise the ratio ofthe noise-mitigated andunmiti- numerical simulations,"
Filippov et al. - 2023 - Scalable tensor-network error mitigation for near-term quantum computing.pdf,Filippov et al. (2023),yes,yes,weak,overhead-mention,5,"noise gain pa- simulation results agree with the theoretical predictions rameter in ZNE, the latter exhibits extrapolation insta- for the measurement overhead and confirm the relation bility for L ≥ 60 because the noisy and noise-amplified √ γ TEM ≈ γ PEC . observable estimates cluster around 0 (Appendix L)"
Filippov et al. - 2023 - Scalable tensor-network error mitigation for near-term quantum computing.pdf,Filippov et al. (2023),yes,yes,weak,overhead-mention,6,"nt 10,20,28,29,38,48,49,50,57,69,70,71,77,90,91,92,96 11,30 100 are used. TEM is run with the the bond dimension 700 and 3×105 shots. (d) Measurement overhead in PEC and TEM for both examples. absent for the considered observable [43], so the total are used in purely classical simulations of quantum cir- me"
Filippov et al. - 2023 - Scalable tensor-network error mitigation for near-term quantum computing.pdf,Filippov et al. (2023),yes,yes,weak,overhead-mention,6,"cir- measurementoverheadγ =γ¯NL growsexponentially cuitstoo. AnaturalquestionariseswhetherTEMisable PEC PEC in L. Fig. 4d shows that the measurement overhead in to outperform a classical tensor network simulation pro- TEM also grows exponentially but with a halved power, vided their bond dimensions coincid"
Filippov et al. - 2023 - Scalable tensor-network error mitigation for near-term quantum computing.pdf,Filippov et al. (2023),yes,yes,weak,overhead-mention,6,"module, so trivialPaulioperatorsinO(verticesforthecausalcones), the more correlations survive in the quantum processor, see Fig. 4c. The measurement overhead in this case is the less bond dimension is needed in TEM to achieve a slightly less than in the case of the heavy-Pauli-weight √ desired precision. o"
Filippov et al. - 2023 - Scalable tensor-network error mitigation for near-term quantum computing.pdf,Filippov et al. (2023),yes,yes,weak,overhead-mention,7,"M (ϱ)O]foranyinputstateϱandobservableO. simplifiesthemiddle-outcontraction,whilethemeasure- L In TEM, we truncate the map to prevent an exponen- ment overhead may not increase substantially. ZNE can tial scaling of the bond dimension, so we use a map M′ benefit from TEM as it can readily mitigate noise par-"
Filippov et al. - 2023 - Scalable tensor-network error mitigation for near-term quantum computing.pdf,Filippov et al. (2023),yes,yes,weak,overhead-mention,18,"erage c′ ≈( 1 ×1+15×(1−ϵ)−1)c ≈ (cid:0) 1+ 15ϵ(cid:1) c . These arguments are l 16 16 l 16 l directly applicable to the estimation of the measurement overhead (see Appendix K). 2. Global depolarising noise Suppose the noisy map N is an N-qubit global depolarising channel with the noise intensity ϵ, i.e., 1"
Filippov et al. - 2023 - Scalable tensor-network error mitigation for near-term quantum computing.pdf,Filippov et al. (2023),yes,yes,weak,overhead-mention,18,"e frequency, then on average c′ ≈ 1+ 1 (cid:80) ϵ c . These arguments are again directly applicable to the l 16 ij ij l estimation of the measurement overhead (see Appendix K)."
Filippov et al. - 2023 - Scalable tensor-network error mitigation for near-term quantum computing.pdf,Filippov et al. (2023),yes,yes,weak,overhead-mention,23,"inity of the value 1; however, the standard deviation ∆O¯ for the noise mitigated value increases. In the Ln.m. numerical experiment, the measurement overhead is the ratio γ = ∆O¯ /∆O¯ . The square γ2 quantifies the Ln.m. Lnoisy scaling factor for the number of shots needed to reduce ∆O¯ down to ∆O¯ . Ln.m."
Filippov et al. - 2023 - Scalable tensor-network error mitigation for near-term quantum computing.pdf,Filippov et al. (2023),yes,yes,weak,overhead-mention,25,"χ). Any desired power of ϵ is achievable with the bond dimension χ polynomially scaling in the number of circuit gates (∼NL). Appendix K: Measurement overhead In the proposed TEM strategy, the resulting estimation error ∆O¯ is greater than the noisy estimation ∆O¯ n.m. noisy due to the presence of inverse m"
Filippov et al. - 2023 - Scalable tensor-network error mitigation for near-term quantum computing.pdf,Filippov et al. (2023),yes,yes,weak,overhead-mention,25,"t but also on the observable O. For example, if O is close to the identity operator and the noise is unital, then ∆O¯ =∆O¯ manifesting no measurement overhead. n.m. noisy To make the last argument clearer and benchmark against the PEC measurement overhead, let us consider an exampleofthesingle-qubitdepolari"
Filippov et al. - 2023 - Scalable tensor-network error mitigation for near-term quantum computing.pdf,Filippov et al. (2023),yes,yes,weak,overhead-mention,25,"is unital, then ∆O¯ =∆O¯ manifesting no measurement overhead. n.m. noisy To make the last argument clearer and benchmark against the PEC measurement overhead, let us consider an exampleofthesingle-qubitdepolarisingnoiseN[ϱ]=(1−ϵ)ϱ+ϵtr[ϱ]1I. TheKraus-likerepresentationoftheinverse 2 map (which is neither co"
Filippov et al. - 2023 - Scalable tensor-network error mitigation for near-term quantum computing.pdf,Filippov et al. (2023),yes,yes,weak,overhead-mention,26,"vities in the quasiprobability (3× ϵ). In the TEM, the map N−1 4 4 is applied as a mathematical map in the classical post-processing. To estimate the overhead in this case, we formally consider the evolution of an observable O in the Heisenberg picture (N−1)† = N−1 (though the map N−1 is not completely posi"
Filippov et al. - 2023 - Scalable tensor-network error mitigation for near-term quantum computing.pdf,Filippov et al. (2023),yes,yes,weak,overhead-mention,26,"he map N−1 is not completely positive). If O is one of the Pauli operators, then N−1[I]=I, N−1[(X,Y,Z)]= 1 (X,Y,Z)≈(1+ϵ)×(X,Y,Z). 1−ϵ The measurement overhead in this case γ ≤ 1+ϵ < γ . If O has same-order contributions from all Pauli TEM PEC operators, then we get the averaged measurement overhead √ γ ≈ 1"
Filippov et al. - 2023 - Scalable tensor-network error mitigation for near-term quantum computing.pdf,Filippov et al. (2023),yes,yes,weak,overhead-mention,26,"surement overhead in this case γ ≤ 1+ϵ < γ . If O has same-order contributions from all Pauli TEM PEC operators, then we get the averaged measurement overhead √ γ ≈ 1 ×1+ 3 ×(1+ϵ)=1+ 3ϵ ≈ γ . (K.1) TEM 4 4 4 PEC In the TEM, there is only one contribution to γ associated with the amplification factor. TEM Th"
Filippov et al. - 2023 - Scalable tensor-network error mitigation for near-term quantum computing.pdf,Filippov et al. (2023),yes,yes,weak,overhead-mention,26,"(I⊗X,...,Z⊗Z). If the noise affects 2 of N qubits, then the observable’s Pauli substrings (affecting those 2 qubits) are relevant for the measurement overhead analysis. If most of the substrings are identity operators (as it happens for a low-Pauli-weight observable O), then the measurement overhead is negl"
Filippov et al. - 2023 - Scalable tensor-network error mitigation for near-term quantum computing.pdf,Filippov et al. (2023),yes,yes,weak,overhead-mention,26,"urement overhead analysis. If most of the substrings are identity operators (as it happens for a low-Pauli-weight observable O), then the measurement overhead is negligible (close to 1). Otherwise, if all 16 substrings appear with roughly the same frequency and the same-order coefficients, then we get the a"
Filippov et al. - 2023 - Scalable tensor-network error mitigation for near-term quantum computing.pdf,Filippov et al. (2023),yes,yes,weak,overhead-mention,26,"e to 1). Otherwise, if all 16 substrings appear with roughly the same frequency and the same-order coefficients, then we get the averaged measurement overhead √ γ ≈ 1 ×1+ 15 ×(1+ϵ)=1+ 15ϵ ≈ γ . (K.2) TEM 16 16 16 PEC If the circuit contains # 2-qubit depolarising maps, then the measurement overheads for a t"
Filippov et al. - 2023 - Scalable tensor-network error mitigation for near-term quantum computing.pdf,Filippov et al. (2023),yes,yes,weak,overhead-mention,26,"li-weightobservablesunderthePaulinoise(discussed TEM PEC in the main text in Sec. III). The low-Pauli-weight observables enjoy even small measurement overhead, which makes our approach beneficial for estimating two-point correlators (k-local correlators, k ≪N) and chemical Hamiltonians (whose Pauli weight g"
Filippov et al. - 2023 - Scalable tensor-network error mitigation for near-term quantum computing.pdf,Filippov et al. (2023),yes,yes,weak,overhead-mention,26,"nd chemical Hamiltonians (whose Pauli weight generally grows logarithmically in the number of qubits N [58]). Interestingly, the averaged measurement overhead in the TEM can be inferred from the very noise mitigation map M. In Sections F1 and F3, we present singular values in the MPO link for the inverse of"
Filippov et al. - 2023 - Scalable tensor-network error mitigation for near-term quantum computing.pdf,Filippov et al. (2023),yes,yes,weak,overhead-mention,26,"ctively. The largest singular value Σ0 is an effective amplification factor 0 associated with the identity transformation. Therefore, the measurement overhead in the TEM is readily estimated as the largest singular value in the MPO for M (regularised w.r.t. the singular value of the identity transformation)"
Filippov et al. - 2023 - Scalable tensor-network error mitigation for near-term quantum computing.pdf,Filippov et al. (2023),yes,yes,weak,overhead-mention,27,"trapolation through three noise-gain values G = 1.0,1.2,1.6 used in the recent experiment [12]. For a stabiliser circuit with the overall measurement overhead γ > 2×103, the corresponding noisy estimates O¯ (G) are below PEC n. ∼ 0.02 which makes the barely distinguishable with the budget of 3×105 shots per"
Filippov et al. - 2023 - Scalable tensor-network error mitigation for near-term quantum computing.pdf,Filippov et al. (2023),yes,yes,weak,scaling-mention,4,eviations in estimations of the observable puter with PEC [21]. A single Trotter step for the one- after and prior to the noise mitigation. γ2 is the scaling dimensional transverse-field Ising model is depicted in factorinthenumberofshotsneededtogetadesiredesti- Fig. 3a. We assume that the single-qubit gat
Filippov et al. - 2023 - Scalable tensor-network error mitigation for near-term quantum computing.pdf,Filippov et al. (2023),yes,yes,weak,scaling-mention,7,"ef. [23]. Similarly, there is no fun- damental reason why TEM must only use MPOs. Other tensornetworkstructures[45],suchasPEPOs,canprove polynomially scaling bond dimension is expected to suf- beneficial,especiallyinsituationswherethecircuitisnot fice for accounting for the most significant terms in the li"
Filippov et al. - 2023 - Scalable tensor-network error mitigation for near-term quantum computing.pdf,Filippov et al. (2023),yes,yes,weak,scaling-mention,7,"iddle-outcontraction,whilethemeasure- L In TEM, we truncate the map to prevent an exponen- ment overhead may not increase substantially. ZNE can tial scaling of the bond dimension, so we use a map M′ benefit from TEM as it can readily mitigate noise par- L that is similar but not equal to M . As a conseque"
Filippov et al. - 2023 - Scalable tensor-network error mitigation for near-term quantum computing.pdf,Filippov et al. (2023),yes,yes,weak,scaling-mention,7,"M . As a consequence tially(withasmallermeasurementoverheadthanPEC), L tr[M′ (ϱ)O] will be close but not equal to tr[M (ϱ)O], thus enabling the noise scaling parameter G to enter the L L andtheerror∆(ϱ,O)=|tr[M′ (ϱ)O]−tr[M (ϱ)O]|may region in between 0 and 1, where ZNE is much more ac- L L be different for"
Filippov et al. - 2023 - Scalable tensor-network error mitigation for near-term quantum computing.pdf,Filippov et al. (2023),yes,yes,weak,scaling-mention,8,"um [9] N. Keenan, N. Robertson, T. Murphy, S. Zhuk, and errormitigationasauniversalerrorreductiontechnique: J. Goold, Evidence of Kardar-Parisi-Zhang scaling on Applicationsfromthenisqtothefault-tolerantquantum a digital quantum simulator, npj Quantum Inf. 9, 72 computing eras, PRX Quantum 3, 010345 (2022)"
Filippov et al. - 2023 - Scalable tensor-network error mitigation for near-term quantum computing.pdf,Filippov et al. (2023),yes,yes,weak,scaling-mention,18,". 2-qubit Pauli noise LetthenoisymapN beatwo-qubitPaulichannel. InthePTMrepresentation,N=diag(1,κ ,...,κ ),where15 01 33 real parameters κ define the scaling coefficients for the operators σ ⊗σ . Assuming the noise intensity is relatively ij i j small, κ = 1−ϵ , where 0 ≤ ϵ ≪ 1. The inverse map N−1 general"
Filippov et al. - 2023 - Scalable tensor-network error mitigation for near-term quantum computing.pdf,Filippov et al. (2023),yes,yes,weak,scaling-mention,22,"n the PTM form is the 4N×4N identity matrix I for which ∥I∥=1 whereas ∥I∥ = 2N. A heuristic normalisation is typically used to get a reasonable error scaling. In our case, a division 2 by ∥M ∥ enables us to get rid of |r| on one hand (as this division reproduces the scaling of |r|) and amend the exact 2 ov"
Filippov et al. - 2023 - Scalable tensor-network error mitigation for near-term quantum computing.pdf,Filippov et al. (2023),yes,yes,weak,scaling-mention,22,"y used to get a reasonable error scaling. In our case, a division 2 by ∥M ∥ enables us to get rid of |r| on one hand (as this division reproduces the scaling of |r|) and amend the exact 2 overestimation of the operator norm on the other hand. We obtain a heuristic error estimate ∆ O¯ ∼ (cid:115) (cid:88) c"
Filippov et al. - 2023 - Scalable tensor-network error mitigation for near-term quantum computing.pdf,Filippov et al. (2023),yes,yes,weak,scaling-mention,23,"ed value increases. In the Ln.m. numerical experiment, the measurement overhead is the ratio γ = ∆O¯ /∆O¯ . The square γ2 quantifies the Ln.m. Lnoisy scaling factor for the number of shots needed to reduce ∆O¯ down to ∆O¯ . Ln.m. Lnoisy Appendix J: Perturbation theory for the local Pauli noise in stabilise"
Filippov et al. - 2023 - Scalable tensor-network error mitigation for near-term quantum computing.pdf,Filippov et al. (2023),yes,yes,weak,scaling-mention,25,"2 1 , l = . (J.3) 2 ln(4k# )+1−lnl 1 ln(4k# ) noisy 1 noisy For the sparse Pauli-Lindblad noise model with the nearest-neighbour crosstalk (Sec. F4), scaling of the compression error is roughly ϵlog 16NL (χ). Any desired power of ϵ is achievable with the bond dimension χ polynomially scaling in the number"
Filippov et al. - 2023 - Scalable tensor-network error mitigation for near-term quantum computing.pdf,Filippov et al. (2023),yes,yes,weak,scaling-mention,25,"alk (Sec. F4), scaling of the compression error is roughly ϵlog 16NL (χ). Any desired power of ϵ is achievable with the bond dimension χ polynomially scaling in the number of circuit gates (∼NL). Appendix K: Measurement overhead In the proposed TEM strategy, the resulting estimation error ∆O¯ is greater th"
Filippov et al. - 2024 - Scalability of quantum error mitigation techniques from utility to advantage.pdf,Filippov et al. (2024),yes,yes,strong,sampling-cost,3,"rly distributed among severalexperimentswithproperlychosennoisegainfactors{G∗} ,whichwealsolistinTableI.InPropositions1and i i 2, we prove that TEM’s sampling overhead is optimal because it asymptotically saturates the universal lower cost bounds [6] for an unbiased estimation of Pauli observables in large-scale quantu"
Filippov et al. - 2024 - Scalability of quantum error mitigation techniques from utility to advantage.pdf,Filippov et al. (2024),yes,yes,strong,sampling-cost,4,"timatinghigh-weightobservablesindenseN×Lquantumcircuitswiththeforeseeable average error rate per qubit per layer ε=0.16% [27]. The lower bound on the sampling overhead is established in Ref. [6]. due to unavoidable temporal fluctuations in the qubit environment, e.g., because of the two-level fluctuators in superconduc"
Filippov et al. - 2024 - Scalability of quantum error mitigation techniques from utility to advantage.pdf,Filippov et al. (2024),yes,yes,strong,sampling-cost,20,"resources,thehybridquantum-classicalsimulator(‘q+c’)cangenerallyprovidedecentestimations(withanacceptable accuracy of several percent), provided the sampling overhead is not prohibitively large. This means that the ‘q+c’ simulation is potentially able to provide a preciser estimation of an observable than the ‘C’ simu"
Filippov et al. - 2024 - Scalability of quantum error mitigation techniques from utility to advantage.pdf,Filippov et al. (2024),yes,yes,strong,exponential-overhead,2,"ne hundred qubits and hundreds or even thousands of layers, far beyond the depths up to about 60 probed experimentally so far [1, 13–15]. Despite the exponential scaling of the sampling overhead in the circuit volume, error mitigation in circuits of such an enormous scale is not impossible within an affordable wall ti"
Filippov et al. - 2024 - Scalability of quantum error mitigation techniques from utility to advantage.pdf,Filippov et al. (2024),yes,yes,strong,exponential-overhead,8,"allenging yet the most pressing scenario for noise mitigation with εNL ≫ 1, where the sampling overhead Γ is extremely sensitive to any factor in the exponential scaling. In some experiments, noise is accumulated not from the whole circuit (N ×L) but only from some relevant causal area A at the intersection of causal"
Filippov et al. - 2024 - Scalability of quantum error mitigation techniques from utility to advantage.pdf,Filippov et al. (2024),yes,yes,strong,computational-cost,22,"N/4⌋, the causal cone for every initial qubit pair expands to half of the spin chain, so diametrically opposite qubits get potentially entangled. The computational cost of constructing the exact MPS for |ψ ⟩ is 32N (cid:80)⌊N/4⌋22τ floating point operations and grows exponentially in N, but the main difficulty is the ⌊N"
Filippov et al. - 2024 - Scalability of quantum error mitigation techniques from utility to advantage.pdf,Filippov et al. (2024),yes,yes,weak,overhead-mention,1,"rapolation (ZNE) with probabilistic error amplification, and tensor-network error mitigation (TEM); (2) we prove that TEM (i) has the lowest sampling overhead among all three techniques under realistic noise,(ii)isoptimal,inthesensethatitsaturatestheuniversallowercostboundforerrormitigation, and(iii)isthere"
Filippov et al. - 2024 - Scalability of quantum error mitigation techniques from utility to advantage.pdf,Filippov et al. (2024),yes,yes,weak,overhead-mention,1,rror 11 3. Systematic error 12 D. Tensor-network error mitigation (TEM) 14 1. Method 14 2. Random error 15 3. Optimality with respect to the sampling overhead 16 4. Systematic error 17 IV. Prospects for practical quantum advantage 20 A. Universality framework 20 B. Verifiable model 21 V. Conclusions 24 4202
Filippov et al. - 2024 - Scalability of quantum error mitigation techniques from utility to advantage.pdf,Filippov et al. (2024),yes,yes,weak,overhead-mention,2,"Γ,whichisamultiplicativefactorinthenumber of circuit executions needed to get the same estimation accuracy as in the noiseless scenario. The sampling overhead isknowntoscaleexponentiallyinboththecircuitvolumeandtheerrorrate[3–7]. Thisiswhysomeproblem-specific state-of-the-art classical simulations still out"
Filippov et al. - 2024 - Scalability of quantum error mitigation techniques from utility to advantage.pdf,Filippov et al. (2024),yes,yes,weak,overhead-mention,2,"en thousands of layers, far beyond the depths up to about 60 probed experimentally so far [1, 13–15]. Despite the exponential scaling of the sampling overhead in the circuit volume, error mitigation in circuits of such an enormous scale is not impossible within an affordable wall time—provided the error rat"
Filippov et al. - 2024 - Scalability of quantum error mitigation techniques from utility to advantage.pdf,Filippov et al. (2024),yes,yes,weak,overhead-mention,2,"e that, at some point, the error rate could be tamed to such an extent that the total number of errors in the circuit ≲16 and the associated sampling overhead Γ∼106 would enable estimating an observable with 5% error by running M ∼ 4×108 circuit executions, requiring 2 to 3 days of quantum computation (prov"
Filippov et al. - 2024 - Scalability of quantum error mitigation techniques from utility to advantage.pdf,Filippov et al. (2024),yes,yes,weak,overhead-mention,2,"ay takes ∼0.5 ms). The key observation in recent studies [4–7] is that different error mitigation techniques have different factors in their sampling overhead exponents, dramatically impacting the overall computation cost. The goal of this paper is to analyze the sampling overhead, the overall computation t"
Filippov et al. - 2024 - Scalability of quantum error mitigation techniques from utility to advantage.pdf,Filippov et al. (2024),yes,yes,weak,overhead-mention,2,"factors in their sampling overhead exponents, dramatically impacting the overall computation cost. The goal of this paper is to analyze the sampling overhead, the overall computation time, and the final estimation error in noise-mitigated observables under realistic noise for three techniques in use: proba"
Filippov et al. - 2024 - Scalability of quantum error mitigation techniques from utility to advantage.pdf,Filippov et al. (2024),yes,yes,weak,overhead-mention,3,"ion [7]. Ourstudyrevealspreviouslyunknownrandomandsystematicerrorsinnoise-mitigatedobservablesincludingZNE’s random error and its associated sampling overhead, which have long remained hidden under the hood of the extrapo- lationmethod,aswellastheeffectsofnoisestabilityandnoisemodelaccuracyonthesystematicbi"
Filippov et al. - 2024 - Scalability of quantum error mitigation techniques from utility to advantage.pdf,Filippov et al. (2024),yes,yes,weak,overhead-mention,3,"aying signal in ZNE and the bond dimension compression in TEM. We prove that TEM saturates the recently derived universal lower bound on the sampling overhead [6] for stochastic noise, like SPL, implying the attainability of optimal quantum error mitigation through modest classical computation power, needed"
Filippov et al. - 2024 - Scalability of quantum error mitigation techniques from utility to advantage.pdf,Filippov et al. (2024),yes,yes,weak,overhead-mention,3,"anslates into the random error δ random ∝ √1 . The relative random error is technique-specific and √M proportional to the square root of the sampling overhead, Γ. In Secs. IIIB2, IIIC2, and IIID2, we derive the optimalsamplingoverheadΓ∗ forPEC,ZNE,andTEM,respectively. TheresultsarelistedinTableIforconvenien"
Filippov et al. - 2024 - Scalability of quantum error mitigation techniques from utility to advantage.pdf,Filippov et al. (2024),yes,yes,weak,overhead-mention,3,"ircuit depth, ε for the average error rate per qubit per layer, see Sec. IIIA for its definition). The exponential dependence of the optimal sampling overhead Γ∗ on the total number of errors εNL is shown to be different for PEC as compared to ZNE and TEM, becoming a limiting factor in large-circuit quantum"
Filippov et al. - 2024 - Scalability of quantum error mitigation techniques from utility to advantage.pdf,Filippov et al. (2024),yes,yes,weak,overhead-mention,3,"ibuted among severalexperimentswithproperlychosennoisegainfactors{G∗} ,whichwealsolistinTableI.InPropositions1and i i 2, we prove that TEM’s sampling overhead is optimal because it asymptotically saturates the universal lower cost bounds [6] for an unbiased estimation of Pauli observables in large-scale qua"
Filippov et al. - 2024 - Scalability of quantum error mitigation techniques from utility to advantage.pdf,Filippov et al. (2024),yes,yes,weak,overhead-mention,4,"4 PEC ZNE TEM Optimal sampling overhead Γ∗ exp(2εNL) (1+1.795εNL)2exp(εNL) exp(εNL) 2.557 Optimal noise gain factors G∗ =1, G∗ =1+ 1 2 εNL √ √ √ Random error with M shots exp(εNL)/ M (1+1.7"
Filippov et al. - 2024 - Scalability of quantum error mitigation techniques from utility to advantage.pdf,Filippov et al. (2024),yes,yes,weak,overhead-mention,4,"igh-weightobservablesindenseN×Lquantumcircuitswiththeforeseeable average error rate per qubit per layer ε=0.16% [27]. The lower bound on the sampling overhead is established in Ref. [6]. due to unavoidable temporal fluctuations in the qubit environment, e.g., because of the two-level fluctuators in supercon"
Filippov et al. - 2024 - Scalability of quantum error mitigation techniques from utility to advantage.pdf,Filippov et al. (2024),yes,yes,weak,overhead-mention,5,"on the size N×L ofhardware-simulablecircuitscomesfromthetotalnumberoferrorsεNLwhichcannotexceed∼20inordertogeta realistic wall time with the sampling overhead eεNL ∼5×108. This is because the random error depends entirely on thetotal numberoferrors εNL. Thesimulablecircuit sizeistherefore NL≲ 20, withdeviat"
Filippov et al. - 2024 - Scalability of quantum error mitigation techniques from utility to advantage.pdf,Filippov et al. (2024),yes,yes,weak,overhead-mention,7,"te quantum and classical computational resources, every technique results in a noise-mitigated observable subject to random errors (due to a sampling overhead) and systematic errors (due to an imprecisely learned noise, fluctuations in noise parameters, errors in single-qubit unitary gates, extrapolation in"
Filippov et al. - 2024 - Scalability of quantum error mitigation techniques from utility to advantage.pdf,Filippov et al. (2024),yes,yes,weak,overhead-mention,7,"≡ exp(2 λ ) is a conventional quantifier for total noise accumulated in the whole SPL layer l λα∈SPL(Nl) α N widely used in PEC theory (PEC sampling overhead for the lth layer Γ ≥ γ2, see Sec. IIIB). For a randomly ch l osen Pauli string σ ̸=I⊗N (β ̸=0), an individual fidelity f =exp(−2 (cid:80) l l λ ξ )"
Filippov et al. - 2024 - Scalability of quantum error mitigation techniques from utility to advantage.pdf,Filippov et al. (2024),yes,yes,weak,overhead-mention,8,"rios (e−εNL/2 ≈3.4×10−4 for εNL=16). We focus on the challenging yet the most pressing scenario for noise mitigation with εNL ≫ 1, where the sampling overhead Γ is extremely sensitive to any factor in the exponential scaling. In some experiments, noise is accumulated not from the whole circuit (N ×L) but on"
Filippov et al. - 2024 - Scalability of quantum error mitigation techniques from utility to advantage.pdf,Filippov et al. (2024),yes,yes,weak,overhead-mention,8,"ing scenario where the causal area is essentially thewholecircuit;however,inthederivedformulae,oneshouldreplaceεNL→ε|A|ifapplicablebecausethesampling overhead and the random error in observable estimation are exponentially sensitive to the average number of errors. B. Probabilistic error cancellation (PEC)"
Filippov et al. - 2024 - Scalability of quantum error mitigation techniques from utility to advantage.pdf,Filippov et al. (2024),yes,yes,weak,overhead-mention,9,"per circuit (|S|=1, |Q|=M), then ∆O¯ =0 for V (cid:113) any sampled circuit V ∈Q and ∆O ¯¯ = γ2−O¯¯2. Since O¯ =O ¯¯ in the limit M →∞, the sampling overhead in circuit M runs Γ = γ2−O¯¯2 ≥ γ2. Redistributing the total budget among |Q| circuit executions and |S| measurement shots per 1−O¯2 circuit(M =|Q||S"
Filippov et al. - 2024 - Scalability of quantum error mitigation techniques from utility to advantage.pdf,Filippov et al. (2024),yes,yes,weak,overhead-mention,9,"pointtoacceleratetheexperiment; however, thisgenerally increases the estimation error. We therefore consider the best case scenario with the sampling overhead Γ = γ2 and the random error δ random = √ γ . M ThelocalityofthesparsePauli-Lindbladnoiseenablesonetoefficientlysamplesingle-qubitgatescomposinglayers"
Filippov et al. - 2024 - Scalability of quantum error mitigation techniques from utility to advantage.pdf,Filippov et al. (2024),yes,yes,weak,overhead-mention,9,"The implementation of the map e−λ(P•P−•) with a single Pauli-Lindblad generator P requires sampling k from 2 unitary operations {I,P} and induces the overhead e2λ [13]. If all constituent maps for the sparse Pauli- Lindbladnoisemodelaresampledinthisway,thenoiseaccumulationfactorforalayerisγ =exp(2 (cid:80)"
Filippov et al. - 2024 - Scalability of quantum error mitigation techniques from utility to advantage.pdf,Filippov et al. (2024),yes,yes,weak,overhead-mention,9,"resampledinthisway,thenoiseaccumulationfactorforalayerisγ =exp(2 (cid:80) λ(l)). l λα (l)∈SPL(Nl) α A more efficient sampling with a slightly smaller overhead is possible if single-qubit maps (defined via 3 relaxation ratesλ , λ , λ )areimplementedviasamplingfrom4unitaryoperations{I,X,Y,Z}, andtwo-qubitmaps"
Filippov et al. - 2024 - Scalability of quantum error mitigation techniques from utility to advantage.pdf,Filippov et al. (2024),yes,yes,weak,overhead-mention,9,"7]. Nonetheless, this still leads to the same first order expansion with respect to the noise parameters in the exponent for γ . The overall sampling overhead γ2 grows exponentially in the circuit volume NL l and the error rate ε because γ = (cid:81) γ =exp(2 (cid:80) λ )≡(1+ε)NL ≈eεNL. l l λα∈∪lSPL(Nl) α T"
Filippov et al. - 2024 - Scalability of quantum error mitigation techniques from utility to advantage.pdf,Filippov et al. (2024),yes,yes,weak,overhead-mention,9,"ects (two-level systems) strongly affect the coherence of superconducting qubits [41] and may occasionally result in the increase of the single qubit overhead exp[2(λ +λ +λ )] from ≈ 1.0 up to ≈ 1.3 [1, Sec. III B in Supplementary X Y Z Information]. Inaquantumcircuitwith127qubitsand47to48cnotgatesperlayer,"
Filippov et al. - 2024 - Scalability of quantum error mitigation techniques from utility to advantage.pdf,Filippov et al. (2024),yes,yes,weak,overhead-mention,12,"quantum computation is √1 . M Comparing this value against the random error (6) in the noise-mitigated estimation, we infer the minimum ZNE sampling overhead Γ∗ =[1+3.591ln(1/K)]2K−2 =(1+1.795εNL)2exp(εNL). 3. Systematic error Effect of imprecisely learned noise model and noise instability. Similarly to PE"
Filippov et al. - 2024 - Scalability of quantum error mitigation techniques from utility to advantage.pdf,Filippov et al. (2024),yes,yes,weak,overhead-mention,15,"conventional outcomes ±1 by the same number K−1 ≡ (cid:81) l f l − β 1 (l) . This incurs the estimation error ∆O¯ mitigated = K √1 M and the sampling overhead Γ = √ K−2. In typical large-scale circuits, K ≈ γ−1/2 = exp(−εNL/2), therefore δ = ∆O¯ = exp(εNL/2)/ M and random mitigated Γ∗ =γ ≈exp(εNL). Let us e"
Filippov et al. - 2024 - Scalability of quantum error mitigation techniques from utility to advantage.pdf,Filippov et al. (2024),yes,yes,weak,overhead-mention,16,"ions of O and O′ (proportionally to their weights in the modified observable M†[O]), we get the minimum random error ∥w∥ (cid:112) Γ/M, with sampling overhead L (cid:16) (cid:113) (cid:17)2 (cid:16) (cid:113) (cid:17) Γ= 1+ ε NL exp(εNL)≈ 1+ ε NL exp(εNL),whichmeansadeviationof3.8%fromexp(εNL)=8.9×106 6 2 3"
Filippov et al. - 2024 - Scalability of quantum error mitigation techniques from utility to advantage.pdf,Filippov et al. (2024),yes,yes,weak,overhead-mention,16,the circuit size. 6 2 This is why the tensor-network contraction for M† is needed to find these factors with high accuracy. The resulting L sampling overhead in this experimentally friendly scenario is Γ=exp(εNL) on average. The replacement of the true modified observable M†[O] = M†[ (cid:80) w σ ] = (cid:
Filippov et al. - 2024 - Scalability of quantum error mitigation techniques from utility to advantage.pdf,Filippov et al. (2024),yes,yes,weak,overhead-mention,16,N]andtheincurred noisy l l l systematic error is ϵ2NL/72=0.036% for ε=0.16% and N =L=100 (see Sec. IIID4). 3. Optimality with respect to the sampling overhead ItisinstructivetocompareTEM’ssamplingoverheadwiththefundamentalcostboundofquantumerrormitigation based on quantum estimation theory [6]. The result o
Filippov et al. - 2024 - Scalability of quantum error mitigation techniques from utility to advantage.pdf,Filippov et al. (2024),yes,yes,weak,overhead-mention,16,"ontrivialPauliobservable|S| ≥ 1 (cid:0) 1−(1−p)L(cid:1) (1−p)−2L ≈ 1 (1−p)−2L ifpL≫1andp≪1[6],which min δ2 δ2 implies the lower bound on the sampling overhead Γ ≈ (1−p)−2L. Since the observable damping K = (1−p)L, min the modified observable M†[O]=K−1O =(1−p)−LO, and TEM’s sampling overhead Γ=(1−p)−2L satur"
Filippov et al. - 2024 - Scalability of quantum error mitigation techniques from utility to advantage.pdf,Filippov et al. (2024),yes,yes,weak,overhead-mention,16,"on the sampling overhead Γ ≈ (1−p)−2L. Since the observable damping K = (1−p)L, min the modified observable M†[O]=K−1O =(1−p)−LO, and TEM’s sampling overhead Γ=(1−p)−2L saturates the L universal lower bound Γ . As a side remark, we note that TEM with bond dimension χ=2 is compression-free for min global de"
Filippov et al. - 2024 - Scalability of quantum error mitigation techniques from utility to advantage.pdf,Filippov et al. (2024),yes,yes,weak,overhead-mention,16,"Y] = 1−pY, Λ†[Z] = (1 − p)Z + pI). The local depolarizing noise is a particular case of SPL noise with γ =(1−p)−3NL/2 ≈(1+3p)NL [16], so the sampling overhead in TEM Γ=γ again saturates the lower bound Γ . 2 min The amplitude damping map is converted, via Pauli twirling, to the generalized amplitude damping"
Filippov et al. - 2024 - Scalability of quantum error mitigation techniques from utility to advantage.pdf,Filippov et al. (2024),yes,yes,weak,overhead-mention,16,"(cid:101)†[X]= 1−pX, Λ(cid:101)†[Y]= 1−pY, Λ(cid:101)†[Z]=(1−p)Z [47, section8.3.5]), which is SPL noise with γ =(1−p)−NL ≈(1+p)NL. So TEM’s sampling overhead Γ=γ saturates the lower bound Γ in this case too. These examples just illustrate the following general result. min Proposition1. ThesamplingoverheadΓ"
Filippov et al. - 2024 - Scalability of quantum error mitigation techniques from utility to advantage.pdf,Filippov et al. (2024),yes,yes,weak,overhead-mention,17,"λ] ≡ γ(N⟨q1,q2⟩−1). Finally, Γ ≈ (cid:81) (cid:81) γ(N[q]) (cid:81) γ(N⟨q1,q2⟩) ≡ γ, l λ∈SPL(N l ⟨q1,q2⟩) l min l q l ⟨q1,q2⟩ l which is the sampling overhead in TEM. In fact, the analysis of the sampling overhead optimality can be extended beyond 2-local SPL noise models, e.g., to a more complex yet learna"
Filippov et al. - 2024 - Scalability of quantum error mitigation techniques from utility to advantage.pdf,Filippov et al. (2024),yes,yes,weak,overhead-mention,17,"q]) (cid:81) γ(N⟨q1,q2⟩) ≡ γ, l λ∈SPL(N l ⟨q1,q2⟩) l min l q l ⟨q1,q2⟩ l which is the sampling overhead in TEM. In fact, the analysis of the sampling overhead optimality can be extended beyond 2-local SPL noise models, e.g., to a more complex yet learnable SPL model, in which the jump operators have higher-"
Filippov et al. - 2024 - Scalability of quantum error mitigation techniques from utility to advantage.pdf,Filippov et al. (2024),yes,yes,weak,overhead-mention,17,"), Γ ≈ 1+2 λ . On the other hand, γ = exp(2 λ ) ≈ 1+2 λ if lmin β lβ l β β β β (cid:80) λ ≪1 (noise weakness). Therefore, Γ ≈γ , the typical sampling overhead in TEM for the lth layer. β β lmin l We stress that our results on the optimality of the sampling overhead in TEM are applicable to the realistic SPL"
Filippov et al. - 2024 - Scalability of quantum error mitigation techniques from utility to advantage.pdf,Filippov et al. (2024),yes,yes,weak,overhead-mention,17,"s). Therefore, Γ ≈γ , the typical sampling overhead in TEM for the lth layer. β β lmin l We stress that our results on the optimality of the sampling overhead in TEM are applicable to the realistic SPL noise model justified experimentally [1, 13], where X-, Y-, and Z-errors are all present and are roughly o"
Filippov et al. - 2024 - Scalability of quantum error mitigation techniques from utility to advantage.pdf,Filippov et al. (2024),yes,yes,weak,overhead-mention,17,"g noise Λ[•] = (1−p)•+pZ •Z of intensity p ≪ 1, then the sampling overheads for PEC and TEM would coincide and be equal to exp(2pNL). (PEC’s sampling overhead for this case is calculated, e.g., in Ref. [4]. TEM’s sampling overhead results from a typical damping (1−p)NL of the dynamical observable in the Hei"
Filippov et al. - 2024 - Scalability of quantum error mitigation techniques from utility to advantage.pdf,Filippov et al. (2024),yes,yes,weak,overhead-mention,17,"ads for PEC and TEM would coincide and be equal to exp(2pNL). (PEC’s sampling overhead for this case is calculated, e.g., in Ref. [4]. TEM’s sampling overhead results from a typical damping (1−p)NL of the dynamical observable in the Heisenberg picture. Only half of the Pauli string components in the dynamic"
Filippov et al. - 2024 - Scalability of quantum error mitigation techniques from utility to advantage.pdf,Filippov et al. (2024),yes,yes,weak,overhead-mention,17,"ffected by the qubit-local pure dephasing noise: Λ†[I] = I, Λ†[X] = (1−2p)X, Λ†[Y] = (1−2p)Y, Λ†[Z] = Z.) Therefore, the optimality of PEC’s sampling overhead in the case of local dephasing noise [4] is actually accompanied by the optimality of TEM’s sampling overhead in this case too. However, if we return"
Filippov et al. - 2024 - Scalability of quantum error mitigation techniques from utility to advantage.pdf,Filippov et al. (2024),yes,yes,weak,overhead-mention,17,"efore, the optimality of PEC’s sampling overhead in the case of local dephasing noise [4] is actually accompanied by the optimality of TEM’s sampling overhead in this case too. However, if we return to the realm of realistic SPL noise [1, 13], then TEM provides a quadratically smaller sampling overhead with"
Filippov et al. - 2024 - Scalability of quantum error mitigation techniques from utility to advantage.pdf,Filippov et al. (2024),yes,yes,weak,overhead-mention,17,"ling overhead in this case too. However, if we return to the realm of realistic SPL noise [1, 13], then TEM provides a quadratically smaller sampling overhead with respect to PEC (see Table I), excluding the optimality of PEC sampling overhead. The global depolarizing noise provides another analytical model"
Filippov et al. - 2024 - Scalability of quantum error mitigation techniques from utility to advantage.pdf,Filippov et al. (2024),yes,yes,weak,overhead-mention,17,"oise [1, 13], then TEM provides a quadratically smaller sampling overhead with respect to PEC (see Table I), excluding the optimality of PEC sampling overhead. The global depolarizing noise provides another analytical model showcasing the optimality of the sampling overhead in TEM [7] and the non-optimality"
Filippov et al. - 2024 - Scalability of quantum error mitigation techniques from utility to advantage.pdf,Filippov et al. (2024),yes,yes,weak,overhead-mention,17,ng the optimality of PEC sampling overhead. The global depolarizing noise provides another analytical model showcasing the optimality of the sampling overhead in TEM [7] and the non-optimality of PEC’s [4]. 4. Systematic error Effect of imprecisely learned noise model and noise instability. The first source
Filippov et al. - 2024 - Scalability of quantum error mitigation techniques from utility to advantage.pdf,Filippov et al. (2024),yes,yes,weak,overhead-mention,20,"s,thehybridquantum-classicalsimulator(‘q+c’)cangenerallyprovidedecentestimations(withanacceptable accuracy of several percent), provided the sampling overhead is not prohibitively large. This means that the ‘q+c’ simulation is potentially able to provide a preciser estimation of an observable than the ‘C’ s"
Filippov et al. - 2024 - Scalability of quantum error mitigation techniques from utility to advantage.pdf,Filippov et al. (2024),yes,yes,weak,overhead-mention,35,"cuits, Physical Review Letters 119, 180509 (2017). [17] C. Piveteau, D. Sutter, and S. Woerner, Quasiprobability decompositions with reduced sampling overhead, npj Quantum Information 8, 12 (2022). [18] N. C. Rubin, R. Babbush, and J. McClean, Application of fermionic marginal constraints to hybrid quantum"
Filippov et al. - 2024 - Scalability of quantum error mitigation techniques from utility to advantage.pdf,Filippov et al. (2024),yes,yes,weak,scaling-mention,2,"ubits and hundreds or even thousands of layers, far beyond the depths up to about 60 probed experimentally so far [1, 13–15]. Despite the exponential scaling of the sampling overhead in the circuit volume, error mitigation in circuits of such an enormous scale is not impossible within an affordable wall ti"
Filippov et al. - 2024 - Scalability of quantum error mitigation techniques from utility to advantage.pdf,Filippov et al. (2024),yes,yes,weak,scaling-mention,3,"noise is converted into the SPL form via Pauli twirling, thus equipping us with a universal and compact noise description with a number of parameters scaling linearly in the number of qubits and bond dimension 4 in the tensor network representation [7]. Ourstudyrevealspreviouslyunknownrandomandsystematicer"
Filippov et al. - 2024 - Scalability of quantum error mitigation techniques from utility to advantage.pdf,Filippov et al. (2024),yes,yes,weak,scaling-mention,8,"t the most pressing scenario for noise mitigation with εNL ≫ 1, where the sampling overhead Γ is extremely sensitive to any factor in the exponential scaling. In some experiments, noise is accumulated not from the whole circuit (N ×L) but only from some relevant causal area A at the intersection of causal"
Filippov et al. - 2024 - Scalability of quantum error mitigation techniques from utility to advantage.pdf,Filippov et al. (2024),yes,yes,weak,scaling-mention,10,"luation for achievable noise stability Θ=1.8% within T≲1 day. Since ⟨O⟩ ≈ (cid:81) γ1/2⟨O⟩ , the imprecision in the learned noise model and the noise scaling factor γ mitigated l l noisy l translates into an imprecision in the mitigated observable. A layer l results in a factor γ1/2(1 + 1θ ε)N. The l 2 l e"
Filippov et al. - 2024 - Scalability of quantum error mitigation techniques from utility to advantage.pdf,Filippov et al. (2024),yes,yes,weak,scaling-mention,12,"measurement shots M, one can find the optimal ZNE setting by solving the constrained optimization problem: minimize ∆F(0) over sets {G }R of R noise scaling factors G ≥ 1 and measurement shots i i=1 i {|S |}R under the constraint M = (cid:80)R |S |. For fixed noise scaling factors {G }R , the optimal arra"
Filippov et al. - 2024 - Scalability of quantum error mitigation techniques from utility to advantage.pdf,Filippov et al. (2024),yes,yes,weak,scaling-mention,12,"∆F(0) over sets {G }R of R noise scaling factors G ≥ 1 and measurement shots i i=1 i {|S |}R under the constraint M = (cid:80)R |S |. For fixed noise scaling factors {G }R , the optimal arrangement of sho i ts i { = | 1 S∗ i |}R i=1 is straightforward to fin i d = : 1 |S∗ j i | ∝ | (cid:80) i G i (G i −G j"
Filippov et al. - 2024 - Scalability of quantum error mitigation techniques from utility to advantage.pdf,Filippov et al. (2024),yes,yes,weak,scaling-mention,12,"G i )2 M ≈ min (cid:80) j | (cid:80) i G i (G i −G j )|eεGjNL/2 · √ 1 . {Gi}R i=1 R (cid:80) i G2 i −( (cid:80) i G i )2 M On the one hand, the noise scaling factors cannot be all concentrated near the value 1 because of the vanishing denominator in ∆F(0). On the other, the farther the noise scaling factor"
Filippov et al. - 2024 - Scalability of quantum error mitigation techniques from utility to advantage.pdf,Filippov et al. (2024),yes,yes,weak,scaling-mention,12,"noise scaling factors cannot be all concentrated near the value 1 because of the vanishing denominator in ∆F(0). On the other, the farther the noise scaling factor G deviates from 1, the more demanding j the need to increase the allotted number of shots |S | to compensate for the exponentially growing ter"
Filippov et al. - 2024 - Scalability of quantum error mitigation techniques from utility to advantage.pdf,Filippov et al. (2024),yes,yes,weak,scaling-mention,24,"states, the relative estimation error of which approaches 100% even if the compressed bond dimension is as large as half of the exact (exponentially scaling) one. This example serves as a verifiable point in the class of the discrete-time Floquet dynamical problems, within which quantum advantage can be p"
Filippov et al. - 2024 - Scalability of quantum error mitigation techniques from utility to advantage.pdf,Filippov et al. (2024),yes,yes,weak,scaling-mention,28,"width specifies the resources that are worth investing to get a reasonably small systematic error (the best quality/resources ratio). We estimate the scaling of the threshold bond dimension χ∗ via error propagation. At a depth L, the causal cone of any link in the exact MPO M has ∝L2 local noisy maps N[q]"
Filippov et al. - 2024 - Scalability of quantum error mitigation techniques from utility to advantage.pdf,Filippov et al. (2024),yes,yes,weak,scaling-mention,28,"ircuits with brickwork cnot topology and random single-qubit gates (N =30, L≤30) and conclude that χ∗ ≈0.5L2. If 1≪N ≪L, then one can expect a slower scaling χ∗ ∝NL because of the causal cone transformation into a stripe shape. The scalings are valid until the bond dimension starts approaching the exact bo"
Filippov et al. - 2024 - Scalability of quantum error mitigation techniques from utility to advantage.pdf,Filippov et al. (2024),yes,yes,weak,scaling-mention,36,"ectrodynamics, Physical Review X 5, 021027 (2015). [51] N. Keenan, N. F. Robertson, T. Murphy, S. Zhuk, and J. Goold, Evidence of Kardar-Parisi-Zhang scaling on a digital quantum simulator, npj Quantum Information 9, 1 (2023). [52] M. P. Zaletel, M. Lukin, C. Monroe, C. Nayak, F. Wilczek, and N. Y. Yao, Co"
Filippov et al. - 2024 - Scalability of quantum error mitigation techniques from utility to advantage.pdf,Filippov et al. (2024),yes,yes,weak,additional-resources,1,"ing from the commercial need for a problem-independent quantum simulation device. We also establish a connection between error mitigation, relying on additional measurements, and error correction, relying on additional qubits, by demonstrating that TEM with a sufficient bond dimension works similarly to an error correctin"
Filippov et al. - 2024 - Scalability of quantum error mitigation techniques from utility to advantage.pdf,Filippov et al. (2024),yes,yes,weak,additional-resources,24,"ch effectively shifts the average error rate to a higher order, ε → ε2. The latter fact establishes a connection between error mitigation, relying on additional measurements as a resource, and error correction, relying on additional qubits, thus opening a possibility for a trade- off between these two resources as quantum"
França and Garcia-Patron - 2022 - A game of quantum advantage linking verification and simulation.pdf,Franca & Garcia-Patron,yes,yes,strong,computational-cost,7,"ngs with higher than average probability under ν in the space of strings with those outcomes fixed. As fixing some outcomes significantly reduces the computational cost of computing outcome probabilities, the authors are then able to generate many samples which have an expectation value for the linear cross-entropy that"
França and Garcia-Patron - 2022 - A game of quantum advantage linking verification and simulation.pdf,Franca & Garcia-Patron,yes,yes,weak,scaling-mention,19,"ficient, even if we relax the condition of Lemma 4.1 to S(ν) ≥ n−O(log(n)) or request (cid:15) to decrease with the size n of the quantum device with scaling (cid:15) = O(log(n)−1). A direct consequence of our result is that if the hardness conjecture of random quantum circuits is true, then Bob must fail"
França and Garcia-Patron - 2022 - A game of quantum advantage linking verification and simulation.pdf,Franca & Garcia-Patron,yes,yes,weak,scaling-mention,27,"we see that our framework has the desirable feature that it becomes easier for Alice to mock Bob’s device as the noise increases. Unfortunately, the scaling with n in the bound above is unde- sirable for high-entropy distributions. Thus, we plan to derive more specialized bounds in upcoming work. 7 Acknow"
França and Garcia-Patron - 2022 - A game of quantum advantage linking verification and simulation.pdf,Franca & Garcia-Patron,yes,yes,weak,sample-complexity,30,"[29] Dominik Hangleiter, Martin Kliesch, Jens Eisert, and Christian Gogolin. Sample complexity of device-independently certified “quantum supremacy”. Phys. Rev. Lett., 122:210502, May 2019. DOI: 10.1103/Phys- RevLett.122.210502. [30] Aram W Har"
Govia et al. - 2025 - Bounding the Systematic Error in Quantum Error Mitigation due to Model Violation.pdf,Govia et al.,partial,yes,strong,factor-of-N,12,"amondnorm.Forexample,thediamonddistancetoiden- 1 tuationswillnotallalignandalargerdeviationinT will tity of the generalized depolarizing channel is a factor of 1 betolerable. 2(4n−1)/4n greater than what can be achieved for any Of note is the fact that the worst-case Clioff rd cir- Pauli observable, but for an"
Govia et al. - 2025 - Bounding the Systematic Error in Quantum Error Mitigation due to Model Violation.pdf,Govia et al.,partial,yes,weak,overhead-mention,2,"e increase in samples required to overcome this modelviolationinprobabilisticerrorcancellation[17].We increased variance, commonly referred to as the overhead deploytheseupperboundsinsimulationinSec.VIandon of the error-mitigation protocol, has been well studied in an IBM Quantum processor in Sec. VII. We p"
Govia et al. - 2025 - Bounding the Systematic Error in Quantum Error Mitigation due to Model Violation.pdf,Govia et al.,partial,yes,weak,overhead-mention,14,"ectedduringthelearningprocedureviaEq.(12). (cid:3) (cid:15) (cid:4) Since we cannot measure all r k , this necessarily means where γ =exp 2 λˆ is the overhead as defined in thatourupperboundisanapproximateestimate.Fromthe k k above,wearriveattheupperboundforδ inEq.(13). Ref. [17]. This result has been previ"
Govia et al. - 2025 - Bounding the Systematic Error in Quantum Error Mitigation due to Model Violation.pdf,Govia et al.,partial,yes,weak,scaling-mention,10,"take the form W(k) = k m m m e2λˆ m P Pˆ−1, which is the composition of a single-term m m Pauli-stochasticchannelP foronemodel,givenby m FIG. 5. The scaling of the diamond-distance upper bound P (ρ)=w ρ+(1−w )P ρP , (19) m m m m m (DD), the smaller of δ γ of Eq. (13) or δ 2 of Eq. (14), and the worst-case"
Govia et al. - 2025 - Bounding the Systematic Error in Quantum Error Mitigation due to Model Violation.pdf,Govia et al.,partial,yes,weak,scaling-mention,10,e error compar- tistical or due to crosstalk but is used here mostly as a ingthemodelsisthengivenby ball-park estimate for the performance of systems scaling inwidth.Thenonlinearjumpbetweentwoandfourqubits (cid:27) (cid:28) (cid:2) (cid:2)(cid:6)(cid:6) (cid:6)(cid:6) m(cid:13)−1(cid:6)(cid:6) (cid:6)(cid:
Halder et al. - 2023 - Development of zero-noise extrapolated projective quantum algorithm for accurate evaluation of molec.pdf,Halder et al.,yes,partial,weak,overhead-mention,6,"inearcombinationof anyadditionalqubits.Althoughitdoesrequirealargemeasurement R+1 expectation measurements obtained at different noise nodes ({C}R ), overhead.TheefficacyoftheZNE-PQEislargelydependentontwo r r=0 factors: R ∑γr Tr(AN Crλo (ρ))=Tr(Aρ)+b A (ρ), (17) ● t a h N e I m SQ eth d o e d vi o c l e og"
Halder et al. - 2023 - Development of zero-noise extrapolated projective quantum algorithm for accurate evaluation of molec.pdf,Halder et al.,yes,partial,weak,scaling-mention,6,"atdifferentnoisenodestotheestimateandfollowstherelations R 1.Noisescalingmethods ∑γr =1, (18) Theeffectivenoiseinthesystemcanbescaledupusingtime- r=0 scaling methods on the quantum processors. This is executed by ∑ R γr C r q=0 q=1,...,R. (19) r sa e- m ca e li u b n ra it t a in ry g e t v h o e lu c t o"
Halder et al. - 2023 - Development of zero-noise extrapolated projective quantum algorithm for accurate evaluation of molec.pdf,Halder et al.,yes,partial,weak,scaling-mention,11,"ecifically,weparameterizedthediagonalterms ingtheeffectivenessofusingmultipleerrormitigationtechniques obtained from a quantum device using the noise scaling para- simultaneouslyinthePQEframework. meterandextrapolatedthemtotheirzeronoiselimit.Thisprotocol has enabled us to improve the accuracy and efficien"
Halder et al. - 2023 - Development of zero-noise extrapolated projective quantum algorithm for accurate evaluation of molec.pdf,Halder et al.,yes,partial,weak,scaling-mention,13,"A.A.Alves,P.Czarnik,M.El 822–836(2023). Mandouh,M.H.Gordon,Y.Hindy,A.Robertson,P.Thakre,M.Wahl,D.Samuel, 48I. Magoulas and F. A. Evangelista, “Linear-scaling quantum circuits for R.Mistri,M.Tremblay,N.Gardner,N.T.Stemen,N.Shammah,andW.J.Zeng, computationalchemistry,”J.Chem.TheoryComput.19,4815–4821(2023)."
Henao et al. - 2023 - Adaptive quantum error mitigation using pulse-based inverse evolutions.pdf,Henao et al.,partial,yes,strong,sampling-cost,8,"ion to its dominant term. shot budget for KIK mitigation. For a given value of M, Importantly, this does not exclude errors of moderate or strong the sampling overhead is evaluated by minimizing Var ðAÞ over magnitude associated with such a term. On the other hand, M the distribution of measurements between the differe"
Henao et al. - 2023 - Adaptive quantum error mitigation using pulse-based inverse evolutions.pdf,Henao et al.,partial,yes,strong,sampling-cost,9,"gationfornear-future strength of the noise, this only requires measuring a single applications.Phys.Rev.X8,031027(2018). experimental parameter whose sampling cost is negligible and 9. Strikis,A.,Qin,D.,Chen,Y.,Benjamin,S.C.&Li,Y.Learning-basedquantumerror independentofthesizeofthesystem.Usually,theperformaceof mit"
Henao et al. - 2023 - Adaptive quantum error mitigation using pulse-based inverse evolutions.pdf,Henao et al.,partial,yes,weak,overhead-mention,8,"(μ)=μ2 or other choices of g(μ). This topic is left for future be exponential in worst-case scenarios36,37. This results in a investigation. sampling overhead for achieving a given precision, as compared Lastly,westressthatcondition(21)doesnotimplythattheKIK tothenumber ofsamples required withoutusing QEM."
Henao et al. - 2023 - Adaptive quantum error mitigation using pulse-based inverse evolutions.pdf,Henao et al.,partial,yes,weak,overhead-mention,8,"t of KIK error mitigation. For the sampling sffiffiffiffiffiffiffiffiffiffiffiffiffiffiffiffiffiffiffiffiffiffiffiffiffiffiffiffiffiffiffiffiffiffi R overhead, we adopt the variance as the measure of statistical (cid:6) 2M ð2 þ M 1ðM þ þ 1Þ 1 !! Þ! Tr (cid:2) A2 (cid:3) (cid:2) ½T T rð rð A I Þ Þ (cid:3)2 ð"
Henao et al. - 2023 - Adaptive quantum error mitigation using pulse-based inverse evolutions.pdf,Henao et al.,partial,yes,weak,overhead-mention,8,"s dominant term. shot budget for KIK mitigation. For a given value of M, Importantly, this does not exclude errors of moderate or strong the sampling overhead is evaluated by minimizing Var ðAÞ over magnitude associated with such a term. On the other hand, M the distribution of measurements between the diff"
Henao et al. - 2023 - Adaptive quantum error mitigation using pulse-based inverse evolutions.pdf,Henao et al.,partial,yes,weak,overhead-mention,9,"anddataunderlyingfiguresishostedathttps://doi.org/10.5281/zenodo.7652322.All additionaldataareprovidedinthesupplementaryinformation. Fig. 5 Variance overhead γ (g) of KIK error mitigation, for M mitigation orders 1≤M≤3. The graph shows γ (g) in terms of the function g=g(μ), used to evaluate the adap M tive"
Henao et al. - 2023 - Adaptive quantum error mitigation using pulse-based inverse evolutions.pdf,Henao et al.,partial,yes,weak,overhead-mention,9,"95,032338(2017). noiseintensity forhandlingmoderate andstrong noise. 6. Temme,K.,Bravyi,S.&Gambetta,J.M.Errormitigationforshort-depthquantum The shot overhead of our method depends only on the noise circuits.Phys.Rev.Lett.119,180509(2017). levelandnotonthesizeofthetargetcircuit.Formoderatenoise, 7. Li, Y. &"
Henao et al. - 2023 - Adaptive quantum error mitigation using pulse-based inverse evolutions.pdf,Henao et al.,partial,yes,weak,overhead-mention,9,"velandnotonthesizeofthetargetcircuit.Formoderatenoise, 7. Li, Y. & Benjamin, S. C. Efficient variational quantum simulator incorporating the sampling overhead for mitigation order three or lower is activeerrorminimization.Phys.Rev.X7,021050(2017). smaller than ten. While the KIK method can be adapted to the"
Henao et al. - 2023 - Adaptive quantum error mitigation using pulse-based inverse evolutions.pdf,Henao et al.,partial,yes,weak,scaling-mention,1,"observed that circuits designed to amplify depolarizing noise fail Quantumcomputershavereachedapointwheretheyoutperform to achieve the intended noise scaling, when applied to more even the most powerful classical computers in specific tasks1–3. realistic noise models19. Our experimental findings also show"
Henao et al. - 2023 - Adaptive quantum error mitigation using pulse-based inverse evolutions.pdf,Henao et al.,partial,yes,weak,scaling-mention,1,"ationvaluesareestimatedviaextrapolationtothe noise model by taking advantage of circuits that are akin to the zero-noise limit, after fitting a noise scaling ansatz to the targetcircuitbutadmitanefficientclassicalsimulation9,10,16,35.By measured data. While the construction of circuits that correctly conca"
Henao et al. - 2023 - Adaptive quantum error mitigation using pulse-based inverse evolutions.pdf,Henao et al.,partial,yes,weak,additional-resources,6,"u e i a ld i s s u t p o fortheerrormitigationitself,theestimationofμonlyinvolvesthe complement the KIK error mitigation for a whole circuit, with a additional circuit KK. Therefore, our adaptive strategy is not I KIK-basedcalibration oftheindividual gates. based on any tomographic procedure or noise learning stage."
Hicks et al. - 2022 - Active readout-error mitigation.pdf,Hicks et al.,yes,yes,strong,circuit-overhead,2,"ut error rate. Moreover, the resource requirement of the encoding in Second, and more significantly, we have assumed that terms of ancilla qubits and gate overhead is independent m i can be estimated using a large number of measure- of circuit depth, making it well suited for near-term ap- ments relative to the"
Hicks et al. - 2022 - Active readout-error mitigation.pdf,Hicks et al.,yes,yes,strong,circuit-overhead,9,"0.02 0.00 First Second Fourth Fifth Qubit Qubit Qubit Qubit rorrE tuodaeR evitceffE (e.g. response matrix), which can involve an exponential Nominal Circuit overhead and be subject to temporal drifts; nor does it Encoded Ciruict, no mitigation suffer from pathologies that can occur when applying Active Readout pos"
Hicks et al. - 2022 - Active readout-error mitigation.pdf,Hicks et al.,yes,yes,strong,factor-of-N,7,"e Hamming (7,4) lead to the same general linear scaling, i.e. Q eff ≈ 4α(cid:15) code to the repetition codes, we perform noisy simula- (we include a factor of 4 for the number of logical qubits). tions based each encoding and apply error either error Thisindicatesthatasingle gateerrorduringtheencoding correct"
Hicks et al. - 2022 - Active readout-error mitigation.pdf,Hicks et al.,yes,yes,weak,overhead-mention,2,"ror rate. Moreover, the resource requirement of the encoding in Second, and more significantly, we have assumed that terms of ancilla qubits and gate overhead is independent m i can be estimated using a large number of measure- of circuit depth, making it well suited for near-term ap- ments relative to the"
Hicks et al. - 2022 - Active readout-error mitigation.pdf,Hicks et al.,yes,yes,weak,overhead-mention,3,"beginningofthecircuit. Thesesimplifications ∼ allow us to circumvent the significant space and gate TABLEI.Summaryoftheencodingschemespresentedinthis overhead typically associated with full quantum error work. The notation (n,k) indicates that n physical qubits correction. are required to encode k logical q"
Hicks et al. - 2022 - Active readout-error mitigation.pdf,Hicks et al.,yes,yes,weak,overhead-mention,9,"00 First Second Fourth Fifth Qubit Qubit Qubit Qubit rorrE tuodaeR evitceffE (e.g. response matrix), which can involve an exponential Nominal Circuit overhead and be subject to temporal drifts; nor does it Encoded Ciruict, no mitigation suffer from pathologies that can occur when applying Active Readout pos"
Hicks et al. - 2022 - Active readout-error mitigation.pdf,Hicks et al.,yes,yes,weak,overhead-mention,11,", it ≈ may be advantageous to correct errors by assigning 01 and 10 to the logical ˆ1 state, instead of discarding them. This reduces the measurement overhead associated with post-selection;however,itdoesnotremovethe ((cid:15))error O from two qubit flips in the encoding circuit. [35] R. Hicks, C. W. Bauer,"
Hicks et al. - 2022 - Active readout-error mitigation.pdf,Hicks et al.,yes,yes,weak,scaling-mention,3,"ectionvs.correction),aswell for Google Sycamore and a variety of IBMQ quantum as the error model for the entangling gates. We confirm computers. this scaling for a symmetric depolarizing noise model via Generalizing our strategy, one may consider encoding analytical results in Sec. III and numerical simula"
Hicks et al. - 2022 - Active readout-error mitigation.pdf,Hicks et al.,yes,yes,weak,scaling-mention,7,"q (b) Q eff;(7,4)det FIG. 6. Total readout error rate, Qeff, for various error mit- Q eff;(2,1)det igation strategies. (a) Qeff exhibits a power-law scaling as a function the bare readout error rate q, with an exponent (b) determined by the code distance and whether error correction or error detection is"
Hicks et al. - 2022 - Active readout-error mitigation.pdf,Hicks et al.,yes,yes,weak,scaling-mention,7,"e Appendix B). the dependence on readout errors, all encoding schemes To compare the performance of the Hamming (7,4) lead to the same general linear scaling, i.e. Q eff ≈ 4α(cid:15) code to the repetition codes, we perform noisy simula- (we include a factor of 4 for the number of logical qubits). tions ba"
Hicks et al. - 2022 - Active readout-error mitigation.pdf,Hicks et al.,yes,yes,weak,scaling-mention,7,"alings with (cid:15); this ratio increases further when (cid:15) (cid:28) q, trendsfollowdirectlyfromhavingacodedistanceofd=3, owing to the favorable scaling with q offered by error which implies that 2 or 3 independent bit-flip errors are detection. Second, we compare error detection using the required fo"
Hicks et al. - 2022 - Active readout-error mitigation.pdf,Hicks et al.,yes,yes,weak,scaling-mention,8,"ctivity. This is a relatively minor concern for problems where only a small number of qubits are read out at a time (e.g. when mea- in which case the scaling with q becomes relevant. suring few-body correlation functions), and thus only a Finally, in Appendix D, we analyze an extended (8,4) few additional"
Hicks et al. - 2022 - Active readout-error mitigation.pdf,Hicks et al.,yes,yes,weak,scaling-mention,15,"arity | i bit rather than the original 7 gates. By performing noisy q2: | 0 i simulations, we verify that this reduced circuit has the q4: 0 | i same scaling with respect to readout errors as the full q0: 0 circuit. However, the simplified circuit exhibits a worse | i performance with respect to gate error"
Hilder et al. - 2022 - Fault-Tolerant Parity Readout on a Shuttling-Based Trapped-Ion Quantum Computer.pdf,Hilder et al.,na,yes,strong,factor-of-N,13,"elocalized within the driving field [77]. of Four Superconducting Qubits, Nat. Commun. 6, 6979 (2015). This leads to a loss of coupling strength by a factor of 1−η2n, where η is the Lamb-Dicke parameter. The gate [10] S.J. Devitt, W.J. Munro, and K. Nemoto, Quantum Error Correction for Beginners, Rep. Prog. Ph"
Hilder et al. - 2022 - Fault-Tolerant Parity Readout on a Shuttling-Based Trapped-Ion Quantum Computer.pdf,Hilder et al.,na,yes,weak,overhead-mention,7,"ically with thequbitnumber,dependingontheconnectivityrequired Transverse secular motion accumulated from a shuttling by the underlying protocol. This overhead can be miti- operation may deteriorate subsequent two-qubit gates. The gated by improving the control hardware to decrease the motionleadstodispersio"
Hilder et al. - 2022 - Fault-Tolerant Parity Readout on a Shuttling-Based Trapped-Ion Quantum Computer.pdf,Hilder et al.,na,yes,weak,overhead-mention,7,"ution time is given by laser-driven gate interactions, [88,91].AnentanglementwitnessWisanobservablewhose while 95% is consumed by shuttling operation overhead. expectationvalueisbyconstructionpositiveorequaltozero 011032-7"
Hilder et al. - 2022 - Fault-Tolerant Parity Readout on a Shuttling-Based Trapped-Ion Quantum Computer.pdf,Hilder et al.,na,yes,weak,overhead-mention,9,"BIT OPERATIONS 1. 40Ca+ spin qubit V. DISCUSSION AND OUTLOOK Tostoreandprocessquantuminformation,thespinofthe We successfully demonstrate a low-qubit-overhead FT valenceelectronof40Caþionsisused.Thequbitisencoded PCM scheme on a shuttling-based trapped-ion quantum in the Zeeman sublevels ofthe S 1=2 ground"
Hilder et al. - 2022 - Fault-Tolerant Parity Readout on a Shuttling-Based Trapped-Ion Quantum Computer.pdf,Hilder et al.,na,yes,weak,overhead-mention,12,"trol of the confining trapsegment[66];however,thisdoesnotyieldareduction potential, transferring from a single-well to a double-well of the shuttling overhead, as the separation and merge potential.Inordertoavoidexcessivemotionalexcitationfrom processes are limited to the LIZ segment. thisoperation,precisec"
Hirasaki et al. - 2023 - Detection of temporal fluctuation in superconducting qubits for quantum error mitigation.pdf,Saki et al.,yes,no,none,,,
Hour et al. - 2024 - Improving Zero-noise Extrapolation for Quantum-gate Error Mitigation using a Noise-aware Folding Met.pdf,Hour et al.,partial,partial,weak,scaling-mention,2,"gates and replicates the entire block with U (cid:0) U†U (cid:1) . This method requires no knowledge of the QC underlying noise model. Although these scaling methods effectively amplify noise in the original input quantum program, they neglect the sources of error imbalance within the QC system, potentiall"
Hour et al. - 2024 - Improving Zero-noise Extrapolation for Quantum-gate Error Mitigation using a Noise-aware Folding Met.pdf,Hour et al.,partial,partial,weak,scaling-mention,3,"atanoise model, whichisfreelyavailableonmost oftheQCsystems. Ourapproachcomprehensivelyanalyzesthecalibrationdatanoisemodel,strategically adjusts the scaling factor for each gate operation, balancing the distribution of gate error rates across all logical qubits. Addressing the error source imbalances miti"
Hour et al. - 2024 - Improving Zero-noise Extrapolation for Quantum-gate Error Mitigation using a Noise-aware Folding Met.pdf,Hour et al.,partial,partial,weak,scaling-mention,3,"crossvariousfull-noisemodelsandrealquantum computers, showcasing the method’s consistent performance in simulations, high- lighting the challenges of scaling to larger circuits, and emphasizing the disparity between simulated and real quantum computer executions. The remainder of this paper is organized as"
Hour et al. - 2024 - Improving Zero-noise Extrapolation for Quantum-gate Error Mitigation using a Noise-aware Folding Met.pdf,Hour et al.,partial,partial,weak,scaling-mention,3,"kground This section briefly provides the fundamental concept to understand our proposed method. We present QEM, noise extrapolation model, and noise scaling methods. 2.1 Zero-noise Extrapolation Method Two prominent QEM methods were introduced by Kristan Temme et al. [10] in the same letter. The first met"
Hour et al. - 2024 - Improving Zero-noise Extrapolation for Quantum-gate Error Mitigation using a Noise-aware Folding Met.pdf,Hour et al.,partial,partial,weak,scaling-mention,4,"σ2) (2) Inthisdistribution,N(µ,σ2)representsatypicaldistribution,oftenGaussian,charac- terized by a mean µ and variance σ2 =σ2/N. Given a series of m scaling parameters 0 λ=(λ ,λ ,...,λ ),whereeachλ isgreaterthanorequalto1,andthecorresponding 1 2 m j outcomes: y =y ,y ,...,y (3) 1 2 m Besides the foundatio"
Hour et al. - 2024 - Improving Zero-noise Extrapolation for Quantum-gate Error Mitigation using a Noise-aware Folding Met.pdf,Hour et al.,partial,partial,weak,scaling-mention,5,"each of the quantum gates individually, while (c) mirrors the entire circuit as a single U operation. I where λˆ and yˆ represent the averages of the scaling parameters λ and the corre- j sponding outcomes y , respectively. The terms S and S are computed based on j λy λλ the deviations of λ from their mean"
Hour et al. - 2024 - Improving Zero-noise Extrapolation for Quantum-gate Error Mitigation using a Noise-aware Folding Met.pdf,Hour et al.,partial,partial,weak,scaling-mention,5,"solution underscores the effi- ciency of the linear extrapolation method, offering a streamlined approach to predict outcomes y with respect to input scaling parameters λ. 2.2 Noise Scaling Methods ZNE method measures a given observable at varying levels of noise. Using the mea- sured dependence on the noi"
Hour et al. - 2024 - Improving Zero-noise Extrapolation for Quantum-gate Error Mitigation using a Noise-aware Folding Met.pdf,Hour et al.,partial,partial,weak,scaling-mention,5,"iency of the linear extrapolation method, offering a streamlined approach to predict outcomes y with respect to input scaling parameters λ. 2.2 Noise Scaling Methods ZNE method measures a given observable at varying levels of noise. Using the mea- sured dependence on the noise, they then extrapolated the r"
Hour et al. - 2024 - Improving Zero-noise Extrapolation for Quantum-gate Error Mitigation using a Noise-aware Folding Met.pdf,Hour et al.,partial,partial,weak,scaling-mention,5,"vels of noise. Using the mea- sured dependence on the noise, they then extrapolated the result to the expected noiseless value. We describe the noise scaling method using two main types of folding namely local unitary folding and global unitary folding: • Unitary folding modifies the quantum circuit by inc"
Hour et al. - 2024 - Improving Zero-noise Extrapolation for Quantum-gate Error Mitigation using a Noise-aware Folding Met.pdf,Hour et al.,partial,partial,weak,scaling-mention,6,"rcuit is d(2n+1)+2s, allowing a stretch of the circuit’s depth to be extended up to a resolution scale of 2/d. This allows for the application of the scaling d→λd, where 2k λ=1+ ,k =1,2,3,.... (12) d Conversely, given any real λ, one can determine the closest integer k to d(λ−1)/2, perform integer division"
Hour et al. - 2024 - Improving Zero-noise Extrapolation for Quantum-gate Error Mitigation using a Noise-aware Folding Met.pdf,Hour et al.,partial,partial,weak,scaling-mention,6,"tes or layers, d, by an odd integer, 1+2n. Similar to global folding, a final partial folding operation can be added to achieve a more finely grained scaling factor.Toimplementsuch”partial”folding,let’sdefineanarbitrarysubset,S,ofthe fullsetofindices1,2,...,d,wherethenumberofelementsinS isaspecifiedinteger"
Hour et al. - 2024 - Improving Zero-noise Extrapolation for Quantum-gate Error Mitigation using a Noise-aware Folding Met.pdf,Hour et al.,partial,partial,weak,scaling-mention,7,"ented. Initially, the noise on the circuit is accumulated to form an error rate matrix for λ = 1, representing the original mapped circuit. Then, the scaling is applied by computing the scale error rate threshold using the value λ. Finally, identity gates are inserted until the error rate of the qubit pair"
Hour et al. - 2024 - Improving Zero-noise Extrapolation for Quantum-gate Error Mitigation using a Noise-aware Folding Met.pdf,Hour et al.,partial,partial,weak,scaling-mention,8,")throughgate-levelunitaryfolding.However,additionaltechniquessuch asidentitygateinsertion[32]andpulsestretching[29]arealsoutilizedtoaccommodate noise scaling. Althoughsomeoftheseapproachesrequirenospecifichardwarenoisemodels,they assume uniform noise scaling across the circuit, ignoring the variations in e"
Hour et al. - 2024 - Improving Zero-noise Extrapolation for Quantum-gate Error Mitigation using a Noise-aware Folding Met.pdf,Hour et al.,partial,partial,weak,scaling-mention,8,"stretching[29]arealsoutilizedtoaccommodate noise scaling. Althoughsomeoftheseapproachesrequirenospecifichardwarenoisemodels,they assume uniform noise scaling across the circuit, ignoring the variations in error levels among qubits within the quantum system. In real systems, where error rates differ at diff"
Hour et al. - 2024 - Improving Zero-noise Extrapolation for Quantum-gate Error Mitigation using a Noise-aware Folding Met.pdf,Hour et al.,partial,partial,weak,scaling-mention,8,"or levels among qubits within the quantum system. In real systems, where error rates differ at different logical gates for each physical qubit, these scaling methods cannot obtain uniform scaling factors. Such nonuniform scaling factors can impede the convergence of the extrapolation model toward a zero-no"
Hour et al. - 2024 - Improving Zero-noise Extrapolation for Quantum-gate Error Mitigation using a Noise-aware Folding Met.pdf,Hour et al.,partial,partial,weak,scaling-mention,8,"tum system. In real systems, where error rates differ at different logical gates for each physical qubit, these scaling methods cannot obtain uniform scaling factors. Such nonuniform scaling factors can impede the convergence of the extrapolation model toward a zero-noise state effectively. To address thes"
Hour et al. - 2024 - Improving Zero-noise Extrapolation for Quantum-gate Error Mitigation using a Noise-aware Folding Met.pdf,Hour et al.,partial,partial,weak,scaling-mention,8,"e error rates differ at different logical gates for each physical qubit, these scaling methods cannot obtain uniform scaling factors. Such nonuniform scaling factors can impede the convergence of the extrapolation model toward a zero-noise state effectively. To address these problems, we propose to leverag"
Hour et al. - 2024 - Improving Zero-noise Extrapolation for Quantum-gate Error Mitigation using a Noise-aware Folding Met.pdf,Hour et al.,partial,partial,weak,scaling-mention,8,"odel of the target hardwaretoscalethenoiseusinganoise-awarefoldingmethodinZNEforthequantum circuit. Our approach regards λ not solely as a gate-count scaling factor which is the maindifferfromfoldfromleftmethod,butasanerror-ratemodifierthresholdtoscale the quantum circuit. Quantum computers require periodi"
Hour et al. - 2024 - Improving Zero-noise Extrapolation for Quantum-gate Error Mitigation using a Noise-aware Folding Met.pdf,Hour et al.,partial,partial,weak,scaling-mention,10,"tly correlated with the circuit’s gate count or depth as previously discussed on global or local unitary folding. To achieve this, we propose a noise scaling based on the error rate with the adjustment using λ as follow: 10"
Hour et al. - 2024 - Improving Zero-noise Extrapolation for Quantum-gate Error Mitigation using a Noise-aware Folding Met.pdf,Hour et al.,partial,partial,weak,scaling-mention,11,"e error rate adjusted by λ, λ calculated as ϵ = ϵ ∗λ. Finally, γ is an adjustable coefficient parameter that λ circuit allows control the rate of the scaling. In Figure 2 and algorithm 1, γ is set to 2. This computation is detailed in the algorithm 1 line 6-9. Usingϵ atanyλ,ournoise-awarefoldingmechanismap"
Hour et al. - 2024 - Improving Zero-noise Extrapolation for Quantum-gate Error Mitigation using a Noise-aware Folding Met.pdf,Hour et al.,partial,partial,weak,scaling-mention,13,"methods:foldfromleft,foldatrandom,andnoise-awarefoldingappliedtothecircuit depicted in Figure 3, spanning from 2 to 27 qubits (horizontal axis). The scaling factor λ of [1,1.5,2,2.5] was utilized for each folding method at every qubit count. The ‘Exact Simulation’ represents results without any applied no"
Hour et al. - 2024 - Improving Zero-noise Extrapolation for Quantum-gate Error Mitigation using a Noise-aware Folding Met.pdf,Hour et al.,partial,partial,weak,scaling-mention,15,"12 13 14 15 16 17 18 19 20 21 22 23 24 Number of Qubits Fig. 6:Expectationvalueresultsonarealquantumcomputeribmq mumbai withthe exact same setup and scaling factor configuration from the result in Figure 4. the expectation values of the unmitigated, fold from left, fold at random, and noise- aware folding"
"Huang et al. - 2023 - Near-Term Quantum Computing Techniques Variational Quantum Algorithms, Error Mitigation, Circuit Co.pdf",Huang et al.,yes,partial,weak,overhead-mention,8,"rthegeneralcircuitcom- E noisymeasurementresults. Whileitintroducestheadditional posedofaN-gatesequencesU = (cid:81)N U ,wecanjustfind n=1 n sampling overhead caused by the increase in the variance of the quasi-probability decomposition for noise process E as- n themitigatedobservable,QEMrequiresfewerqubits"
"Huang et al. - 2023 - Near-Term Quantum Computing Techniques Variational Quantum Algorithms, Error Mitigation, Circuit Co.pdf",Huang et al.,yes,partial,weak,overhead-mention,9,"orsomeVQEalgorithms. Othermitigation methodsforcertainnoisetypes,suchasmeasurementerrormitigation(formeasurementerrors)arealsowidelyapplied. Sampling overhead. Note that the total resource over- efficiencyofPECschemestoεN =O(1). Moreover,thethe- head for PEC involves both the characterization cost of the or"
"Huang et al. - 2023 - Near-Term Quantum Computing Techniques Variational Quantum Algorithms, Error Mitigation, Circuit Co.pdf",Huang et al.,yes,partial,weak,overhead-mention,14,"alnoise,theestimated Bit-flipaveraging. Bit-flipaveraging[320]reducesthecal- measurement probability distribution obtained from p(cid:126) = ibration overhead by an exponential factor without making est Λ−1p(cid:126) may be unphysical due to the negative terms of any specific assumptions about the classical"
"Huang et al. - 2023 - Near-Term Quantum Computing Techniques Variational Quantum Algorithms, Error Mitigation, Circuit Co.pdf",Huang et al.,yes,partial,weak,overhead-mention,15,"104)ψ| of the noisy 0 0 ρ=(1−λ)|ψ(cid:105)(cid:104)ψ|+λρ err , (41) statecontributestoanoisefloorregardlessoftheincreasingof M. Second, the increased overhead of qubits and controlled where λ ≥ 0 denotes the error rate. The pure state |ψ(cid:105)(cid:104)ψ| gates with large M is hard to afford for the NISQ"
"Huang et al. - 2023 - Near-Term Quantum Computing Techniques Variational Quantum Algorithms, Error Mitigation, Circuit Co.pdf",Huang et al.,yes,partial,weak,overhead-mention,15,isystateρanditsdualstateρ¯sharethe same dominant eigenvector in their spectral decompositions. Dual-state purification is efficient in terms of qubit overhead sinceitsimplementationrequiresatmostoneancillaqubit. Combination with active qubit resets. The active qubit FIG. 4. The illustration of two implement
"Huang et al. - 2023 - Near-Term Quantum Computing Techniques Variational Quantum Algorithms, Error Mitigation, Circuit Co.pdf",Huang et al.,yes,partial,weak,overhead-mention,16,"etry verification [338, 340] discards the circuit runs Hˆ(cid:126)c=EBˆ(cid:126)c. (50) failedtopasstheverification,whichcostsadditionalmeasure- ment overhead. It utilizes an ancilla qubit interacting with Here, E is a diagonal matrix with elements representing the eachqubitinthesystemregister,whichisofthef"
"Huang et al. - 2023 - Near-Term Quantum Computing Techniques Variational Quantum Algorithms, Error Mitigation, Circuit Co.pdf",Huang et al.,yes,partial,weak,overhead-mention,18,"The code space projection unifiedframeworkforQEMschemesandthegeneralbounds method [329, 351] decodes errors on logical qubits via post- for sampling overhead [268–270, 361–363]. Takagi et processing, withoutadditionalqubitsandoperationsforsyn- al. [270] described the QEM process as the concatenation drome"
"Huang et al. - 2023 - Near-Term Quantum Computing Techniques Variational Quantum Algorithms, Error Mitigation, Circuit Co.pdf",Huang et al.,yes,partial,weak,scaling-mention,7,"eural networks? Maybe Thenumericalsimulationsgivetheevidencethattheruntime we can try to answer this question in two ways: 1) Find of VQLS has linear scaling in κ, logarithmic scaling in 1/ε, the provable advantages of VQAs theoretically. This should and polylogarithmic scaling in N, where κ is the conditi"
"Huang et al. - 2023 - Near-Term Quantum Computing Techniques Variational Quantum Algorithms, Error Mitigation, Circuit Co.pdf",Huang et al.,yes,partial,weak,scaling-mention,7,"umericalsimulationsgivetheevidencethattheruntime we can try to answer this question in two ways: 1) Find of VQLS has linear scaling in κ, logarithmic scaling in 1/ε, the provable advantages of VQAs theoretically. This should and polylogarithmic scaling in N, where κ is the condition be difficult, since tod"
"Huang et al. - 2023 - Near-Term Quantum Computing Techniques Variational Quantum Algorithms, Error Mitigation, Circuit Co.pdf",Huang et al.,yes,partial,weak,scaling-mention,7,": 1) Find of VQLS has linear scaling in κ, logarithmic scaling in 1/ε, the provable advantages of VQAs theoretically. This should and polylogarithmic scaling in N, where κ is the condition be difficult, since today’s machine learning algorithms are number of a N ×N matrix A, and ε is the precision of the s"
"Huang et al. - 2023 - Near-Term Quantum Computing Techniques Variational Quantum Algorithms, Error Mitigation, Circuit Co.pdf",Huang et al.,yes,partial,weak,scaling-mention,11,in the circuit (denoted by k) follows the Poisson eral approaches using unitary folding can obtain an arbitrary distributionwithprobability[262] real scaling factor [284]. The limitation of identify insertion µk methodisthattheamplifiederrorratemayarbitrarilydeviate p =e−µ . (20) k k! from the desired one
"Huang et al. - 2023 - Near-Term Quantum Computing Techniques Variational Quantum Algorithms, Error Mitigation, Circuit Co.pdf",Huang et al.,yes,partial,weak,scaling-mention,12,rameters. The least square fitting lizethespecificstructureofcertainnoisemodels. Parameter methodhasbeenexperimentallydemonstratedonRigetti’s8- noise scaling [284] is designed for the pulse error caused by qubitquantumprocessor[296]. imperfectcontrolorfiniteprecisionofthephysicalparameters Considering only
"Huang et al. - 2023 - Near-Term Quantum Computing Techniques Variational Quantum Algorithms, Error Mitigation, Circuit Co.pdf",Huang et al.,yes,partial,weak,scaling-mention,36,"m m ingeachQˆ(θ )ontothequantumstatehavetobecachedsoas . j toenableefficientbackpropagation,namelyonehastostore To this end we stress that the O(2S) scaling for Algo- atleastmcopiesofthequantumstate.Thiswouldbeimpossi- rithm. 2 is only an ideal estimation, in which we have im- ble(orhighlyinefficient)even"
"Huang et al. - 2023 - Near-Term Quantum Computing Techniques Variational Quantum Algorithms, Error Mitigation, Circuit Co.pdf",Huang et al.,yes,partial,weak,scaling-mention,37,"J. W. acknowledge the servingasanenablerfromproof-of-principledemonstrations National Natural Science Foundation of China under Grants to engineering scaling. In addition, the available NISQ era No. 12005015. G.-L.L.acknowledgessupportfromtheNa- cloud-based platforms provide great convenience for explor- t"
"Huang et al. - 2023 - Near-Term Quantum Computing Techniques Variational Quantum Algorithms, Error Mitigation, Circuit Co.pdf",Huang et al.,yes,partial,weak,sample-complexity,9,"esource over- efficiencyofPECschemestoεN =O(1). Moreover,thethe- head for PEC involves both the characterization cost of the oretical analysis of the sample complexity for implementing noisechannel,andthesamplingoverheadtoestimatethelin- PEChasbeenexplored[269,270]andithasbeenshownthe ear combinations in Eq 10. Cons"
Jin et al. - 2025 - Noisy probabilistic error cancellation and generalized physical implementability.pdf,Jin et al.,yes,no,none,,,
Jnane et al. - 2024 - Quantum Error Mitigated Classical Shadows.pdf,Jnane et al.,yes,yes,strong,overhead-scaling,3,"QUANTUMERRORMITIGATEDCLASSICALSHADOWS PRXQUANTUM5,010324(2024) overhead grows exponentially with the number of noisy N =2N|Q|positiveoperatorsgivenby E gates. In numerical simulations, we showcase a broad range E ={E =p Q†|b(c"
Jnane et al. - 2024 - Quantum Error Mitigated Classical Shadows.pdf,Jnane et al.,yes,yes,weak,overhead-mention,1,"redictingmanylinearproperties id of ρ is identical to that of the conventional shadows approach up to a multiplicative factor, which is id the sample overhead due to error mitigation. Due to efficient postprocessing of shadows, this overhead doesnotdependdirectlyonthenumberofqubitsbutrathergrowsexponentiall"
Jnane et al. - 2024 - Quantum Error Mitigated Classical Shadows.pdf,Jnane et al.,yes,yes,weak,overhead-mention,1,"ows approach up to a multiplicative factor, which is id the sample overhead due to error mitigation. Due to efficient postprocessing of shadows, this overhead doesnotdependdirectlyonthenumberofqubitsbutrathergrowsexponentiallywiththenumberofnoisy gates.Thebroadsetoftoolsintroducedinthisworkmaybeinstrumental"
Jnane et al. - 2024 - Quantum Error Mitigated Classical Shadows.pdf,Jnane et al.,yes,yes,weak,overhead-mention,3,"QUANTUMERRORMITIGATEDCLASSICALSHADOWS PRXQUANTUM5,010324(2024) overhead grows exponentially with the number of noisy N =2N|Q|positiveoperatorsgivenby E gates. In numerical simulations, we showcase a broad range E ={E =p Q"
Jnane et al. - 2024 - Quantum Error Mitigated Classical Shadows.pdf,Jnane et al.,yes,yes,weak,overhead-mention,6,"e term (cid:2)g(cid:2)2, 1 forsimultaneouslyestimatingmanylocalRényientropies. whichaccountsforthewell-knownmeasurementoverhead Note that measurement overhead ||g||2m grows with the associatedwiththeconventionalPECprotocol[13,43,44] 1 2mth power of the quasiprobability norm consistent with We defer further"
Jnane et al. - 2024 - Quantum Error Mitigated Classical Shadows.pdf,Jnane et al.,yes,yes,weak,overhead-mention,8,"cal, i.e., they are sup- ity is non-negative g (p)≥0 and thus we do not incur k ported on at most weight-s Pauli operators. Then, given a measurement overhead in Theorem 2 via (cid:2)g(p)(cid:2) =1. 1 a Pauli observable O of weight at most q, the eeff ctive Nevertheless, the extrapolated value indeed sueff"
Jnane et al. - 2024 - Quantum Error Mitigated Classical Shadows.pdf,Jnane et al.,yes,yes,weak,overhead-mention,10,"ly close in the exam- (cid:2) ple. While ZNE has been very eeff ctive and typically has H = J k σ(cid:16) k ·σ(cid:16) k+1 , (11) a lower measurement overhead than PEC, it is generally k biased. B.Errormitigatedestimationofentanglement entropies Finally, we consider an application for which classical shadow"
Jnane et al. - 2024 - Quantum Error Mitigated Classical Shadows.pdf,Jnane et al.,yes,yes,weak,overhead-mention,12,"Gühne, Ryuji Takagi, and Zoltán Zimborás for manifestsinamultiplicativemeasurementoverhead—this helpful comments on drafts of the paper. B.K. thanks overhead is identical to the cost of the conventional PEC the University of Oxford for a Glasstone Research Fel- approach and grows exponentially with the num"
Jnane et al. - 2024 - Quantum Error Mitigated Classical Shadows.pdf,Jnane et al.,yes,yes,weak,overhead-mention,18,"rrate In Fig. 3 we repeat our simulations for two dieff rent noise levels to demonstrate that the bias (as well as the a.Gateerrormitigation sampling overhead) grows exponentially. We implement We assume that each noisy quantum gate is aeff cted by two dieff rent circuit error rates, ξ ≈0.15 and ξ ≈ (cid:8)"
Jnane et al. - 2024 - Quantum Error Mitigated Classical Shadows.pdf,Jnane et al.,yes,yes,weak,cost-mention,5,"rs, we obtain the single-gate norm (cid:2)γ(k)(cid:2) =(1+ 1 all circuit variants indexed by k. The reason is that the p k )/(1−p k ) [13]. Thus, the cost of error mitigation—as measurement E ={E} is not performed on a fixed input l l the product of these individual norms from Definition densitymatrixρ asinconve"
Jnane et al. - 2024 - Quantum Error Mitigated Classical Shadows.pdf,Jnane et al.,yes,yes,weak,sample-complexity,4,"y by numerically k Under this assumption, theoretical guarantees have been (rather than analytically) inverting the single-qubit chan- derived on the sample complexity of learning the error nel in Eq. (2), model-free readout-error mitigation is also model[47].Giventhenoisemodelcanbelearnedpriorto applicable [42]. In"
Jnane et al. - 2024 - Quantum Error Mitigated Classical Shadows.pdf,Jnane et al.,yes,yes,weak,sample-complexity,4,"upled from miti- workthatasucffi ientlyhigh-precisionestimateisavailable gatingstate-preparationerrors,ourmathematicaltheorems [49] will quantify the sample complexity of the latter, while Indeed a considerable experimental challenge is posed we demonstrate in numerical simulations that it is indeed by the possible"
Jnane et al. - 2024 - Quantum Error Mitigated Classical Shadows.pdf,Jnane et al.,yes,yes,weak,sample-complexity,6,"means estimator the first one is the squared shadow norm (cid:2)O(cid:2)2, which E toenablesimultaneouspredictionofmanynonlinearprop- determines the sample complexity of conventional shad- erties: we detail an explicit protocol in the next section ows [21]; the second factor is a multiplicative term (cid:2)g(cid:2)"
Jnane et al. - 2024 - Quantum Error Mitigated Classical Shadows.pdf,Jnane et al.,yes,yes,weak,sample-complexity,9,ard pendent of the state preparation circuit—and this increase shot-noisescalingO(1/ N s ). isnegligibleforPaulishadows.Sincethepresentapproach has a sample complexity O(log(M)/(cid:8)2) it is particularly 2.LocalpropertieswithPEC well suited for applications where the aim is to extract a Besides Hamiltonian energy
Jnane et al. - 2024 - Quantum Error Mitigated Classical Shadows.pdf,Jnane et al.,yes,yes,weak,sample-complexity,14,".e.,usingtheoctahedronmeasurement,would =(cid:2)g(cid:2)2maxTr (cid:14)(σ) Tr Oρˆ 2 E , (B1) beverywasteful. 1 σ l l l A similar statement concerning sample complexity as in Lemma 3 can be made for the case of locally biased wherewemovedthesummati(cid:8)oninsidethetrace.Byintro- shadows [82,83]. Let us assume that t"
Jose and Simeone - 2022 - Error-Mitigation-Aided Optimization of Parameterized Quantum Circuits Convergence Analysis.pdf,Jose & Simeone,yes,partial,weak,cost-mention,19,". 8, no. 1, Dec. 2022, Art. no. 014008, 2020,Art.no.42,doi:10.1038/s41534-020-0268-2. doi:10.1088/2058-9565/aca92d. [44] R. Takagi, “Optimal resource cost for error mitigation,” Phys. Rev. [26] Z.Cai,“Multi-exponentialerrorextrapolationandcombiningerrormiti- Res., vol. 3, no. 3, 2021, Art. no. 033178, doi: 10.110"
Khan - 2025 - Quantum Software Engineering Developing Algorithms for IBM Quantum Systems.pdf,Khan,na,partial,weak,overhead-mention,10,"id training workflows can execute thousands of iterations across both quantum hardware and classical GPUs, with runtime APIs minimizing data transfer overhead. Parameterized circuits and variational methods form the foundation of many practical quantum algorithms in IBM’s ecosystem. The Variational Quantum"
Khan - 2025 - Quantum Software Engineering Developing Algorithms for IBM Quantum Systems.pdf,Khan,na,partial,weak,overhead-mention,12,"es, error mitigation techniques—distinct from full quantum error correction—have been developed to improve output fidelity without excessive hardware overhead. One widely used approach is Zero-Noise Extrapolation (ZNE), which involves intentionally amplifying noise during multiple circuit runs and extrapola"
Khan - 2025 - Quantum Software Engineering Developing Algorithms for IBM Quantum Systems.pdf,Khan,na,partial,weak,overhead-mention,16,"kit Runtime enable multiple shots of a quantum circuit to be executed, measured, and aggregated before classical processing, reducing network-induced overhead and improving loop performance. Efficient orchestration ensures that quantum resources are utilized effectively, minimizing idle times and mitigating"
Khan - 2025 - Quantum Software Engineering Developing Algorithms for IBM Quantum Systems.pdf,Khan,na,partial,weak,scaling-mention,12,"g multiple circuit runs and extrapolating back to estimate the noise-free result. By stretching gate durations or repeating certain operations, noise scaling factors are introduced; polynomial or exponential fitting methods are then applied to project idealized outcomes. Another essential strategy is Measu"
Khan - 2025 - Quantum Software Engineering Developing Algorithms for IBM Quantum Systems.pdf,Khan,na,partial,weak,scaling-mention,19,"erence times, gate fidelity, and connectivity. As a result, algorithms must be optimized for shallow circuit depth and minimal entangling operations. Scaling quantum software for larger problems will require innovative algorithmic decomposition, hybrid approaches, and dynamic resource allocation to maximiz"
Khan et al. - 2024 - Error Mitigation in the NISQ Era Applying Measurement Error Mitigation Techniques to Enhance Quantu.pdf,Khan et al.,no,partial,weak,overhead-mention,9,"eexponentialofasumofnon-commutingHamiltoniantermsintoa sequenceofsimpleroperations. Onaclassicalcomputer,thisprocessinvolvessignificant computational overhead due to the need for high-precision matrix exponentiation and manipulation,oftenrequiringtechniquessuchasdiagonalizationornumericalintegration. Thecla"
Khan et al. - 2024 - Error Mitigation in the NISQ Era Applying Measurement Error Mitigation Techniques to Enhance Quantu.pdf,Khan et al.,no,partial,weak,scaling-mention,3,"gmorestablelogicalqubitsandfault-tolerantquantumgates. However,scalability remains a significant concern, given various control signals required when scaling the number of physical qubits. These approaches encompass error correction codes, error mitigationstrategies,andcalibrationprotocolsaimedatenhancingt"
Khan et al. - 2024 - Error Mitigation in the NISQ Era Applying Measurement Error Mitigation Techniques to Enhance Quantu.pdf,Khan et al.,no,partial,weak,scaling-mention,10,"p i o th in r t e i s s p t e h c a t t t d o e T pt C h m . O ea n n e s i n m u p m o b rt e a r n o t f 1 sequence for applying gates. This linear scaling shows the growing complexity with each pointisthatdepthmeansnumberofsequenceforapplyinggates. Thislinearscalingshows additional Trotter step, making"
Kim et al. - 2023 - Evidence for the utility of quantum computing before fault tolerance.pdf,Kim et al. (utility),yes,partial,weak,overhead-mention,2,"inverted by sampling from a distribution of noisy circuits related to the learned model. Yet, for the current error rates on our device, the sampling overhead for the circuit volumes considered in this work remains restrictive, as discussed further below. We therefore turn to zero-noise extrapolation (ZNE)9"
Kim et al. - 2023 - Evidence for the utility of quantum computing before fault tolerance.pdf,Kim et al. (utility),yes,partial,weak,overhead-mention,3,"tly, whereas for α < 0, quasi- observables in Fig. 2b is indicative of the non-uniformity in the error probabilistic sampling is needed with sampling overhead γ−2α for some rates across the entire processor. We report the global magnetization model-specific γ. In PEC, we choose α = −1 to obtain an overall z"
Kim et al. - 2023 - Evidence for the utility of quantum computing before fault tolerance.pdf,Kim et al. (utility),yes,partial,weak,overhead-mention,3,the number of samples used here is much to qubit interactions with fluctuating microscopic defects known as smaller than an estimate of the sampling overhead that would be two-level systems28. needed in a naive PEC implementation (see Supplementary Informa- Clifford circuits serve as useful benchmarks of e
Kim et al. - 2023 - Evidence for the utility of quantum computing before fault tolerance.pdf,Kim et al. (utility),yes,partial,weak,overhead-mention,7,"quasi-probabilistic manner. Doing so results in a sampling B. Holt, M. Hopstaken, H. Horii, T. A. Horvath, R. House, D. Hrtanek, E. Huang, J. Huang, overhead of γ2, in which γ=exp(∑ 2λ). J. R. Huffman, L. Hung, T. Huynh, N. Ibrahim, T. Imamichi, B. Ingmanson, K. Inoue, J. Irish, i i S. Itoh, T. Itoko, K. J"
Kim et al. - 2023 - Evidence for the utility of quantum computing before fault tolerance.pdf,Kim et al. (utility),yes,partial,weak,scaling-mention,2,"98 99 100 101 102 103 104 105 106 107 108 109 110 111 112 113 114 115 116 117 118 119 120 121 122 123 124 125 126 Fig. 1 | Noise characterization and scaling for 127-qubit Trotterized c, Characterization experiments efficiently learn the local Pauli error rates λ l,i time-evolution circuits. a, Each Trotte"
Kim et al. - 2023 - Evidence for the utility of quantum computing before fault tolerance.pdf,Kim et al. (utility),yes,partial,weak,scaling-mention,4,"al simulations. ment of the represented quantum state, at a computational cost Finally, in Fig. 4, we stretch our experiments to regimes in which the scaling polynomially with χ. As entanglement (bond dimension) of a exact solution is not available with the classical methods considered generic state grows"
Kim et al. - 2023 - Evidence for the utility of quantum computing before fault tolerance.pdf,Kim et al. (utility),yes,partial,weak,scaling-mention,4,") and 2D isometric tensor network states (isoTNS)3 that plementary Information VII). At the verifiable Clifford point θ = π/2, h have O(χ3) and O(χ7) scaling of time-evolution complexity, respectively. the mitigated results agree again with the ideal value, whereas the Details of both methods and their str"
Kim et al. - 2023 - Evidence for the utility of quantum computing before fault tolerance.pdf,Kim et al. (utility),yes,partial,weak,scaling-mention,6,"v.org/abs/quant-ph/0404104 (2004). 25. Mari, A., Shammah, N. & Zeng, W. J. Extending quantum probabilistic error cancellation Online content by noise scaling. Phys. Rev. A 104, 052607 (2021). 26. Ferracin, S. et al. Efficiently improving the performance of noisy quantum computers. Any methods, additional r"
Kim et al. - 2023 - Evidence for the utility of quantum computing before fault tolerance.pdf,Kim et al. (utility),yes,partial,weak,scaling-mention,7,"s, T. N. Friedhoff, D. Friedman, R. Frison, D. Fry, T. Fukui, B. Fuller, R. K. Fwamba, J. Gacon, M. Galante, readily seen that exp[αL] is obtained by scaling all λ i by α. For α ≥ 0, the J. M. Gambetta, C. A. Garcia, D. K. Garcia, J. M. Garcia, A. R. García, S. Garion, J. R. Garrison, resulting noise model"
Kim et al. - 2025 - Enhanced Extrapolation-Based Quantum Error Mitigation Using Repetitive Structure in Quantum Algorith.pdf,Kim et al. (enhanced),partial,yes,strong,circuit-overhead,1,"ee expectation value by executing the ers. Random Identity Insertion Method (RIIM) reduces same quantum circuit multiple times at different noise the gate overhead of Fixed Identity Insertion Method levels, amplified using unitary folding, and extrapolat- (FIIM)-based ZNE by inserting identity operations at ing"
Kim et al. - 2025 - Enhanced Extrapolation-Based Quantum Error Mitigation Using Repetitive Structure in Quantum Algorith.pdf,Kim et al. (enhanced),partial,yes,weak,overhead-mention,1,"s sig- nificantly degraded under high noise. Extrapolation based on such low-fidelity data often yields inaccurate estimates and requires substantial overhead. In this study, we propose a lightweight, extrapolation-based error mitigation framework tailored for structured quantum algorithms com- posedofrepea"
Kim et al. - 2025 - Enhanced Extrapolation-Based Quantum Error Mitigation Using Repetitive Structure in Quantum Algorith.pdf,Kim et al. (enhanced),partial,yes,weak,overhead-mention,1,"pectation value by executing the ers. Random Identity Insertion Method (RIIM) reduces same quantum circuit multiple times at different noise the gate overhead of Fixed Identity Insertion Method levels, amplified using unitary folding, and extrapolat- (FIIM)-based ZNE by inserting identity operations at ing"
Kim et al. - 2025 - Enhanced Extrapolation-Based Quantum Error Mitigation Using Repetitive Structure in Quantum Algorith.pdf,Kim et al. (enhanced),partial,yes,weak,overhead-mention,2,"or mitigation framework that integrates a estimation approach based on block-level repetition into existing ZNE techniques, aiming to reduce resource overhead and enhance success probability. Thispaperisorganizedasfollows. SectionII introducesanoverviewofstructuredquantumalgorithms and Grover’s search algor"
Kim et al. - 2025 - Enhanced Extrapolation-Based Quantum Error Mitigation Using Repetitive Structure in Quantum Algorith.pdf,Kim et al. (enhanced),partial,yes,weak,scaling-mention,2,"alue through extrapolation. The overall procedure of A. Structured Quantum Algorithms ZNE can be divided into the following three steps. First, noise scaling involves repeatedly executing the same quantum circuit at different noise scales. A rep- In this study, we define quantum algorithms with resentative"
Kim et al. - 2025 - Enhanced Extrapolation-Based Quantum Error Mitigation Using Repetitive Structure in Quantum Algorith.pdf,Kim et al. (enhanced),partial,yes,weak,scaling-mention,2,"ly executing the same quantum circuit at different noise scales. A rep- In this study, we define quantum algorithms with resentative method for noise scaling is unitary folding, repetitive structures as structured quantum algorithms. which artificially increases the noise by expanding quan- Insuchalgorithm"
Kim et al. - 2025 - Error mitigation with stabilized noise in superconducting quantum processors.pdf,Kim et al. (enhanced),partial,partial,weak,overhead-mention,5,"raction. stable device noise model, albeit at the cost of a slightly increased However,thequbitisstillexposedtorandomfluctuationsinqubit–TLS sampling overhead forerror mitigation and potential bias in obser- interactionbetweenmonitoringevents. vableestimates.Whilethesemodulationstrategiesarecomplementary to"
Kim et al. - 2025 - Error mitigation with stabilized noise in superconducting quantum processors.pdf,Kim et al. (enhanced),partial,partial,weak,overhead-mention,7,"ys.Rev.Lett.121,090502(2018). overheadisproportionaltoγ2forPEC8,thuswereferγtoasasampling 14. DeGraaf,S.etal.Two-levelsystemsinsuperconductingquantum overhead.The sampling overheadis ausefulmetricconnectingthe devicesduetotrappedquasiparticles.Sci.Adv.6,eabc5055(2020). underlying noise strength to an experi"
Kim et al. - 2025 - Error mitigation with stabilized noise in superconducting quantum processors.pdf,Kim et al. (enhanced),partial,partial,weak,overhead-mention,7,"mpling overheadis ausefulmetricconnectingthe devicesduetotrappedquasiparticles.Sci.Adv.6,eabc5055(2020). underlying noise strength to an experimental overhead for error 15. Carroll,M.,Rosenblatt,S.,Jurcevic,P.,Lauer,I.&Kandala,A. mitigation.Forinstance,wetrackthesamplingoverheadtovisualize Dynamicsofsuperco"
Kim et al. - 2025 - Error mitigation with stabilized noise in superconducting quantum processors.pdf,Kim et al. (enhanced),partial,partial,weak,overhead-mention,7,"D.T.&Carroll,M.Two- between different error rates. For instance, the worst (best) case level-systemdynamicsinasuperconductingqubitduetoback- sampling overhead for a given set of two-qubit layers in Fig. 2e is groundionizingradiation.PRXQuantum4,020356(2023). roughlyγ w=1.13(γ b=1.06).Theratioðγ2 w =γ2 b Þ N"
Kiss et al. - 2025 - Quantum error mitigation for Fourier moment computation.pdf,Kiss et al.,partial,yes,strong,factor-of-N,14,"ion, thus slightly increasing the coherence time of in green denotes the final result appearing in Fig. 5. The the device [47]. raw data (scaled by a factor of 5 for better visibility) is showninvioletandthetargetvalueinadashedblackline. APPENDIX B: PROPAGATION OF STATISTICAL The second panel displays the same"
Kiss et al. - 2025 - Quantum error mitigation for Fourier moment computation.pdf,Kiss et al.,partial,yes,strong,overhead-scaling,6,"2 r Γ e n CNOT gates. In the case Γ>2n, CRG provide an ¼ XðitHÞ n RR† ¼expfitHg; ð35Þ advantage over the direct implementation. In particular, n! the overhead scales always at most linearly in the system n size whereas a direct implementation for a k-local which is a backward time evolution, and simply a Hamilton"
Kiss et al. - 2025 - Quantum error mitigation for Fourier moment computation.pdf,Kiss et al.,partial,yes,weak,overhead-mention,5,"k- where now the bias has been reduced by a factor Oð2−n Þ ward step cancels a forward step, we have depending on the main system size [43]. The only overhead of this technique is the increase in 1¼h0¯ jBO l UðjτÞUð−jτÞO† l B† j0¯ i; ð32Þ sample complexity due to the need to estimate the post- selectednoisy"
Kiss et al. - 2025 - Quantum error mitigation for Fourier moment computation.pdf,Kiss et al.,partial,yes,weak,overhead-mention,6,"2 r Γ e n CNOT gates. In the case Γ>2n, CRG provide an ¼ XðitHÞ n RR† ¼expfitHg; ð35Þ advantage over the direct implementation. In particular, n! the overhead scales always at most linearly in the system n size whereas a direct implementation for a k-local which is a backward time evolution, and simply a Ha"
Kiss et al. - 2025 - Quantum error mitigation for Fourier moment computation.pdf,Kiss et al.,partial,yes,weak,overhead-mention,9,"n Appendix A. Even if twirlingisnotstrictlynecessarywhenusingPEV,weuseit by default since it remains standard practice and does increase the sampling overhead, as the shot budget is distributedamongthetwirls.However,itremainsnecessary for ODR to work efficiently. Figure 2 shows the results using echo verifi"
Kiss et al. - 2025 - Quantum error mitigation for Fourier moment computation.pdf,Kiss et al.,partial,yes,weak,overhead-mention,12,"computers natu- rally facilitate the acquisition of moments, the challenges persist for NISQ devices due to controlled time evolution, introducing an overhead in CNOT gates and posing diffi- culties to overcome the decoherence of the devices. In this study, we address these challenges by employing control r"
Kiss et al. - 2025 - Quantum error mitigation for Fourier moment computation.pdf,Kiss et al.,partial,yes,weak,overhead-mention,12,"overcome the decoherence of the devices. In this study, we address these challenges by employing control reversal gates [80,81] to alleviate control overhead and adapting error mitigation strategies, specifically echo verification[43]andoperatordecoherencerenormalization [8,44,45]. We tailor these strategi"
Kiss et al. - 2025 - Quantum error mitigation for Fourier moment computation.pdf,Kiss et al.,partial,yes,weak,overhead-mention,13,"antISED Grant distribution by computing the union over all results. No. KA2401032. This work is part of the activities of the This scheme has minimum overhead which happens at Quantum Computing for High-Energy Physics (QC4HEP) thetranspilationtime.Morespecifically,weconsiderPauli working group. Access to th"
Kiss et al. - 2025 - Quantum error mitigation for Fourier moment computation.pdf,Kiss et al.,partial,yes,weak,scaling-mention,3,"plexgadgets,suchasqubitizationandlinear Product formulas, such as first-order Trotter combinationofunitaries[65–68].Theyusuallyofferbetter asymptotic scaling but are more challenging to implement → inpractice,astheygenerallyrequirefault-tolerantdevices, U 1ðtÞ¼ Y e−itH γ ¼UðtÞþOðt2 Þ; ð6Þ and are outside t"
Kiss et al. - 2025 - Quantum error mitigation for Fourier moment computation.pdf,Kiss et al.,partial,yes,weak,scaling-mention,18,",NathanWiebe, PRX Quantum 2, 020321 (2021). andShuchenZhu,Theoryoftrottererrorwithcommutator [39] Kianna Wan, Mario Berta, and Earl T. Campbell, Ran- scaling, Phys. Rev. X 11, 011020 (2021). domized quantum algorithm for statistical phase estima- [56] FrancescoTacchino,AlessandroChiesa,StefanoCarretta, tio"
Kiss et al. - 2025 - Quantum error mitigation for Fourier moment computation.pdf,Kiss et al.,partial,yes,weak,sample-complexity,5,"ep, we have depending on the main system size [43]. The only overhead of this technique is the increase in 1¼h0¯ jBO l UðjτÞUð−jτÞO† l B† j0¯ i; ð32Þ sample complexity due to the need to estimate the post- selectednoisyexpectationvaluewithanerrorP 0 ϵ,withP 0 which becomes (1−p) under the depolarizing channel. the p"
Krebsbach et al. - 2022 - Optimization of Richardson extrapolation for quantum error mitigation.pdf,Krebsbach et al.,yes,yes,strong,sampling-cost,3,"extrema of the Chebyshev budget of N tot = 106 measurements and choose N eff = polynomials of the first kind. We compare these spacing 1024 then the sampling overhead is about Λ2 =322 . methods to a new set of nodes which we show to be the Now, we can compare different spacing methods in a optimalansatzforQEM.InSectio"
Krebsbach et al. - 2022 - Optimization of Richardson extrapolation for quantum error mitigation.pdf,Krebsbach et al.,yes,yes,weak,overhead-mention,1,"ent boosted noise strengths λ [27, 28]. i achieved via quantum error correction (QEC) [1–5], its practical implementation comes with a large hardware overhead [6–8] that is out of reach for near-term quan- Inthisarticle,weperformacarefulandin-depthanal- tum processors. For the time being, a temporary but ys"
Krebsbach et al. - 2022 - Optimization of Richardson extrapolation for quantum error mitigation.pdf,Krebsbach et al.,yes,yes,weak,overhead-mention,3,"e red square the mitigated result R , both obtained 0 with the same sampling budget. The colo 3 red in- variance of the estimator Rˆ n . The sampling overhead terval indicates the standard deviation of the extrapolation is thus given by Λ2 = Ntot. As we will see later, this usingLagrangepolynomials. Theerro"
Krebsbach et al. - 2022 - Optimization of Richardson extrapolation for quantum error mitigation.pdf,Krebsbach et al.,yes,yes,weak,overhead-mention,3,"of the Chebyshev budget of N tot = 106 measurements and choose N eff = polynomials of the first kind. We compare these spacing 1024 then the sampling overhead is about Λ2 =322 . methods to a new set of nodes which we show to be the Now, we can compare different spacing methods in a optimalansatzforQEM.InSec"
Krebsbach et al. - 2022 - Optimization of Richardson extrapolation for quantum error mitigation.pdf,Krebsbach et al.,yes,yes,weak,overhead-mention,3,"on. The complete the bias of Rˆ n . procedure is summarized in Section IID. B. Spacing of the nodes x j A. Number of measurements N and measurement j overhead Λ Taking a closer look at the bias in Eq. (7) and the variance in Eq. (12), we observe that the quantities that depend on the spacing of the nodes ar"
Krebsbach et al. - 2022 - Optimization of Richardson extrapolation for quantum error mitigation.pdf,Krebsbach et al.,yes,yes,weak,overhead-mention,5,"dΛ. Theresultsforthediscussedspac- ing methods are shown in Fig. 3, where we plot the ratio s Choose n (n C + n 1)!. o ita r #of nodes Scaling method Overhead m Ef e f a e s c u t r iv e e m # en o t f s ma G te iv ly en co t n h s e tan a t s , su F m ig p . ti 3 on cou th ld at be |E u λ ( s n 0 e + d 1)"
Krebsbach et al. - 2022 - Optimization of Richardson extrapolation for quantum error mitigation.pdf,Krebsbach et al.,yes,yes,weak,overhead-mention,5,"rocedure p x E With 𝒪 𝜆𝑛+1 ~ Λ2 = 1 mitigation 0 𝑁tot 𝑁eff We describe above that the relevant parameters of Richardson extrapolation are N eff , the overhead Λ2 and 0 Without 𝒪 𝜆 ~ 1 thenumberofnodesn. Sincethespacingmethodcannot = mitigation 0 𝑁 tot 𝑛 always be chosen at will we also include it into this"
Krebsbach et al. - 2022 - Optimization of Richardson extrapolation for quantum error mitigation.pdf,Krebsbach et al.,yes,yes,weak,overhead-mention,6,"less and choose E∗ = 1. For Λ = 8 and 64 and n = 5, |Bias[Rˆ ]| n is plotted over λ in Fig. 5. We can see that the bias 0 depends most notably on the overhead Λ2. The larger Λ2 the It can therefore make sense to use more mea- surements and increase Λ2 in order to reduce the bias. Furthermore, we can see tha"
Krebsbach et al. - 2022 - Optimization of Richardson extrapolation for quantum error mitigation.pdf,Krebsbach et al.,yes,yes,weak,overhead-mention,6,"onee.g., inRefs.  |]n R[saiB| FIG. 6. Comparison of the bias of Richardson extrapolation on Markovian noise for fixed λ = 0.4 and different n. The 0 overhead in measurements is Λ2 = 42,322 and 2562, respec- tively. Note that the smaller the bias the better the QEM protocol works. The different spacing meth"
Krebsbach et al. - 2022 - Optimization of Richardson extrapolation for quantum error mitigation.pdf,Krebsbach et al.,yes,yes,weak,overhead-mention,7,".4 0.6 0.8 1.0 FIG. 7. Comparison of the bias of Richardson extrapolation on the noise model in Eq. (20) with η=0.1 and λ =0.4 for 0 different n. The overhead in measurements is Λ2 = 42,322 and 2562, respectively. Note that the smaller the bias the bettertheQEMprotocolworks. Thedifferentspacingmeth- odsare:"
Krebsbach et al. - 2022 - Optimization of Richardson extrapolation for quantum error mitigation.pdf,Krebsbach et al.,yes,yes,weak,overhead-mention,11,"|]n R[saiB| FIG. 9. Comparison of the bias of Richardson extrapo- lation on the noise model in Eq. (20) with η = 0.9 and λ = 0.4 for different n. The overhead in measurements is 0 Λ2 = 42,322 and 2562, respectively. The different spacing methods are: tilted Chebyshev (blue, uptriangle), extremal Chebyshev(y"
Krebsbach et al. - 2022 - Optimization of Richardson extrapolation for quantum error mitigation.pdf,Krebsbach et al.,yes,yes,weak,scaling-mention,2,"ns: k=1 1. Is there a way to reduce this increase in Var[Rˆ ]? for some constant coefficients a , then the mitigated re- n k sult reads 2. Is there a scaling method for x that optimizes the j tradeoff between bias and variance? ∞ n (cid:88) (cid:88) R =E∗+ a λk γ xk. (6) n k 0 j j 3. Is there an optimal n?"
Krebsbach et al. - 2022 - Optimization of Richardson extrapolation for quantum error mitigation.pdf,Krebsbach et al.,yes,yes,weak,scaling-mention,4,"ve that the tilted Cheby- shev nodes indeed lead to a lower C and consequently n a higher ratio (n+1)! than the other methods. While for Cn n ≤ 3 all scaling methods perform similarly, the tilted Chebyshevnodesperformbestforlargern. Forexample for n = 7 they lead to a C that is about 1.25, 2 and n 35 times"
Krebsbach et al. - 2022 - Optimization of Richardson extrapolation for quantum error mitigation.pdf,Krebsbach et al.,yes,yes,weak,scaling-mention,5,"afunctionofnandΛ. Theresultsforthediscussedspac- ing methods are shown in Fig. 3, where we plot the ratio s Choose n (n C + n 1)!. o ita r #of nodes Scaling method Overhead m Ef e f a e s c u t r iv e e m # en o t f s ma G te iv ly en co t n h s e tan a t s , su F m ig p . ti 3 on cou th ld at be |E u λ ("
Krebsbach et al. - 2022 - Optimization of Richardson extrapolation for quantum error mitigation.pdf,Krebsbach et al.,yes,yes,weak,scaling-mention,9,". doi:10.1098/rsta.1927.0008. Extending quantum probabilistic error cancellation by [27] C. Runge. U¨ber empirische funktionen und die interpo- noise scaling. Phys. Rev. A, 104:052607, Nov 2021. lation zwischen a¨quidistanten ordinaten. Zeitschrift fu¨r doi:10.1103/PhysRevA.104.052607.URLhttps://link. Math"
Kurita et al. - 2023 - Synergetic quantum error mitigation by randomized compiling and zero-noise extrapolation for the var.pdf,Kurita et al.,partial,partial,weak,overhead-mention,5,"the improvement from our error mitigation strategy persists even under the more realistic, but slower, second method. We remark that the measurement overhead is a major bottleneck for VQE algorithms, and in the present work we do not attempt to improve it in our simulations (see [6, 32, 33, 34] for various"
Kurita et al. - 2023 - Synergetic quantum error mitigation by randomized compiling and zero-noise extrapolation for the var.pdf,Kurita et al.,partial,partial,weak,overhead-mention,5,"k for VQE algorithms, and in the present work we do not attempt to improve it in our simulations (see [6, 32, 33, 34] for various ways to reduce this overhead). We perform and compare VQE simulations under various conditions: with no quantum error mitigation, with RC alone, with ZNE alone, and with RC and Z"
Kurita et al. - 2023 - Synergetic quantum error mitigation by randomized compiling and zero-noise extrapolation for the var.pdf,Kurita et al.,partial,partial,weak,scaling-mention,1,"rinciple demonstrations of VQE were successfully conducted on current, noisy intermediate-scale quantum (NISQ) computers [3, 5, 7, 8, 9, 10, 11, 12]. Scaling VQE to larger system sizes seems to pose serious challenges. For example it is known that variational algorithms suffer from the barren plateau pheno"
Kurita et al. - 2023 - Synergetic quantum error mitigation by randomized compiling and zero-noise extrapolation for the var.pdf,Kurita et al.,partial,partial,weak,additional-resources,14,"not present in HF. In contrast to unstructured ansatz, such as the hardware-efficient ansatz [8], UCC-SD requires much fewer parameters, but requires additional circuit depth. This is preferable for our purpose since it avoids energy errors caused by optimization failure due to the number of parameters being too larg"
LaRose et al. - 2022 - Error mitigation increases the effective quantum volume of quantum computers.pdf,LaRose et al.,yes,no,none,,,
LaRose et al. - 2022 - Mitiq A software package for error mitigation on noisy quantum computers.pdf,LaRose et al.,yes,partial,weak,overhead-mention,1,error mitigation on noisy quan- tum computers. Error mitigation techniques can reduce the impact of noise on near-term quantum computers with minimal overhead in quantum resources by relying on a mixture of quantum sampling and classical post-processing techniques. Mitiq is an extensible toolkit of differen
LaRose et al. - 2022 - Mitiq A software package for error mitigation on noisy quantum computers.pdf,LaRose et al.,yes,partial,weak,overhead-mention,5,"ancellation (PEC) [2, 4] is a methodwhichpromisestoreducethenoiseofaquantumcomputerwiththeonlyadditional resource requirement being a higher sampling overhead. Assuming the user has defined an executor as described above, PEC can be applied as follows: 1 from mitiq.pec import execute_with_pec 2 3 pec_value"
LaRose et al. - 2022 - Mitiq A software package for error mitigation on noisy quantum computers.pdf,LaRose et al.,yes,partial,weak,overhead-mention,16,"lue. In principle, this method can probabilistically remove the noise of a quantum computer without additional resources apart from a higher sampling overhead. More information about the advantages and the limitations of PEC is given in section 8.2. A key step of PEC is to represent each ideal unitary gate"
LaRose et al. - 2022 - Mitiq A software package for error mitigation on noisy quantum computers.pdf,LaRose et al.,yes,partial,weak,scaling-mention,4,"tion 4, there are multiple techniques to scale the noise in a quantum circuit and infer (extrapolate back to) the zero-noise limit. The default noise scaling method used by execute_with_zne is random local unitary folding [13] (see section 4.1), and the default inference technique is Richardson extrapolati"
LaRose et al. - 2022 - Mitiq A software package for error mitigation on noisy quantum computers.pdf,LaRose et al.,yes,partial,weak,scaling-mention,5,rview of the zero-noise extrapolation workflow in Mitiq. An input quantum program is converted into a set of noise-scaled circuits defined by a noise scaling method and a set of noise scale factors. These auxiliary circuits are executed on the back-end according to a user-defined executor function (see app
LaRose et al. - 2022 - Mitiq A software package for error mitigation on noisy quantum computers.pdf,LaRose et al.,yes,partial,weak,scaling-mention,5,"ero-noise limit is returned to give an error-mitigated expectation value. 1 zne_value = execute_with_zne( 2 circuit, 3 executor, 4 scale_noise=<noise scaling method>, 5 factory=<inference method>, 6 ) Codeblock 6: Providing arguments to execute_with_zne to use different noise scaling methods and inference"
LaRose et al. - 2022 - Mitiq A software package for error mitigation on noisy quantum computers.pdf,LaRose et al.,yes,partial,weak,scaling-mention,5,", 4 scale_noise=<noise scaling method>, 5 factory=<inference method>, 6 ) Codeblock 6: Providing arguments to execute_with_zne to use different noise scaling methods and inference techniques. In addition to zero-noise extrapolation, one might be interested in applying a different error mitigation technique"
LaRose et al. - 2022 - Mitiq A software package for error mitigation on noisy quantum computers.pdf,LaRose et al.,yes,partial,weak,scaling-mention,6,"in fig. 2) but, in this case, the noisy circuits are sampled probabilistically and executed at the base noise level of the underlying hardware (noise scaling is not used). The code examples shown in codeblock 4 to 7 demonstrate the main usage of Mitiq. Alternatives to the execute_with_zne and execute_with_"
LaRose et al. - 2022 - Mitiq A software package for error mitigation on noisy quantum computers.pdf,LaRose et al.,yes,partial,weak,scaling-mention,6,plainthestructureofthelibrary in more detail. 3 Benchmarks with Mitiq 3.1 Randomized benchmarking circuits (a) IBM Q London (b) Rigetti Aspen-8 Noise scaling Noise scaling Figure 3: Zero-noise extrapolation on two-qubit randomized benchmarking circuits run on (a) the IBMQ “London” quantum processor and (b)
LaRose et al. - 2022 - Mitiq A software package for error mitigation on noisy quantum computers.pdf,LaRose et al.,yes,partial,weak,scaling-mention,6,ureofthelibrary in more detail. 3 Benchmarks with Mitiq 3.1 Randomized benchmarking circuits (a) IBM Q London (b) Rigetti Aspen-8 Noise scaling Noise scaling Figure 3: Zero-noise extrapolation on two-qubit randomized benchmarking circuits run on (a) the IBMQ “London” quantum processor and (b) the Rigetti A
LaRose et al. - 2022 - Mitiq A software package for error mitigation on noisy quantum computers.pdf,LaRose et al.,yes,partial,weak,scaling-mention,9,"igation modules are considered in the next sections. Zero-noise extrapolation was first introduced in [2, 3] and works by intentionally in- creasing (scaling) the noise of a quantum computation to then extrapolate back to the zero-noise limit. More specifically, let ρ be a state prepared by a quantum circu"
LaRose et al. - 2022 - Mitiq A software package for error mitigation on noisy quantum computers.pdf,LaRose et al.,yes,partial,weak,scaling-mention,9,"This produces an estimate of the noiseless expectation value hEi. To implement zero-noise extrapolation, we thus need two subroutines: 1. A means of scaling the noise γ = λ γ for different scale factors λ , and i i 0 i 2. A means of fitting a curve to the noisy expectation values and extrapolating to the"
LaRose et al. - 2022 - Mitiq A software package for error mitigation on noisy quantum computers.pdf,LaRose et al.,yes,partial,weak,scaling-mention,9,"ero-noise limit. In the remainder of this section, we describe how these subroutines are implemented in Mitiq, showing several methods for both noise scaling as well as fitting/extrapolation, which we also refer to as inference. 4.1 Noise scaling In one of the first formulations of zero-noise extrapolation"
LaRose et al. - 2022 - Mitiq A software package for error mitigation on noisy quantum computers.pdf,LaRose et al.,yes,partial,weak,scaling-mention,9,"implemented in Mitiq, showing several methods for both noise scaling as well as fitting/extrapolation, which we also refer to as inference. 4.1 Noise scaling In one of the first formulations of zero-noise extrapolation [2], noise is scaled in supercon- ducting processors by implementing pulses at lower amp"
LaRose et al. - 2022 - Mitiq A software package for error mitigation on noisy quantum computers.pdf,LaRose et al.,yes,partial,weak,scaling-mention,9,"manner which acts on uni- tary gates instead of underlying pulses. For this reason, Mitiq implements unitary folding, introduced in [13], as a noise scaling method. 4.1.1 Unitary Folding Unitary folding works by mapping gates (or groups of gates) G to G 7→ GG†G. (3) This leaves the ideal effect of the cir"
LaRose et al. - 2022 - Mitiq A software package for error mitigation on noisy quantum computers.pdf,LaRose et al.,yes,partial,weak,scaling-mention,9,"is scaled and thus the overall effectiveness of zero-noise extrapolation. Because of this, Mitiq defines several local folding functions in mitiq.zne.scaling, including: Accepted in Quantum 2022-07-17, click title to verify. Published under CC-BY 4.0. 9"
LaRose et al. - 2022 - Mitiq A software package for error mitigation on noisy quantum computers.pdf,LaRose et al.,yes,partial,weak,scaling-mention,10,"tate circuit in Cirq to be folded. We can now use a local folding function, e.g. fold_gates_from_left, to fold this circuit. 13 from mitiq.zne import scaling 14 15 folded = scaling.fold_gates_from_left( 16 circ, scale_factor=2, 17 ) 18 print(""Folded circuit:"", folded, sep=""\n"") 19 # Folded circuit: 20 # 0:"
LaRose et al. - 2022 - Mitiq A software package for error mitigation on noisy quantum computers.pdf,LaRose et al.,yes,partial,weak,scaling-mention,10,"be folded. We can now use a local folding function, e.g. fold_gates_from_left, to fold this circuit. 13 from mitiq.zne import scaling 14 15 folded = scaling.fold_gates_from_left( 16 circ, scale_factor=2, 17 ) 18 print(""Folded circuit:"", folded, sep=""\n"") 19 # Folded circuit: 20 # 0: ---H---H---H---@--- 21"
LaRose et al. - 2022 - Mitiq A software package for error mitigation on noisy quantum computers.pdf,LaRose et al.,yes,partial,weak,scaling-mention,10,"o not modify the input circuit. Because of this, we can input the same circuit to fold_gates_from_right to see the effect of this method. 23 folded = scaling.fold_gates_from_right( 24 circ, scale_factor=2, 25 ) 26 print(""Folded circuit:"", folded, sep=""\n"") 27 # Folded circuit: 28 # 0: ---H---@---@---@--- 2"
LaRose et al. - 2022 - Mitiq A software package for error mitigation on noisy quantum computers.pdf,LaRose et al.,yes,partial,weak,scaling-mention,11,"e input scale factor is reached. Below we show an example of global folding using the same Bell state circuit circ defined in codeblock 8. 1 folded = scaling.fold_global(circ, scale_factor=3.0) 2 print(""Folded circuit:"", folded, sep=""\n"") 3 # Folded circuit: 4 # 0: ---H---@---@---H---H---@--- 5 # | | | 6 #"
LaRose et al. - 2022 - Mitiq A software package for error mitigation on noisy quantum computers.pdf,LaRose et al.,yes,partial,weak,scaling-mention,11,"mber of global folds, fold_global will fold a group of gates from the end of the circuit such that the scale factor is reached. 4.1.2 Parameter-noise scaling A gate is an abstract elementary operation which, however, is physically implemented as a continuous dynamical evolution. This evolution is generated"
LaRose et al. - 2022 - Mitiq A software package for error mitigation on noisy quantum computers.pdf,LaRose et al.,yes,partial,weak,scaling-mention,11,"an generate a dynamical channel which is different from the desired ideal gate. In order to mitigate these type of errors, we need a practical way of scaling them. In principle this would require the detailed knowledge of the platform-dependent pulses and Hamiltonians, however, in Mitiq a simplified noise"
LaRose et al. - 2022 - Mitiq A software package for error mitigation on noisy quantum computers.pdf,LaRose et al.,yes,partial,weak,scaling-mention,12,assume that the actual gate is generated by a noisy parameter θˆ that we can model as a random variable with mean θ and with some variance σ2. Noise scaling can be achieved by artificially injecting additional classical noise: θˆ→ θˆ(λ) = θˆ+δˆ (5) where δˆ is a random variable with zero mean and variance
LaRose et al. - 2022 - Mitiq A software package for error mitigation on noisy quantum computers.pdf,LaRose et al.,yes,partial,weak,scaling-mention,12,"(1−λ)σ2, such that the resulting noise scaled parameter θˆ(λ) has mean θ and variance λσ2. In practice, if σ2 is known for each noisy gate, parameter scaling can be obtained by randomly over-rotating or under-rotating each gate according to the stochastic angles defined in Eq. (4). This noise scaling techn"
LaRose et al. - 2022 - Mitiq A software package for error mitigation on noisy quantum computers.pdf,LaRose et al.,yes,partial,weak,scaling-mention,12,meter scaling can be obtained by randomly over-rotating or under-rotating each gate according to the stochastic angles defined in Eq. (4). This noise scaling technique can be applied with Mitiq as shown in the next Codeblock. 1 from mitiq.zne.scaling import scale_parameters 2 3 scaled_circuit = scale_param
LaRose et al. - 2022 - Mitiq A software package for error mitigation on noisy quantum computers.pdf,LaRose et al.,yes,partial,weak,scaling-mention,12,"to the stochastic angles defined in Eq. (4). This noise scaling technique can be applied with Mitiq as shown in the next Codeblock. 1 from mitiq.zne.scaling import scale_parameters 2 3 scaled_circuit = scale_parameters( 4 circuit=<the circuit to scale>, 5 scale_factor=<the noise scale factor>, 6 base_vari"
LaRose et al. - 2022 - Mitiq A software package for error mitigation on noisy quantum computers.pdf,LaRose et al.,yes,partial,weak,scaling-mention,12,"the circuit to scale>, 5 scale_factor=<the noise scale factor>, 6 base_variance=<the base level of noise>, 7 ) Codeblock 12: Applying parameter-noise scaling to a quantum circuit. The same base level of noise (base_variance) is assumed for each gate of the circuit. If the value of the base noise σ2 is unkn"
LaRose et al. - 2022 - Mitiq A software package for error mitigation on noisy quantum computers.pdf,LaRose et al.,yes,partial,weak,scaling-mention,12,"oise σ2 is unknown, it needs to be estimated in order to apply thisnoisescalingmethod. Thefunctioncompute_parameter_varianceinthesub-module mitiq.zne.scaling can be used for this task. Alternatively, the user may independently perform a custom estimation of σ2 and only use Mitiq for the noise scaling step"
LaRose et al. - 2022 - Mitiq A software package for error mitigation on noisy quantum computers.pdf,LaRose et al.,yes,partial,weak,scaling-mention,12,"q.zne.scaling can be used for this task. Alternatively, the user may independently perform a custom estimation of σ2 and only use Mitiq for the noise scaling step described in codeblock 12. The full application of ZNE obtained via the parameter-noise scaling method is shown in the next Codeblock. 1 from fu"
LaRose et al. - 2022 - Mitiq A software package for error mitigation on noisy quantum computers.pdf,LaRose et al.,yes,partial,weak,scaling-mention,12,"stimation of σ2 and only use Mitiq for the noise scaling step described in codeblock 12. The full application of ZNE obtained via the parameter-noise scaling method is shown in the next Codeblock. 1 from functools import partial 2 from mitiq.zne.scaling import compute_parameter_variance, scale_parameters 3"
LaRose et al. - 2022 - Mitiq A software package for error mitigation on noisy quantum computers.pdf,LaRose et al.,yes,partial,weak,scaling-mention,12,"l application of ZNE obtained via the parameter-noise scaling method is shown in the next Codeblock. 1 from functools import partial 2 from mitiq.zne.scaling import compute_parameter_variance, scale_parameters 3 4 base_variance = compute_parameter_variance( 5 executor, <gate>, <qubit>, 6 ) 7 scale_param_no"
LaRose et al. - 2022 - Mitiq A software package for error mitigation on noisy quantum computers.pdf,LaRose et al.,yes,partial,weak,scaling-mention,12,"= zne.execute_with_zne( 11 circuit, 12 executor, 13 scale_noise=scale_param_noise, 14 num_to_average=10, 15 ) Codeblock 13: Applying parameter-noise scaling for ZNE. 4.1.3 Using noise scaling methods in execute_with_zne As mentioned in section 2.2, the default noise scaling method in execute_with_zne is f"
LaRose et al. - 2022 - Mitiq A software package for error mitigation on noisy quantum computers.pdf,LaRose et al.,yes,partial,weak,scaling-mention,12,", 12 executor, 13 scale_noise=scale_param_noise, 14 num_to_average=10, 15 ) Codeblock 13: Applying parameter-noise scaling for ZNE. 4.1.3 Using noise scaling methods in execute_with_zne As mentioned in section 2.2, the default noise scaling method in execute_with_zne is fold_gates_at_random. Different meth"
LaRose et al. - 2022 - Mitiq A software package for error mitigation on noisy quantum computers.pdf,LaRose et al.,yes,partial,weak,scaling-mention,12,"ck 13: Applying parameter-noise scaling for ZNE. 4.1.3 Using noise scaling methods in execute_with_zne As mentioned in section 2.2, the default noise scaling method in execute_with_zne is fold_gates_at_random. Different methods can be used by passing an optional argument Accepted in Quantum 2022-07-17, cli"
LaRose et al. - 2022 - Mitiq A software package for error mitigation on noisy quantum computers.pdf,LaRose et al.,yes,partial,weak,scaling-mention,13,"to execute_with_zne. For example, to use global folding, one can do the following. 1 from mitiq.zne import execute_with_zne 2 from mitiq.zne.scaling import fold_global 3 4 zne_value = execute_with_zne( 5 circuit, 6 executor, 7 scale_noise=fold_global, 8 ) Codeblock14: Usingzero-noiseextrapolationw"
LaRose et al. - 2022 - Mitiq A software package for error mitigation on noisy quantum computers.pdf,LaRose et al.,yes,partial,weak,scaling-mention,13,"odel of the quantum processor, using a different folding method may better scale the noise and lead to better results. To end the discussion on noise scaling, we note that some scaling methods are deter- ministic while some are non-deterministic. In particular, global folding and local fold- ing from left/"
LaRose et al. - 2022 - Mitiq A software package for error mitigation on noisy quantum computers.pdf,LaRose et al.,yes,partial,weak,scaling-mention,13,"or, using a different folding method may better scale the noise and lead to better results. To end the discussion on noise scaling, we note that some scaling methods are deter- ministic while some are non-deterministic. In particular, global folding and local fold- ing from left/right return the same folde"
LaRose et al. - 2022 - Mitiq A software package for error mitigation on noisy quantum computers.pdf,LaRose et al.,yes,partial,weak,scaling-mention,13,d the expectation value at this scale factor is the average over the three runs. Such averaging can smooth out effects due to non-deterministic noise scaling andleadtobetterresultsinzero-noiseextrapolation. fig.4(b)usesfold_gates_at_random with num_to_average = 5. 4.2 Classical inference: Factory objects I
LaRose et al. - 2022 - Mitiq A software package for error mitigation on noisy quantum computers.pdf,LaRose et al.,yes,partial,weak,scaling-mention,14,"3, this call to execute_with_zne will perform linear extrapolation at the specified noise scale factors. As mentioned in section 4.1, different noise scaling methods can also be used with the optional argument scale_noise. Most extrapolation techniques implemented in Mitiq are static (i.e., non-adaptive) a"
LaRose et al. - 2022 - Mitiq A software package for error mitigation on noisy quantum computers.pdf,LaRose et al.,yes,partial,weak,scaling-mention,21,"cale factors>, 8 ) Codeblock 26: Applying vnCDR with Mitiq by calling execute_with_cdr and passing a list of noise scale_factors. Optionally, a noise scaling method can be specified via the argument scale_noise, whose default value is fold_gates_at_random. One of the key features of both CDR and vnCDR is t"
LaRose et al. - 2022 - Mitiq A software package for error mitigation on noisy quantum computers.pdf,LaRose et al.,yes,partial,weak,scaling-mention,22,"4 executor, 5 scale_noise=<noise scaling method>, 6 factory=<inference method>, 7 ) 8 9 zne_value = mitigated_executor(circuit) Codeblock 27: Modifying an executor with the function mitigate"
LaRose et al. - 2022 - Mitiq A software package for error mitigation on noisy quantum computers.pdf,LaRose et al.,yes,partial,weak,scaling-mention,22,"rator, etc. 1 from mitiq import QPROGRAM 2 from mitiq.zne import zne_decorator 3 4 @zne_decorator( 5 factory=<inference method>, 6 scale_noise=<noise scaling method>, 7 ) 8 def executor(circuit: QPROGRAM) -> float: 9 ... 10 11 zne_value = executor(circuit) Codeblock 28: Decorating an executor with zne_deco"
LaRose et al. - 2022 - Mitiq A software package for error mitigation on noisy quantum computers.pdf,LaRose et al.,yes,partial,weak,scaling-mention,24,"ques Zero-noise extrapolation was first proposed in [2, 3] and first demonstrated experimentally in [12]. References [13, 26] have extended the noise scaling and extrapolation techniques. Additionally, these references and this paper show experimental demonstrations of zero- noise extrapolation and how it"
LaRose et al. - 2022 - Mitiq A software package for error mitigation on noisy quantum computers.pdf,LaRose et al.,yes,partial,weak,scaling-mention,24,"ling gates [10], expressing noiseless gates in a basis of noisy gates as in probabilistic error cancellation [2], and a hybrid proposal improving the scaling of the technique with circuit depth and other resources [4]. Such techniques have been investigated experimentally in trapped ions [18] and supercond"
LaRose et al. - 2022 - Mitiq A software package for error mitigation on noisy quantum computers.pdf,LaRose et al.,yes,partial,weak,scaling-mention,26,"stand when quantum error mitigation is beneficial. Work can also be done to improve the existing modules, for example by implementing different noise-scaling methods, inference techniques, or new error cancellation protocols. One candidate noise-scaling method is pulse stretching which will be possible whe"
LaRose et al. - 2022 - Mitiq A software package for error mitigation on noisy quantum computers.pdf,LaRose et al.,yes,partial,weak,scaling-mention,26,"modules, for example by implementing different noise-scaling methods, inference techniques, or new error cancellation protocols. One candidate noise-scaling method is pulse stretching which will be possible when pulse-level access to quantum hardware becomes available through more cloud services [60]. A h"
Liao et al. - 2024 - Machine Learning for Practical Quantum Error Mitigation.pdf,Liao et al.,yes,partial,weak,overhead-mention,1,"e of many noisy quantum circuits. For exam- algorithm execution, reducing the algorithmic runtime ple, in the cornerstone QEM approach known as zero- overhead compared to conventional QEM. In practice, noise extrapolation (ZNE) [10–12], an input circuit is re- however,quantumnoisecanbeintricatelycomplex,hig"
Liao et al. - 2024 - Machine Learning for Practical Quantum Error Mitigation.pdf,Liao et al.,yes,partial,weak,overhead-mention,2,"aring most conservative setting, ML-QEM demonstrates more different traditional methods and statistical models for than a 2-fold reduction in runtime overhead, address- QEM on equal footing under practical scenarios across a ing primary bottleneck of error mitigation and a fun- variety of relevant quantum c"
Liao et al. - 2024 - Machine Learning for Practical Quantum Error Mitigation.pdf,Liao et al.,yes,partial,weak,overhead-mention,4,"havethemodeltrainedwell. Withthislowtrain-testsplit neighboring spins and h represents the transverse mag- ratio, the ML-QEM reduces quantum resource overhead netic field strength, whose first-order Trotterized circuit compared to ZNE both overall and at runtime—the re- is shown in the inset of Fig. 3. We g"
Liao et al. - 2024 - Machine Learning for Practical Quantum Error Mitigation.pdf,Liao et al.,yes,partial,weak,overhead-mention,4,not same gate sequences but with different measuring basis. includedintrainingaswellaswithTrotterstepsexceed- Error mitigation methods incur a large overhead by re- ing the maximal steps present in the training circuits. quiring additional mitigation circuits for each target cir- OnthenoisysimulatorinFig.3
Liao et al. - 2024 - Machine Learning for Practical Quantum Error Mitigation.pdf,Liao et al.,yes,partial,weak,overhead-mention,4,"h cuit. Here, we show that it is possible to achieve better incoherent gate noise in the absence (left) or presence mitigation performance with lower overhead using ML- (right) of readout error, ML-QEM (using RF) performs QEM. better than ZNE. We present a comparison across all In particular, we evaluate th"
Liao et al. - 2024 - Machine Learning for Practical Quantum Error Mitigation.pdf,Liao et al.,yes,partial,weak,overhead-mention,5,"hat no ad- values with errors lower than when using ZNE. ditional mitigation circuits are executed each iteration, substantially lowering the runtime overhead. C. Enhancing Variational Algorithms The goal of the conventional VQE algorithm is to es- To demonstrate, we train the ML-QEM with RF on timate the g"
Liao et al. - 2024 - Machine Learning for Practical Quantum Error Mitigation.pdf,Liao et al.,yes,partial,weak,overhead-mention,6,J and h corresponding to non-Clifford circuits in the second and third panel of Fig. 6. In the fourth (bottom) panel showing the Fig. 4. Accuracy and overhead on QPU hardware for ML-QEM and QEM Average execution error of Trot- residualsbetweentheZNE-mitigatedandRF-mimicking- tercircuitsforexperimentsonQPUde
Liao et al. - 2024 - Machine Learning for Practical Quantum Error Mitigation.pdf,Liao et al.,yes,partial,weak,overhead-mention,6,"oth a 40% lower overall and 50% Importantly,thismimicryapproachrequireslessquan- lowerruntime quantumresourceoverheadofRFcomparedto tum computational overhead both overall and at run- the overhead of the digital ZNE (see inset). Shaded regions time—here, 25% lower overall quantum computational represent ±st"
Liao et al. - 2024 - Machine Learning for Practical Quantum Error Mitigation.pdf,Liao et al.,yes,partial,weak,overhead-mention,6,"antly,thismimicryapproachrequireslessquan- lowerruntime quantumresourceoverheadofRFcomparedto tum computational overhead both overall and at run- the overhead of the digital ZNE (see inset). Shaded regions time—here, 25% lower overall quantum computational represent ±standard error. resources and 50% lower"
Liao et al. - 2024 - Machine Learning for Practical Quantum Error Mitigation.pdf,Liao et al.,yes,partial,weak,overhead-mention,6,"digital ZNE (see inset). Shaded regions time—here, 25% lower overall quantum computational represent ±standard error. resources and 50% lower runtime overhead (see App. C for details). D. Scalability through Mimicry III. DISCUSSION For large-scale circuits whose ideal expectation values of certain observabl"
Liao et al. - 2024 - Machine Learning for Practical Quantum Error Mitigation.pdf,Liao et al.,yes,partial,weak,overhead-mention,6,"entnoisemodels,andapplications(mitigat- to outperform the mimicked QEM method, but reduces ing unseen Pauli observables and enhancing variational the overhead compared to the mimicked QEM. quantumeigensolvers). Wefindthatthebest-performing We demonstrate this capability by training an ML- model is random fo"
Liao et al. - 2024 - Machine Learning for Practical Quantum Error Mitigation.pdf,Liao et al.,yes,partial,weak,overhead-mention,6,"red Rather, its function is to accelerate conventional state- withtheabilitytomitigateatruntimewithoutadditional of-the-art methods by reducing their overhead through mitigation circuits, ML-QEM reduces the runtime over- mimicry. Therefore, we choose ZNE as a widely-used head. Therefore, ML-QEM can be espec"
Liao et al. - 2024 - Machine Learning for Practical Quantum Error Mitigation.pdf,Liao et al.,yes,partial,weak,overhead-mention,6,"tTrot- other mitigation methods, providing very similar perfor- ter step 10 has 1,980 CNOT gates in total. As shown in mance but with a lower overall overhead. This allows the top panel of Fig. 6, we first confirm that the ZNE- ML-QEM to scale up to classically intractable circuits. mitigated expectation va"
Liao et al. - 2024 - Machine Learning for Practical Quantum Error Mitigation.pdf,Liao et al.,yes,partial,weak,overhead-mention,7,"ency, per- scale is to accelerate conventional state-of-the-art meth- formance, scalability, or generalizability of the method. ods by reducing their overhead through mimicry. Thus, First, better encoding strategies that incorporate other the focus of ML-QEM and its future developments is to information abo"
Liao et al. - 2024 - Machine Learning for Practical Quantum Error Mitigation.pdf,Liao et al.,yes,partial,weak,overhead-mention,8,"RFmodelonZNEandreadout-error-mitigatedhard- on a large class of circuits, such as Floquet time dynam- ware data. This approach enables efficient, low-overhead er- ics under different depths, parameters, and under many ror mitigation in scenarios where ideal outcomes from classi- differentpossibleexpectation"
Liao et al. - 2024 - Machine Learning for Practical Quantum Error Mitigation.pdf,Liao et al.,yes,partial,weak,overhead-mention,12,"ferent line towards the ideal expectation value, and thus the linear extrapolation cannot yield unbiased estimates. Appendix B: Break-even in Overall Overhead of ML-QEM Assuming the mimicked QEM requires m total executions of either the mitigation circuits or the circuit of interest (e.g., digital/analog ZN"
Liao et al. - 2024 - Machine Learning for Practical Quantum Error Mitigation.pdf,Liao et al.,yes,partial,weak,overhead-mention,14,"cuits, while running ZNE with 2 noise factors on the testing circuits requires 2×2,500=5,000 total circuits. This means ML-QEM achieves a 40% overall overhead reduction, and 50% runtime overhead reduction. We report approximately 0.7 QPU hours (based on a conservative sampling rate of 2 kHz [9]) to generate"
Liao et al. - 2024 - Machine Learning for Practical Quantum Error Mitigation.pdf,Liao et al.,yes,partial,weak,overhead-mention,14,"e factors on the testing circuits requires 2×2,500=5,000 total circuits. This means ML-QEM achieves a 40% overall overhead reduction, and 50% runtime overhead reduction. We report approximately 0.7 QPU hours (based on a conservative sampling rate of 2 kHz [9]) to generate all the training data and seconds t"
Liao et al. - 2024 - Machine Learning for Practical Quantum Error Mitigation.pdf,Liao et al.,yes,partial,weak,overhead-mention,14,"ancing Variational Algorithms In the study presented in Sec. IIC, when applying ML-QEM for enhancing variational algorithms such as VQE, the training overhead can be further lowered by taking advantage of the ability of ML-QEM to generalize to unseen Pauli observables (see Sec. IIB) in the Hamiltonian. By d"
Liao et al. - 2024 - Machine Learning for Practical Quantum Error Mitigation.pdf,Liao et al.,yes,partial,weak,overhead-mention,16,"s ease of use and easy cross-platform comparability. Moreover, a key advantage of dZNE for our analysis is the simplicity in quantifying its sampling overhead, which is effectively the count number of noise-amplification factors utilized. This overhead is typically quite low for this QEM method. In our stud"
Liao et al. - 2024 - Machine Learning for Practical Quantum Error Mitigation.pdf,Liao et al.,yes,partial,weak,overhead-mention,16,"analysis is the simplicity in quantifying its sampling overhead, which is effectively the count number of noise-amplification factors utilized. This overhead is typically quite low for this QEM method. In our study, we focus on developing an ML-QEM workflow designed for broad applicability within a cloud-b"
Liao et al. - 2024 - Machine Learning for Practical Quantum Error Mitigation.pdf,Liao et al.,yes,partial,weak,overhead-mention,16,"xpectation values, a necessity for general quantum computations. Lastly, both the training and deployment phases must exhibit low runtime or sampling overhead to remain feasible for widespread use. In practical terms, our experiments trained ML-QEM to accommodate a wide array of circuits, including those ba"
Liao et al. - 2024 - Machine Learning for Practical Quantum Error Mitigation.pdf,Liao et al.,yes,partial,weak,overhead-mention,17,a high scalability means that the methodhasbeendemonstratedonquantumcircuitswithatleast100qubits;ahigh(low)runtimeefficiencyintrainingmeans that the overhead is negligible (is a significant portion of the overall runtime overhead); and a high (medium) [low] runtime efficiency in mitigation means that the o
Liao et al. - 2024 - Machine Learning for Practical Quantum Error Mitigation.pdf,Liao et al.,yes,partial,weak,overhead-mention,17,cuitswithatleast100qubits;ahigh(low)runtimeefficiencyintrainingmeans that the overhead is negligible (is a significant portion of the overall runtime overhead); and a high (medium) [low] runtime efficiency in mitigation means that the overhead is negligible (a small linear factor) [exponential]. Method Gene
Liao et al. - 2024 - Machine Learning for Practical Quantum Error Mitigation.pdf,Liao et al.,yes,partial,weak,overhead-mention,17,d is negligible (is a significant portion of the overall runtime overhead); and a high (medium) [low] runtime efficiency in mitigation means that the overhead is negligible (a small linear factor) [exponential]. Method General Obs. Accuracy Precision Scalability Runtime efficiency Training Mitigation Digita
Liao et al. - 2024 - Machine Learning for Practical Quantum Error Mitigation.pdf,Liao et al.,yes,partial,weak,overhead-mention,18,"ofcurrentexperiments, the protocol nonetheless appears to work well in practice, despite some of these non-idealities. We now focus on the mitigation overhead based on the rigorous bound derived in Ref. [7], formulated through essentially a Chernoff-Hoeffding inequality. This bound ensures, with a probabili"
Liao et al. - 2024 - Machine Learning for Practical Quantum Error Mitigation.pdf,Liao et al.,yes,partial,weak,overhead-mention,18,"N N whereClτ isascalarthatencapsulatesthebiasduetoerrorsinnoiselearning,N representsthenumberofexperimental shots, and γ(l), the cumulative sampling overhead, is the product of individual layer overheads γ : i (cid:32) (cid:33) (cid:88) γ =exp 2λ . i k,i k∈K Tosimplify,letusassumeerror-freenoisemodellearni"
Liao et al. - 2024 - Machine Learning for Practical Quantum Error Mitigation.pdf,Liao et al.,yes,partial,weak,overhead-mention,18,"rscores the critical role of γ(l) in determining the experimental workload. To generalize across different devices, we introduce the average sampling overhead per layer per qubit γ¯, reflecting device quality. Expressing total sampling overhead as γ(l)2 = γ¯nd, where n is the number of qubits (including idl"
Liao et al. - 2024 - Machine Learning for Practical Quantum Error Mitigation.pdf,Liao et al.,yes,partial,weak,overhead-mention,18,"ize across different devices, we introduce the average sampling overhead per layer per qubit γ¯, reflecting device quality. Expressing total sampling overhead as γ(l)2 = γ¯nd, where n is the number of qubits (including idle ones) per layer, allows us to estimate the runtime for PEC error mitigation more uni"
Liao et al. - 2024 - Machine Learning for Practical Quantum Error Mitigation.pdf,Liao et al.,yes,partial,weak,overhead-mention,18,"PEC impractical for the large, deep circuits used in our experiments. While techniques like lightcone reduction can significantly reduce PEC sampling overhead, they do not yet render our deep circuits feasible for PEC. Thus, for our experiments, we opted for zero-noise extrapolation (ZNE), a more straightfo"
Liao et al. - 2024 - Machine Learning for Practical Quantum Error Mitigation.pdf,Liao et al.,yes,partial,weak,overhead-mention,20,"to zero, a common outcome for purely Clifford-based circuits. The strategy behind this substitution rests on the understanding that the computational overhead for classically simulating near-Clifford circuits increases with the number of non-Clifford gates present. To ensure practicality in classicalsimulat"
Liao et al. - 2024 - Machine Learning for Practical Quantum Error Mitigation.pdf,Liao et al.,yes,partial,weak,cost-mention,1,"rsusingupto100qubits, we demonstrate that without sacrificing accuracy machine learning for quantum error mitigation (ML-QEM) drastically reduces the cost of mitigation. We benchmark ML-QEM using a variety of machine learning models—linear regression, random forests, multi-layer perceptrons, and graph neural networks"
Liao et al. - 2024 - Machine Learning for Practical Quantum Error Mitigation.pdf,Liao et al.,yes,partial,weak,scaling-mention,20,"librated manner. Using the PEC notation introduced above, the scaled the i-th noise channel Λ1+α, where α is a tuning parameter, can be obtained from scaling the Lindblad i generator L, introduced above, according to exp(αL ). This can be efficiently implemented in practice using the i standard quasi-proba"
Liao et al. - 2024 - Machine Learning for Practical Quantum Error Mitigation.pdf,Liao et al.,yes,partial,weak,additional-resources,15,ed on a different noise model after they have been originally trained on a noise model. The fine-tuning is expected to require only a small number of additional samples—this is demonstrated in Fig. 10 with the MLP trained on noise model A (FakeLima) and fine-tuned on noise model B (FakeBelem) which converges after ∼3
Liu and Cai - 2025 - Quantum Error Mitigation for Sampling Algorithms.pdf,Liu & Cai,yes,yes,strong,factor-of-N,3,"ed- ation can be estimated using the samples we obtained: ingfurthermodification. Thekeydifferenceiswhilepost- selection is equivalent to attaching a factor of 0 or 1 to (cid:115) thecircuitruns,fortheotherQEMmethodsdescribedin σˆ[pˆ (z)]≈ A2rˆ z ≈ϵ (cid:112) rˆ . (4) Sec. II we are attaching factors of ±1. Ex"
Liu and Cai - 2025 - Quantum Error Mitigation for Sampling Algorithms.pdf,Liu & Cai,yes,yes,weak,overhead-mention,1,"in the foreseeable future, relying solely on quantum error correctionforfullerrorsuppressionwillremainextremelychallengingduetoitssubstantialhardware overhead. Additional help from quantum error mitigation (QEM) is essential for bridging this gap towards achieving quantum advantage. The application of QEM h"
Liu and Cai - 2025 - Quantum Error Mitigation for Sampling Algorithms.pdf,Liu & Cai,yes,yes,weak,overhead-mention,1,"there is not yet an explicit complete code and protect our quantum information. However, framework for applying QEM to sampling algorithms. the qubit overhead and additional operations needed for In this paper, we will address this problem by show- QEC also mean that complete error suppression relying ing t"
Liu and Cai - 2025 - Quantum Error Mitigation for Sampling Algorithms.pdf,Liu & Cai,yes,yes,weak,overhead-mention,1,"away. As a result, a dif- for which all existing QEM techniques can be applied. ferent error suppression paradigm, quantum error miti- The associated overhead can be analysed by refining the gation (QEM) [2], was developed, which comes with low QEM framework defined in Ref. [14]. In addition, we or sometime"
Liu and Cai - 2025 - Quantum Error Mitigation for Sampling Algorithms.pdf,Liu & Cai,yes,yes,weak,overhead-mention,2,"tion value p (z) = Tr(Π ρ ), we timating one observable before [14]. i.e. the sampling em z em need to run different variants of the unmitigated cir- overhead needed for obtaining the error-mitigated distri- cuits (called response circuits) with added qubits, gates bution is similar to that for estimating o"
Liu and Cai - 2025 - Quantum Error Mitigation for Sampling Algorithms.pdf,Liu & Cai,yes,yes,weak,overhead-mention,2,"cid:80) Var[pˆ (z)] ≤ A2 . In contrast with the usual z z,± z em Ncir come with the ± sign. The number of effective samples relatively loose sampling overhead bound obtained for we obtain for string z is N = N −N . In the z,em z,+ z,− QEM on general observable using Hoeffding’s inequal- limit of an infinite"
Liu and Cai - 2025 - Quantum Error Mitigation for Sampling Algorithms.pdf,Liu & Cai,yes,yes,weak,overhead-mention,2,"very tight bounds on the sam- tion: lim Ncir→∞ N z,em =N cir (r z,+ −r z,− )∝p em (z). The numberofeffectivesamplesweobtainedafterN circuit cir pling overhead. Hence, for practical purposes, the total runs is roughly variance of our distribution estimator is: (cid:88) (cid:88) (cid:88) A2 N samp = N z,em ≈N"
Liu and Cai - 2025 - Quantum Error Mitigation for Sampling Algorithms.pdf,Liu & Cai,yes,yes,weak,overhead-mention,4,"dis- circuit runs. As long as we are operating at the same tribution. IntheappendixofRef.[9], theydiscussaway O(1) circuit fault rates, the sampling overhead and the to do this using an oracle that can calculate certain de- mitigation power achieved should be similar even if we cision problems on the outpu"
Liu and Cai - 2025 - Quantum Error Mitigation for Sampling Algorithms.pdf,Liu & Cai,yes,yes,weak,overhead-mention,4,"is task. Using the theoretical framework of linear QEM [14], we analytically derive the sampling In this section, we will be looking at an example of overhead for estimating the output distribution, show- quantumphaseestimationcircuitsmodifiedfromthecir- ing that it is comparable to that of estimating a sin"
Liu and Cai - 2025 - Quantum Error Mitigation for Sampling Algorithms.pdf,Liu & Cai,yes,yes,weak,overhead-mention,4,"ror-mitigated distribution by allowing for the removal average number of faults per circuit run (circuit fault of samples, which comes with a similar overhead as esti- rate), which is the product of the number of noisy gate matingthedistribution. Intheprocess,wealsoformalise M and the per gate error rate p,"
Liu and Cai - 2025 - Quantum Error Mitigation for Sampling Algorithms.pdf,Liu & Cai,yes,yes,weak,additional-resources,1,"ion, we or sometimes no additional hardware requirements, but arealsoabletoseemoredirectlythespecialroleofpost- relies on extracting information from additional circuit selection QEM techniques compared to the others. runs instead. Atthestart,QEMwasmostlystudiedinthecontextof applyingdirectlytophysicalcircuitswithout"
Liu and Cai - 2025 - Quantum Error Mitigation for Sampling Algorithms.pdf,Liu & Cai,yes,yes,weak,additional-resources,3,"′ (z) = 1), but in the process andpasstheverification. Inthiscase,thereisnostronger z em post-selectionand,moregenerally,QEMschemesforthis introduces additional shot noise in the denominator of algorithm, so there is no need to apply additional QEM the expression. Hence, which one to use depends on the on top of S"
Liu and Cai - 2025 - Quantum Error Mitigation for Sampling Algorithms.pdf,Liu & Cai,yes,yes,weak,additional-resources,3,"ughsuchthatthesame If instead of just obtaining the ground energy, we also smallest string from p (z) and p (z) are the same and em 0 want to perform additional measurements on the associ- occur with similar probabilities. This is guaranteed to ated output ground state, then QEM techniques are still be the case for bias-f"
Liu and Cai - 2025 - Quantum Error Mitigation for Sampling Algorithms.pdf,Liu & Cai,yes,yes,weak,additional-resources,7,"estimator S 0 1 k−1 keeping only the circuit runs that output 1. We can pˆ (z ...z 0). In the kth step, we will perform a simi- em 1 k−1 perform any additional measurements needed on these lar hypothesis testing as Eq. (5): post-selectedcircuitruns,includingperformingsampling algorithms, to directly yield the error-mitig"
Lorenz et al. - 2025 - Systematic benchmarking of quantum computers status and recommendations.pdf,Lorenz et al.,partial,partial,weak,overhead-mention,5,"ent level – Polish Open QBench, EuroQCS-Poland project ”Open QBench: Application Performance Bench- ACES Property testing QEC decoding throughput QEC overhead RB T1+T2 Tomography marks for Quantum Computers” by PSNC [43]. IV. HOWTODEFINEQUANTUMBENCHMARKS Fig.1. Benchmarksatdifferentlevels–inadditiontothetyp"
Lorenz et al. - 2025 - Systematic benchmarking of quantum computers status and recommendations.pdf,Lorenz et al.,partial,partial,weak,overhead-mention,8,"FTQCsystemsrequiremultiplephysicalqubitstorepresent qubits. Thus, routines that try to describe states and processes a single logical qubit. The QEC overhead quantifies the in full detail will necessarily fail to be classically computable number of physical qubits required per logical qubit, which already"
Lorenz et al. - 2025 - Systematic benchmarking of quantum computers status and recommendations.pdf,Lorenz et al.,partial,partial,weak,overhead-mention,8,"hy [17, is a key metric in evaluating the scalability and efficiency 57] – the recovery of unknown quantum states based on of FTQC systems. A low QEC overhead with a high logical data – constitutes an important procedure for benchmarking density, which is the ratio of logical qubits to physical qubits, for"
Lorenz et al. - 2025 - Systematic benchmarking of quantum computers status and recommendations.pdf,Lorenz et al.,partial,partial,weak,overhead-mention,10,"efficiently manage this overhead. The Lambda parameter Λ cover the size that hardware-optimised compilation routines [76, 77] plays a critical role in assessing QEC efficiency, as ca"
Lorenz et al. - 2025 - Systematic benchmarking of quantum computers status and recommendations.pdf,Lorenz et al.,partial,partial,weak,overhead-mention,10,"sts a robust error correction process capable of scaling such as Shor’s algorithm, to evaluate the performance as the without introducing significant overhead. As qubits and gate size of the problem and system increases. fidelities improve, it becomes increasingly important to assess Ifsoftware-levelbenchma"
Lorenz et al. - 2025 - Systematic benchmarking of quantum computers status and recommendations.pdf,Lorenz et al.,partial,partial,weak,scaling-mention,10,"ing numbers of qubits. A low Lambda we could build on top of standardised quantum applications, suggests a robust error correction process capable of scaling such as Shor’s algorithm, to evaluate the performance as the without introducing significant overhead. As qubits and gate size of the problem and sys"
Lorenz et al. - 2025 - Systematic benchmarking of quantum computers status and recommendations.pdf,Lorenz et al.,partial,partial,weak,scaling-mention,18,"w Pauli measurements”. In: Phys. s41586-021-03588-y. Rev. Lett. 106 (23 2011), p. 230501. DOI: 10.1103/ [77] G. Q. AI. “Suppressing quantum errors by scaling a PhysRevLett.106.230501. surface code logical qubit”. In: Nature 614 (2021), [61] D. Hangleiter et al. “Direct certification of a class of pp. 676–6"
Majumdar et al. - 2023 - Best Practices for Quantum Error Mitigation with Digital Zero-Noise Extrapolation.pdf,Majumdar et al.,yes,yes,strong,exponential-overhead,1,"level by, e.g., stretching and layer and then cancelled in a probabilistic manner with an scaling the pulses themselves. aZNE therefore requires deep exponential overhead to control the subsequent spread in the knowledgeofandaccesstotheunderlyingdevicephysics[9]. variance of expectation values. An example of the latter"
Majumdar et al. - 2023 - Best Practices for Quantum Error Mitigation with Digital Zero-Noise Extrapolation.pdf,Majumdar et al.,yes,yes,strong,factor-of-N,2,"ocally. For a target circuit Uˆ = Uˆ Uˆ Uˆ , 1 2 3 that the noise can be amplified digitally by “folding” each we refer to global folding (to a noise factor of 3 in this gate to reach a desired noise level. For instance, in the ideal case) as UˆUˆ†Uˆ = (Uˆ Uˆ Uˆ )(Uˆ†Uˆ†Uˆ†)(Uˆ Uˆ Uˆ ) and local 1 2 3 3 2 1 1"
Majumdar et al. - 2023 - Best Practices for Quantum Error Mitigation with Digital Zero-Noise Extrapolation.pdf,Majumdar et al.,yes,yes,weak,overhead-mention,1,"ation circuits in addition resource-efficient in the low-noise limit by invoking moderate to or instead of the target circuits. Therefore, the use of overhead. Error bounds, however, are less certain given the QEM techniques generally results in longer execution times rather liberal assumptions about the un"
Majumdar et al. - 2023 - Best Practices for Quantum Error Mitigation with Digital Zero-Noise Extrapolation.pdf,Majumdar et al.,yes,yes,weak,overhead-mention,1,"g., stretching and layer and then cancelled in a probabilistic manner with an scaling the pulses themselves. aZNE therefore requires deep exponential overhead to control the subsequent spread in the knowledgeofandaccesstotheunderlyingdevicephysics[9]. variance of expectation values. An example of the latter"
Majumdar et al. - 2023 - Best Practices for Quantum Error Mitigation with Digital Zero-Noise Extrapolation.pdf,Majumdar et al.,yes,yes,weak,overhead-mention,3,"aloverhead,aswhilethenumberofcircuitsincreases, thenumberofshotspercircuitcanbedecreasedproportionally IV. EXTRAPOLATION to conserve the overall shot overhead. We demonstrate con- cretely in Fig. 4 that this approach can decrease the variance A priori, it is challenging to select the best settings for of ex"
Majumdar et al. - 2023 - Best Practices for Quantum Error Mitigation with Digital Zero-Noise Extrapolation.pdf,Majumdar et al.,yes,yes,weak,overhead-mention,4,"e here, due to shot noise. While additional shots may diminish and faster to fit, for both larger circuit areas and error rates this instability, the overhead required scales exponentially comparedtothecaseofnoisefactorsof1,3,and5inFig.6(a). with the noise of the target circuit, regardless of the QEM In add"
Majumdar et al. - 2023 - Best Practices for Quantum Error Mitigation with Digital Zero-Noise Extrapolation.pdf,Majumdar et al.,yes,yes,weak,overhead-mention,6,"ered here to converge. For instance, in the inset of Fig. 8, we find that only 10 twirls are sufficient. 0.5 Twirling also does not require a drastic overhead—although twirling requires more circuits to be run, each circuit can be 0.4 run with proportionally fewer shots, ultimately conserving the shot overh"
Majumdar et al. - 2023 - Best Practices for Quantum Error Mitigation with Digital Zero-Noise Extrapolation.pdf,Majumdar et al.,yes,yes,weak,overhead-mention,6,"rhead—although twirling requires more circuits to be run, each circuit can be 0.4 run with proportionally fewer shots, ultimately conserving the shot overhead. 0.3 Finally,wenotethatbeyondreadoutmitigationandtwirling, it is possible to compose other error mitigation techniques, 0.2 such as post-selection ba"
Majumdar et al. - 2023 - Best Practices for Quantum Error Mitigation with Digital Zero-Noise Extrapolation.pdf,Majumdar et al.,yes,yes,weak,scaling-mention,1,"circuit is learned layer by noise is tuned at the hardware-level by, e.g., stretching and layer and then cancelled in a probabilistic manner with an scaling the pulses themselves. aZNE therefore requires deep exponential overhead to control the subsequent spread in the knowledgeofandaccesstotheunderlyingd"
Majumdar et al. - 2023 - Best Practices for Quantum Error Mitigation with Digital Zero-Noise Extrapolation.pdf,Majumdar et al.,yes,yes,weak,scaling-mention,3,"gates We observe that in all the cases, the shot noise follows the are folded, we suggest to sample multiple partially folded circuits at each N−1/2 scaling. noisefactor.Inthisexample,foracircuitover6qubitswitheither15or30 shots CNOTgateswhoseerrorsaredifferentforeachqubitandrangebetween1% to10%,wefindtha"
Majumdar et al. - 2023 - Best Practices for Quantum Error Mitigation with Digital Zero-Noise Extrapolation.pdf,Majumdar et al.,yes,yes,weak,scaling-mention,3,"hots (fitted curve) for different depolarization error probabilities. Although the sowiththeQiskitPrototypeforZNE[10],althoughadditional order of the scaling remains invariant with the error probability, the scaling implementations are available, e.g. Ref [11]. Doing so incurs factoraincreaseswiththeerrorp"
Majumdar et al. - 2023 - Best Practices for Quantum Error Mitigation with Digital Zero-Noise Extrapolation.pdf,Majumdar et al.,yes,yes,weak,scaling-mention,3,"babilities. Although the sowiththeQiskitPrototypeforZNE[10],althoughadditional order of the scaling remains invariant with the error probability, the scaling implementations are available, e.g. Ref [11]. Doing so incurs factoraincreaseswiththeerrorprobability. aminimaloverhead,aswhilethenumberofcircuitsinc"
Majumdar et al. - 2023 - Best Practices for Quantum Error Mitigation with Digital Zero-Noise Extrapolation.pdf,Majumdar et al.,yes,yes,weak,scaling-mention,7,"] A. Lowe, M. H. Gordon, P. Czarnik, A. Arrasmith, quantum probabilistic error cancellation by noise P. J. Coles, and L. Cincio, “Unified approach to scaling,” Physical Review A, vol. 104, p. 052607, data-driven quantum error mitigation,” Physical Review Nov 2021. [Online]. Available: https://link.aps.org/"
Majumdar et al. - 2023 - Best Practices for Quantum Error Mitigation with Digital Zero-Noise Extrapolation.pdf,Majumdar et al.,yes,yes,weak,additional-resources,4,"ely de- oftherangeofallowedvaluesforthePauliobservablesstudied scribedbyalinearextrapolator,whichisgenerallymorestable here, due to shot noise. While additional shots may diminish and faster to fit, for both larger circuit areas and error rates this instability, the overhead required scales exponentially comparedto"
Mamedaliev et al. - 2026 - A framework to evaluate the performance of Variational Quantum Algorithms.pdf,Mamedaliev et al.,yes,partial,weak,scaling-mention,4,"imization algorithm A : the VQA tends to improve (see Figure 3). Again, we observe R32 −→R32 is given by the COBYLA optimizer [40]. saturation in the scaling of quality with the number of shots, indicating that improvements beyond s = 20000 are unclear To ensure statistical consistency in the results, we r"
Mamedaliev et al. - 2026 - A framework to evaluate the performance of Variational Quantum Algorithms.pdf,Mamedaliev et al.,yes,partial,weak,scaling-mention,5,0.92±0.07 1.30±0.10 1.32±0.05 60000 0.40±0.05 0.52±0.06 0.97±0.07 1.34±0.09 1.40±0.04 80000 0.37±0.05 0.58±0.06 1.01±0.06 1.39±0.09 1.34±0.05 Fig. 4. Scaling of reproducibility with s for every cost function CVaRα considered. 100000 0.40±0.05 0.59±0.06 1.02±0.06 1.46±0.09 1.38±0.04 IV. DISCUSSION The propo
"Maupin et al. - 2024 - Error mitigation, optimization, and extrapolation on a trapped ion testbed.pdf",Maupin et al.,yes,yes,strong,factor-of-N,9,"g the amplitude of the control pulse trapolation,wewouldneedtoincreasethedurationbyat constant while increasing the duration of the pulse and least a factor of 10. But, if we scale the noise too much, increasing the detuning of the motional sidebands. We then the resulting decoherence may cause the noise scal-"
"Maupin et al. - 2024 - Error mitigation, optimization, and extrapolation on a trapped ion testbed.pdf",Maupin et al.,yes,yes,weak,overhead-mention,1,"ion for a given device architecture. I. INTRODUCTION ing. Inparticular,zero-noiseextrapolation(ZNE)stands as a method that does not require any qubit overhead, merely requiring precise control of the hardware and in- Quantumcomputersofferthepromiseofspeedupover creasing the number of expectation values that"
"Maupin et al. - 2024 - Error mitigation, optimization, and extrapolation on a trapped ion testbed.pdf",Maupin et al.,yes,yes,weak,overhead-mention,18,ger molecules are more likely to be limited by the molecule. These results are in line with previous VQE inherent resource scaling of VQE than by the overhead experiments. The original paper studying HeH+ [21] of error mitigation. estimated the ground state energy at R = 0.8˚A with Inordertorealizelargerapp
"Maupin et al. - 2024 - Error mitigation, optimization, and extrapolation on a trapped ion testbed.pdf",Maupin et al.,yes,yes,weak,scaling-mention,1,"esideband detuning parameter, and inserting two-qubit gate identity operations into the ansatz circuit. We find time-stretching and sideband detuning scaling fail to scale the noise on our particular hard- ware in a way that can be extrapolated to zero noise. Scaling our noise with global gate identity ins"
"Maupin et al. - 2024 - Error mitigation, optimization, and extrapolation on a trapped ion testbed.pdf",Maupin et al.,yes,yes,weak,scaling-mention,1,"d time-stretching and sideband detuning scaling fail to scale the noise on our particular hard- ware in a way that can be extrapolated to zero noise. Scaling our noise with global gate identity insertions and extrapolating after variational optimization, we achieve error suppression of 96.8%, resultinginan"
"Maupin et al. - 2024 - Error mitigation, optimization, and extrapolation on a trapped ion testbed.pdf",Maupin et al.,yes,yes,weak,scaling-mention,1,ed ion device. polynomially with the number of particles rather than We study three different implementations of ZNE using exponentially. known noise scaling methods: 1) Adjusting the duration Advances in quantum hardware have brought us into and detuning of the entangling gates in our circuit while the so
"Maupin et al. - 2024 - Error mitigation, optimization, and extrapolation on a trapped ion testbed.pdf",Maupin et al.,yes,yes,weak,scaling-mention,1,"angling gate arenotablebecausemachinesofthissizebegintoeclipse identity operations. whatisconsideredpossibletosimulateonexistingsuper- As these noise scaling methods target the dominant computers[7–10]. However, NISQdeviceslackerrorcor- sources of noise in a device, they can be used to improve rection, wit"
"Maupin et al. - 2024 - Error mitigation, optimization, and extrapolation on a trapped ion testbed.pdf",Maupin et al.,yes,yes,weak,scaling-mention,3,"n will be, with the fit- (cid:18) (cid:19) ted curve closely following the data. This is good if the δ =100∗ 1− |E extrapolated −E theory | (3) noise scaling is very precise, as the resulting zero noise |E −E | unaltered theory estimate will have high accuracy and precision. How- ever, if there are fluctua"
"Maupin et al. - 2024 - Error mitigation, optimization, and extrapolation on a trapped ion testbed.pdf",Maupin et al.,yes,yes,weak,scaling-mention,3,"s percentage represents how much of the error estimates that are not directly derived from the noise hasbeenmitigatedorreducedbyagivenerrormitigation scaling, or if the noise scaling only increases a portion technique. It is possible that error mitigation will make of the noise present in the device, then"
"Maupin et al. - 2024 - Error mitigation, optimization, and extrapolation on a trapped ion testbed.pdf",Maupin et al.,yes,yes,weak,scaling-mention,3,"ow much of the error estimates that are not directly derived from the noise hasbeenmitigatedorreducedbyagivenerrormitigation scaling, or if the noise scaling only increases a portion technique. It is possible that error mitigation will make of the noise present in the device, then fitting to fewer the erro"
"Maupin et al. - 2024 - Error mitigation, optimization, and extrapolation on a trapped ion testbed.pdf",Maupin et al.,yes,yes,weak,scaling-mention,3,"tive. increasing the number of sampled estimates not only re- quires more samples to maintain the desired precision, but also requires that the noise scaling technique allow D. VQE Algorithm and Ansatz for that many different noise values to be implemented onthehardware. Forthenumberofsampleswehaveac- Weus"
"Maupin et al. - 2024 - Error mitigation, optimization, and extrapolation on a trapped ion testbed.pdf",Maupin et al.,yes,yes,weak,scaling-mention,4,"n routine. The simplicity of the ansatz circuit allows as we must perform m full optimizations. Moreover, de- us to implement varied methods of noise scaling without pending on how the circuits are scaled, the shape of the the state decohering too quickly. This next section fo- energy landscape of the corr"
"Maupin et al. - 2024 - Error mitigation, optimization, and extrapolation on a trapped ion testbed.pdf",Maupin et al.,yes,yes,weak,scaling-mention,6,"edicts the results of experimentbasedonourcurrentknowledgeofthedevice. Forward modeling is very important for this work, as it defines how much noise scaling we expect to see for FIG. 3. Simulation — Comparison of the absolute relative each of the methods we explore, and thus informs our accuracy and preci"
"Maupin et al. - 2024 - Error mitigation, optimization, and extrapolation on a trapped ion testbed.pdf",Maupin et al.,yes,yes,weak,scaling-mention,7,"p −i +δ X⊗X =MS +δ . 1 2 2 responds to the rotation axis of the MS(ϕ,θ) gate. The ion-dependent phase γ is zero for the MS gate, and has i Each noise scaling method discussed in the remain- the values γ =0 and γ =π for the MS† gate. 0 1 der of this work will target a different kind of noise. In addition, w"
"Maupin et al. - 2024 - Error mitigation, optimization, and extrapolation on a trapped ion testbed.pdf",Maupin et al.,yes,yes,weak,scaling-mention,7,"of this work will target a different kind of noise. In addition, we describe the initial motion of the ions The time-stretching or sideband detuning scaling meth- before each gate as a thermal state in which n¯ is the odsoutlinedinSectionsIVandVaremosteffectivewhen average number of phonons. As such, the"
"Maupin et al. - 2024 - Error mitigation, optimization, and extrapolation on a trapped ion testbed.pdf",Maupin et al.,yes,yes,weak,scaling-mention,8,"this paper, we use two different MS-gate im- lute power offset that increases the Rabi rate by 5% of plementations: one for the time-stretched noise scaling its peak value at all times. For the R gates, this is the that we will describe in Section IV and a separate one only error that we include in the mo"
"Maupin et al. - 2024 - Error mitigation, optimization, and extrapolation on a trapped ion testbed.pdf",Maupin et al.,yes,yes,weak,scaling-mention,8,"sents the effect of heating from all motional modes and 0 η =−0.032. the effect of other unknown sources of incoherent noise 1 For the discrete-noise-scaling implementation, we that reduce the fidelity of the MS gate followed by its choose τ = 300µs, z = 39.8µs, δ = −19.6kHz, and inverse. With these errors"
"Maupin et al. - 2024 - Error mitigation, optimization, and extrapolation on a trapped ion testbed.pdf",Maupin et al.,yes,yes,weak,scaling-mention,8,"h these sources of noise in mind, we now turn to fluctuations, and context-dependent errors. While non- evaluating the effectiveness of various noise scaling tech- Markovian effects likely occur in the QSCOUT device, niques for our hardware. Each noise source will be more"
"Maupin et al. - 2024 - Error mitigation, optimization, and extrapolation on a trapped ion testbed.pdf",Maupin et al.,yes,yes,weak,scaling-mention,9,"9 amenable to different methods of scaling the noise, and how many noise scale factors c we should use in our ex- i thefollowingsectionsoutlinethreesuchapproaches,con- trapolation,whatthevalue"
"Maupin et al. - 2024 - Error mitigation, optimization, and extrapolation on a trapped ion testbed.pdf",Maupin et al.,yes,yes,weak,scaling-mention,9,"about how to apply these techniques to our device. precision,andwhatthegeneralshapeofourenergyland- scape should look like as a function of the noise scaling. Foroursimulations,weincludeatime-stretchfactorc τ IV. TIME-STRETCHED NOISE SCALING indexed from i = 1,2...,m that scales the gate duration by a mult"
"Maupin et al. - 2024 - Error mitigation, optimization, and extrapolation on a trapped ion testbed.pdf",Maupin et al.,yes,yes,weak,scaling-mention,9,"fourenergyland- scape should look like as a function of the noise scaling. Foroursimulations,weincludeatime-stretchfactorc τ IV. TIME-STRETCHED NOISE SCALING indexed from i = 1,2...,m that scales the gate duration by a multiplicative factor between 1.0 and 1.6, where Wenowturntothefirstofthreemethodswetest"
"Maupin et al. - 2024 - Error mitigation, optimization, and extrapolation on a trapped ion testbed.pdf",Maupin et al.,yes,yes,weak,scaling-mention,9,"the gates. For other architectures, there contrast with previous results from [17], wherein noise maybenosuchsourceoftime-translationinvariantnoise, scaling is on the order of ∼1−10%. As seen in FIG. 4b, withthevastmajorityofnoisecomingfromcontrolerrors when each energy estimation is made with a fixed sam"
"Maupin et al. - 2024 - Error mitigation, optimization, and extrapolation on a trapped ion testbed.pdf",Maupin et al.,yes,yes,weak,scaling-mention,9,"with a fixed sam- in the implementation of quantum gates. plingbudgetof2000samples,theeffectoffinitesampling As in [17], we first implemented ZNE by scaling the may cause the noisy estimations to further overlap, ren- time it takes for our circuit to run. Assuming the noise dering extrapolation ineffectiv"
"Maupin et al. - 2024 - Error mitigation, optimization, and extrapolation on a trapped ion testbed.pdf",Maupin et al.,yes,yes,weak,scaling-mention,9,"isy expectation value To solve this issue of resolution, we might try to in- ofthecircuitwillbethesameifwerunitwithnoiseλfor crease the maximum noise scaling of our circuits from 2 a scaled time c τ as it would be for scaled noise c λ for up to 5 or even 10 to increase the spacing of the noisy i i a time τ"
"Maupin et al. - 2024 - Error mitigation, optimization, and extrapolation on a trapped ion testbed.pdf",Maupin et al.,yes,yes,weak,scaling-mention,10,"iseincreased abruptly at around c =3. τ We believe that our hardware is robust within this re- gion to this specific implementation of pulse duration scaling for ZNE. It is possible that some other imple- mentationoftime-stretchingwouldwork,butwechoseto shift our attention to other methods of scaling the n"
"Maupin et al. - 2024 - Error mitigation, optimization, and extrapolation on a trapped ion testbed.pdf",Maupin et al.,yes,yes,weak,scaling-mention,10,"ation scaling for ZNE. It is possible that some other imple- mentationoftime-stretchingwouldwork,butwechoseto shift our attention to other methods of scaling the noise going forward. Though a time-stretching implementa- tion of noise scaling circuits worked well in [38] where a superconducting qubit device"
"Maupin et al. - 2024 - Error mitigation, optimization, and extrapolation on a trapped ion testbed.pdf",Maupin et al.,yes,yes,weak,scaling-mention,10,"ingwouldwork,butwechoseto shift our attention to other methods of scaling the noise going forward. Though a time-stretching implementa- tion of noise scaling circuits worked well in [38] where a superconducting qubit device was tested, the same ap- pears not to hold true for trapped ion devices such as QSC"
"Maupin et al. - 2024 - Error mitigation, optimization, and extrapolation on a trapped ion testbed.pdf",Maupin et al.,yes,yes,weak,scaling-mention,10,"eradditionalsourcesofnoiseand alternate methods of increasing the noise in our device in order to successfully perform ZNE. V. MOTIONAL MODE DETUNING SCALING In addition to increasing the duration of our gates, we studiedtheeffectsofdecreasingtheirdurationbelowthe typical, ideal value. As shown in Figure 4"
"Maupin et al. - 2024 - Error mitigation, optimization, and extrapolation on a trapped ion testbed.pdf",Maupin et al.,yes,yes,weak,scaling-mention,10,"urces of noise modeled by IonSim, we find a of expectation value without finite sampling. The simulated number of candidate gate parameters for noise scaling. noisyenergycurvesshowsomeoverlapandexhibitnon-linear Thedurationτ ofthecontrollaserpulsesthatimplement scaling. (b) Simulating 2000 samples for each"
"Maupin et al. - 2024 - Error mitigation, optimization, and extrapolation on a trapped ion testbed.pdf",Maupin et al.,yes,yes,weak,scaling-mention,10,"f candidate gate parameters for noise scaling. noisyenergycurvesshowsomeoverlapandexhibitnon-linear Thedurationτ ofthecontrollaserpulsesthatimplement scaling. (b) Simulating 2000 samples for each Pauli term in our gates is only one of four possible gate parameters theHamiltonian,theenergycurveswithfinitesa"
"Maupin et al. - 2024 - Error mitigation, optimization, and extrapolation on a trapped ion testbed.pdf",Maupin et al.,yes,yes,weak,scaling-mention,10,"no increase in energy error as a function of gate duration. A. Detuning Theory changingthetimescaleofourMS gatesbetween0.6and 1.6 times the standard scaling. We refer to this sort of Fortheprevioustime-stretchingmethod,thepulseam- procedure as a ‘parameter sweep’ going forward in this plitude was held con"
"Maupin et al. - 2024 - Error mitigation, optimization, and extrapolation on a trapped ion testbed.pdf",Maupin et al.,yes,yes,weak,scaling-mention,11,"ause of the small infi- delity for the ideal detuning (∼ 1.5%) the noise scalings for this method are much larger than those used for the other noise scaling methods, running as large as c ∼25. i Wedidnotperformsimulationstotesttheeffectiveness of this noise scaling method for two reasons. Firstly, as desc"
"Maupin et al. - 2024 - Error mitigation, optimization, and extrapolation on a trapped ion testbed.pdf",Maupin et al.,yes,yes,weak,scaling-mention,11,"rger than those used for the other noise scaling methods, running as large as c ∼25. i Wedidnotperformsimulationstotesttheeffectiveness of this noise scaling method for two reasons. Firstly, as describedpreviously,preliminarysimulationsofthetime- stretching method indicated that the sideband detuning mayha"
"Maupin et al. - 2024 - Error mitigation, optimization, and extrapolation on a trapped ion testbed.pdf",Maupin et al.,yes,yes,weak,scaling-mention,11,"f our two-qubit and shown in FIG. 6a. These energies are plotted versus gates as we change the detuning parameter. For each their corresponding noise scaling in FIG. 6b and fit us- value of the detuning parameter we want to use, we hold ing total least squares regression from SciPy.ODR [37]. thepulsedurati"
"Maupin et al. - 2024 - Error mitigation, optimization, and extrapolation on a trapped ion testbed.pdf",Maupin et al.,yes,yes,weak,scaling-mention,12,"an increase the noise present in our circuit FIG.6. Hardware—Experimentalimplementationofnoise by deliberately mis-calibrating our gates, but that we scaling by direct scaling of the sideband detuning parame- may not be able to mitigate error with this method, as ter. (a) Noisy energy estimates were obtain"
"Maupin et al. - 2024 - Error mitigation, optimization, and extrapolation on a trapped ion testbed.pdf",Maupin et al.,yes,yes,weak,scaling-mention,12,"ise present in our circuit FIG.6. Hardware—Experimentalimplementationofnoise by deliberately mis-calibrating our gates, but that we scaling by direct scaling of the sideband detuning parame- may not be able to mitigate error with this method, as ter. (a) Noisy energy estimates were obtained for detun- ther"
"Maupin et al. - 2024 - Error mitigation, optimization, and extrapolation on a trapped ion testbed.pdf",Maupin et al.,yes,yes,weak,scaling-mention,12,"agnitude of the random fluctuations in gate parame- ange,dot-dashed). Thequadraticfunctionbestdescribesthe ters in their analysis, leading to similar scaling in energy data,leadingtoazeronoiseenergyestimateonparwiththe error. unaltered circuit. This energy gap implies that this method only scales a portion"
"Maupin et al. - 2024 - Error mitigation, optimization, and extrapolation on a trapped ion testbed.pdf",Maupin et al.,yes,yes,weak,scaling-mention,12,"unaltered circuit. This energy gap implies that this method only scales a portion of the total noise present in the circuit. VI. GATE INSERTION NOISE SCALING of fit parameters p, in order to penalize over-fitting the data: The result of our first two experiments leads us to be- χ2 lieve that variation in i"
"Maupin et al. - 2024 - Error mitigation, optimization, and extrapolation on a trapped ion testbed.pdf",Maupin et al.,yes,yes,weak,scaling-mention,12,"al gate parameters is not χ2 red = n−p (18) enough to explain the errors that we see in our unmiti- gated circuits. A more holistic approach to noise scaling The reduced chi-squared values of the two extrapola- may perform better when we don’t have a full picture of tionsinFIG.6barebothgreaterthanone,onacc"
"Maupin et al. - 2024 - Error mitigation, optimization, and extrapolation on a trapped ion testbed.pdf",Maupin et al.,yes,yes,weak,scaling-mention,12,"thanone,onaccountof noise present in our device. In this section, we outline the small y-error bars relative to the difference between one such noise scaling method that is more agnostic to the data points and fits. We obtain values of 5.85 and noise source."
"Maupin et al. - 2024 - Error mitigation, optimization, and extrapolation on a trapped ion testbed.pdf",Maupin et al.,yes,yes,weak,scaling-mention,13,"th halves of the circuit (d) red. A. Gate Insertion Theory instance, we may choose to instead scale our MS gates as follows: An alternative manner of scaling control errors in our MS →MS(MS)4i MS† →MS†(MS†)4i (23) circuits is to make discrete changes at the circuit-level, rather than changing the duration"
"Maupin et al. - 2024 - Error mitigation, optimization, and extrapolation on a trapped ion testbed.pdf",Maupin et al.,yes,yes,weak,scaling-mention,14,"d circuit, which in turn constrains the values energy curves for different scale factors as in Sections IV of a and b. Therefore, we expect our noise scaling to and V, varying θ between −0.8 and 0.8, with 2000 sam- follow the trend: plesperestimateoftheexpectationvalueofeachtermin the Hamiltonian. For our"
"Maupin et al. - 2024 - Error mitigation, optimization, and extrapolation on a trapped ion testbed.pdf",Maupin et al.,yes,yes,weak,scaling-mention,14,"tuningwasrecalibratedtocorrectforqubitdriftbetween c = (26) U e−1 each trial. The results broadly show the expected behavior for Deviation from this scaling is a sign that other forms of these four methods, and the noise scaling is improved noise are present in our experiment. compared to FIG 4b. That sai"
"Maupin et al. - 2024 - Error mitigation, optimization, and extrapolation on a trapped ion testbed.pdf",Maupin et al.,yes,yes,weak,scaling-mention,14,"trial. The results broadly show the expected behavior for Deviation from this scaling is a sign that other forms of these four methods, and the noise scaling is improved noise are present in our experiment. compared to FIG 4b. That said, the noise scaling does not follow the theoretical exponential decay o"
"Maupin et al. - 2024 - Error mitigation, optimization, and extrapolation on a trapped ion testbed.pdf",Maupin et al.,yes,yes,weak,scaling-mention,14,"at other forms of these four methods, and the noise scaling is improved noise are present in our experiment. compared to FIG 4b. That said, the noise scaling does not follow the theoretical exponential decay outlined in the previous section. Instead, the expectation value of B. Gate Insertion Parameter Swe"
"Maupin et al. - 2024 - Error mitigation, optimization, and extrapolation on a trapped ion testbed.pdf",Maupin et al.,yes,yes,weak,scaling-mention,15,"noise scales like the sum of the MS Before cuit. The simulation results show that the energy landscape and MS After methods. In experiment, the noise scaling is plateaus quickly as many gates are added to the circuit. In less consistent, with a large outlier curve at c =5.0. experiment,theresultsaremorecon"
"Maupin et al. - 2024 - Error mitigation, optimization, and extrapolation on a trapped ion testbed.pdf",Maupin et al.,yes,yes,weak,scaling-mention,15,"at c =5.0. experiment,theresultsaremoreconsistent,thoughthenoise U still accumulates rapidly. in FIGs. 8a and 9a) both show similar amounts of noise scaling, as they both insert the same number of two- than simulation, upwards of 30% of the unmitigated cir- qubit gates into the circuit. In simulation, the"
"Maupin et al. - 2024 - Error mitigation, optimization, and extrapolation on a trapped ion testbed.pdf",Maupin et al.,yes,yes,weak,scaling-mention,15,"itigated cir- qubit gates into the circuit. In simulation, the energy cuit’sminimumenergyathighernoisescalefactors. This error incurred by this noise scaling is around ∼ 3% of largeenergygapmakesextrapolationeasy,thoughitlim- the unmitigated circuit’s minimum energy, which is in itsthenumberofnoisyenergyes"
"Maupin et al. - 2024 - Error mitigation, optimization, and extrapolation on a trapped ion testbed.pdf",Maupin et al.,yes,yes,weak,scaling-mention,15,"re and For the MS Before & After method, we see the ex- MS After methods show substantially more energy error pected results in simulation. The noise scaling shown in"
"Maupin et al. - 2024 - Error mitigation, optimization, and extrapolation on a trapped ion testbed.pdf",Maupin et al.,yes,yes,weak,scaling-mention,16,"stoutliercurves. Lastly, we have the MS Four method, shown in FIG. We tested both methods with an in-depth extrapolation 11. In simulation, the noise scaling is similar to that experiment, as will be described below, and found the of the MS Before & After method, with overall noise resultsfromtheMS After m"
"Maupin et al. - 2024 - Error mitigation, optimization, and extrapolation on a trapped ion testbed.pdf",Maupin et al.,yes,yes,weak,scaling-mention,16,"iment, as will be described below, and found the of the MS Before & After method, with overall noise resultsfromtheMS After methodtobemostconsistent. scaling on the order of ∼ 7%. However, the shape of Using the same ansatz circuit and molecular param- thecurvesinFIG.11aisdifferent,withthec=9.0curve eters"
"Maupin et al. - 2024 - Error mitigation, optimization, and extrapolation on a trapped ion testbed.pdf",Maupin et al.,yes,yes,weak,scaling-mention,16,"samples per measure- in the angles of our MS gates, which is dramatically ment. FIG. 12 shows a clear increase in the energy amplified by this noise scaling method. This is good, due to the noise scaling. The noise scaled measurements insofaraswearecapturingthatkindofnoiseinourscaled werethenextrapolatedt"
"Maupin et al. - 2024 - Error mitigation, optimization, and extrapolation on a trapped ion testbed.pdf",Maupin et al.,yes,yes,weak,scaling-mention,16,"ates, which is dramatically ment. FIG. 12 shows a clear increase in the energy amplified by this noise scaling method. This is good, due to the noise scaling. The noise scaled measurements insofaraswearecapturingthatkindofnoiseinourscaled werethenextrapolatedtotwozeronoiseestimates,corre- circuit, but this"
"Maupin et al. - 2024 - Error mitigation, optimization, and extrapolation on a trapped ion testbed.pdf",Maupin et al.,yes,yes,weak,scaling-mention,16,"hannel. As a result, the noise scale These residuals (relative to the theoretical linear noise factor for gate insertion methods would scale exponen- scaling) are enough to significantly skew the fits for tially as a function of the total number of gates, par- higher order polynomials. We attempted Richard"
"Maupin et al. - 2024 - Error mitigation, optimization, and extrapolation on a trapped ion testbed.pdf",Maupin et al.,yes,yes,weak,scaling-mention,16,"though it resultsinthissection,therelationshipbetweenthenum- has a slightly larger reduced chi-squared value than the ber of inserted gates and noise scaling is better modeled quadraticestimate. TheseresultsaresummarizedinTA-"
"Maupin et al. - 2024 - Error mitigation, optimization, and extrapolation on a trapped ion testbed.pdf",Maupin et al.,yes,yes,weak,scaling-mention,17,"evice this was only a portion of our overall error. noisyenergyestimatesmadeatc =1.0,2.0,3.0,5.0,7.0that U We are also able to improve our results by scaling the were used for extrapolation. The data was fit using a least- squares method to a linear (blue dashed) and quadratic (or- noise in our circuits us"
"Maupin et al. - 2024 - Error mitigation, optimization, and extrapolation on a trapped ion testbed.pdf",Maupin et al.,yes,yes,weak,scaling-mention,17,"g error in than we have access to with our noise model. A naive simulation. These different techniques all obtain energy application of a given noise scaling method may not im- estimateswithin2−5%ofthetrueenergyminimumfora provetheaccuracyorprecisionofanexperimentbyitself, fixed sampling budget, with the d"
"Maupin et al. - 2024 - Error mitigation, optimization, and extrapolation on a trapped ion testbed.pdf",Maupin et al.,yes,yes,weak,scaling-mention,18,18 used for each projective measurement at each iteration. noise scaling methods such as probabilistic noise ampli- For larger molecules with more complicated Hamiltoni- fication to tackle multi-qubit errors like crosstalk
"Maupin et al. - 2024 - Error mitigation, optimization, and extrapolation on a trapped ion testbed.pdf",Maupin et al.,yes,yes,weak,scaling-mention,18,"ptimal interactions with an environment is not the dominant parameterforthisproblem. Limitingtheoptimizationin source of noise. Our sideband detuning scaling results this way allows us to allocate more samples to each iter- are similarly dependent on the degree of calibration of ation, improving the precis"
"Maupin et al. - 2024 - Error mitigation, optimization, and extrapolation on a trapped ion testbed.pdf",Maupin et al.,yes,yes,weak,scaling-mention,18,energy of the HeH+ for larger molecules are more likely to be limited by the molecule. These results are in line with previous VQE inherent resource scaling of VQE than by the overhead experiments. The original paper studying HeH+ [21] of error mitigation. estimated the ground state energy at R = 0.8˚A wi
McDonough et al. - 2022 - Automated quantum error mitigation based on probabilistic error reduction.pdf,McDonough et al.,yes,yes,strong,sampling-cost,3,"pletely-positive and trace preserving gate strings that maximally amplify the errors and a choice (CPTP) maps Φ± = (cid:80) ηα ≷0 | γ η ± α|O α . The sampling overhead of suitable SPAM gates, are implemented by the software for ξ ∈[0,1] is given by package PyGSTi [11]. PyGSTi provides model packs with γ(ξ) =γ−ξ(γ−1). ("
McDonough et al. - 2022 - Automated quantum error mitigation based on probabilistic error reduction.pdf,McDonough et al.,yes,yes,strong,sampling-cost,3,"se levels decomposition of ideal gates in terms of noisy ones in Eq. (1) ξ can thus be used to extrapolate to the zero-noise limit. This and thus the sampling overhead of PEC and PER. Here, we vZNE procedure [5] can yield a zero noise estimator close to use the knowledge that the RZ gate is virtualized on many PEC at m"
McDonough et al. - 2022 - Automated quantum error mitigation based on probabilistic error reduction.pdf,McDonough et al.,yes,yes,strong,exponential-overhead,5,"tor. This channel Λ(ξ) tot l l exponentially in the number of layers. However, by making exhibitssimilarusefulpropertiesasweobservedwithincanon- this exponential scaling weaker, one can extend the practical ical noise scaling in Sec. II-B. For example, upscaling the application of error mitigation to larger circuits."
McDonough et al. - 2022 - Automated quantum error mitigation based on probabilistic error reduction.pdf,McDonough et al.,yes,yes,weak,overhead-mention,1,"or cancellation (PEC). PEC requires a full characterization bilistic error reduction, zero noise extrapolation of the noise and introduces a sampling overhead that increases exponentially with circuit depth, prohibiting high-depth circuits I. INTRODUCTIONANDOVERVIEW at realistic noise levels. Probabilistic"
McDonough et al. - 2022 - Automated quantum error mitigation based on probabilistic error reduction.pdf,McDonough et al.,yes,yes,weak,overhead-mention,1,"(PER) is Hardware noise introduces unwanted bias into an expecta- a related quantum error mitigation method that systematically reduces the sampling overhead at the cost of reintroducing tion value measured on a quantum computer, restricting the bias. In combination with zero-noise extrapolation, PER can a"
McDonough et al. - 2022 - Automated quantum error mitigation based on probabilistic error reduction.pdf,McDonough et al.,yes,yes,weak,overhead-mention,2,"uantum backend, and the resulting expectation values are which we extend to PER. [9], [10]. This method allows for adjusted according to the sampling overhead and the PER robust characterization of hardware noise in large devices by quasiprobability coefficient of the sampled term. Virtual ZNE keeping the n"
McDonough et al. - 2022 - Automated quantum error mitigation based on probabilistic error reduction.pdf,McDonough et al.,yes,yes,weak,overhead-mention,2,"y contributions are the following: 1) We combine the to reduce the variance below a desired threshold. At current advantages of PNT with the sampling overhead reduction of hardware noise levels, the sampling overhead limits PEC to PERandvZNEbyextendingthismethodtonoisescaling,and circuits of modest depth [4"
McDonough et al. - 2022 - Automated quantum error mitigation based on probabilistic error reduction.pdf,McDonough et al.,yes,yes,weak,overhead-mention,2,"duce the variance below a desired threshold. At current advantages of PNT with the sampling overhead reduction of hardware noise levels, the sampling overhead limits PEC to PERandvZNEbyextendingthismethodtonoisescaling,and circuits of modest depth [4]. To overcome this restriction, 2) We provide a Python pa"
McDonough et al. - 2022 - Automated quantum error mitigation based on probabilistic error reduction.pdf,McDonough et al.,yes,yes,weak,overhead-mention,2,"GST with canonical noise scaling and vZNE and expectation values with reduced bias, as illustrated in Fig. 1. show that this can reduce the sampling overhead compared to We employ two separate methods of noise characterization: PEC.Then,wedescribePNT,togetherwithademonstrationof gate set tomography (GST) ["
McDonough et al. - 2022 - Automated quantum error mitigation based on probabilistic error reduction.pdf,McDonough et al.,yes,yes,weak,overhead-mention,3,"ositive and negative volumes of the QPD. We defined Gate settomography (GST) [7], [8]is a methodfor charac- γ = γ+ +γ− = 1+2γ−, which is the sampling overhead terizing noise associated with a set of gate operations capable at ξ = 0, corresponding to PEC. The overhead is determined of preparing a complete se"
McDonough et al. - 2022 - Automated quantum error mitigation based on probabilistic error reduction.pdf,McDonough et al.,yes,yes,weak,overhead-mention,3,"= γ+ +γ− = 1+2γ−, which is the sampling overhead terizing noise associated with a set of gate operations capable at ξ = 0, corresponding to PEC. The overhead is determined of preparing a complete set of density matrices. The details by γ−, which is referred to as the negativity of the QPD. We of the long-s"
McDonough et al. - 2022 - Automated quantum error mitigation based on probabilistic error reduction.pdf,McDonough et al.,yes,yes,weak,overhead-mention,3,"ositive and trace preserving gate strings that maximally amplify the errors and a choice (CPTP) maps Φ± = (cid:80) ηα ≷0 | γ η ± α|O α . The sampling overhead of suitable SPAM gates, are implemented by the software for ξ ∈[0,1] is given by package PyGSTi [11]. PyGSTi provides model packs with γ(ξ) =γ−ξ(γ−1)"
McDonough et al. - 2022 - Automated quantum error mitigation based on probabilistic error reduction.pdf,McDonough et al.,yes,yes,weak,overhead-mention,3,"ck to reconstruct the single qubit This shows that PER provides a way to systematically reduce gate set G = {RX(π),RZ(π)} on Rigetti Aspen-11, a this overhead by removing the noise only partially. This 2 2 cloud-accessible superconducting-circuit quantum processing reduction in overhead is shown explicitly"
McDonough et al. - 2022 - Automated quantum error mitigation based on probabilistic error reduction.pdf,McDonough et al.,yes,yes,weak,overhead-mention,3,"tti Aspen-11, a this overhead by removing the noise only partially. This 2 2 cloud-accessible superconducting-circuit quantum processing reduction in overhead is shown explicitly in Fig. 2(a) for a unit (QPU). The maximum depths for the long sequence noise-scaled reconstruction of an RX(π) gate with a noisy"
McDonough et al. - 2022 - Automated quantum error mitigation based on probabilistic error reduction.pdf,McDonough et al.,yes,yes,weak,overhead-mention,3,"(ξ = 0) to about 5 for ξ = 0.8. We note as Pauli-transfer matrices (PTMs), which can be further pro- that enforcing a noiseless RZ gate increases the overhead to cessed as part of an error mitigation workflow using Mitiq. γ =2.67,leadingtoanevenmoresteeplyincreasingsampling GST results exhibit a gauge degre"
McDonough et al. - 2022 - Automated quantum error mitigation based on probabilistic error reduction.pdf,McDonough et al.,yes,yes,weak,overhead-mention,3,"ate-preparation and measurement As shown in Fig. 2(b), although the price of reducing the processes, which results in a set of PTMs which are similar overhead is additional bias, we can improve the estimate of to the ideal operations up to conjugation by an invertible the desired noiseless expectation value"
McDonough et al. - 2022 - Automated quantum error mitigation based on probabilistic error reduction.pdf,McDonough et al.,yes,yes,weak,overhead-mention,3,"decomposition of ideal gates in terms of noisy ones in Eq. (1) ξ can thus be used to extrapolate to the zero-noise limit. This and thus the sampling overhead of PEC and PER. Here, we vZNE procedure [5] can yield a zero noise estimator close to use the knowledge that the RZ gate is virtualized on many PEC a"
McDonough et al. - 2022 - Automated quantum error mitigation based on probabilistic error reduction.pdf,McDonough et al.,yes,yes,weak,overhead-mention,3,"uge such the noise when choosing ξ ∈ [1,γi+1], which does not incur γi−1 thattheRZ PTMisnoiseless.Fullgatesettomographyscales any additional sampling overhead. Within ZNE one can thus exponentially in complexity with the number of qubits, which combine estimator values at both reduced and increased noise in"
McDonough et al. - 2022 - Automated quantum error mitigation based on probabilistic error reduction.pdf,McDonough et al.,yes,yes,weak,overhead-mention,4,"eigenstate of P , then we observe a a 1 (cid:16) (cid:17) (cid:16) (cid:17) Pn Pn Tr P Λ (P ) =Tr P Λ (|+⟩⟨+| ) . (6) d a a a a Fig. 2: (a) Sampling overhead γ(ξ) = (γ(ξ))l versus circuit Since the Pauli matrices P a are eigenvectors of the twirled depth l for different noise strength to s t ξ using a cano"
McDonough et al. - 2022 - Automated quantum error mitigation based on probabilistic error reduction.pdf,McDonough et al.,yes,yes,weak,overhead-mention,4,"f-adjoint layer of Clifford in Eq. (3). The figure demonstrates that a realistic sampling gates C, applying an even number of these layers results in overhead γ of PEC on current hardware can be prohibitive the measurement of fidelity pairs: for circuits of even modest depth l tot , which validates the 1 Tr"
McDonough et al. - 2022 - Automated quantum error mitigation based on probabilistic error reduction.pdf,McDonough et al.,yes,yes,weak,overhead-mention,4,"pairs: for circuits of even modest depth l tot , which validates the 1 Tr (cid:0) P (Λ◦C)2n(P ) (cid:1) =(f f′)n. (7) need for methods to reduce the overhead of noise-sensitive d a a a a error mitigation such as PER and vZNE. (b) PER results for where f′ is the fidelity of PC = C(P ) = CP C†. In ⟨Z⟩ after"
McDonough et al. - 2022 - Automated quantum error mitigation based on probabilistic error reduction.pdf,McDonough et al.,yes,yes,weak,overhead-mention,4,re are still exponentially many simulated for a random Pauli noise model chosen to have fidelities f requiring measurement. Under the assumption a an overhead matching that obtained from GST on the Rigetti that noise correlations are strongest when there exist physical QPU. The decomposition of the noise re
McDonough et al. - 2022 - Automated quantum error mitigation based on probabilistic error reduction.pdf,McDonough et al.,yes,yes,weak,overhead-mention,5,"(cid:17) . (11) The agreement between the measured and ideal values shows k k k the efficacy of PNT. k Here, w(ξ) ≡ 1(1+e−2|1−ξ|λk) and the sampling overhead 2 (cid:40) (cid:80) discussed in [10]. The sampling procedure is described in exp[2(1−ξ) λ ] ξ <1 γ(ξ) = k k (12) Algorithm 1. 1 ξ ≥1 The total overh"
McDonough et al. - 2022 - Automated quantum error mitigation based on probabilistic error reduction.pdf,McDonough et al.,yes,yes,weak,overhead-mention,5,"rhead 2 (cid:40) (cid:80) discussed in [10]. The sampling procedure is described in exp[2(1−ξ) λ ] ξ <1 γ(ξ) = k k (12) Algorithm 1. 1 ξ ≥1 The total overhead is a product of the overhead of the individual layers l, γ(ξ) = (cid:81) γ(ξ), and so it still scales quantifies the variance in the estimator. This"
McDonough et al. - 2022 - Automated quantum error mitigation based on probabilistic error reduction.pdf,McDonough et al.,yes,yes,weak,overhead-mention,5,"cussed in [10]. The sampling procedure is described in exp[2(1−ξ) λ ] ξ <1 γ(ξ) = k k (12) Algorithm 1. 1 ξ ≥1 The total overhead is a product of the overhead of the individual layers l, γ(ξ) = (cid:81) γ(ξ), and so it still scales quantifies the variance in the estimator. This channel Λ(ξ) tot l l exponent"
McDonough et al. - 2022 - Automated quantum error mitigation based on probabilistic error reduction.pdf,McDonough et al.,yes,yes,weak,overhead-mention,5,"se scaling in Sec. II-B. For example, upscaling the application of error mitigation to larger circuits. Implementa- noise does not incur any sampling overhead yet can still tion details are discussed in the following section. provide useful information for vZNE. For intermediate values ofthenoise0<ξ <1,theo"
McDonough et al. - 2022 - Automated quantum error mitigation based on probabilistic error reduction.pdf,McDonough et al.,yes,yes,weak,overhead-mention,8,"ording the parity of the number of A list of circuits corresponding to increasing Trotter steps can nonidentity operators sampled in Eq. (11) and the overhead be generated: 90 Authorized licensed use limited to: Ostbayerische Technische Hochschule Regensburg. Downloaded on February 04,2026 at 14:24:42 UTC f"
McDonough et al. - 2022 - Automated quantum error mitigation based on probabilistic error reduction.pdf,McDonough et al.,yes,yes,weak,overhead-mention,9,"hat experiment.analyze() PER combined with vZNE can offer a significant advantage The experiment is now populated with all of the noise data when the overhead is large. needed to carry out PER. With this, the PER experiment can be set up for the desired circuits by calling VI. CONCLUSIONANDOUTLOOK perexp ="
McDonough et al. - 2022 - Automated quantum error mitigation based on probabilistic error reduction.pdf,McDonough et al.,yes,yes,weak,overhead-mention,10,"error strength approaches zero, and the estimator values approach mitigation schemes are developed, multi-platform software the noiseless value. The overhead at ξ = 0 after 15 Trotter tools provide key advantages for software users engaging on steps is γ(0) =7.25, while it is only γ(0.5) =2.69 at ξ =0.5. m"
McDonough et al. - 2022 - Automated quantum error mitigation based on probabilistic error reduction.pdf,McDonough et al.,yes,yes,weak,overhead-mention,10,xtendintotheeraoffault-tolerantquantumcomputingwith of noise-sensitive error mitigation to near-term algorithms on logical qubits as it can lower the overhead for quantum error noisy intermediate-scale quantum (NISQ) devices. correction [20]–[22]. While hardware improvements that re- ducegateerrorratesarecr
McDonough et al. - 2022 - Automated quantum error mitigation based on probabilistic error reduction.pdf,McDonough et al.,yes,yes,weak,scaling-mention,1,mography (PNT) technique for learning a sparse Pauli noise can then express any ideal value without bias in terms of model and exploits a Pauli noise scaling method to carry out PER. We also provide software tools that leverage a previously values obtained from instances of circuits with noisy gates. Howev
McDonough et al. - 2022 - Automated quantum error mitigation based on probabilistic error reduction.pdf,McDonough et al.,yes,yes,weak,scaling-mention,2,"NT or GST, whose results are used to generate The second method we implement is a recently proposed sampled PER circuits via canonical or Pauli noise scaling. scheme for efficient benchmarking of a Pauli-twirled noise The circuits are executed with a user-specified interface to channel and a technique for"
McDonough et al. - 2022 - Automated quantum error mitigation based on probabilistic error reduction.pdf,McDonough et al.,yes,yes,weak,scaling-mention,2,"triction, 2) We provide a Python package implementing the combined Mari et al. developed probabilistic error reduction (PER) [5], PNT and Pauli noise scaling method as part of the general wherein the noise is only partially mitigated rather than automated PER framework. The software automates all steps ful"
McDonough et al. - 2022 - Automated quantum error mitigation based on probabilistic error reduction.pdf,McDonough et al.,yes,yes,weak,scaling-mention,2,"n the remainder of the article, we first describe how to sampling and analysis of PER mitigation circuits to produce combine GST with canonical noise scaling and vZNE and expectation values with reduced bias, as illustrated in Fig. 1. show that this can reduce the sampling overhead compared to We employ tw"
McDonough et al. - 2022 - Automated quantum error mitigation based on probabilistic error reduction.pdf,McDonough et al.,yes,yes,weak,scaling-mention,2,"apolation α QPD Quasi-probabilitydistribution Using the previously developed technique of canonical noise TABLE I: List of acronyms used in the text. scaling [5], this decomposition is then used to create noise- 84 Authorized licensed use limited to: Ostbayerische Technische Hochschule Regensburg. Download"
McDonough et al. - 2022 - Automated quantum error mitigation based on probabilistic error reduction.pdf,McDonough et al.,yes,yes,weak,scaling-mention,3,"rking [9], [10], which we refer to as Pauli noise tomography (PNT). This technique involves applying a Pauli twirl surrounding the B. Canonical noise scaling and vZNE Clifford entangling gates contained in layers of the circuit. Noise characterization is only the first step for noise- This has been shown t"
McDonough et al. - 2022 - Automated quantum error mitigation based on probabilistic error reduction.pdf,McDonough et al.,yes,yes,weak,scaling-mention,3,"rations obtained from fidelitiescharacterizethetwirlednoise.PNTisabletoachieve GST into a superoperator representation. We then feed these a constant scaling in the number of qubits, which makes into Mitiq to obtain a quasi-probability representation of ideal this benchmarking method practically applicable"
McDonough et al. - 2022 - Automated quantum error mitigation based on probabilistic error reduction.pdf,McDonough et al.,yes,yes,weak,scaling-mention,3,"g method practically applicable to larger noiselessgates,asshowninEq.(1).Applyingcanonicalnoise systems.Thisisachievedinpartbymodelingthetwirlednoise scaling [5] to this representation, it is then straightforward to channel with a Lindbladian whose quantum jump operators deriveadecompositionofnoise-reduced"
McDonough et al. - 2022 - Automated quantum error mitigation based on probabilistic error reduction.pdf,McDonough et al.,yes,yes,weak,scaling-mention,4,ained from GST using Mitiq’s optimal using a master equation where the quantum jump operators √ representation algorithm and applying canonical noise scaling λ P arechosentobeonlythosePauliswhichhavesupport k k or from partially inverting the Pauli noise model Λ obtained on neighboring qubits [10]. It can
McDonough et al. - 2022 - Automated quantum error mitigation based on probabilistic error reduction.pdf,McDonough et al.,yes,yes,weak,scaling-mention,5,"msinthemodelscaleslinearlyinthenumberofqubits.The ability to simultaneously measure commuting terms results in the additional improvement to constant scaling. Since PNT characterizes the noise that is associated with a layer of Clifford gates, methods such as Trotter time evolution or variationalquantumcir"
McDonough et al. - 2022 - Automated quantum error mitigation based on probabilistic error reduction.pdf,McDonough et al.,yes,yes,weak,scaling-mention,5,"rd gates, methods such as Trotter time evolution or variationalquantumcircuitsthatinvolverepetitionofidentical circuit layers also exhibit a constant scaling in the depth of the circuit. In Fig. 3 we show PNT results for a randomly generated Pauli noise model. Since Pauli twirling is shown to convert arbit"
McDonough et al. - 2022 - Automated quantum error mitigation based on probabilistic error reduction.pdf,McDonough et al.,yes,yes,weak,scaling-mention,5,"annel Λ(ξ) tot l l exponentially in the number of layers. However, by making exhibitssimilarusefulpropertiesasweobservedwithincanon- this exponential scaling weaker, one can extend the practical ical noise scaling in Sec. II-B. For example, upscaling the application of error mitigation to larger circuits."
McDonough et al. - 2022 - Automated quantum error mitigation based on probabilistic error reduction.pdf,McDonough et al.,yes,yes,weak,scaling-mention,5,". However, by making exhibitssimilarusefulpropertiesasweobservedwithincanon- this exponential scaling weaker, one can extend the practical ical noise scaling in Sec. II-B. For example, upscaling the application of error mitigation to larger circuits. Implementa- noise does not incur any sampling overhead y"
McDonough et al. - 2022 - Automated quantum error mitigation based on probabilistic error reduction.pdf,McDonough et al.,yes,yes,weak,scaling-mention,5,"inverseensures object-oriented interface written in Python automating the thatthismethodretainstheefficientsamplingfromtheinverse PNT and Pauli noise scaling process. The chief goal of this 87 Authorized licensed use limited to: Ostbayerische Technische Hochschule Regensburg. Downloaded on February 04,2026"
McDonough et al. - 2022 - Automated quantum error mitigation based on probabilistic error reduction.pdf,McDonough et al.,yes,yes,weak,scaling-mention,10,"ookwithapracticalexample of how to efficiently connect GST with PER using canonical Fig. 8: PER results of total magnetization ⟨M (t)⟩ of the z noise scaling and vZNE by connecting two existing software TFIM, prepared in the |0⟩ initial state and evolved with toolkits, PyGSTi and Mitiq. We also develop a s"
McDonough et al. - 2022 - Automated quantum error mitigation based on probabilistic error reduction.pdf,McDonough et al.,yes,yes,weak,scaling-mention,10,"=0.5. multiple quantum computing platforms. We hope that our work lays a foundation for integrating the proposed workflow of GST and canonical noise scaling into Mitiq, and for the quantum advantage when full quantum error correction is not development of other software suites connecting noise char- avail"
McDonough et al. - 2022 - Automated quantum error mitigation based on probabilistic error reduction.pdf,McDonough et al.,yes,yes,weak,scaling-mention,11,"able:https://doi.org/10.1038/s41467-020-14376-z [5] A. Mari, N. Shammah, and W. J. Zeng, “Extending quantum probabilistic error cancellation by noise scaling,” Phys. Rev. A, vol. 104,p.052607,Nov2021.[Online].Available:https://link.aps.org/doi/ 10.1103/PhysRevA.104.052607 [6] S. Ferracin, A. Hashim, J.-L."
Moguel et al. - 2024 - Quantum software experiments A reporting and laboratory package structure guidelines.pdf,Moguel et al.,na,no,none,,,
Niroula et al. - 2025 - Error Mitigation Thresholds in Noisy Random Quantum Circuits.pdf,Niroula et al.,yes,yes,strong,exponential-overhead,7,"of perfect mitigation, F¯ XEBM cisely in the thermodynamic limit of large N. In this reduces to its ideal value. case, a natural concern is that the exponential cost of We can also define a mitigated fidelity that takes the error mitigation for circuits with depth greater than form loglogN would make the phase tra"
Niroula et al. - 2025 - Error Mitigation Thresholds in Noisy Random Quantum Circuits.pdf,Niroula et al.,yes,yes,weak,scaling-mention,3,"s tendency of the random unitary dynamics to suppress effects of the noise/antinoise from linear in d to σ =(1/4+δ )s s +(1/4 δ /3)P , (7) i i i T √d scaling for certain initial conditions is characteristic | ⟩⟨ | − of the behavior we find for the below-threshold phase. where δ is the deviation from an inf"
Niroula et al. - 2025 - Error Mitigation Thresholds in Noisy Random Quantum Circuits.pdf,Niroula et al.,yes,yes,weak,scaling-mention,5,5 (a) All-to-all Replica Stat Mech (c) All-to-all scaling collapses (e) (1+1)D Replica Stat Mech 0.5 101 0.5 0.4 0.4 0.3 0.3 0.2 100 0.2 0.1 0.1 0 0 10-1 -0.1 -0.1 0 0.5 1 1.5 -5 0 5 0 0.2 0.4 0.6 (b) All-to
Niroula et al. - 2025 - Error Mitigation Thresholds in Noisy Random Quantum Circuits.pdf,Niroula et al.,yes,yes,weak,scaling-mention,5,tat Mech 0.5 101 0.5 0.4 0.4 0.3 0.3 0.2 100 0.2 0.1 0.1 0 0 10-1 -0.1 -0.1 0 0.5 1 1.5 -5 0 5 0 0.2 0.4 0.6 (b) All-to-all Simulation (d) All-to-all scaling collapses (f) (1+1)D Simulation 10-1 10-1 100 10-2 10-2 0 0.5 1 1.5 -5 0 5 0 0.2 0.4 0.6 ˜I>tixetal/<=4SmcT6Dnb9B03XmyDrWWP263xqXyqXzo/qR6NS0E1wRUtRo
Niroula et al. - 2025 - Error Mitigation Thresholds in Noisy Random Quantum Circuits.pdf,Niroula et al.,yes,yes,weak,scaling-mention,5,Scalingcollapseofdatafrom(a-b)usingσ /q¯=0.65(5)/0.55(5) c and critical exponent on x-axis obtained from local probe (see Appendix VII). The critical scaling on the y-axis is an ansatz. (e-f) Similar quantities as (a-b) for antipodal sites of a 1D chain. The strong drift in the peak with increasing system
Niroula et al. - 2025 - Error Mitigation Thresholds in Noisy Random Quantum Circuits.pdf,Niroula et al.,yes,yes,weak,scaling-mention,6,"lue of σ fixed, we estimate c a critical exponent µ = 1.0(2). In Fig. 2(c-d), we fixed µ = 1 in collapsing the mutual information data based on these scaling results. This single-qubit quantity also has advantages for experimental probes of the transition asitrequiresminimaltomographicoverheadtoestimate. ("
Niroula et al. - 2025 - Error Mitigation Thresholds in Noisy Random Quantum Circuits.pdf,Niroula et al.,yes,yes,weak,scaling-mention,6,"Entanglemententropyofasingle-siteinthesystemfordiffer- entsystemsizes. Thelargersizesbegintodevelopacrossing, indicative of the phase transition. (b) Scaling collapse for σ /q¯=0.65(5) and µ=1.0(2). c VIII. ERROR MITIGATED FIDELITY BENCHMARKS Here, as an application of our results, we introduce mitigatedfi"
Niroula et al. - 2025 - Error Mitigation Thresholds in Noisy Random Quantum Circuits.pdf,Niroula et al.,yes,yes,weak,scaling-mention,7,"ationofourresultsistoimproved rates and d grows as (Nd), whereas using error mit- benchmarking and verification of random circuit sam- O igation this scaling can be improved to (√Nd), rep- pling in noisy devices54,55,58–60,66. In Sec. VIII, we O resenting an exponential improvement in the score that demons"
Niroula et al. - 2025 - Error Mitigation Thresholds in Noisy Random Quantum Circuits.pdf,Niroula et al.,yes,yes,weak,scaling-mention,7,"n Sec. VIII, we O resenting an exponential improvement in the score that demonstratedanexponentialimprovementinamitigated brings it closer to the (d) scaling of the log-total varia- versionoftheso-called“linearcross-entropy”fidelitybe- O tiondistance48. Moreover,asexplainedabove,thecross- low the error mit"
Niroula et al. - 2025 - Error Mitigation Thresholds in Noisy Random Quantum Circuits.pdf,Niroula et al.,yes,yes,weak,scaling-mention,10,",Quantumvirtualcooling,Phys.Rev.X9, mann, F. Arute, K. Arya, A. Asfaw, J. Atalaya, R. Bab- 031013 (2019). bush, et al., Suppressing quantum errors by scaling a sur- 18 W. J. Huggins, S. McArdle, T. E. O’Brien, J. Lee, N. C. face code logical qubit, arXiv:2207.06431 (2022). Rubin, S. Boixo, K. B. Whaley, R."
Niroula et al. - 2025 - Error Mitigation Thresholds in Noisy Random Quantum Circuits.pdf,Niroula et al.,yes,yes,weak,additional-resources,7,"roaches (cid:88) F¯ =2nE p (x)p (x) 1, (12) where the error mitigation can be done entirely in post- XEBM U 0 an − processing without the need to run additional circuits30. x This approach to error mitigation is particularly well- where p (x) = x (0 0)x suited to analog quantum simulation platforms and the an d d 1 1"
Noel et al. - 2022 - Observation of measurement-induced quantum phases in a trapped-ion quantum computer.pdf,Noel et al.,na,partial,weak,scaling-mention,2,"two phases and show numerically that, with modest system scaling, critical propertiesofthetransitionemerge. Anisolatedmany-bodyquantumsystemundergoesunitaryevolutionuntilitisprobedbyits environmentviaquantummeasure"
Noel et al. - 2022 - Observation of measurement-induced quantum phases in a trapped-ion quantum computer.pdf,Noel et al.,na,partial,weak,scaling-mention,5,"e collapses toa fixed x quantum state and the encoding operation fails. The behavior at p = 0 can be smoothly con- nected to the finite p behavior by scaling time by 1/p, in which case the purification dynamics is described by a measurement-only model (25). By this convention, the system can be in a pure p"
Noel et al. - 2022 - Observation of measurement-induced quantum phases in a trapped-ion quantum computer.pdf,Noel et al.,na,partial,weak,scaling-mention,5,"convention, the system can be in a pure phase even for infinitesimal values of p. The critical point at each value of p was obtained from finite-size scaling analysis using simulations of L = 16 to L = 64 qubits (Supplementary Materials). Our scaling analysis is based on extracting the exponential decay ra"
Noel et al. - 2022 - Observation of measurement-induced quantum phases in a trapped-ion quantum computer.pdf,Noel et al.,na,partial,weak,scaling-mention,5,l point at each value of p was obtained from finite-size scaling analysis using simulations of L = 16 to L = 64 qubits (Supplementary Materials). Our scaling analysis is based on extracting the exponential decay rate of (cid:104)S (t)(cid:105) at Q 5
Noel et al. - 2022 - Observation of measurement-induced quantum phases in a trapped-ion quantum computer.pdf,Noel et al.,na,partial,weak,scaling-mention,6,"ntially approaches zero. In the experiment, we probe small systems L ≤ 8 after a number L1.5 of gate operations. For larger numbers of qubits L, this scaling limit is sufficient √ to probe the phase because the effective depth of the circuit scales as 2 L, much greater than anyfixedcorrelationtimeinthesyst"
Noel et al. - 2022 - Observation of measurement-induced quantum phases in a trapped-ion quantum computer.pdf,Noel et al.,na,partial,weak,scaling-mention,8,"ere, we use direct simulations of the ideal circuit evolution to predict the behavior of our system as it is scaled to larger sizes. Crucially, these scaling results illustrate that the critical properties of the purification transition are obtainable using the modest systems sizes and circuit depths acces"
Noel et al. - 2022 - Observation of measurement-induced quantum phases in a trapped-ion quantum computer.pdf,Noel et al.,na,partial,weak,scaling-mention,10,"A B Mixed Phase Pure Phase Pure Phase Mixed Phase Figure 2: Phase Diagram and Scaling Limit of Average Purification Dynamics (A) The phase diagram of the model, parameterized by p and p . The green shaded region indicates x thenumerica"
Noel et al. - 2022 - Observation of measurement-induced quantum phases in a trapped-ion quantum computer.pdf,Noel et al.,na,partial,weak,scaling-mention,11,"atvarying C,T systemsizes. Weshowevidenceofmixed(top),intermediate(middle),andpurephase(bottom) with p = 0, p = 0.5, and p = 1 respectively with size-scaling as predicted in Fig. 2B. Error x x x bars are 1σ uncertainty with 300 circuits for p = 0,1 and 100 circuits for p = 0.5 (B) Simu- x x latedresultssho"
Noel et al. - 2022 - Observation of measurement-induced quantum phases in a trapped-ion quantum computer.pdf,Noel et al.,na,partial,weak,scaling-mention,22,"Critical Scaling Theory Our method for locating the critical point in these all-to-all models is illustrated in Fig. S4. For p ∼ p , we can run the dynamics out to a"
Noel et al. - 2022 - Observation of measurement-induced quantum phases in a trapped-ion quantum computer.pdf,Noel et al.,na,partial,weak,scaling-mention,22,"|M| ≥ L−4). Nearp = 0.7−0.75,weseethatthedecayrateτ growsaspowerlawL1/5 over x the given range of sizes. This value of z = 1/5 is consistent with the scaling one would expect from mean-field percolation. The close ties between these phase transitions and percolation have been noted in past works. Notably,"
Noel et al. - 2022 - Observation of measurement-induced quantum phases in a trapped-ion quantum computer.pdf,Noel et al.,na,partial,weak,scaling-mention,22,"−p )Lz/ν], (1) x xc which predicts that a crossing will appear with increasing sizes when plotting τ/Lz vs p . We x see consistent results with this scaling assumption in Fig. 3B, from which we locate p = xc 0.72(1). A similar analysis was used for other values of p (cid:54)= 0.15 to extract the phase dia"
Noel et al. - 2022 - Observation of measurement-induced quantum phases in a trapped-ion quantum computer.pdf,Noel et al.,na,partial,weak,scaling-mention,23,"4)S (cid:105)showingthe Q exponential decay regime used to extract the decay rate τ. Here, we took (p,p ) = (0.15,0.7) x near the critical point. (b) Scaling of τ vs L for different values of p at p = 0.15. We can x estimate p and extract z by looking for the inflection point in this family of curves and f"
Pascuzzi et al. - 2022 - Computationally efficient zero-noise extrapolation for quantum-gate-error mitigation.pdf,Pascuzzi et al.,partial,no,none,,,
Patil et al. - 2023 - Folding-Free ZNE A Comprehensive Quantum Zero-Noise Extrapolation Approach for Mitigating Depolariz.pdf,Patil et al.,yes,yes,strong,exponential-overhead,7,"tsistheclassicalpost-processing, whichscaleswith4K withK beingthenumberofcuts.Given Fig. 5: The fidelity of the GHZ state with depolarizing noise the exponential scaling, 2 was chosen as the maximal number mitigated by RZNE and RZNE-Top 10 (Higher the better). ofallowablecutstodemonstratetheeffectivenessofCut-ZNE. We"
Patil et al. - 2023 - Folding-Free ZNE A Comprehensive Quantum Zero-Noise Extrapolation Approach for Mitigating Depolariz.pdf,Patil et al.,yes,yes,weak,overhead-mention,6,"t the circuit into sub-circuits and then recombinethesub-circuitresults.CutQChasapost-processing Our experiments are performed on the IBM Qiskit QASM overhead that scales exponentially with the number of cuts. simulator and a real quantum device ibm_cairo. The simu- We adopt the design from [21], which aims"
Patil et al. - 2023 - Folding-Free ZNE A Comprehensive Quantum Zero-Noise Extrapolation Approach for Mitigating Depolariz.pdf,Patil et al.,yes,yes,weak,overhead-mention,6,"e adopt the design from [21], which aims to find the cut latorusesanoisemodelfromIBM’s16qubitquantumdevice locations to minimize this post-processing overhead. ibmq_guadalupe. The number of shots is set to 32768. Our Cut-ZNE algorithm is shown in algorithm 3. The input ZNE can be applied in the following tw"
Patil et al. - 2023 - Folding-Free ZNE A Comprehensive Quantum Zero-Noise Extrapolation Approach for Mitigating Depolariz.pdf,Patil et al.,yes,yes,weak,scaling-mention,1,"few parameters, such a novel ZNE approach that does not require circuit folding or as the circuit depth, pulse length, etc., being varied. The noise scaling to mitigate depolarizing and/or decoherence noise. results of these multiple runs are post-processed to obtain To mitigate depolarizing noise, we pro"
Patil et al. - 2023 - Folding-Free ZNE A Comprehensive Quantum Zero-Noise Extrapolation Approach for Mitigating Depolariz.pdf,Patil et al.,yes,yes,weak,scaling-mention,1,"ntly. a state- and latency-aware exponential extrapolation that does ZNE was first introduced in [12] and [22]. The basic idea not involve folding or scaling. When dealing with a quantum system affected by both decoherence and depolarizing noise, we istodeliberatelyrunthecircuitwithdifferentnoiselevelsand"
Patil et al. - 2023 - Folding-Free ZNE A Comprehensive Quantum Zero-Noise Extrapolation Approach for Mitigating Depolariz.pdf,Patil et al.,yes,yes,weak,scaling-mention,1,"common limitation of ZNE schemes is that if the circuit of the extrapolation is performed such that we can leverage the interestsuffersfromhighnoise,scaling-upnoiselevelscouldnot provide useful data for extrapolation. We propose using circuit- extreme noise case. The quantum states under extreme noise cut"
Patil et al. - 2023 - Folding-Free ZNE A Comprehensive Quantum Zero-Noise Extrapolation Approach for Mitigating Depolariz.pdf,Patil et al.,yes,yes,weak,scaling-mention,1,"lerant quantum there is no need for circuit folding for extrapolation. computation have been proposed. Although the physical error Third, rather than scaling up the noise levels for extrapola- rates of quantum devices are approaching the critical thresh- tion, we propose to scale down the noise levels usin"
Patil et al. - 2023 - Folding-Free ZNE A Comprehensive Quantum Zero-Noise Extrapolation Approach for Mitigating Depolariz.pdf,Patil et al.,yes,yes,weak,scaling-mention,2,"T 2 1 t schemes, which become ineffective for circuits with high To illustrate the noise impact, we use a circuit to prepare noise levels as further scaling up the noise fails to produce a 3-qubit state |ψ(cid:105) = 1|000(cid:105)+ 1|001(cid:105)+ 1|110(cid:105)+ 1|111(cid:105) meaningful data for extrap"
Patil et al. - 2023 - Folding-Free ZNE A Comprehensive Quantum Zero-Noise Extrapolation Approach for Mitigating Depolariz.pdf,Patil et al.,yes,yes,weak,scaling-mention,2,"is a plethora of QEM protocols. ZNE is one of the depolarizing probability, E(ρ) is noisy state after the the most popular QEM protocols. It works by scaling the channel, I is the identity matrix, and n is the number of circuit’s noise and executing the circuits with different noise qubits [17]. Conceptual"
Patil et al. - 2023 - Folding-Free ZNE A Comprehensive Quantum Zero-Noise Extrapolation Approach for Mitigating Depolariz.pdf,Patil et al.,yes,yes,weak,scaling-mention,3,"ased prediction circuitwithalimiteddepthvs.amulti-qubitcircuitwithahigh model. The prediction model then predicts the error-mitigated depth, the same scaling factor may have drastically different output based on the noisy output of a new quantum circuit. noiseimpacts.Third,scaling/foldingthecircuitdoesnoty"
Patil et al. - 2023 - Folding-Free ZNE A Comprehensive Quantum Zero-Noise Extrapolation Approach for Mitigating Depolariz.pdf,Patil et al.,yes,yes,weak,scaling-mention,3,"mitigated depth, the same scaling factor may have drastically different output based on the noisy output of a new quantum circuit. noiseimpacts.Third,scaling/foldingthecircuitdoesnotyield While the previously mentioned QEM methods are not any meaningful changes in the output when the noise is high, limited"
Patil et al. - 2023 - Folding-Free ZNE A Comprehensive Quantum Zero-Noise Extrapolation Approach for Mitigating Depolariz.pdf,Patil et al.,yes,yes,weak,scaling-mention,3,"arizing noise level is very high, the output is close to State Preparation and Measurement (SPAM) error mitigation the maximally mixed state. Further scaling up the noise levels methods [16] are such an example. In addition, Dynamical would not have much impact on the output state anyway. decoupling (DD) ["
Patil et al. - 2023 - Folding-Free ZNE A Comprehensive Quantum Zero-Noise Extrapolation Approach for Mitigating Depolariz.pdf,Patil et al.,yes,yes,weak,scaling-mention,3,"the noise level/reliability is higher/lower than circuit scale/folding factor. The underlying assumption is that a threshold θ, meaning that further scaling up noise levels the noise level scales in proportion to the circuit scale/folding would not lead to meaningful results, we apply circuit cut factor,"
Patil et al. - 2023 - Folding-Free ZNE A Comprehensive Quantum Zero-Noise Extrapolation Approach for Mitigating Depolariz.pdf,Patil et al.,yes,yes,weak,scaling-mention,4,ferentcircuit (b)E(µ)withdifferent foldingfactorλ reliability-basedscalingfactor µ=1−r Fig. 3: Expectation values of a 2-qubit circuit with different scaling factors and the ZNE results device ibmq quito [3]. The circuit scaling is implemented using the Mitiq framework [11]. The expectation value of the no
Patil et al. - 2023 - Folding-Free ZNE A Comprehensive Quantum Zero-Noise Extrapolation Approach for Mitigating Depolariz.pdf,Patil et al.,yes,yes,weak,scaling-mention,4,ingfactor µ=1−r Fig. 3: Expectation values of a 2-qubit circuit with different scaling factors and the ZNE results device ibmq quito [3]. The circuit scaling is implemented using the Mitiq framework [11]. The expectation value of the noise-freeexecutionofthecircuitis1.E(1)istheexpectation value based on th
Patil et al. - 2023 - Folding-Free ZNE A Comprehensive Quantum Zero-Noise Extrapolation Approach for Mitigating Depolariz.pdf,Patil et al.,yes,yes,weak,scaling-mention,4,"arison, RZNE changes the X- axis from the circuit folding factor λ to µ = 1−r, where µ=1−r can be viewed as a metric of the (reliability-based) noise scaling factor, as shown in Fig.3b. Here, we use the simpleEstimatedSuccessProbability(ESP)[18]asthemetric of the reliability of the quantum circuit and its"
Patil et al. - 2023 - Folding-Free ZNE A Comprehensive Quantum Zero-Noise Extrapolation Approach for Mitigating Depolariz.pdf,Patil et al.,yes,yes,weak,scaling-mention,4,"le down the is that it readily enables extrapolation from the extremely noise level using the quantum circuit cut techniques. noisy case, which means scaling up the circuit by an infinite factor, i.e., λ=∞. With an infinite scale factor or noise, the B. Reliability-based ZNE for Depolarizing Noise Mitigati"
Patil et al. - 2023 - Folding-Free ZNE A Comprehensive Quantum Zero-Noise Extrapolation Approach for Mitigating Depolariz.pdf,Patil et al.,yes,yes,weak,scaling-mention,7,"Method Parameters Algorithm 4: Cut-QC based RZNE (CutQC-CM) Digital ZNE Scaling Factors = {1, 2, 3, 4, 5}, Extrapolation Data: the circuit C (DZNE) method=Linear Result: An error mitigated result Clifford Data Re- Trainingset=64c"
Patil et al. - 2023 - Folding-Free ZNE A Comprehensive Quantum Zero-Noise Extrapolation Approach for Mitigating Depolariz.pdf,Patil et al.,yes,yes,weak,scaling-mention,7,"icalpost-processing, whichscaleswith4K withK beingthenumberofcuts.Given Fig. 5: The fidelity of the GHZ state with depolarizing noise the exponential scaling, 2 was chosen as the maximal number mitigated by RZNE and RZNE-Top 10 (Higher the better). ofallowablecutstodemonstratetheeffectivenessofCut-ZNE. We"
Pelofske et al. - 2024 - Increasing the Measured Effective Quantum Volume with Zero Noise Extrapolation.pdf,Pelofske et al.,yes,yes,strong,computational-cost,2,"ully realized quantum error correction [14, 15]. The trade off that comes from using quantum error mitigation is that in general there is significant computational cost of applying quantum error mitigation, namely in terms of additional compute time and measurements that must be obtained. In particular, the number of sa"
Pelofske et al. - 2024 - Increasing the Measured Effective Quantum Volume with Zero Noise Extrapolation.pdf,Pelofske et al.,yes,yes,weak,overhead-mention,4,"o ref. [4], but did not enumerate over every possible hardware subgraph as in ref. [4] because the ZNE protocol adds significant time and computation overhead to the already time-intensive Quantum Volume protocol. However, we did enumerate over as many hardware subgraphs as could be executed, given the cons"
Pelofske et al. - 2024 - Increasing the Measured Effective Quantum Volume with Zero Noise Extrapolation.pdf,Pelofske et al.,yes,yes,weak,overhead-mention,5,"rs are used, will utilize fewer shots compared to the original (unmodified) QV circuit which is always sampled with 10000 shots. Therefore, the total overhead that ZNE incurs for this procedure is given by the number of scale factors (not equal to 1) that are used, which is at most 4, and each folded-circui"
Pelofske et al. - 2024 - Increasing the Measured Effective Quantum Volume with Zero Noise Extrapolation.pdf,Pelofske et al.,yes,yes,weak,scaling-mention,4,"we did enumerate over as many hardware subgraphs as could be executed, given the constraints of queue times and server-side device errors. 2.2 Noise scaling by unitary folding Once each circuit was compiled to the fixed part of the hardware, the circuits were then folded (i.e. compiled with more gates) us"
Pelofske et al. - 2024 - Increasing the Measured Effective Quantum Volume with Zero Noise Extrapolation.pdf,Pelofske et al.,yes,yes,weak,scaling-mention,5,"hoice since in this study we consider larger circuits for which large noise scale factors are not appropriate. Indeed the application of strong noise scaling (e.g. with λ≥3) would amplify errors too much when applied on a base circuit which is already very noisy. For storing the circuits at this stage, Ope"
Pelofske et al. - 2024 - Increasing the Measured Effective Quantum Volume with Zero Noise Extrapolation.pdf,Pelofske et al.,yes,yes,weak,scaling-mention,5,"s too much when applied on a base circuit which is already very noisy. For storing the circuits at this stage, OpenQASM is used [32]. After the noise scaling process, the circuits are again transpiled to map them to the correct gateset, but no optimization is applied such that the intended effect of unitar"
Pelofske et al. - 2024 - Increasing the Measured Effective Quantum Volume with Zero Noise Extrapolation.pdf,Pelofske et al.,yes,yes,weak,scaling-mention,5,"l decoupling step is optional, but the intention is to increase the measured heavy output probability of the QV circuits (both with and without noise scaling). Figure 5 shows two examples of ZNE folded QV circuits represented as circuit timelines, with pairs of Pauli X gates (X-X sequence) dynamical decoup"
Pelofske et al. - 2024 - Increasing the Measured Effective Quantum Volume with Zero Noise Extrapolation.pdf,Pelofske et al.,yes,yes,weak,scaling-mention,14,the color code. 2022. doi: 10.48550/ARXIV.2208.01863. url: https://arxiv.org/abs/2208.01863. [15] Rajeev Acharya et al. Suppressing quantum errors by scaling a surface code logical qubit. 2022. doi: 10. 48550/ARXIV.2207.06431. url: https://arxiv.org/abs/2207.06431. [16] RyujiTakagietal.“Fundamentallimitsof
Prodius et al. - 2025 - Robust design under uncertainty in quantum error mitigation.pdf,Prodius et al.,yes,partial,weak,cost-mention,11,",“Buildingaframeworkforpredictivesci- arXiv:2107.13470 (2021). ence,” Proceedingsofthe10thPythoninScienceConfer- [41] Ryuji Takagi, “Optimal resource cost for error mitiga- ence (2011). tion,” arXiv preprint arXiv:2006.12509 (2020)."
Prodius et al. - 2025 - Robust design under uncertainty in quantum error mitigation.pdf,Prodius et al.,yes,partial,weak,scaling-mention,10,"arvis Dean, and Pavel Abraham Asfaw, Juan Atalaya, Ryan Babbush, et al., Lougovski,“Cloudquantumcomputingofanatomicnu- “Suppressing quantum errors by scaling a surface code cleus,” Phys. Rev. Lett. 120, 210501 (2018). logical qubit,” arXiv preprint arXiv:2207.06431 (2022). [20] MatthewOttenandStephenKGray,"
Qin et al. - 2023 - Error statistics and scalability of quantum error mitigation formulas.pdf,Qin et al.,yes,yes,strong,factor-of-N,3,"a d v e e po th la e ri s s a in m g e m im od p e a l ct is o f n re t e he of e fl x u p c e t c u te at d io v n a , lu i. e e . . The impact is a factor of 1−ϵ. Without the fluctuation, there are Here, we have used that y C i ¼0 if any gate is replaced with D. many simple error mitigation formulas that can"
Qin et al. - 2023 - Error statistics and scalability of quantum error mitigation formulas.pdf,Qin et al.,yes,yes,strong,factor-of-N,6,"Ry i P0 i R i ¼I for all 24 single-qubit Clifford effectively represented by a globalpdffiffieffiffipolarising model with gates, which contributes a factor of 24; If P0≠I, RyP0R ¼ ±Z for 8 fluctuation,andthefluctuationisOð1= NÞtimessmallerthanthe i i i i single-qubit Clifford gates, which contributes a factor"
Qin et al. - 2023 - Error statistics and scalability of quantum error mitigation formulas.pdf,Qin et al.,yes,yes,strong,factor-of-N,6,"r of 24; If P0≠I, RyP0R ¼ ±Z for 8 fluctuation,andthefluctuationisOð1= NÞtimessmallerthanthe i i i i single-qubit Clifford gates, which contributes a factor of 8. The depolarising rate. This result suggests that, if we are able to use numberofdifferentR’sis24NR(cid:4)n,thenthetotalnumberoferror- error mitigati"
Qin et al. - 2023 - Error statistics and scalability of quantum error mitigation formulas.pdf,Qin et al.,yes,yes,weak,overhead-mention,1,"itednumberofphysicalqubits.Underthe conditions7,8. Under realistic conditions, however, all protocols assumption of realistic noise models, the qubit overhead is leave a residual bias in the computation result. This residual bias thousands of physical qubits per logical qubit to reduce the dependson theprot"
Qin et al. - 2023 - Error statistics and scalability of quantum error mitigation formulas.pdf,Qin et al.,yes,yes,weak,scaling-mention,1,"ionand subline p arffilffiyffiffi Oðϵ0Nγ Þafter mitigation,where γ≈0.5, ϵisthe errorrate ofa quantum gate,and ϵ0 is aprotocol-dependent factor. The N scaling is a consequenceofthelawoflargenumbers,anditindicatesthaterrormitigationcansuppresstheerrorbyalargerfactorinlarger circuits.WeproposetheimportanceCli"
Qin et al. - 2023 - Error statistics and scalability of quantum error mitigation formulas.pdf,Qin et al.,yes,yes,weak,scaling-mention,1,"tate becomes the dataofselectedtrainingcircuits36,37.Wefindthattheoptimisation maximallymixedstateduetonoise,thereisnothingwecandoto can suppress the scaling of the residual bias with respect to the extractanyusefulinformationaboutthenoise-freestate.Recently, circuitsize. quantum algorithms using shallow c"
Qin et al. - 2023 - Error statistics and scalability of quantum error mitigation formulas.pdf,Qin et al.,yes,yes,weak,scaling-mention,2,"odelandshowpthffiaffiffiffitthefluctuationof error. We give a minimal description here and leave a more the effective depolarising rate follows the N scaling, which is detailed overviewto Supplementary Note1. numerically verified. Finally, we show the same scaling relation Inerrorextrapolationusingapolynom"
Qin et al. - 2023 - Error statistics and scalability of quantum error mitigation formulas.pdf,Qin et al.,yes,yes,weak,scaling-mention,2,"effective depolarising rate follows the N scaling, which is detailed overviewto Supplementary Note1. numerically verified. Finally, we show the same scaling relation Inerrorextrapolationusingapolynomialfittingfunction7,31,the between the bias and the gate number in error extrapolation, errormitigationform"
Qin et al. - 2023 - Error statistics and scalability of quantum error mitigation formulas.pdf,Qin et al.,yes,yes,weak,scaling-mention,3,"osed36–38. In this work, we consider a The bias increases linearly with the gate number when N is general framework of this approach and focus on the scaling of significantly smaller than ϵ−1. In the limit of large N, the bias thebiaswith respect tothegate number. approaches a finite value if the observabl"
Qin et al. - 2023 - Error statistics and scalability of quantum error mitigation formulas.pdf,Qin et al.,yes,yes,weak,scaling-mention,7,"eanerrormitigation ϵ C ¼1(cid:4) ð1(cid:4)2pÞtkðCÞ ¼ 2t k ðCÞpþOðp2Þ: (31) protocolinspiredbythephenomenological-errormodel,thenwe k¼1 k¼1 verify the scaling behaviour in numerical simulations of the gate depolarising model, composite error models involving Pauli, The average depolarising rate is proportio"
Qin et al. - 2023 - Error statistics and scalability of quantum error mitigation formulas.pdf,Qin et al.,yes,yes,weak,scaling-mention,8,"entialinthenumber In this section, we numerically test the PEMI error mitigation ofgates givenaconstant errorrate per gate7,8. formula and verify the scaling behaviour of ϵ and Δ. Results of 0 othererror mitigationformulas will begiven inthenext section. Errormitigation according tothe phenomenological-err"
Qin et al. - 2023 - Error statistics and scalability of quantum error mitigation formulas.pdf,Qin et al.,yes,yes,weak,scaling-mention,8,"Results of 0 othererror mitigationformulas will begiven inthenext section. Errormitigation according tothe phenomenological-error To demonstrate the scaling behaviour, we generate three model familiesofcircuits.Inperiodic-cyclingcircuits,two-qubitgatesare According to the phenomenological-error model, the"
Qin et al. - 2023 - Error statistics and scalability of quantum error mitigation formulas.pdf,Qin et al.,yes,yes,weak,scaling-mention,9,ion ratio can be applied to these error models by randomly choosing the weight of each atypicalcircuits. pffiffiffiffi component and observe the same scaling behaviour as the gate Wenotethatthe N scalingoferror-mitigatedresultreliesona depolarising model. The equivalence between Clifford sampling modesttot
Qin et al. - 2023 - Error statistics and scalability of quantum error mitigation formulas.pdf,Qin et al.,yes,yes,weak,scaling-mention,9,"alculateandplotϵ 0 andΔinFig.8.Wecanfind extrapolation as an example, the two circuits C 1 and C 2 are the that numerical results are consistent with scaling behaviours sameastheprimitivecircuitC,butthenoiselevelisdoubledinC . 2 predicted by the phenomenological-error model. In addition, we Inthephenomenol"
Qin et al. - 2023 - Error statistics and scalability of quantum error mitigation formulas.pdf,Qin et al.,yes,yes,weak,scaling-mention,10,"i-probability q i,k . If Ni ¼N(cid:4) i 1, the error in the gate is completely removed; otherwise, effective noise in the gate is consistent with the scaling behaviour predicted by the e(cid:4)1 phenomenological-error model. Ni Ni . We consider a Pauli error model with gate depolarising errors Theorem1.Con"
Qin et al. - 2023 - Error statistics and scalability of quantum error mitigation formulas.pdf,Qin et al.,yes,yes,weak,scaling-mention,11,"hen λ=−16ϵ /(15−16ϵ ) and ϵ =0, wecan correct all errors d d z inthegate;otherwise, theeffective gate hasafiniteerror rate. We can suppress the error scaling in imperfect probabilistic errorcancellationbyoptimisation.Foranerrormitigationformula workedoutaccordingtoaninaccurateerrormodel,wecantreatit ashavi"
Qin et al. - 2023 - Error statistics and scalability of quantum error mitigation formulas.pdf,Qin et al.,yes,yes,weak,scaling-mention,13,"(2014). 20. McClean,J.R.Thetheoryofvariationalhybridquantum-classicalalgorithms.New Errormitigation protocols J.Phys.18,023023(2016). We verified the scaling behaviour by simulating various error 21. Motta,M.etal.Determiningeigenstatesandthermalstatesonaquantumcom- mitigation protocols. The formula in Eq."
Quek et al. - 2024 - Exponentially tighter bounds on limitations of quantum error mitigation.pdf,Quek et al.,yes,yes,strong,exponential-overhead,2,"gates in the light cone of the observable of interest, Pauli string (k) Pauli string (k) with the exponent depending on the noise levels8. A similar exponential scaling besets probabilistic error cancellation under a sparse noise c Contribution of weight-k Pauli strings to Tr(ρ2) model10. Our results contribute to a"
Quek et al. - 2024 - Exponentially tighter bounds on limitations of quantum error mitigation.pdf,Quek et al.,yes,yes,strong,exponential-overhead,5,"noise. This is because there are classical algorithms that exhibit the quantum advantage, we see here (as well as in ref. 38) that this spread- same exponential scaling with complexity32,33 exhibited by our results. ing of entanglement can be an adversary, as it also assists noise in As such, both classical and quant"
Quek et al. - 2024 - Exponentially tighter bounds on limitations of quantum error mitigation.pdf,Quek et al.,yes,yes,weak,scaling-mention,2,"e light cone of the observable of interest, Pauli string (k) Pauli string (k) with the exponent depending on the noise levels8. A similar exponential scaling besets probabilistic error cancellation under a sparse noise c Contribution of weight-k Pauli strings to Tr(ρ2) model10. Our results contribute to a"
Quek et al. - 2024 - Exponentially tighter bounds on limitations of quantum error mitigation.pdf,Quek et al.,yes,yes,weak,scaling-mention,5,"is because there are classical algorithms that exhibit the quantum advantage, we see here (as well as in ref. 38) that this spread- same exponential scaling with complexity32,33 exhibited by our results. ing of entanglement can be an adversary, as it also assists noise in As such, both classical and quant"
Quek et al. - 2024 - Exponentially tighter bounds on limitations of quantum error mitigation.pdf,Quek et al.,yes,yes,weak,sample-complexity,2,"that line between error mitigation and error correction? are concurrent to our work, the authors take an information-theoretic approach to study the sample complexity of weak error mitigation Introduction to the technique under depolarizing noise (more generally, Pauli channels and thermal To establish the framewor"
Quek et al. - 2024 - Exponentially tighter bounds on limitations of quantum error mitigation.pdf,Quek et al.,yes,yes,weak,sample-complexity,2,"-mitigation schemes that have empirically been found in practice (weak error mitigation), where σ is the output state of the noiseless to have exp(n) sample complexity are pretty much as good as they can quantum circuit 𝒞𝒞, or get, unless they are crafted to address circuits with a special structure B. (2) samples f"
Quek et al. - 2024 - Exponentially tighter bounds on limitations of quantum error mitigation.pdf,Quek et al.,yes,yes,weak,sample-complexity,2,"en practical success on mitigation). small noisy quantum devices9, our results put hard limits on how much The number m of copies of σ′ needed is the sample complexity of (weak we can expect error mitigation to scale with the size of such devices. or strong) error mitigation. Nature Physics | Volume 20 | October 202"
Quek et al. - 2024 - Exponentially tighter bounds on limitations of quantum error mitigation.pdf,Quek et al.,yes,yes,weak,sample-complexity,3,"tocols. bilistic error cancellation (see Section I therein). These protocols, for instance, run 𝒞𝒞 with varying levels of noise and then apply simple Sample complexity of error mitigation for local depolarizing post-processing to 𝒞𝒞 or modify the circuit based on the noise. This noise level of abstraction of error-m"
Quek et al. - 2024 - Exponentially tighter bounds on limitations of quantum error mitigation.pdf,Quek et al.,yes,yes,weak,sample-complexity,3,"fy the circuit based on the noise. This noise level of abstraction of error-mitigation protocols builds on those of Intuitively, one would expect the sample complexity of error mitigation refs. 16–18. to scale with the size of the noiseless circuit 𝒞𝒞 and the amount of noise In this work, we reduce a statistical inf"
Quek et al. - 2024 - Exponentially tighter bounds on limitations of quantum error mitigation.pdf,Quek et al.,yes,yes,weak,sample-complexity,3,"cal post-processing descriptions of Classical description of Fig. 2 | Quantum error mitigation as a statistical inference problem. To lower-bound the sample complexity of weak error mitigation, we show that it can be used as a subroutine to solve a constructed problem of distinguishing states under noise. a ρ b (1)"
Quek et al. - 2024 - Exponentially tighter bounds on limitations of quantum error mitigation.pdf,Quek et al.,yes,yes,weak,sample-complexity,4,ut the possibility of successful error mitigation nomially many samples. Figure 1 illustrates the intuition behind our with subexponential worst-case sample complexity simply because construction of circuits that saturate this bound. They rapidly entangle a classical simulation with no resort to the noisy quantum de
Quek et al. - 2024 - Exponentially tighter bounds on limitations of quantum error mitigation.pdf,Quek et al.,yes,yes,weak,sample-complexity,4,"to the noisy quantum device at and shift weight onto high-Hamming weight Paulis, which makes them all is a valid error-mitigation algorithm with zero sample complexity, particularly sensitive to noise. albeit possibly being computationally hard. Our no-go result in this case Note, however, that these circuits, which"
Quek et al. - 2024 - Exponentially tighter bounds on limitations of quantum error mitigation.pdf,Quek et al.,yes,yes,weak,sample-complexity,4,"ty of Theorem 2. In this way, we show that our constructions apply both to error mitigation. the input-state-agnostic and input-state-aware settings. Sample complexity of error mitigation for non-unital noise Interrelation between strong and weak error mitigation Our result in Theorem 1 relies critically on the stru"
Quek et al. - 2024 - Exponentially tighter bounds on limitations of quantum error mitigation.pdf,Quek et al.,yes,yes,weak,sample-complexity,4,"and thus, it is unital. Moving of this notion is that, in some cases, weak error mitigation does not beyond this toy model, we are also able to show sample complexity quite achieve the algorithmic goal at hand, for instance, solving hard bounds for circuits affected by non-unital noise, which is notably combinatori"
Quek et al. - 2024 - Exponentially tighter bounds on limitations of quantum error mitigation.pdf,Quek et al.,yes,yes,weak,sample-complexity,8,"his definition. First, our goal w(Q)=k is to demarcate the information-theoretic limits of error mitigation. implying that This we do by studying the sample complexity of error mitigation in our model. How many copies of the noisy output state are required to 𝔼𝔼𝒞𝒞∼𝒞[Tr( Φ p∘𝒞𝒞(ρ) 2 )] achieve the desired error-mitig"
Quek et al. - 2024 - Exponentially tighter bounds on limitations of quantum error mitigation.pdf,Quek et al.,yes,yes,weak,sample-complexity,8,"achieve the desired error-mitigation output? We rigorously quantify how this number scales in the complexity of 𝒞𝒞 and the noise 𝒩𝒩. Note n (38) that sample complexity lower-bounds computational complexity, and ≈ 2 1 n (1+ 4n 1 −1P∈ ∑ 𝒫𝒫n𝒫 c2 P k ∑ =1Q w ∈ ( 𝒫𝒫 ∑ Q n )= 𝒫 k ∶ 4n 1 −1 p2k). s c o o m lo p w u e t r a"
Roy et al. - 2024 - Simulating open quantum systems using noise models and NISQ devices with error mitigation.pdf,Roy et al.,partial,partial,weak,scaling-mention,4,the ZZ-XX pump with fidelity of CNOT gates of 97 % and the one qubit gates of 99.97 %. (Bottom) Results with ZNE using a linear extrapolation with 4 scaling factors. The dashed line is the analytical prediction.In both cases 1024 shots is used. In figure 7 we can observe the results of running the simulat
Russo et al. - 2023 - Testing Platform-Independent Quantum Error Mitigation on Noisy Quantum Computers.pdf,Russo et al.,yes,partial,weak,overhead-mention,11,"bits capable of implementing usersofthemanydifferentquantumcomputerarchitectures d ∼103 two-qubit gates. Indeed, depending on how much beingproposed. overhead is required for error correction, error mitigation AnotherpotentialresourceinQEMispreprocessing/noise techniques may continue to be important at even"
Russo et al. - 2023 - Testing Platform-Independent Quantum Error Mitigation on Noisy Quantum Computers.pdf,Russo et al.,yes,partial,weak,cost-mention,17,"1996,Art.no.793,doi:10.1103/PhysRevLett.77.793. [27] R. LaRose et al., “Mitiq: A software package for error mitiga- [49] R. Takagi, “Optimal resource cost for error mitigation,” Phys. Rev. tion on noisy quantum computers,” Quantum, vol. 6, p. 774, 2022, Res., vol. 3, no. 3, 2021, Art. no. 033178, doi: 10.1103/Phy"
Russo et al. - 2023 - Testing Platform-Independent Quantum Error Mitigation on Noisy Quantum Computers.pdf,Russo et al.,yes,partial,weak,scaling-mention,16,"rary doi:10.1038/s41586-021-03588-y. as long as they are sufficiently small but nonzero. In our [3] Google Quantum AI, “Suppressing quantum errors by scaling a surface code logical qubit,” 2022, arXiv:2207.06431, doi: experiments,werandomlysamplebetweentwofixedsmall 10.48550/arXiv.2207.06431. angles(±10 −4"
Régent - 2025 - Awesome Quantum Computing Experiments Benchmarking Experimental Progress Towards Fault-Tolerant Qua.pdf,Regent,na,yes,strong,exponential-overhead,24,"10k and 0.1% target serves as one specific, potentially arbitrary, milestone. Secondly, the projection relies heavily on the assumption that current exponential scaling trends will continue for years or decades. Such extrapolations are inherently speculative, as technological progress may encounter unforeseen plateau"
Régent - 2025 - Awesome Quantum Computing Experiments Benchmarking Experimental Progress Towards Fault-Tolerant Qua.pdf,Regent,na,yes,weak,overhead-mention,11,"achieving robust fault-tolerant quantum computation requires overcoming persistent critical challenges. Three key obstacles include: (1) The resource overhead problem: QEC requires encoding information across multiple physical qubits, dramatically increasing hardware complexity. For instance, factorizing a"
Régent - 2025 - Awesome Quantum Computing Experiments Benchmarking Experimental Progress Towards Fault-Tolerant Qua.pdf,Regent,na,yes,weak,overhead-mention,19,"un Rui, Ming-Cheng Chen, Chao-Yang Lu, and Jian-Wei Pan. AI-Enabled Rapid Assembly of Thousands of Defect-Free Neutral Atom Arrays with Constant-time-overhead. December 2024. doi: 10.48550/arXiv.2412.14647. [108] Grégoire Pichard, Desiree Lim, Étienne Bloch, Julien Vaneecloo, Lilian Bourachot, Gert-Jan Both"
Régent - 2025 - Awesome Quantum Computing Experiments Benchmarking Experimental Progress Towards Fault-Tolerant Qua.pdf,Regent,na,yes,weak,scaling-mention,2,"ti-qubit gate operations, 1 2 dramatically increasing the number of addressable and interconnected physical qubits, and successfully implementing and scaling QEC codes of increasing complexity and distance. While individual metrics offer valuable insights into specific aspects of a given quantum computing"
Régent - 2025 - Awesome Quantum Computing Experiments Benchmarking Experimental Progress Towards Fault-Tolerant Qua.pdf,Regent,na,yes,weak,scaling-mention,5,scaling trajectories but they are fitted collectively here for simplicity. 2.2.2 Entanglement Error Entanglement Error vs. Year 5 𝐏𝐥𝐚𝐭𝐟𝐨𝐫𝐦 Ion traps 2 Ion tr
Régent - 2025 - Awesome Quantum Computing Experiments Benchmarking Experimental Progress Towards Fault-Tolerant Qua.pdf,Regent,na,yes,weak,scaling-mention,6,"3 Qubit Count for Scale up Achieving fault tolerance requires a large number of physical qubits to encode logical information and perform QEC [5, 6]. Scaling the number of individually controllable, high-quality qubits is therefore a major engineering challenge. The qubit count metric serves thus as a crit"
Régent - 2025 - Awesome Quantum Computing Experiments Benchmarking Experimental Progress Towards Fault-Tolerant Qua.pdf,Regent,na,yes,weak,scaling-mention,7,"[68, 77, 102–108], superconducting circuit [70, 109– 112], semiconductor spins [113–115], and NV centers [116]. The data highlights platform-specific scaling trajectories, with neutral atoms demonstrating the largest qubit counts (6,100 qubits), followed by superconducting circuits (127 qubits),andiontraps"
Régent - 2025 - Awesome Quantum Computing Experiments Benchmarking Experimental Progress Towards Fault-Tolerant Qua.pdf,Regent,na,yes,weak,scaling-mention,7,"wever, as the analysis of entanglement error (Section 2.2.2) illustrates, even state-of-the-art physical qubits possess inherent error rates and face scaling challenges that currently preclude the direct execution of large-scale, fault-tolerant quantum algorithms. The physical error rates, while dramatical"
Régent - 2025 - Awesome Quantum Computing Experiments Benchmarking Experimental Progress Towards Fault-Tolerant Qua.pdf,Regent,na,yes,weak,scaling-mention,7,"nslating the physical qubit advancements reviewed previously into reliable computational power depends critically on the effective implementation and scaling of QEC protocols. Therefore, we now transition from the physical layer benchmarks to the logical layer, by first delving into the principles of QEC a"
Régent - 2025 - Awesome Quantum Computing Experiments Benchmarking Experimental Progress Towards Fault-Tolerant Qua.pdf,Regent,na,yes,weak,scaling-mention,11,"have made significant strides in these areas. For instance, logical error suppression when increasing code distance has been quantified, scaling from distance-3 to distance-5, suppression factors of approximately 2.15(2), 1.69(6), and 1.56(2) were measured for different dynamic surface code im"
Régent - 2025 - Awesome Quantum Computing Experiments Benchmarking Experimental Progress Towards Fault-Tolerant Qua.pdf,Regent,na,yes,weak,scaling-mention,11,"-5 logical qubits (logical error per cycle of 2.914% vs 3.028%)[135], the following demonstration achieved significant suppression (Λ=2.14±0.02) when scaling from distance-5 to distance-7 [136]. This latter work also reported operating both distance-5 and distance-7 surface codes below the fault-tolerance"
Régent - 2025 - Awesome Quantum Computing Experiments Benchmarking Experimental Progress Towards Fault-Tolerant Qua.pdf,Regent,na,yes,weak,scaling-mention,11,"overall number of such demonstrations remains insufficient to establish statistically significant trends in logical error suppression or performance scaling across different codes and platforms at this time. 4 Conclusion In this work, we have introduced an online and open-source tool [26] to track the pro"
Régent - 2025 - Awesome Quantum Computing Experiments Benchmarking Experimental Progress Towards Fault-Tolerant Qua.pdf,Regent,na,yes,weak,scaling-mention,21,"[135] Google Quantum AI Suppressing quantum errors by scaling a surface code logical qubit. Nature, 614(7949): 676–681, February 2023. doi: 10.1038/s41586-022-05434-1. [136] Google Quantum AI and Collaborators Q"
Régent - 2025 - Awesome Quantum Computing Experiments Benchmarking Experimental Progress Towards Fault-Tolerant Qua.pdf,Regent,na,yes,weak,scaling-mention,22,"sonaTopologicallyEncoded Qubit. Science, 345(6194):302–305, July 2014. ISSN 0036-8075, 1095-9203. doi: 10.1126/science.1253742. [163] Lacroix, et al. Scaling and logic in the color code on a superconducting quantum processor. December 2024. doi: 10.48550/arXiv.2412.14256. [164] Rodriguez, et al. Experiment"
Régent - 2025 - Awesome Quantum Computing Experiments Benchmarking Experimental Progress Towards Fault-Tolerant Qua.pdf,Regent,na,yes,weak,scaling-mention,24,"substantially sooner than trapped ions (projected for 2038) and superconducting circuits (2039). Within the assumptions of this model, the rapid PQC scaling factor currently observed for neutral atoms is the primary driver for this accelerated timeline. However, several critical caveats apply to these pro"
Régent - 2025 - Awesome Quantum Computing Experiments Benchmarking Experimental Progress Towards Fault-Tolerant Qua.pdf,Regent,na,yes,weak,scaling-mention,24,"% target serves as one specific, potentially arbitrary, milestone. Secondly, the projection relies heavily on the assumption that current exponential scaling trends will continue for years or decades. Such extrapolations are inherently speculative, as technological progress may encounter unforeseen plateau"
Sahu and Gupta - 2024 - NAC-QFL Noise Aware Clustered Quantum Federated Learning.pdf,Sahu & Gupta,partial,no,none,,,
Saki et al. - 2023 - Hypothesis Testing for Error Mitigation How to Evaluate Error Mitigation.pdf,Saki et al.,yes,no,none,,,
Schultz et al. - 2022 - Impact of time-correlated noise on zero-noise extrapolation.pdf,Schultz et al.,yes,partial,weak,scaling-mention,1,"ale the noise level without also modifyingitsspectraldistribution. Thislimitationisparticularlystrongif“local”gate-levelmethods are applied for noise scaling. However, we find that “global” noise scaling methods, e.g., global unitary folding, can be sufficiently reliable even in the presence of time-correl"
Schultz et al. - 2022 - Impact of time-correlated noise on zero-noise extrapolation.pdf,Schultz et al.,yes,partial,weak,scaling-mention,1,"pectraldistribution. Thislimitationisparticularlystrongif“local”gate-levelmethods are applied for noise scaling. However, we find that “global” noise scaling methods, e.g., global unitary folding, can be sufficiently reliable even in the presence of time-correlated noise. We also introducegateTrotterizatio"
Schultz et al. - 2022 - Impact of time-correlated noise on zero-noise extrapolation.pdf,Schultz et al.,yes,partial,weak,scaling-mention,2,emesare impacted by time-correlated dephasing noise despite the 100 factthattheybehaveequivalentlyforuncorrelatednoise. We then interpret these noise scaling schemes using the 10− 1 language of filter functions and show that these results are well described by the intuition provided by the filter 10− 2 fun
Schultz et al. - 2022 - Impact of time-correlated noise on zero-noise extrapolation.pdf,Schultz et al.,yes,partial,weak,scaling-mention,2,"these results are well described by the intuition provided by the filter 10− 2 functions. Ourfindingsindicatethat,fortime-correlated noise, the noise scaling method known as global unitary folding [51, 74] produces more accurate noise-scaled ex- 10− 3 pectation values and ZNE results. 10−1 4 0− 3 10− 2 10−"
Schultz et al. - 2022 - Impact of time-correlated noise on zero-noise extrapolation.pdf,Schultz et al.,yes,partial,weak,scaling-mention,3,"lefactorsλ 1, ≥ then (ii) fit a statistical model to the collected data and infer the zero-noise value E(λ 0). We refer to these → two steps as noise scaling and inference, respectively. (c) Compared to other error mitigation techniques, zero- noise extrapolation requires very few additional quan- tum reso"
Schultz et al. - 2022 - Impact of time-correlated noise on zero-noise extrapolation.pdf,Schultz et al.,yes,partial,weak,scaling-mention,3,"FIG. 2. A sample three-qubit circuit with four gates under in Refs. [50, 51, 73, 74, 86, 87] and in [53] on twenty the action of three digital noise scaling methods we consider six superconducting qubits to produce results compet- in this work. (a) Local folding, in which each gate G gets itive with class"
Schultz et al. - 2022 - Impact of time-correlated noise on zero-noise extrapolation.pdf,Schultz et al.,yes,partial,weak,scaling-mention,3,"for each gate G. quires relatively few additional quantum resources, the quality of the solution depends critically on both the in- ference and noise-scaling method and can be improved applied in recent literature. We define several of these by a correct characterization of the hardware noise. In in the fo"
Schultz et al. - 2022 - Impact of time-correlated noise on zero-noise extrapolation.pdf,Schultz et al.,yes,partial,weak,scaling-mention,3,order to analyze their performance in the presence of particular noise model and focus on the effects of the time-correlated noise in Sec. III. noise-scaling method. b. Pulse stretching The intent of pulse stretching is to scale the impacts of the noise on the system by 1. Noise scaling methods “stretching
Schultz et al. - 2022 - Impact of time-correlated noise on zero-noise extrapolation.pdf,Schultz et al.,yes,partial,weak,scaling-mention,3,"in Sec. III. noise-scaling method. b. Pulse stretching The intent of pulse stretching is to scale the impacts of the noise on the system by 1. Noise scaling methods “stretching” the underlying control Hamiltonian, replac- ing (1) with a. Idealnoisescaling Inapurelytheoreticalsetting, 1 the ideal way of sc"
Schultz et al. - 2022 - Impact of time-correlated noise on zero-noise extrapolation.pdf,Schultz et al.,yes,partial,weak,scaling-mention,3,"ng methods “stretching” the underlying control Hamiltonian, replac- ing (1) with a. Idealnoisescaling Inapurelytheoreticalsetting, 1 the ideal way of scaling the noise would be to multiply H(t)=H (t)+ H (t/λ), (9) z λ c the Hamiltonian H in Eq. (1) by a constant √λ: z for some dimensionless time-scaling fa"
Schultz et al. - 2022 - Impact of time-correlated noise on zero-noise extrapolation.pdf,Schultz et al.,yes,partial,weak,scaling-mention,3,"of scaling the noise would be to multiply H(t)=H (t)+ H (t/λ), (9) z λ c the Hamiltonian H in Eq. (1) by a constant √λ: z for some dimensionless time-scaling factor λ. In princi- H(cid:48)(t)=√λH (t)+H (t). (7) z c ple, this scales the impacts of the noise by increasing the overall time duration of the cir"
Schultz et al. - 2022 - Impact of time-correlated noise on zero-noise extrapolation.pdf,Schultz et al.,yes,partial,weak,scaling-mention,3,"tween the bration of the noise injection would be required. Due idealnoisescalingandthepulse-stretchingtechniquewas to these difficulties in directly scaling noise, several in- already shown in Ref. [48], under the hypothesis of a direct noise scaling techniques have been proposed and quantumstateρevolving"
Schultz et al. - 2022 - Impact of time-correlated noise on zero-noise extrapolation.pdf,Schultz et al.,yes,partial,weak,scaling-mention,3,"tretchingtechniquewas to these difficulties in directly scaling noise, several in- already shown in Ref. [48], under the hypothesis of a direct noise scaling techniques have been proposed and quantumstateρevolvingaccordingtoamasterequation"
Schultz et al. - 2022 - Impact of time-correlated noise on zero-noise extrapolation.pdf,Schultz et al.,yes,partial,weak,scaling-mention,4,"ot exactly repro- cuit U(cid:48) is multiplied by λ=d(cid:48)/d=1+2n corresponding ducetheidealnoisescalingdefinedin(8). Indeed,onthe to an effective scaling of the noise. r.h.s. of Eq. (11) we observe that the original spectrum e. Gate Trotterization In this work we also intro- is also stretched with resp"
Schultz et al. - 2022 - Impact of time-correlated noise on zero-noise extrapolation.pdf,Schultz et al.,yes,partial,weak,scaling-mention,4,"riginal spectrum e. Gate Trotterization In this work we also intro- is also stretched with respect to the frequency variable duce another local noise-scaling method, acting at the ω. This fact is a manifestation of the intuitive idea that level of individual gates, that we call gate Trotterization slowingd"
Schultz et al. - 2022 - Impact of time-correlated noise on zero-noise extrapolation.pdf,Schultz et al.,yes,partial,weak,scaling-mention,4,"thods that are based on the unitary folding re- placement rule III. RESULTS G G(G†G)n, n=0,1,2,..., (12) → Intheprevioussection,wedefinedseveralnoise-scaling methods that can be used in zero-noise extrapolation. whereGisaunitaryoperationassociatedtoanindividual In this section, we study how these different"
Schultz et al. - 2022 - Impact of time-correlated noise on zero-noise extrapolation.pdf,Schultz et al.,yes,partial,weak,scaling-mention,4,"lbeeffectivelyscaledbythe noise on ZNE. In Fig. 3(a) the noise spectrum is white same constant λ. In Ref. [51], partial folding methods and all noise scaling methods produce nearly identical were proposed to obtain arbitrary real values of λ, but expectation values. Correspondingly, the zero-noise lim- for"
Schultz et al. - 2022 - Impact of time-correlated noise on zero-noise extrapolation.pdf,Schultz et al.,yes,partial,weak,scaling-mention,4,"n the other hand, in Fig. 3(b), the noise is colored (a d. Global unitary folding Instead of locally folding 1/f “pink” spectrum) and different noise-scaling meth- all the gates, we can apply Eq. (12) to the entire circuit. ods produce different expectation values. Correspond- In this way, the circuit U de"
Schultz et al. - 2022 - Impact of time-correlated noise on zero-noise extrapolation.pdf,Schultz et al.,yes,partial,weak,scaling-mention,5,") Trotter(ZNE) 1.3 1.2 1.1 1.0 0.9 0.8 0.7 0.6 0.5 0.4 1 3 5 7 9 Noise scale factor λ )λ(E eulav noitatcepxE FIG. 4. Average relative errors in noise scaling two-qubit (b) randomized benchmarking circuits with (a) white noise, (b) lowpass noise, (c) 1/f noise, and (d) 1/f2 noise. Panel (a) showsnosignifica"
Schultz et al. - 2022 - Impact of time-correlated noise on zero-noise extrapolation.pdf,Schultz et al.,yes,partial,weak,scaling-mention,5,"e, and (d) 1/f2 noise. Panel (a) showsnosignificantdifferenceinscalingmethodsunderwhite noise (no time correlations). Panels (b)-(d) show that global scaling is the lowest-error digital scaling method. The two- qubit randomized benchmarking circuits used here have, on average, 27 single-qubit gates and fiv"
Schultz et al. - 2022 - Impact of time-correlated noise on zero-noise extrapolation.pdf,Schultz et al.,yes,partial,weak,scaling-mention,5,"wsnosignificantdifferenceinscalingmethodsunderwhite noise (no time correlations). Panels (b)-(d) show that global scaling is the lowest-error digital scaling method. The two- qubit randomized benchmarking circuits used here have, on average, 27 single-qubit gates and five two-qubit gates. For each circuit"
Schultz et al. - 2022 - Impact of time-correlated noise on zero-noise extrapolation.pdf,Schultz et al.,yes,partial,weak,scaling-mention,5,of the ground state as the observable. Points showtheaverageresultsoverfiftysuchcircuitsanderrorbars show one standard deviation. B. Comparing noise scaling methods FIG. 3. Comparison of different zero-noise extrapolations obtained with different noise scaling methods. We consider Observing Fig. 3(b) we n
Schultz et al. - 2022 - Impact of time-correlated noise on zero-noise extrapolation.pdf,Schultz et al.,yes,partial,weak,scaling-mention,5,"ow one standard deviation. B. Comparing noise scaling methods FIG. 3. Comparison of different zero-noise extrapolations obtained with different noise scaling methods. We consider Observing Fig. 3(b) we notice that, at least for the a representative (randomly generated) single-qubit random- particular circu"
Schultz et al. - 2022 - Impact of time-correlated noise on zero-noise extrapolation.pdf,Schultz et al.,yes,partial,weak,scaling-mention,5,"domly generated) single-qubit random- particular circuit considered in the example, some noise izedbenchmarkingcircuitaffectedbydephasingnoiseoffixed scaling methods perform better than others in the pres- integrated power. The two subfigures correspond to dif- ence of time-correlated noise. In particular"
Schultz et al. - 2022 - Impact of time-correlated noise on zero-noise extrapolation.pdf,Schultz et al.,yes,partial,weak,scaling-mention,5,"e-scaledquantumstateρ(λ). Tobetterinvestigatethisphenomenon,weconsiderthe The colored triangles represent the noise-scaled expectation relative noise-scaling error values; the dashed-dotted lines represent the associated ex- p sp o o n n e d n i t n ia g l z fi e t r t o i - n n g o c is u e rv ex es t ; r"
Schultz et al. - 2022 - Impact of time-correlated noise on zero-noise extrapolation.pdf,Schultz et al.,yes,partial,weak,scaling-mention,5,"of strong time correlations in the noise. The “true”points(graycircles)areobtainedbyassumingtheide- of interest evaluated with some particular noise scaling ally scaled noise spectrum of Eq. (8), the associated fitting method and scale factor λ, and E∗(λ) is the expectation curve (solid gray line) produce"
Schultz et al. - 2022 - Impact of time-correlated noise on zero-noise extrapolation.pdf,Schultz et al.,yes,partial,weak,scaling-mention,5,"h a noise spectrum ideally scaled ac- lation (gray star). cording to Eq. (8). In Fig. 4 we plot the relative error defined in Eq. (17) for each noise-scaling method, after averagingtheresultsovermultipleinstancesoftwo-qubit randomized-benchmarkingcircuits. Heretheexpectation value of the observable O = 00"
Schultz et al. - 2022 - Impact of time-correlated noise on zero-noise extrapolation.pdf,Schultz et al.,yes,partial,weak,scaling-mention,5,"e noise, averagingovermultiplerandomcircuits, weobservethat time-correlatednoisecanbemuchhardertomitigatevia in the presence of white noise all noise scaling methods zero-noise extrapolation. arepracticallyequivalenttoeachotherandarecharacter- ized by a small relative noise-scaling error. However, for In t"
Schultz et al. - 2022 - Impact of time-correlated noise on zero-noise extrapolation.pdf,Schultz et al.,yes,partial,weak,scaling-mention,5,"of white noise all noise scaling methods zero-noise extrapolation. arepracticallyequivalenttoeachotherandarecharacter- ized by a small relative noise-scaling error. However, for In the rest of this section, we study this aspect in a all colored noise spectra, global folding is optimal when more quantitativ"
Schultz et al. - 2022 - Impact of time-correlated noise on zero-noise extrapolation.pdf,Schultz et al.,yes,partial,weak,scaling-mention,5,"aspect in a all colored noise spectra, global folding is optimal when more quantitative way. In particular we study the per- compared to other noise scaling methods. formances of different noise-scaling methods for different We repeat the same experiments using mirror cir- types of noise spectra and diffe"
Schultz et al. - 2022 - Impact of time-correlated noise on zero-noise extrapolation.pdf,Schultz et al.,yes,partial,weak,scaling-mention,5,folding is optimal when more quantitative way. In particular we study the per- compared to other noise scaling methods. formances of different noise-scaling methods for different We repeat the same experiments using mirror cir- types of noise spectra and different types of circuits. cuits [90] and QAOA-li
Schultz et al. - 2022 - Impact of time-correlated noise on zero-noise extrapolation.pdf,Schultz et al.,yes,partial,weak,scaling-mention,6,"e the prob- ability of sampling the correct bitstring. As shown in Fig. 5, the conclusion that global unitary folding most closely matches true noise scaling holds on average for mirror circuits as well. These results were averaged over fifty random mirror circuits. Fig. 6 shows the same experiment using Q"
Schultz et al. - 2022 - Impact of time-correlated noise on zero-noise extrapolation.pdf,Schultz et al.,yes,partial,weak,scaling-mention,6,"ell. These results were averaged over fifty random mirror circuits. Fig. 6 shows the same experiment using QAOA cir- FIG. 5. Relative errors in noise scaling two-qubit mirror cir- cuits. These n = 2 qubit circuits have p = 2 QAOA cuits with (a) white noise, (b) lowpass noise, (c) 1/f noise, rounds using th"
Schultz et al. - 2022 - Impact of time-correlated noise on zero-noise extrapolation.pdf,Schultz et al.,yes,partial,weak,scaling-mention,6,"mixer Hamiltonian H = and (d) 1/f2 noise. Panel (a) shows no significant differ- M (cid:80)n σx and driver Hamiltonian H = (cid:80) σzσz. De- ence in scaling methods under white noise (no time correla- i=1 i C ij i j tions). Panels (b), (c) and (d) show global scaling is optimal notingthiscircuitasU,weappe"
Schultz et al. - 2022 - Impact of time-correlated noise on zero-noise extrapolation.pdf,Schultz et al.,yes,partial,weak,scaling-mention,6,"ltonian H = (cid:80) σzσz. De- ence in scaling methods under white noise (no time correla- i=1 i C ij i j tions). Panels (b), (c) and (d) show global scaling is optimal notingthiscircuitasU,weappendU† suchthatthefinal withtime-correlatednoise. Thetwo-qubitmirrorbenchmark- noiseless state is 00 independent"
Schultz et al. - 2022 - Impact of time-correlated noise on zero-noise extrapolation.pdf,Schultz et al.,yes,partial,weak,scaling-mention,6,"threecircuittypes,butonaverage circuits and error bars show one standard deviation. we still see that global unitary folding is closest to true noise scaling out of all scaling methods considered. The conclusions of this subsection suggest that, even fordifferenttypesofcircuits,theeffectoftime-correlated n"
Schultz et al. - 2022 - Impact of time-correlated noise on zero-noise extrapolation.pdf,Schultz et al.,yes,partial,weak,scaling-mention,6,"utonaverage circuits and error bars show one standard deviation. we still see that global unitary folding is closest to true noise scaling out of all scaling methods considered. The conclusions of this subsection suggest that, even fordifferenttypesofcircuits,theeffectoftime-correlated noise on noise scali"
Schultz et al. - 2022 - Impact of time-correlated noise on zero-noise extrapolation.pdf,Schultz et al.,yes,partial,weak,scaling-mention,6,"aling methods considered. The conclusions of this subsection suggest that, even fordifferenttypesofcircuits,theeffectoftime-correlated noise on noise scaling methods is qualitatively similar. Thisintuitionisconsistentwiththetheoreticaldiscussion presented in the next section, in which the performances of n"
Schultz et al. - 2022 - Impact of time-correlated noise on zero-noise extrapolation.pdf,Schultz et al.,yes,partial,weak,scaling-mention,6,"ods is qualitatively similar. Thisintuitionisconsistentwiththetheoreticaldiscussion presented in the next section, in which the performances of noise scaling methods are linked to their effective fre- quency modulation effects. We emphasize that the comparison considered in this work is focused on one part"
Schultz et al. - 2022 - Impact of time-correlated noise on zero-noise extrapolation.pdf,Schultz et al.,yes,partial,weak,scaling-mention,6,odulation effects. We emphasize that the comparison considered in this work is focused on one particular figure of merit: the ro- bustness of a noise scaling method with respect to time- correlated noise. Our results suggest that global folding outperforms the other methods considered with respect FIG. 6.
Schultz et al. - 2022 - Impact of time-correlated noise on zero-noise extrapolation.pdf,Schultz et al.,yes,partial,weak,scaling-mention,6,"ime- correlated noise. Our results suggest that global folding outperforms the other methods considered with respect FIG. 6. Relative errors in noise scaling two-qubit p = 2 to this specific figure of merit. In a real-world scenario, QAOA circuits with (a) white noise, (b) lowpass noise, (c) the optimal no"
Schultz et al. - 2022 - Impact of time-correlated noise on zero-noise extrapolation.pdf,Schultz et al.,yes,partial,weak,scaling-mention,6,"-qubit p = 2 to this specific figure of merit. In a real-world scenario, QAOA circuits with (a) white noise, (b) lowpass noise, (c) the optimal noise-scaling method should be determined 1/f noise, and (d) 1/f2 noise. Panel (a) shows no significant according to a more general cost-benefit analysis, e.g., di"
Schultz et al. - 2022 - Impact of time-correlated noise on zero-noise extrapolation.pdf,Schultz et al.,yes,partial,weak,scaling-mention,7,7 scaling techniques on this circuit frequency response to interpret the results of the previous section. q I I X I I I I X I I A. Frequency response of a circ
Schultz et al. - 2022 - Impact of time-correlated noise on zero-noise extrapolation.pdf,Schultz et al.,yes,partial,weak,scaling-mention,7,"tantaneous gates as specified by a circuit, buttheseexpressionsholdforpiecewiseconstantcontrols to accommodate pulse shaping. In the context of noise scaling experiments, Eq. (20) provides a mechanism for understanding how the different noise scaling techniques perturbthefilterfunctionstoimpacttheresulting"
Schultz et al. - 2022 - Impact of time-correlated noise on zero-noise extrapolation.pdf,Schultz et al.,yes,partial,weak,scaling-mention,7,"ls to accommodate pulse shaping. In the context of noise scaling experiments, Eq. (20) provides a mechanism for understanding how the different noise scaling techniques perturbthefilterfunctionstoimpacttheresultingscaled expectations and thus the extrapolation process. esluP 1 0 1 − esaB Switchingfunctions"
Schultz et al. - 2022 - Impact of time-correlated noise on zero-noise extrapolation.pdf,Schultz et al.,yes,partial,weak,scaling-mention,7,"ample Carr-Purcell-Meiboom-Gill (CPMG) [91, 92] circuit and its corresponding f and z F (ω)2 are shown in Fig. 7. z | | B. Spectral analysis of noise scaling methods First,wewillconsiderthesimplercaseofasinglequbit subject to dephasing noise and single-axis σx control, with the CPMG circuit in Fig. 7 servi"
Schultz et al. - 2022 - Impact of time-correlated noise on zero-noise extrapolation.pdf,Schultz et al.,yes,partial,weak,scaling-mention,8,"8 where χ is the overlap integral of the base circuit. Note tatively, it looks like the impact of global folding serves that direct noise scaling does not affect the circuit itself, to “resolve” a coarse frequency response of the base cir- andthusitsswitchingandfilterfunctionsareunchanged. cuit"
Schultz et al. - 2022 - Impact of time-correlated noise on zero-noise extrapolation.pdf,Schultz et al.,yes,partial,weak,scaling-mention,8,"the scaled portion of the circuit ing produces the expectation dominates the filter function response and approach a common, nontrivial limit. Thus, scaling in this case pre- E[Tr[ρ (λ)O]] servessomestructureandproducesoverlapintegralsthat pul (cid:18) ≈ (cid:90) ∞ dω (cid:19) are somewhat close to direct"
Schultz et al. - 2022 - Impact of time-correlated noise on zero-noise extrapolation.pdf,Schultz et al.,yes,partial,weak,scaling-mention,8,"s case pre- E[Tr[ρ (λ)O]] servessomestructureandproducesoverlapintegralsthat pul (cid:18) ≈ (cid:90) ∞ dω (cid:19) are somewhat close to direct noise scaling. A+Bexp − λ 2π S z,z (ω/λ) | F z (ω) | 2 , (24) The CPMG sequence considered in the above discus- −∞ sion was chosen as an intuitive example for its"
Schultz et al. - 2022 - Impact of time-correlated noise on zero-noise extrapolation.pdf,Schultz et al.,yes,partial,weak,scaling-mention,8,"frequency. overlap integrals of the globally folded circuits are the Qualitatively, local folding “pulls” the filter function to closest to the ideal scaling produced by direct noise scal- the extreme frequencies from the middle of the spec- ing. The remaining three scaling approaches all produce trum. Thi"
Schultz et al. - 2022 - Impact of time-correlated noise on zero-noise extrapolation.pdf,Schultz et al.,yes,partial,weak,scaling-mention,8,"function to closest to the ideal scaling produced by direct noise scal- the extreme frequencies from the middle of the spec- ing. The remaining three scaling approaches all produce trum. This behavior can be interpreted from the switch- some level of concentration at low frequencies, and thus ingfunction,w"
Schultz et al. - 2022 - Impact of time-correlated noise on zero-noise extrapolation.pdf,Schultz et al.,yes,partial,weak,scaling-mention,8,"response above π/2), the overlap integrals produced would not be particularly producesoverlapsthatliebetweentheglobalfoldingand close to direct noise scaling. the stretching/Trotterization approaches. Of the noise scaling methods studied, it appears that We note that the trends observed above and the intu-"
Schultz et al. - 2022 - Impact of time-correlated noise on zero-noise extrapolation.pdf,Schultz et al.,yes,partial,weak,scaling-mention,8,"particularly producesoverlapsthatliebetweentheglobalfoldingand close to direct noise scaling. the stretching/Trotterization approaches. Of the noise scaling methods studied, it appears that We note that the trends observed above and the intu- global folding preserves the most structure from the un- ition"
Schultz et al. - 2022 - Impact of time-correlated noise on zero-noise extrapolation.pdf,Schultz et al.,yes,partial,weak,scaling-mention,8,"consequence of the corre- scaled filter function. The circuit response shown in latednoiseclassesconsidered,allofwhicharefundamen- Fig. 7 shows that scaling preserves the qualitative shape tallylowfrequency. Thus,pulsestretching,gateTrotter- of the base circuit’s filter function, but in accordance ization"
Schultz et al. - 2022 - Impact of time-correlated noise on zero-noise extrapolation.pdf,Schultz et al.,yes,partial,weak,scaling-mention,9,"ing noise, we presented the results of several numerical experimentsshowingthatglobalunitaryfoldingproduces the lowest error relative to direct noise scaling. We ana- lyzed our observed results and provided a physical inter- pretation in terms of the spectral analysis of the consid- ered noise scaling meth"
Schultz et al. - 2022 - Impact of time-correlated noise on zero-noise extrapolation.pdf,Schultz et al.,yes,partial,weak,scaling-mention,9,oise scaling. We ana- lyzed our observed results and provided a physical inter- pretation in terms of the spectral analysis of the consid- ered noise scaling methods. (c)-Local λ=1 (d)-Trotter λ=1 Noise injection as a method for noise scaling is a theo- λ=3 λ=3 λ=5 λ=5 retically ideal mechanism for noise s
Schultz et al. - 2022 - Impact of time-correlated noise on zero-noise extrapolation.pdf,Schultz et al.,yes,partial,weak,scaling-mention,9,"tion in terms of the spectral analysis of the consid- ered noise scaling methods. (c)-Local λ=1 (d)-Trotter λ=1 Noise injection as a method for noise scaling is a theo- λ=3 λ=3 λ=5 λ=5 retically ideal mechanism for noise scaling, but given the limitations on estimating, emulating, and injecting the native"
Schultz et al. - 2022 - Impact of time-correlated noise on zero-noise extrapolation.pdf,Schultz et al.,yes,partial,weak,scaling-mention,9,"g methods. (c)-Local λ=1 (d)-Trotter λ=1 Noise injection as a method for noise scaling is a theo- λ=3 λ=3 λ=5 λ=5 retically ideal mechanism for noise scaling, but given the limitations on estimating, emulating, and injecting the native spectra and noise mechanism(s), this is not likely feasible in most sit"
Schultz et al. - 2022 - Impact of time-correlated noise on zero-noise extrapolation.pdf,Schultz et al.,yes,partial,weak,scaling-mention,9,", this is not likely feasible in most situations. On the other hand, global noisefoldingisbroadlyapplicableandourworksuggests its use in global noise scaling for zero-noise extrapola- tion, if possible, whenever noise may be time-correlated. 0 π/4 π/2 3π/4 π An obviously important consideration is which qu"
Schultz et al. - 2022 - Impact of time-correlated noise on zero-noise extrapolation.pdf,Schultz et al.,yes,partial,weak,scaling-mention,9,"otherwise the integral 66]. We note that global folding is not the only possible of the filter function scales by λ). Different subplots corre- noise scaling method suitable for time-correlated noise: spond to different noise scaling methods. All noise scaling other methods could be defined and analyzed, e"
Schultz et al. - 2022 - Impact of time-correlated noise on zero-noise extrapolation.pdf,Schultz et al.,yes,partial,weak,scaling-mention,9,"ible of the filter function scales by λ). Different subplots corre- noise scaling method suitable for time-correlated noise: spond to different noise scaling methods. All noise scaling other methods could be defined and analyzed, e.g., fold- methods change the frequency response of the circuit, how- ever,g"
Schultz et al. - 2022 - Impact of time-correlated noise on zero-noise extrapolation.pdf,Schultz et al.,yes,partial,weak,scaling-mention,9,"scales by λ). Different subplots corre- noise scaling method suitable for time-correlated noise: spond to different noise scaling methods. All noise scaling other methods could be defined and analyzed, e.g., fold- methods change the frequency response of the circuit, how- ever,globalfoldingtendstopreserve"
Schultz et al. - 2022 - Impact of time-correlated noise on zero-noise extrapolation.pdf,Schultz et al.,yes,partial,weak,scaling-mention,9,"f noise models. (say between π/4 and 3π/4 in normalized frequency) we wouldexpectthatglobalfoldingwouldcontinuetotrack DATA AVAILABILITY direct noise scaling the best. However, analysis of the other three techniques would be challenging as the over- lap integral with these would essentially vanish as the S"
Schultz et al. - 2022 - Impact of time-correlated noise on zero-noise extrapolation.pdf,Schultz et al.,yes,partial,weak,scaling-mention,9,"Award Number DE-SC0020266 and DE- cuitdependent), andthusoverlapintegralswouldvanish SC0020316. RL acknowledges support from a NASA for all the noise scaling approaches considered here. Space Technology Graduate Research Fellowship. [1] P. W. Shor, Algorithms for quantum computation: dis- (IEEE, 1994) pp."
Schultz et al. - 2022 - Impact of time-correlated noise on zero-noise extrapolation.pdf,Schultz et al.,yes,partial,weak,scaling-mention,12,"actical quantum where t(cid:48) = λt. In practice pulse-stretching induces a error mitigation for near-future applications, Phys. Rev. multiplicative scaling of the noise operator λ . X 8, 031027 (2018). The master equation Eq. (A1) is typic L all − y → use L d to [86] A.Lowe, M.H.Gordon, P.Czarnik, A.Arra"
Schultz et al. - 2022 - Impact of time-correlated noise on zero-noise extrapolation.pdf,Schultz et al.,yes,partial,weak,scaling-mention,12,"cal theory of quantumprobabilisticerrorcancellationbynoisescaling, Phys. Rev. A 104, 052607 (2021). pulse-stretching predicts a simple multiplicative scaling [88] mezze: a toolox for simulating open quantum sys- ofnoisepowerandthisisindeedconsistentwithEq.(A2). temdynamics,https://github.com/mezze-team/mez"
Schultz et al. - 2022 - Impact of time-correlated noise on zero-noise extrapolation.pdf,Schultz et al.,yes,partial,weak,scaling-mention,13,"t)H E (t)U 0 †(T,t) where L SB (ρ) = − i[H SB ,ρ] and L B (ρ) = − i[H B ,ρ]. In = (cid:88) U (T,t)A U†(T,t)B (t) this case, the simple multiplicative scaling λ 0 α 0 α induced by the pulse-stretching technique ac L cor − d → ing t L o α (cid:88) Eq. (A2) has actually two physically different effects: (i) ="
Schultz et al. - 2022 - Impact of time-correlated noise on zero-noise extrapolation.pdf,Schultz et al.,yes,partial,weak,scaling-mention,13,"c L cor − d → ing t L o α (cid:88) Eq. (A2) has actually two physically different effects: (i) = f (t)A b (t). (B3) αβ β α SB λ SB corresponding to a scaling of the noise α,β L −→ L power and (ii) λ corresponding to an effec- L B −→ L B Note that the rotated error Hamiltonian is expressed in tivescalingoft"
Seif et al. - 2023 - Shadow Distillation Quantum Error Mitigation with Classical Shadows for Near-Term Quantum Processor.pdf,Seif et al.,yes,partial,weak,overhead-mention,1,ircumventtheneedforcoherentaccesstomultiplecopiesatanexponentialcost. We study the scaling of resources using numerical simulations and find that the overhead is still favor- ablecomparedtofullstatetomography.Weoptimizemeasurementresourcesunderrealisticexperimental constraints and apply our method to an exp
Seif et al. - 2023 - Shadow Distillation Quantum Error Mitigation with Classical Shadows for Near-Term Quantum Processor.pdf,Seif et al.,yes,partial,weak,scaling-mention,1,"antumstate.Here,weuseclassicalshadowsandrandom- izedmeasurementstocircumventtheneedforcoherentaccesstomultiplecopiesatanexponentialcost. We study the scaling of resources using numerical simulations and find that the overhead is still favor- ablecomparedtofullstatetomography.Weoptimizemeasurementresourcesu"
Seif et al. - 2023 - Shadow Distillation Quantum Error Mitigation with Classical Shadows for Near-Term Quantum Processor.pdf,Seif et al.,yes,partial,weak,scaling-mention,3,"ing the three-design property and a measurement IV.NUMERICALINVESTIGATIONOFERROR outcome|b(cid:2)=|b ,b ,...,b (cid:2),theclassicalsnapshotisof 1 2 N SCALING theform We analyze the scaling of statistical errors in the esti- ρˆ = (cid:2)nq (3u†|b (cid:2)(cid:3)b |u −I), (2) mation of (cid:3)O(cid:2) (2) for"
Seif et al. - 2023 - Shadow Distillation Quantum Error Mitigation with Classical Shadows for Near-Term Quantum Processor.pdf,Seif et al.,yes,partial,weak,scaling-mention,3,"nd a measurement IV.NUMERICALINVESTIGATIONOFERROR outcome|b(cid:2)=|b ,b ,...,b (cid:2),theclassicalsnapshotisof 1 2 N SCALING theform We analyze the scaling of statistical errors in the esti- ρˆ = (cid:2)nq (3u†|b (cid:2)(cid:3)b |u −I), (2) mation of (cid:3)O(cid:2) (2) for Pauli observables with measure"
Seif et al. - 2023 - Shadow Distillation Quantum Error Mitigation with Classical Shadows for Near-Term Quantum Processor.pdf,Seif et al.,yes,partial,weak,scaling-mention,4,"r works; see, e.g., Refs. [11,13–16]. We discuss that aspect in the discussionofourresultsforthetrapped-ionexperiment. Figures 2(a) and 2(b) show the scaling of the statistical error as a function of N and N for various observables U S O for n =4 and ε =0.1. We observe that (cid:5)2 scales as q 1/N . Moreo"
Seif et al. - 2023 - Shadow Distillation Quantum Error Mitigation with Classical Shadows for Near-Term Quantum Processor.pdf,Seif et al.,yes,partial,weak,scaling-mention,4,"lprovideanintuitiononthebehav- 2 2 ioroftheerrorsandhelpusfindempiricalexpressionsfor FIG. 2. Scalingofthemeansquarederror(cid:5)2forn =4qubits q the scaling of errors. In fact, the scaling that we observe anderrorstrengthε=0.1:(a)thenumberofunitariesN witha U in Figs. 2(a)–2(b) agrees with our bound for t"
Seif et al. - 2023 - Shadow Distillation Quantum Error Mitigation with Classical Shadows for Near-Term Quantum Processor.pdf,Seif et al.,yes,partial,weak,scaling-mention,4,"2 ioroftheerrorsandhelpusfindempiricalexpressionsfor FIG. 2. Scalingofthemeansquarederror(cid:5)2forn =4qubits q the scaling of errors. In fact, the scaling that we observe anderrorstrengthε=0.1:(a)thenumberofunitariesN witha U in Figs. 2(a)–2(b) agrees with our bound for the variance fixednumberofshotsN"
Seif et al. - 2023 - Shadow Distillation Quantum Error Mitigation with Classical Shadows for Near-Term Quantum Processor.pdf,Seif et al.,yes,partial,weak,scaling-mention,5,"ated expectation values using M =N ×N snapshots respectively (shown in Fig. 3), we observe that the error U S scales as O(M2). If our numerical error scaling persists bars (standard deviations obtained by bootstrap resam- [see Fig. 2(d)], we expect M ∼20.82nq. Note that the pling) in the mitigated values d"
Seif et al. - 2023 - Shadow Distillation Quantum Error Mitigation with Classical Shadows for Near-Term Quantum Processor.pdf,Seif et al.,yes,partial,weak,scaling-mention,6,"ore vary the parameter ε to tune the purity In this section, we provide the details of the numeri- ofthemixedstate. cal simulations performed for the scaling of the errors (cid:5)2 Toestimatethesquarederror(cid:5)2 definedinEq.(5)asa R withN ,N ,andthepuritytr(ρ2).Wefirstgeneratearan- functionofN ,N ,andtr"
Seif et al. - 2023 - Shadow Distillation Quantum Error Mitigation with Classical Shadows for Near-Term Quantum Processor.pdf,Seif et al.,yes,partial,weak,scaling-mention,9,"NU NU −2 termsinall], surementprotocol1000times.Wethencalculatethemean 2 2 squarederror(cid:5)2 usingthesesamples;seeFig.5.Based GHZ on the observed scaling for large N and N , we use the E[tr(O (2)ρˆ j ⊗ρˆ j(cid:7) )tr(O (2)ρˆ k ⊗ρˆ k(cid:7) )]=tr(ρ2O)2; expression(cid:5)2 =(c /N2)(1+c / S N2)tofi U tthe"
Seif et al. - 2023 - Shadow Distillation Quantum Error Mitigation with Classical Shadows for Near-Term Quantum Processor.pdf,Seif et al.,yes,partial,weak,scaling-mention,10,"(cid:12) exp − 0 . (E2) 2πσ2 2σ 0 2 0 Then,usingBayes’rulePr(μ|s )=Pr(μ)Pr(s |μ)/Pr(s ), 2 2 2 wefindtheposterior Pr(μ|s )∝Pr(μ)Pr(s |μ) 2 2 FIG. 5. Scaling of the mean squared error (cid:5)2 for a five- (cid:21) (cid:22) GHZ (s −μ)2 (μ−μ )2 qubitGHZstateforvarying(a)N S and(b)N U .Thedashedlines =exp − 2"
Seif et al. - 2023 - Shadow Distillation Quantum Error Mitigation with Classical Shadows for Near-Term Quantum Processor.pdf,Seif et al.,yes,partial,weak,sample-complexity,3,"N:QUANTUMERROR... PRXQUANTUM4,010303(2023) distillation (SD). Our approach trades circuit size with U.Wedenoteourestimateoftr(Oρ2)byoˆ ,givenby[34] 2 sample complexity. This trade-off can be especially use- (cid:4) f a u n l d in wi n d e th ar- a t r e e rm lim d i e te v d ic a e n s d w e h r e ro re rs c a o r n"
Seif et al. - 2023 - Shadow Distillation Quantum Error Mitigation with Classical Shadows for Near-Term Quantum Processor.pdf,Seif et al.,yes,partial,weak,sample-complexity,3,"1 2 N the number of samples required to achieve a given accu- tothecircuitthatisusedtoprepareρ.Finally,weperform racy can depend on n . In fact, the sample complexity of q projective measurements on the computational basis. For estimating quantities nonlinear in state ρ can grow expo- eachrotationsettingU,themeasur"
Seif et al. - 2023 - Shadow Distillation Quantum Error Mitigation with Classical Shadows for Near-Term Quantum Processor.pdf,Seif et al.,yes,partial,weak,sample-complexity,5,we U S preparation errors using classical shadows and provided resample the experimental measurement data of Ref. [28] numerical evidence of a better sample complexity of this anduseourerror-mitigationschemetorecovertheexpec- approachcomparedtofullstatetomography.Wealsodis- tation values o(cid:7)f the stabilizers. S
Seif et al. - 2023 - Shadow Distillation Quantum Error Mitigation with Classical Shadows for Near-Term Quantum Processor.pdf,Seif et al.,yes,partial,weak,sample-complexity,5,"D, identify detection errors and Another aspect of the resource analysis, in addition dephasing as major sources of noise in the system. More- to the sample complexity, is classical postprocessing. As over, by increasing N from 1428 to 2666, corresponding U to the optimal choices for T =1.5×107 and 2.8×107, mentione"
Senapati et al. - 2023 - Towards Redefining the Reproducibility in Quantum Computing A Data Analysis Approach on NISQ Device.pdf,Senapati et al. (2023),no,partial,weak,scaling-mention,6,".Chong,andS.Han, onTheoryofcomputing,1996,pp.212–219. “Quantumnas: Noise-adaptive search for robust quantum circuits,” in [3] IBM, “Ibm’s roadmap for scaling quantum technology,” 2022 IEEE International Symposium on High-Performance Computer https://www.ibm.com/blogs/research/2020/09/ibm-quantum-roadmap/,"
Senapati et al. - 2024 - PQML Enabling the Predictive Reproducibility on NISQ Machines for Quantum ML Applications.pdf,Senapati et al. (2024),no,partial,weak,overhead-mention,3,"ubits by using bits 0 Scale Quantum (NISQ) devices, albeit they often come with and1simultaneouslyandthispropertyiscalledsuperposition, computational overhead [16]. To address this challenge, a which is at the core of quantum computing. Superposition method has been proposed wherein multiple variants of pri"
Shi and Malaney - 2023 - Error-Mitigated Quantum Routing on Noisy Devices.pdf,Shi & Malaney,yes,partial,weak,scaling-mention,2,"ustrated in Fig. 2. Assume ZNE extrapolates to the zero-noise limit of a quantum device that a unitary circuit U′ is applied to m qubits initially by scaling the strength of noise [16]. ZNE estimates an ideal prepared as |0⟩⊗m, and U′ is composed of T noiseless gates (noiseless) expectation value ⟨E⟩ ≡ Tr["
Shi and Malaney - 2023 - Error-Mitigated Quantum Routing on Noisy Devices.pdf,Shi & Malaney,yes,partial,weak,scaling-mention,2,"each G′, expectation value of E for that λ is represented as ⟨E⟩λ . t noisy byasetofnoisy,butimplementable,gates{G }intheform Generally, three noise-scaling methods can be utilized: t,nt of (i) pulse stretching, (ii) local folding, and (iii) global folding. (cid:88) G′ = η G (i)Pulsestretchingisananalogme"
Shi and Malaney - 2023 - Error-Mitigated Quantum Routing on Noisy Devices.pdf,Shi & Malaney,yes,partial,weak,scaling-mention,6,"A.Mari,N.Shammah,andW.J.Zeng,“Extendingquantumprobabilis- circuit requires one such gate. The increase in the number tic error cancellation by noise scaling,” Phys. Rev. A, vol. 104, no. 5, of controlled-swap gates leads to a longer time and a higher 052607,2021. complexity for the execution of QRAM. The"
Takagi et al. - 2022 - Fundamental limits of quantum error mitigation.pdf,Takagi et al. (2022),yes,yes,strong,exponential-overhead,6,"es withrespecttothecircuitdepthL.Thisvalidatesourintuitionthat information should quickly get degraded due to the sequential noise effects, incurring exponential overhead to remove the accumulated noiseeffect. Wealsoremarkthat,althoughweherefocusontheexponential growthofthemaximumspreadwithrespecttothecircuitdepthL for"
Takagi et al. - 2022 - Fundamental limits of quantum error mitigation.pdf,Takagi et al. (2022),yes,yes,weak,overhead-mention,1,"igation methods. Here,wederive fundamental bounds concerninghowerror-mitigation algorithms canreduce thecomputationerror asa functionof theirsampling overhead. Our boundsplaceuniversalperformancelimitsonageneralerror-mitigationprotocolclass.Weusethemtoshow(1)thatthesampling overheadthat ensures acertain com"
Takagi et al. - 2022 - Fundamental limits of quantum error mitigation.pdf,Takagi et al. (2022),yes,yes,weak,overhead-mention,6,"cttothecircuitdepthL.Thisvalidatesourintuitionthat information should quickly get degraded due to the sequential noise effects, incurring exponential overhead to remove the accumulated noiseeffect. Wealsoremarkthat,althoughweherefocusontheexponential growthofthemaximumspreadwithrespecttothecircuitdepthL for"
Takagi et al. - 2022 - Fundamental limits of quantum error mitigation.pdf,Takagi et al. (2022),yes,yes,weak,scaling-mention,7,"distinguishability of We note that our performance bounds have focused on the quantum states. Recall that the goal of quantum error mitigation is to scaling of M, representing how many rounds an error-mitigation estimatetheexpectationvalueofanarbitraryobservableAforanarbitrary protocolshouldberuntogetarel"
Takagi et al. - 2022 - Fundamental limits of quantum error mitigation.pdf,Takagi et al. (2022),yes,yes,weak,scaling-mention,7,"timates of 〈A〉 by appearstohaveeliminatednoiseeffects.Sinceeacherror-mitigationstrategy shouldalsoworkforanotherstateϕ,itshouldbeabletoremovethenoise scaling the number of distorted outputs we process in a single and estimate TrðAϕÞ out of TrðAEðϕÞÞ. Does this “removal” of noise imply round (e.g., extrapol"
Takagi et al. - 2023 - Universal Sampling Lower Bounds for Quantum Error Mitigation.pdf,Takagi et al. (2023),yes,yes,strong,factor-of-N,4,the accuracy δ. showing that our bound can provide nontrivial lower Let us now consider our second performance measure bounds with the gap being the factor of 3 to 6. basedonthestandarddeviationandthebiasoftheestimate. Although this does not guarantee that our bound behaves Let σQ A EMðρÞ be the standard devi
Takagi et al. - 2023 - Universal Sampling Lower Bounds for Quantum Error Mitigation.pdf,Takagi et al. (2023),yes,yes,weak,overhead-mention,2,"EW LETTERS 131, 210602 (2023) mitigation would generally suffer from the exponential (enabling, e.g., dynamical decoupling [45,46] and Pauli sampling overhead into formal relations, extending the twirling [6]), and supply ancillary qubits—the allowed previous results on the exponential resource overhead mod"
Takagi et al. - 2023 - Universal Sampling Lower Bounds for Quantum Error Mitigation.pdf,Takagi et al. (2023),yes,yes,weak,overhead-mention,2,"ing overhead into formal relations, extending the twirling [6]), and supply ancillary qubits—the allowed previous results on the exponential resource overhead modifications are determined by the capability of the required for noisy circuits without postprocessing [9–11]. available device. Together with the"
Takagi et al. - 2023 - Universal Sampling Lower Bounds for Quantum Error Mitigation.pdf,Takagi et al. (2023),yes,yes,weak,overhead-mention,4,"TrðAρÞ for a state ρ∈S and an guishability. As an application of our general bounds, we observable A∈O (see also Fig. 1). study the inevitable sample overhead to mitigate noise in To assess the performance of error-mitigation proto- the circuits consisting of multiple layers of unitaries. cols, we consider"
Takagi et al. - 2023 - Universal Sampling Lower Bounds for Quantum Error Mitigation.pdf,Takagi et al. (2023),yes,yes,weak,overhead-mention,5,"ing a random guess. In Appendix G [53], we obtain a similar exponential We thank Suguru Endo, Shintaro Minagawa, Masato growth of the required sample overhead for a fixed target Koashi, and Daniel Stilck França for helpful discussions, biasandstandarddeviation.WealsoobtaininAppendixH and Kento Tsubouchi, Ta"
Takagi et al. - 2023 - Universal Sampling Lower Bounds for Quantum Error Mitigation.pdf,Takagi et al. (2023),yes,yes,weak,scaling-mention,4,"ocol.Sinceagood provide a nearly tight estimate. We further show in error mitigation protocol should come with a small fluc- Appendix E [53] that the scaling of the lower bound in tuation in its outcome, the standard deviation of the Theorem 2 with noise strength can be achieved by the underlying distribut"
Tindall et al. - 2024 - Efficient Tensor Network Simulation of IBM’s Eagle Kicked Ising Experiment.pdf,Tindall et al.,partial,yes,strong,computational-cost,15,"l forms, and optimal X. Mi, S. Boixo, and V. Smelyanskiy, Effective quantum truncationsintensornetworkswithclosedloops,Phys.Rev. volume, fidelity and computational cost of noisy quan- B98,085155(2018). tumprocessingexperiments,arXiv:2306.15970[quant-ph] [42] D. A. Depireux, J. Z. Simon, D. J. Klein, and S. A. (2023). Sh"
Tindall et al. - 2024 - Efficient Tensor Network Simulation of IBM’s Eagle Kicked Ising Experiment.pdf,Tindall et al.,partial,yes,weak,overhead-mention,1,"onstruct a better classical (biased) estimator for the As such, huge eoff rts have been devoted to finding out desired noiseless result by paying the overhead of having whethercurrentnoisyquantumtechnologiescouldprovide torunseveralnoisyquantumcircuits. a practical advantage over classical computers without"
Tindall et al. - 2024 - Efficient Tensor Network Simulation of IBM’s Eagle Kicked Ising Experiment.pdf,Tindall et al.,partial,yes,weak,scaling-mention,8,"lcomputingtechniques. the network under the belief propagation approximation. The software we used is part of the forthcoming ITen- The computational scaling is O(Lχ4) for a given Trot- sorNetworks.jl package [35] being developed at the Flat- ter step evolution, where L is the number of qubits and iron Ins"
Tindall et al. - 2024 - Efficient Tensor Network Simulation of IBM’s Eagle Kicked Ising Experiment.pdf,Tindall et al.,partial,yes,weak,scaling-mention,11,"ts in the region π/4(cid:2) O(exp(−cl))forsomeconstantcrelatedtothecorrelation θ (cid:2)7π/16,anartifactwhichisresolvedbyextrapolating h length. This scaling should be generic for a lattice with inthebonddimension.OurextrapolatedBP-evolvedTNS smallestloopsizelandgappedloopcorrelations. resultsareincloseagr"
Tran et al. - 2023 - Locality and Error Mitigation of Quantum Circuits.pdf,Tran et al.,yes,yes,strong,sampling-cost,2,channels in Eq. (3) (vertical lines). PEC cancels errors in the circuit by probabilistically applying the inverse N−1 at i each layer. We reduce the sampling overhead of PEC by removing the contributions from error channels that lie outside the light cone (dashed vertical lines) in the construction of the local estima
Tran et al. - 2023 - Locality and Error Mitigation of Quantum Circuits.pdf,Tran et al.,yes,yes,strong,sampling-cost,3,"oise channels in- overhead using the standard PEC estimator grows with i,j side the light cone and may be much smaller than that the system size, the sampling overhead of the local PEC of oˆPEC, as defined in Eq. (9). estimator saturates at large n. z We provide detail proof for our claims in Appendix A and illustrate"
Tran et al. - 2023 - Locality and Error Mitigation of Quantum Circuits.pdf,Tran et al.,yes,yes,weak,overhead-mention,1,"imatorthattakesintoaccountthelight cone of the unitary circuit with respect to a target local observable. Given a fixed error tolerance, the sampling overhead for the new estimator can be several orders of magnitude smaller than the standard PEC estimators. For ZNE, we also use light-cone arguments to estab"
Tran et al. - 2023 - Locality and Error Mitigation of Quantum Circuits.pdf,Tran et al.,yes,yes,weak,overhead-mention,1,"produce a better estimation of the expectation value, at requisite in many state-of-the-art error mitigation tech- the expense of increased sampling overhead and classi- niquesistheabilitytolearnthenoisechannelsN . Fully i cal post-processing. Based on this idea, numerous miti- characterizing a Pauli chann"
Tran et al. - 2023 - Locality and Error Mitigation of Quantum Circuits.pdf,Tran et al.,yes,yes,weak,overhead-mention,1,"hey can be efficiently learned. Other than that, we do While PEC estimators are unbiased and sampling notmakeanylocalityassumptionaboutthenoisemodel. overhead is the primary bottleneck of PEC, the main So,forexample,qubitsthatarenotconnectedbyU can challengeinZNEistoconstrainthebiasthatremainsaf- i still ha"
Tran et al. - 2023 - Locality and Error Mitigation of Quantum Circuits.pdf,Tran et al.,yes,yes,weak,overhead-mention,2,in Eq. (3) (vertical lines). PEC cancels errors in the circuit by probabilistically applying the inverse N−1 at i each layer. We reduce the sampling overhead of PEC by removing the contributions from error channels that lie outside the light cone (dashed vertical lines) in the construction of the local est
Tran et al. - 2023 - Locality and Error Mitigation of Quantum Circuits.pdf,Tran et al.,yes,yes,weak,overhead-mention,2,"ora U˜ PEC ≡ (cid:89) U˜ i (cid:89) N i − ,j 1  generic depth-d circuit on n qubits, λ = O i ( ,j nd i ) , , j imply- i=1 j=1 ing that the sampling overhead—the number of shots m d (cid:32) J (cid:33) J  d it takes for oˆP z EC to converge to the true value—grows (cid:89) (cid:89) (cid:89) (cid:89) = U"
Tran et al. - 2023 - Locality and Error Mitigation of Quantum Circuits.pdf,Tran et al.,yes,yes,weak,overhead-mention,3,". But, the local In Fig. 2(b), we fix the depth of the circuits (d = PEC estimator oˆLoPEC has a simple, intuitive feature: 10) and plot the sampling overhead for estimating z its variance several observables—namely Z 1 ,Z 1 Z 10 , and Z 1 Z 4 Z 10 — givencircuitsofdifferentn. Here,thesamplingoverhead Var[o"
Tran et al. - 2023 - Locality and Error Mitigation of Quantum Circuits.pdf,Tran et al.,yes,yes,weak,overhead-mention,3,"e of the estimator divided by ε2, where z ε = 0.01 is the desired precision. While the sampling only involves λ that correspond to noise channels in- overhead using the standard PEC estimator grows with i,j side the light cone and may be much smaller than that the system size, the sampling overhead of the l"
Tran et al. - 2023 - Locality and Error Mitigation of Quantum Circuits.pdf,Tran et al.,yes,yes,weak,overhead-mention,3,"nels in- overhead using the standard PEC estimator grows with i,j side the light cone and may be much smaller than that the system size, the sampling overhead of the local PEC of oˆPEC, as defined in Eq. (9). estimator saturates at large n. z We provide detail proof for our claims in Appendix A and illustra"
Tran et al. - 2023 - Locality and Error Mitigation of Quantum Circuits.pdf,Tran et al.,yes,yes,weak,overhead-mention,4,"e inset indicates which qubits are in the light cone µ after layer i of the cir- i where N˜(g)(ρ)=(1−gp )ρ+gp P˜ ρP˜† and P˜ = cuit. (b) The sampling overhead to achieve a fixed precision i,j i,j i,j i,j i,j i,j ε = 0.01 using the standard estimator (gray) and the lo- U ...U U (P ) are Pauli strings conjuga"
Tran et al. - 2023 - Locality and Error Mitigation of Quantum Circuits.pdf,Tran et al.,yes,yes,weak,scaling-mention,1,an error bound that closely captures the behavior of the bias that remains after extrapolation. I. INTRODUCTION II. SETUP Noisy quantum computers are scaling beyond the We consider an ideal circuit consisting of d unitary pointtheirclassicalcounterpartscanefficientlysimulate. channels U = U ···U . Each uni
Tran et al. - 2023 - Locality and Error Mitigation of Quantum Circuits.pdf,Tran et al.,yes,yes,weak,scaling-mention,1,"ea, numerous miti- characterizing a Pauli channel on n qubits generally re- gation techniques, such as Probabilistic Error Cancella- quires resources scaling exponentially with n, but it can tion (PEC) [3, 4], Zero-Noise Extrapolation (ZNE) [3], often be made efficient by considering the structure of and a"
Urbanek et al. - 2021 - Mitigating Depolarizing Noise on Quantum Computers with Noise-Estimation Circuits.pdf,Urbanek et al.,partial,no,none,,,
Venere et al. - 2024 - Characterizing the Effects of Zero-Noise Extrapolation on a QAOA Workflow.pdf,Venere et al.,no,partial,weak,scaling-mention,2,"Factory Scaling Scale factors conf.0 Richardson fold gates from right 1, 2, 3 conf.1 Richardson fold gates from left 1, 2, 3 conf.2 Richardson fold gates from right"
Wahl et al. - 2023 - Zero Noise Extrapolation on Logical Qubits by Scaling the Error Correction Code Distance.pdf,Wahl et al.,yes,yes,strong,circuit-overhead,3,"nding to the noisy λ of the surface code, with the benefit of smaller total physical implementationoftheidealunitaryU atthenoisescalefactor qubit and gate overheads [2], [11], [34], [43]. Data qubits λ. are indicated by white circles and ancilla qubits for stabilizer The expectation value E(λ) is typically measu"
Wahl et al. - 2023 - Zero Noise Extrapolation on Logical Qubits by Scaling the Error Correction Code Distance.pdf,Wahl et al.,yes,yes,weak,overhead-mention,1,"vice. For instance, at a physical code distance of 11, the DS-ZNE effective code distance is 17, niques on physical qubits generally require no qubit overhead andataphysicalcodedistanceof13,theDS-ZNEeffectivecode (asindynamicaldecoupling,ZNEandPEC)orasmallerqubit distanceis21.Whentheproposedtechniqueiscompa"
Wahl et al. - 2023 - Zero Noise Extrapolation on Logical Qubits by Scaling the Error Correction Code Distance.pdf,Wahl et al.,yes,yes,weak,overhead-mention,1,"icalcodedistanceof13,theDS-ZNEeffectivecode (asindynamicaldecoupling,ZNEandPEC)orasmallerqubit distanceis21.Whentheproposedtechniqueiscomparedagainst overhead than required for QEC (as in symmetry-based QEM unitary folding ZNE under the constraint of a fixed number of techniques [17], [21]), sampling overhe"
Wahl et al. - 2023 - Zero Noise Extrapolation on Logical Qubits by Scaling the Error Correction Code Distance.pdf,Wahl et al.,yes,yes,weak,overhead-mention,1,"erhead than required for QEC (as in symmetry-based QEM unitary folding ZNE under the constraint of a fixed number of techniques [17], [21]), sampling overhead remains a practical executions of the quantum device, DS-ZNE outperforms unitary limitation for some techniques, particularly for PEC. foldingbyupto9"
Wahl et al. - 2023 - Zero Noise Extrapolation on Logical Qubits by Scaling the Error Correction Code Distance.pdf,Wahl et al.,yes,yes,weak,overhead-mention,1,"eads of QEC and QEM in a unifiedpictureisasatradebetweenQEC’squbitoverheadand Index Terms—Quantum error correction, quantum error mit- QEM’s sampling overhead. On the one hand, different QEM igation, zero noise extrapolation, Mitiq, code distance scaling, techniqueshavebeenhybridizedtorealizethebenefitofQEM"
Wahl et al. - 2023 - Zero Noise Extrapolation on Logical Qubits by Scaling the Error Correction Code Distance.pdf,Wahl et al.,yes,yes,weak,overhead-mention,1,"scaling, techniqueshavebeenhybridizedtorealizethebenefitofQEM distance-scaled zero noise extrapolation, unitary folding. at a lower circuit sampling overhead [10], [25], [28]. On the 979-8-3503-4323-6/23/$31.00 ©2023 IEEE 888 DOI 10.1109/QCE57702.2023.00103 30100.3202.20775ECQ/9011.01 :IOD | EEEI 3202© 00."
Wahl et al. - 2023 - Zero Noise Extrapolation on Logical Qubits by Scaling the Error Correction Code Distance.pdf,Wahl et al.,yes,yes,weak,overhead-mention,2,"approach, we note that ZNE does not require knowledge of the noise model beyond estimation of the physical error rate, nor does it incur the sampling overhead associated with PEC. We abstract the level at which ZNE is applied, from the physical circuit level to the logical circuit level. We show that ZNE ca"
Wahl et al. - 2023 - Zero Noise Extrapolation on Logical Qubits by Scaling the Error Correction Code Distance.pdf,Wahl et al.,yes,yes,weak,overhead-mention,4,"tingunitaryfoldingonerror- corrected qubits is not trivial, we assume that it is possible to implementatthecircuitlevelwithoutadditionalphysicalqubit overhead. The circuit-level implementation of fault tolerant unitary folding is beyond the scope of this work—here we primarily focus on the simple and very e"
Wahl et al. - 2023 - Zero Noise Extrapolation on Logical Qubits by Scaling the Error Correction Code Distance.pdf,Wahl et al.,yes,yes,weak,overhead-mention,7,"n budget. In addition, distance scaling has the distance d evaluated at a constant m, the unmitigated i,0 advantage that it does not incur additional overhead from expectation value has a larger bias than that of the error- increasing the circuit depth, as in unitary folding, and the mitigatedexpectationval"
Wahl et al. - 2023 - Zero Noise Extrapolation on Logical Qubits by Scaling the Error Correction Code Distance.pdf,Wahl et al.,yes,yes,weak,overhead-mention,8,"atersamplingbudgetsandgreatermaximumcode distances. (b) Another benefit of distance scaling over unitary folding is that it does not incur additional overhead in the number of gates in the circuit. Since distance scaling can be applied independently from the type of circuit acting on the encoded qubit, it o"
Wahl et al. - 2023 - Zero Noise Extrapolation on Logical Qubits by Scaling the Error Correction Code Distance.pdf,Wahl et al.,yes,yes,weak,scaling-mention,1,"2023 IEEE International Conference on Quantum Computing and Engineering (QCE) Zero noise extrapolation on logical qubits by scaling the error correction code distance Misty A. Wahl Andrea Mari Unitary Fund Unitary Fund San Francisco, California 94104, USA San Francisco, California"
Wahl et al. - 2023 - Zero Noise Extrapolation on Logical Qubits by Scaling the Error Correction Code Distance.pdf,Wahl et al.,yes,yes,weak,scaling-mention,1,"approach (circuit-level unitary folding) for the QEC regime, we fects of noise but requires larger numbers of qubits than those propose a novel noise scaling ZNE method specifically tailored available on current devices. Progress has been demonstrated to QEC: distance scaled ZNE (DS-ZNE). DS-ZNE scales the"
Wahl et al. - 2023 - Zero Noise Extrapolation on Logical Qubits by Scaling the Error Correction Code Distance.pdf,Wahl et al.,yes,yes,weak,scaling-mention,1,"and thereby the resulting gates, logical qubit lifetimes, fault-tolerant universal gates, logical error rate, and utilizes this code distance as the scaling logical error rates, and scaling of the surface code [14], [29], ‘knob’ for ZNE. Logical qubit error rates are scaled until the maximum achievable co"
Wahl et al. - 2023 - Zero Noise Extrapolation on Logical Qubits by Scaling the Error Correction Code Distance.pdf,Wahl et al.,yes,yes,weak,scaling-mention,1,"logical qubit lifetimes, fault-tolerant universal gates, logical error rate, and utilizes this code distance as the scaling logical error rates, and scaling of the surface code [14], [29], ‘knob’ for ZNE. Logical qubit error rates are scaled until the maximum achievable code distance for a fixed number of"
Wahl et al. - 2023 - Zero Noise Extrapolation on Logical Qubits by Scaling the Error Correction Code Distance.pdf,Wahl et al.,yes,yes,weak,scaling-mention,1,"error correction, quantum error mit- QEM’s sampling overhead. On the one hand, different QEM igation, zero noise extrapolation, Mitiq, code distance scaling, techniqueshavebeenhybridizedtorealizethebenefitofQEM distance-scaled zero noise extrapolation, unitary folding. at a lower circuit sampling overhead"
Wahl et al. - 2023 - Zero Noise Extrapolation on Logical Qubits by Scaling the Error Correction Code Distance.pdf,Wahl et al.,yes,yes,weak,scaling-mention,2,"ied, from the physical circuit level to the logical circuit level. We show that ZNE can mitigate errors in logical qubits through two different noise scaling techniques. First we investigate the effect of noise scaling by global (circuit-level) unitary folding on logical qubits. We then propose and demonst"
Wahl et al. - 2023 - Zero Noise Extrapolation on Logical Qubits by Scaling the Error Correction Code Distance.pdf,Wahl et al.,yes,yes,weak,scaling-mention,2,"evel. We show that ZNE can mitigate errors in logical qubits through two different noise scaling techniques. First we investigate the effect of noise scaling by global (circuit-level) unitary folding on logical qubits. We then propose and demonstrate a new noise scaling technique for ZNE on logical qubits,"
Wahl et al. - 2023 - Zero Noise Extrapolation on Logical Qubits by Scaling the Error Correction Code Distance.pdf,Wahl et al.,yes,yes,weak,scaling-mention,2,"t we investigate the effect of noise scaling by global (circuit-level) unitary folding on logical qubits. We then propose and demonstrate a new noise scaling technique for ZNE on logical qubits, which we refertoasdistancescaledZNE(DS-ZNE)inwhichthecircuit is executed at higher noise levels by scaling down"
Wahl et al. - 2023 - Zero Noise Extrapolation on Logical Qubits by Scaling the Error Correction Code Distance.pdf,Wahl et al.,yes,yes,weak,scaling-mention,2,"noise scaling technique for ZNE on logical qubits, which we refertoasdistancescaledZNE(DS-ZNE)inwhichthecircuit is executed at higher noise levels by scaling down the code distance. While our experiments and evaluation focus on the Fig. 1: Illustration of noise scaling by code distance as pro- surface code"
Wahl et al. - 2023 - Zero Noise Extrapolation on Logical Qubits by Scaling the Error Correction Code Distance.pdf,Wahl et al.,yes,yes,weak,scaling-mention,2,"is executed at higher noise levels by scaling down the code distance. While our experiments and evaluation focus on the Fig. 1: Illustration of noise scaling by code distance as pro- surface code [11], our results are broadly applicable to other posedintheDS-ZNEframework.Distance-scaledexpectation QEC code"
Wahl et al. - 2023 - Zero Noise Extrapolation on Logical Qubits by Scaling the Error Correction Code Distance.pdf,Wahl et al.,yes,yes,weak,scaling-mention,3,"e depends on the code distance, the error correction code distance, d. For a code distance of d, noise level of the computation can also be scaled by scaling error chains up to a length of (d−1)/2 can be detected and thecodedistance.Thisrelationshipbetweencodedistanceand corrected in each error correction"
Wahl et al. - 2023 - Zero Noise Extrapolation on Logical Qubits by Scaling the Error Correction Code Distance.pdf,Wahl et al.,yes,yes,weak,scaling-mention,3,"(d−1)/2 can be detected and thecodedistance.Thisrelationshipbetweencodedistanceand corrected in each error correction cycle, per logical qubit. noise scaling forms the basis for the DS-ZNE framework. Surfacecodesareacommonchoiceoferrorcorrectioncode B. Zero Noise Extrapolation in the immediate future of fa"
Wahl et al. - 2023 - Zero Noise Extrapolation on Logical Qubits by Scaling the Error Correction Code Distance.pdf,Wahl et al.,yes,yes,weak,scaling-mention,3,"ayers of gates, or on the squares measure the X stabilizers. entire circuit. In the case of entire circuit folding, also known as global folding, the scaling takes the form of We denote the error rate of the physical qubits as p and the threshold as p . As presented in Ref. [11], when operating U →U =U(U†U"
Wahl et al. - 2023 - Zero Noise Extrapolation on Logical Qubits by Scaling the Error Correction Code Distance.pdf,Wahl et al.,yes,yes,weak,scaling-mention,4,"its To provide a fair comparison between mitigated and unmit- igated values when analyzing the improvement obtained from We now consider how distance scaling enables paralleliza- QEM, it is helpful to establish a fixed sampling budget, in tion of circuit executions within a fixed sampling budget. which the"
Wahl et al. - 2023 - Zero Noise Extrapolation on Logical Qubits by Scaling the Error Correction Code Distance.pdf,Wahl et al.,yes,yes,weak,scaling-mention,4,"i.e. suchgroupsofqubitscanberuninparalleltocollectsamples N =N N . (6) more efficiently, enhancing the performance of the distance samples circ shots scaling technique. For example, given a budget of N circuit III. DISTANCE-SCALEDZNEFRAMEWORK executions at code distance d = 11, the effective number of A. N"
Wahl et al. - 2023 - Zero Noise Extrapolation on Logical Qubits by Scaling the Error Correction Code Distance.pdf,Wahl et al.,yes,yes,weak,scaling-mention,4,"nique. For example, given a budget of N circuit III. DISTANCE-SCALEDZNEFRAMEWORK executions at code distance d = 11, the effective number of A. Noise scaling by code distance reduction measurement shots can be increased from N up to 4N, when In the proposed framework, we combine QEC and QEM reducing the co"
Wahl et al. - 2023 - Zero Noise Extrapolation on Logical Qubits by Scaling the Error Correction Code Distance.pdf,Wahl et al.,yes,yes,weak,scaling-mention,4,"ducing the code distance from d=11 to d=5. Thus, when by applying ZNE on logical qubits with two different noise mitigating errors with ZNE, distance scaling can use physical scalingmethods,unitaryfoldingandcodedistancescaling.To qubits more efficiently than other noise scaling techniques, preservethestruc"
Wahl et al. - 2023 - Zero Noise Extrapolation on Logical Qubits by Scaling the Error Correction Code Distance.pdf,Wahl et al.,yes,yes,weak,scaling-mention,4,"ng errors with ZNE, distance scaling can use physical scalingmethods,unitaryfoldingandcodedistancescaling.To qubits more efficiently than other noise scaling techniques, preservethestructureofthecircuitactingonlogicalqubits,we improving the overall performance of the full error mitigation perform global ci"
Wahl et al. - 2023 - Zero Noise Extrapolation on Logical Qubits by Scaling the Error Correction Code Distance.pdf,Wahl et al.,yes,yes,weak,scaling-mention,4,"eyond the scope of this work—here we primarily focus on the simple and very effective distance- scaled DS-ZNE approach. The DS-ZNE method consists of scaling the noise level of the computation by executing the quantum circuit on the log- ical qubits at successively lower code distances. Specifically, we pa"
Wahl et al. - 2023 - Zero Noise Extrapolation on Logical Qubits by Scaling the Error Correction Code Distance.pdf,Wahl et al.,yes,yes,weak,scaling-mention,4,",j ≥1, j ∈{j 1 ,...,j k }, (8) parallelforfastersamplecollection.Thus,distancescalingcan L di,0 use physical qubits more efficiently than other noise scaling where P L is the logical error rate defined in (1). It should techniques, improving performance. be noted that λ increases with decreasing d . In thi"
Wahl et al. - 2023 - Zero Noise Extrapolation on Logical Qubits by Scaling the Error Correction Code Distance.pdf,Wahl et al.,yes,yes,weak,scaling-mention,5,"bability P after every correction L cycle, where we assume each cycle corresponds to a layer of gates in the circuit. The simulation of code distance scaling is achieved simply by adjusting d in the formula of the logical error rate given in (1). Fig. 5: An n-qubit, randomized benchmarking circuit of Clif-"
Wahl et al. - 2023 - Zero Noise Extrapolation on Logical Qubits by Scaling the Error Correction Code Distance.pdf,Wahl et al.,yes,yes,weak,scaling-mention,5,andom sequence of m elements (representedbythecoloredrectangles) ofthen-qubitClifford group(withoperationsrepresentedbythewhitetiles)followed Fig. 4: Scaling the distance of a rotated surface code from byaninverse(representedbythegrayrectangle)toobtainthe the original code distance d to a reduced code dist
Wahl et al. - 2023 - Zero Noise Extrapolation on Logical Qubits by Scaling the Error Correction Code Distance.pdf,Wahl et al.,yes,yes,weak,scaling-mention,6,"polynomial extrapolation may be partly due to all unmitigated samples being taken technique(asdescribedinSec.II-B)wasappliedtoeachsetof without noise scaling, i.e. λ=1. Also, the standard deviation distance-scaledexpectationvaluestoobtainthecorresponding of the distance-scaled expectation values is up to 5"
Wahl et al. - 2023 - Zero Noise Extrapolation on Logical Qubits by Scaling the Error Correction Code Distance.pdf,Wahl et al.,yes,yes,weak,scaling-mention,6,"is may be due to the larger and nonlinear from a third-order polynomial extrapolation on expectation spacing between noise scale factors for distance scaling as values evaluated at distance d for folding noise scale fac- comparedtounitaryfolding,whicharisesfromtheexponential i,0 tors λ ∈ {1,3,5,7}. The uni"
Wahl et al. - 2023 - Zero Noise Extrapolation on Logical Qubits by Scaling the Error Correction Code Distance.pdf,Wahl et al.,yes,yes,weak,scaling-mention,6,"e d for folding noise scale fac- comparedtounitaryfolding,whicharisesfromtheexponential i,0 tors λ ∈ {1,3,5,7}. The unitary folding and extrapolation scaling of the logical error rate with code distance. n functions were applied using the ZNE module of the software B. Effective code distance package Mitiq"
Wahl et al. - 2023 - Zero Noise Extrapolation on Logical Qubits by Scaling the Error Correction Code Distance.pdf,Wahl et al.,yes,yes,weak,scaling-mention,6,"USSION expectation value can be obtained without mitigation. The A. Error-mitigated expectation values effective code distance obtained with distance scaling is de- noted as d , and the effective code distance obtained with The mean expectation value E averaged over 100 trials DS folding is denoted as d ."
Wahl et al. - 2023 - Zero Noise Extrapolation on Logical Qubits by Scaling the Error Correction Code Distance.pdf,Wahl et al.,yes,yes,weak,scaling-mention,6,"ted as d . For example, the effective logical togetherwithitsstandarddeviation(theerrorbar)isplottedfor F error rate obtained at m = 30 with distance scaling at code each maximum code distance d , at Clifford depths m=20 i,0 distance11isapproximatelyequaltotheunmitigatedeffective and m = 30, in Fig. 6. The"
Wahl et al. - 2023 - Zero Noise Extrapolation on Logical Qubits by Scaling the Error Correction Code Distance.pdf,Wahl et al.,yes,yes,weak,scaling-mention,6,"es are DS Similarly, the effective logical error rate obtained at m = 30 evaluated. The dashed blue line represents the error mitigated with distance scaling at code distance 13 is approximately resultsbasedonDS-ZNEwithj ∈{0,2,4,6},thedot-dashed equal to the unmitigated effective logical error rate at code"
Wahl et al. - 2023 - Zero Noise Extrapolation on Logical Qubits by Scaling the Error Correction Code Distance.pdf,Wahl et al.,yes,yes,weak,scaling-mention,6,errorrate.Withunitaryfoldingthereduction∆n isupto240 expectation values. The bias decreases with increasing code F physical qubits and with distance scaling the reduction ∆n distance for both DS-ZNE and unitary folding as well as for DS isupto272qubits.WeexpectthatthebenefitsofDS-ZNEwill only improve furt
Wahl et al. - 2023 - Zero Noise Extrapolation on Logical Qubits by Scaling the Error Correction Code Distance.pdf,Wahl et al.,yes,yes,weak,scaling-mention,7,"result in circuits with n Clifforddepth:m=30 1, 3, 5, and 7 times the original circuit depth. Finer adjustment of the noise scale factors in distance scaling could yield further improvements, both in increasing theeffectivecodedistanceandreducingthestandarddeviation in the distance-scaled results. Instead"
Wahl et al. - 2023 - Zero Noise Extrapolation on Logical Qubits by Scaling the Error Correction Code Distance.pdf,Wahl et al.,yes,yes,weak,scaling-mention,7,"se scale factors. with λ ∈{1,3,5,7}. n We can see that with reuse of unused qubits, distance We can see from the plots of the mean expectation values scaling can increase the effective code distance within a fixed of the higher Clifford depth circuits in Fig. 7 that for every 1 (serial) execution budget. I"
Wahl et al. - 2023 - Zero Noise Extrapolation on Logical Qubits by Scaling the Error Correction Code Distance.pdf,Wahl et al.,yes,yes,weak,scaling-mention,7,"ective code distance within a fixed of the higher Clifford depth circuits in Fig. 7 that for every 1 (serial) execution budget. In addition, distance scaling has the distance d evaluated at a constant m, the unmitigated i,0 advantage that it does not incur additional overhead from expectation value has a l"
Wahl et al. - 2023 - Zero Noise Extrapolation on Logical Qubits by Scaling the Error Correction Code Distance.pdf,Wahl et al.,yes,yes,weak,scaling-mention,8,"ectation values obtained from logical circuits. VI. CONCLUSION We have demonstrated the use of ZNE applied to logical qubits with two different noise scaling methods: with unitary foldingandwithnoveldistancescaling.Furthermore,wehave shown that ZNE with distance scaling or with circuit-level unitary foldin"
Wahl et al. - 2023 - Zero Noise Extrapolation on Logical Qubits by Scaling the Error Correction Code Distance.pdf,Wahl et al.,yes,yes,weak,scaling-mention,8,"ical qubits with two different noise scaling methods: with unitary foldingandwithnoveldistancescaling.Furthermore,wehave shown that ZNE with distance scaling or with circuit-level unitary folding can effectively mitigate errors in expectation values obtained with logically encoded qubits. Equivalently, we"
Wahl et al. - 2023 - Zero Noise Extrapolation on Logical Qubits by Scaling the Error Correction Code Distance.pdf,Wahl et al.,yes,yes,weak,scaling-mention,8,"qubits. Equivalently, we can see that ZNE increases the effective code distance for afixednumberofserialcircuitexecutions.Atlowerdistances, distance scaling outperforms unitary folding, both in terms of the effective logical error rate and in terms of the effective code distance. We anticipate the improve"
Wahl et al. - 2023 - Zero Noise Extrapolation on Logical Qubits by Scaling the Error Correction Code Distance.pdf,Wahl et al.,yes,yes,weak,scaling-mention,8,to be even more pronounced for critical applications requiringgreatersamplingbudgetsandgreatermaximumcode distances. (b) Another benefit of distance scaling over unitary folding is that it does not incur additional overhead in the number of gates in the circuit. Since distance scaling can be applied indep
Wahl et al. - 2023 - Zero Noise Extrapolation on Logical Qubits by Scaling the Error Correction Code Distance.pdf,Wahl et al.,yes,yes,weak,scaling-mention,8,"benefit of distance scaling over unitary folding is that it does not incur additional overhead in the number of gates in the circuit. Since distance scaling can be applied independently from the type of circuit acting on the encoded qubit, it opens the possibility to use ZNE in applications where unitary"
Wahl et al. - 2023 - Zero Noise Extrapolation on Logical Qubits by Scaling the Error Correction Code Distance.pdf,Wahl et al.,yes,yes,weak,scaling-mention,9,"ammah, and W. J. Zeng, “Extending quantum 4505,Sep2002.[Online].Available:https://doi.org/10.1063/1.1499754 probabilistic error cancellation by noise scaling,” Phys. Rev. A, vol. [8] J. Emerson, R. Alicki, and K. Z˙yczkowski, “Scalable noise estimation 104,p.052607,Nov2021.[Online].Available:https://link.a"
Wang et al. - 2021 - Noise-induced barren plateaus in variational quantum algorithms.pdf,Wang et al.,yes,yes,strong,exponential-overhead,2,"ing gradient phenomenon is To be clear, any variational algorithm with a NIBP will have now referred to as barren plateaus in the training landscape. exponential scaling. In this sense, NIBPs destroy quantum Barrenplateausimplythatinordertoresolvegradientstoafixed speedup, as the standard goal of quantum algorithms is"
Wang et al. - 2021 - Noise-induced barren plateaus in variational quantum algorithms.pdf,Wang et al.,yes,yes,strong,exponential-overhead,2,"egradientstoafixed speedup, as the standard goal of quantum algorithms is to avoid precision,onaverage,anexponentialnumberofshotsneedtobe the typical exponential scaling of classical algorithms. NIBPs are invested. This places an exponential resource burden on the conceptually distinct from the noise-free barren plate"
Wang et al. - 2021 - Noise-induced barren plateaus in variational quantum algorithms.pdf,Wang et al.,yes,yes,strong,exponential-overhead,2,"otentially avoid NIBPs. training42,43. Such strategies give hope that perhaps VQAs may Inwhatfollows,wepresentourgeneralframeworkfollowedby avoid the exponential scaling that otherwise would result from our main result. We also present two extensions of our main the exponential precision requirements of navigating thr"
Wang et al. - 2021 - Noise-induced barren plateaus in variational quantum algorithms.pdf,Wang et al.,yes,yes,strong,exponential-overhead,4,"s our That is, NIBPs occur regardless of the noise strength, it only maintheorem.Namely,inthefollowinglemma,weshowthatthe changes the severity of the exponential scaling. noisycostfunctionconcentratesaroundthecorrespondingvalue In addition, Corollary 1 implies that NIBPs are conceptually for the maximally mixed state."
Wang et al. - 2021 - Noise-induced barren plateaus in variational quantum algorithms.pdf,Wang et al.,yes,yes,weak,overhead-mention,4,"non-commuting terms are usually FðnÞ¼ 8ln2 N kH k kωk n1=2qLþ1 ; ð12Þ approximated with techniques such as Trotterization. This O lm 1 1 compilation overhead potentially leads to a sequence of gates and ω is defined in Eq. (4), with number of non-zero elements that grows with n. Remark 1 enables us to acco"
Wang et al. - 2021 - Noise-induced barren plateaus in variational quantum algorithms.pdf,Wang et al.,yes,yes,weak,overhead-mention,5,"there are problems 2n M 2n employing the QAOA that explicitly require p scaling as 1 poly(n)21,68. Thus, without even considering the compilation and overhead for the problem unitary, these QAOA problems may j∂ C e j ⩽ qwFðnÞ ð18Þ runintoNIBPsparticularlywhenaimingforquantumadvantage. lm M Moreover, weak gr"
Wang et al. - 2021 - Noise-induced barren plateaus in variational quantum algorithms.pdf,Wang et al.,yes,yes,weak,overhead-mention,5,"aimingforquantumadvantage. lm M Moreover, weak growth of p with n combined with compilation where G(n) and F(n) are defined in Lemma 1 and Theorem 1, overhead could still result in an NIBP. respectively. Finally, we note that above we have assumed the contribution Proposition 1 goes beyond the noise model c"
Wang et al. - 2021 - Noise-induced barren plateaus in variational quantum algorithms.pdf,Wang et al.,yes,yes,weak,overhead-mention,8,"1, it followsthatNIBPscanoccurforpracticalQAOAproblems,even forconstantnumberofrounds.Furthermore,evenneglectingthe aforementioned linear compilation overhead, NIBPs are guaran- teed(asymptotically)ifpgrowsinn.Suchgrowthhasbeenshown to be necessary in certain instances of MaxCut64 as well as for Fig.6Specia"
Wang et al. - 2021 - Noise-induced barren plateaus in variational quantum algorithms.pdf,Wang et al.,yes,yes,weak,scaling-mention,2,"o large gradientvanishesexponentiallyinthecircuitdepth.Moreover,it problemsizes.Whileperformingnumericalheuristicsforsmallor is typical to consider L scaling as poly(n) (e.g., in the UCC intermediate problem sizes is the norm for VQAs, deriving Ansatz52),forwhichourmainresultimpliesanexponentialdecay analy"
Wang et al. - 2021 - Noise-induced barren plateaus in variational quantum algorithms.pdf,Wang et al.,yes,yes,weak,scaling-mention,2,"ly(n) (e.g., in the UCC intermediate problem sizes is the norm for VQAs, deriving Ansatz52),forwhichourmainresultimpliesanexponentialdecay analytical scaling results is rare for this field. Noteworthy of the gradient in n. We refer to this as a Noise-Induced Barren exceptionsaresomerecentstudiesofthescalin"
Wang et al. - 2021 - Noise-induced barren plateaus in variational quantum algorithms.pdf,Wang et al.,yes,yes,weak,scaling-mention,2,"phenomenon is To be clear, any variational algorithm with a NIBP will have now referred to as barren plateaus in the training landscape. exponential scaling. In this sense, NIBPs destroy quantum Barrenplateausimplythatinordertoresolvegradientstoafixed speedup, as the standard goal of quantum algorithms is"
Wang et al. - 2021 - Noise-induced barren plateaus in variational quantum algorithms.pdf,Wang et al.,yes,yes,weak,scaling-mention,2,"afixed speedup, as the standard goal of quantum algorithms is to avoid precision,onaverage,anexponentialnumberofshotsneedtobe the typical exponential scaling of classical algorithms. NIBPs are invested. This places an exponential resource burden on the conceptually distinct from the noise-free barren plate"
Wang et al. - 2021 - Noise-induced barren plateaus in variational quantum algorithms.pdf,Wang et al.,yes,yes,weak,scaling-mention,2,"void NIBPs. training42,43. Such strategies give hope that perhaps VQAs may Inwhatfollows,wepresentourgeneralframeworkfollowedby avoid the exponential scaling that otherwise would result from our main result. We also present two extensions of our main the exponential precision requirements of navigating thr"
Wang et al. - 2021 - Noise-induced barren plateaus in variational quantum algorithms.pdf,Wang et al.,yes,yes,weak,scaling-mention,2,"question, Results which has not yet been addressed, is how noise affects the General framework. In this work we analyze a general class of asymptotic scaling of VQAs. More specifically, one can ask how parameterizedansatzesU(θ)thatcanbeexpressedasaproductof noise affects the training process. If the effect"
Wang et al. - 2021 - Noise-induced barren plateaus in variational quantum algorithms.pdf,Wang et al.,yes,yes,weak,scaling-mention,2,"d b ie e d e . nseen48,49,althoughthescalingofthiseffecthasnotbeen U l ðθ l Þ¼ e(cid:2)iθ lm H lmW lm ; ð3Þ m In this work, we analytically study the scaling of gradient for where H are Hermitian operators, θ ={θ } are continuous VQAs as a function of n, the circuit depth L, and a noise para- lm l lm param"
Wang et al. - 2021 - Noise-induced barren plateaus in variational quantum algorithms.pdf,Wang et al.,yes,yes,weak,scaling-mention,4,"is primarily concerned with trainability, and hence the gra- L2ΩðnÞ : ð14Þ dientisakeyquantityofinterest.Theseapplicationsmotivateour The asymptotic scaling in Eq. (13) is independent of l and m, main result in Theorem 1, which bounds the magnitude of the i.e., the scaling is blind to the layer, or the pa"
Wang et al. - 2021 - Noise-induced barren plateaus in variational quantum algorithms.pdf,Wang et al.,yes,yes,weak,scaling-mention,4,"ationsmotivateour The asymptotic scaling in Eq. (13) is independent of l and m, main result in Theorem 1, which bounds the magnitude of the i.e., the scaling is blind to the layer, or the parameter within the gradient. We remark that trainability is of course also important layer,forwhichthederivativeistak"
Wang et al. - 2021 - Noise-induced barren plateaus in variational quantum algorithms.pdf,Wang et al.,yes,yes,weak,scaling-mention,4,"s, NIBPs occur regardless of the noise strength, it only maintheorem.Namely,inthefollowinglemma,weshowthatthe changes the severity of the exponential scaling. noisycostfunctionconcentratesaroundthecorrespondingvalue In addition, Corollary 1 implies that NIBPs are conceptually for the maximally mixed state."
Wang et al. - 2021 - Noise-induced barren plateaus in variational quantum algorithms.pdf,Wang et al.,yes,yes,weak,scaling-mention,5,"id:2) 1(cid:8) (cid:8) (cid:8) ð17Þ problems (for example64–67). In addition, there are problems 2n M 2n employing the QAOA that explicitly require p scaling as 1 poly(n)21,68. Thus, without even considering the compilation and overhead for the problem unitary, these QAOA problems may j∂ C e j ⩽ qwFðnÞ ð18"
Wang et al. - 2021 - Noise-induced barren plateaus in variational quantum algorithms.pdf,Wang et al.,yes,yes,weak,scaling-mention,7,"cally,anypossibleadvantagewouldbelostforlarge gradientstobeunresolvable.cThedifferenceofthecostvaluefromits problem sizes or circuit depth due to bad scaling. Hence, noise correspondingmaximallymixedvalueisplottedversusn.dThevarianceof appears to be a crucial factor to account for when attempting to thisdi"
Wang et al. - 2021 - Noise-induced barren plateaus in variational quantum algorithms.pdf,Wang et al.,yes,yes,weak,scaling-mention,8,"ing noisy circuits. Thus, we deem it unlikely whichmustbeoptimizedtominimizethecostfunctionC,definedasthe many strategies can remove exponential NIBP scaling as infor- expectationvalue mationaboutthecostlandscapehasfundamentallybeenlost(or (cid:7) (cid:11)(cid:12) (cid:7) C¼hγ;βjH jγ;βi¼Tr½H (cid:7)γ;β γ;β"
Weaving et al. - 2023 - Benchmarking noisy intermediate scale quantum error mitigation strategies for ground state preparati.pdf,Weaving et al.,partial,yes,strong,factor-of-N,11,"sforeachPaulitermP,wherethe the IBM Quantum service and allowed us to retrieve all the 2V necessary quantum circuit samples in the shortest amount of factor of 1 comes from performing both X and Z measure- 2 timepossibletomitigateagainstnoisedrift. mentsovertheancillaqubit. (iii) DSP+ZNE: B(cid:14)vP circuit s"
Weaving et al. - 2023 - Benchmarking noisy intermediate scale quantum error mitigation strategies for ground state preparati.pdf,Weaving et al.,partial,yes,weak,overhead-mention,6,"ian. In doing so, we may no longer use z This QEM technique requires no additional coherent Z symmetries to postselect allowed measurement outcomes 2 overhead and only minor postprocessing, yet we observe re- as the reduced Hamiltonian has been abstracted from them. spectable error suppression from enforcin"
Weaving et al. - 2023 - Benchmarking noisy intermediate scale quantum error mitigation strategies for ground state preparati.pdf,Weaving et al.,partial,yes,weak,overhead-mention,12,"d to coherent errors causing while also suppressing deviations with very little classical unpredictable noise amplification behavior; this could have overhead. been improved by including probabilistic error cancellation Unlike MEM and SV, the ZNE and DSP techniques ne- [6], converting coherent error into in"
Weaving et al. - 2023 - Benchmarking noisy intermediate scale quantum error mitigation strategies for ground state preparati.pdf,Weaving et al.,partial,yes,weak,overhead-mention,14,"(ii)Measurement-errormitigationwithsymmetryverifica- systems ibmq_montreal and ibmq_kolkata, plus the QV=64 tion (MEM + SV). This comes with very low overhead yet systemibm_auckland,withfurtherdevicespecificationsgiven respectableerrorsuppression(82.678%onaverage)ontopof inTableI)andasingleinstanceofMEM+SV+"
Weaving et al. - 2023 - Benchmarking noisy intermediate scale quantum error mitigation strategies for ground state preparati.pdf,Weaving et al.,partial,yes,weak,scaling-mention,7,"evice and should avoid circuit optimization routines since these may result in withweightswλ =1/var(E λ)toinfera“zero-noise”estimate an unpredictable scaling of noise. For example, as stated in E =E . This penalizes highly varying points in the ex- ZNE 0 Sec. II, the CNOT is in fact the native entangling g"
Weidinger et al. - 2023 - Error Mitigation for Quantum Approximate Optimization.pdf,Weidinger et al.,partial,yes,strong,circuit-overhead,2,"ing spins corre- spondtoanedgeinthehardwaregraphatleastonce,en- abling U (γ)’s implementation. However, the rerouting p II. METHODS introduces a SWAP-gate overhead that should be min- imized [43] to reduce the effect of decoherence and de- A. QAOA with rerouting phasing processes on the compiled quantum circuit."
Weidinger et al. - 2023 - Error Mitigation for Quantum Approximate Optimization.pdf,Weidinger et al.,partial,yes,weak,overhead-mention,1,"signing impact of noise via classical post-processing and multi- theinformationthatishandedfromthequantumcircuit ple circuit runs, requiring no qubit overhead. [18, 19]. to the classical optimizer, represented by the cost func- These resource sparing techniques are suitable for NISQ tion. With this adaption"
Weidinger et al. - 2023 - Error Mitigation for Quantum Approximate Optimization.pdf,Weidinger et al.,partial,yes,weak,overhead-mention,2,"pins corre- spondtoanedgeinthehardwaregraphatleastonce,en- abling U (γ)’s implementation. However, the rerouting p II. METHODS introduces a SWAP-gate overhead that should be min- imized [43] to reduce the effect of decoherence and de- A. QAOA with rerouting phasing processes on the compiled quantum circuit."
Weidinger et al. - 2023 - Error Mitigation for Quantum Approximate Optimization.pdf,Weidinger et al.,partial,yes,weak,overhead-mention,6,"ubitsforN >6. Thereexistanex- ponentialnumberofspanningtreesforacompletegraph, meaning that there would be enough resources. How- ever, the classical overhead should be kept in mind. Al- though we only presented the decoding scheme for com- plete graphs, the extension to more general graphs with higher-orde"
Weidinger et al. - 2023 - Error Mitigation for Quantum Approximate Optimization.pdf,Weidinger et al.,partial,yes,weak,overhead-mention,6,"or com- plete graphs, the extension to more general graphs with higher-order interactions is straightforward [49]. Those problems may have less qubit overhead, but then fewer spanning trees exist for decoding. Future work should"
White - 2025 - MANAGING ERRORS IN QUANTUM METROLOGY VIA QUANTUM ERROR MITIGATION.pdf,White,yes,partial,weak,overhead-mention,55,"has an advantage over QEC in that the former consists purely of applications of additional control pulses, and therefore requires no additional qubit overhead cost. On the other hand, DD has a significant weakness that QEC lacks: because the time-averaging effects of DD only work for correlated noise, it is"
White - 2025 - MANAGING ERRORS IN QUANTUM METROLOGY VIA QUANTUM ERROR MITIGATION.pdf,White,yes,partial,weak,overhead-mention,60,"lso has limitations relative to the previously proposed techniques. For example, the classical post-processing demands often require a large sampling overhead cost (as we shall discuss below). Furthermore, while QEM has the potential to reduce the impact of noise and produce better-quality estimates for exp"
White - 2025 - MANAGING ERRORS IN QUANTUM METROLOGY VIA QUANTUM ERROR MITIGATION.pdf,White,yes,partial,weak,overhead-mention,64,"is or algorithmic results. However, multiple copies of the quantum state must be prepared in parallel, which accrues a substantial amount of sampling overhead. In addition, the variance of the resulting estimates may grow with n. 45"
White - 2025 - MANAGING ERRORS IN QUANTUM METROLOGY VIA QUANTUM ERROR MITIGATION.pdf,White,yes,partial,weak,scaling-mention,11,"o V = X . 2 2 The sensor system is subject to a designated protocol, where estimates of the magnetic field B are extracted as a function of the noise scaling parameter λ . Fits to the data enable an m extraction of the zero-noise limit estimate for the magnetic field strength. . . . . . . . . . . . . . . ."
White - 2025 - MANAGING ERRORS IN QUANTUM METROLOGY VIA QUANTUM ERROR MITIGATION.pdf,White,yes,partial,weak,scaling-mention,12,"for (a) t = π/2; (b) t = π/4. The true value is B = 1, the phase damping noise strength is λ = 0.15, and the individual estimates at different noise scaling values η are obtained using n = 104 s shots each. . . . . . . . . . . . . . . . . . . . . . . . . . . . . 57 Figure 3-4(a) Relative error in the esti"
White - 2025 - MANAGING ERRORS IN QUANTUM METROLOGY VIA QUANTUM ERROR MITIGATION.pdf,White,yes,partial,weak,scaling-mention,12,"in the estimated B for the ordinary Ramsey and ZNE protocols with phase damping noise. For the ZNE case, the individual estimates at different noise scaling factors are obtained using n = 104 shots each. For the Ramsey protocol s variants, the number of shots and/or sensing time are adjusted to equalize r"
White - 2025 - MANAGING ERRORS IN QUANTUM METROLOGY VIA QUANTUM ERROR MITIGATION.pdf,White,yes,partial,weak,scaling-mention,13,"e ordinary Ramsey and ZNE protocols for noise-agnostic fits with amplitude damping noise. For both cases, the individual estimates at different noise scaling factors are obtained using n = 104 shots each. s The largest number of foldings is m = 2. For comparison, the Ramsey sequences are performed by equal"
White - 2025 - MANAGING ERRORS IN QUANTUM METROLOGY VIA QUANTUM ERROR MITIGATION.pdf,White,yes,partial,weak,scaling-mention,13,"e extrapolation is performed as a two-parameter fit, using the exact expression for p . For both cases, the individual 1 estimates at different noise scaling factors are obtained using n = 2 × 104 shots each. The largest number of foldings is s m = 2. For comparison, the Ramsey sequence is performed by equ"
White - 2025 - MANAGING ERRORS IN QUANTUM METROLOGY VIA QUANTUM ERROR MITIGATION.pdf,White,yes,partial,weak,scaling-mention,18,"amplitude damping. We equalize the total number of shots allowed for the two protocols. For the ZNE case, the individual estimates at different noise scaling factors are obtained using n = 104 shots. Other parameters are s t = 1, n = 5000, λ = 0.1 [for (a)], and γ = 0.01 [for(b)]. Three t s levels of foldi"
White - 2025 - MANAGING ERRORS IN QUANTUM METROLOGY VIA QUANTUM ERROR MITIGATION.pdf,White,yes,partial,weak,scaling-mention,18,"d, subject to (a) phase damping (λ = 0.1) and (b) ampli- tude damping (γ = 0.01) noise. For the ZNE case, the individual estimates at different noise scaling factors are obtained using n = 104 shots each. For the Ramsey protocol variants, the s number of shots and/or sensing time are adjusted to equalize r"
White - 2025 - MANAGING ERRORS IN QUANTUM METROLOGY VIA QUANTUM ERROR MITIGATION.pdf,White,yes,partial,weak,scaling-mention,36,"This scaling is therefore considered a fundamental limitation on precision for classical sensors — and, equivalently, quantum sensors that make no use of entangle"
White - 2025 - MANAGING ERRORS IN QUANTUM METROLOGY VIA QUANTUM ERROR MITIGATION.pdf,White,yes,partial,weak,scaling-mention,67,"o V = X . The sensor 2 2 system is subject to a designated protocol, where estimates of the magnetic field B are extracted as a function of the noise scaling parameter λ . Fits to the data enable m an extraction of the zero-noise limit estimate for the magnetic field strength. 3.2 Sensing Protocols and Noi"
White - 2025 - MANAGING ERRORS IN QUANTUM METROLOGY VIA QUANTUM ERROR MITIGATION.pdf,White,yes,partial,weak,scaling-mention,71,"ere sequences of gates are added to the circuit. Constituting identity operations in the absence of noise, these sequences enable deterministic noise scaling. 3.2.3.1 Unitary Folding Protocols Unitary folding can be realized in a variety of ways. Local folding involves amplifying noise by folding individua"
White - 2025 - MANAGING ERRORS IN QUANTUM METROLOGY VIA QUANTUM ERROR MITIGATION.pdf,White,yes,partial,weak,scaling-mention,72,"3.2.3.2 Fitting Procedures Noise scaling in ZNE is typically performed on an ensemble of circuits, each at a different noise level. Measurement outcomes of the ensemble are used to estimate"
White - 2025 - MANAGING ERRORS IN QUANTUM METROLOGY VIA QUANTUM ERROR MITIGATION.pdf,White,yes,partial,weak,scaling-mention,72,"red observable. The resulting estimates are then fit to a functional form that ideally captures the behavior of the expectation value under the noise scaling procedure. If characteristics of the underlying noise processes are not well-understood, one must rely on fitting functions that best represent empir"
White - 2025 - MANAGING ERRORS IN QUANTUM METROLOGY VIA QUANTUM ERROR MITIGATION.pdf,White,yes,partial,weak,scaling-mention,74,"origin of this effect can be understood by looking at representative examples of the extrapolation in different regimes, where η = 2m+1 is the noise scaling factor used as the independent variable in the extrapolation. The average predicted B at various levels of folding is shown in Fig. 3-3 for two value"
White - 2025 - MANAGING ERRORS IN QUANTUM METROLOGY VIA QUANTUM ERROR MITIGATION.pdf,White,yes,partial,weak,scaling-mention,74,"ccess region in Fig. 3-2(a). At the optimal sensing time for an individual Ramsey experiment, t = π/2 [Fig. 3-3(a)], the estimates at different noise scaling factors do not show any systematic variation, and even occur on opposite sides of true value of B = 1. On the other hand, when t = π/4 [Fig. 3-3(b)],"
White - 2025 - MANAGING ERRORS IN QUANTUM METROLOGY VIA QUANTUM ERROR MITIGATION.pdf,White,yes,partial,weak,scaling-mention,76,"for (a) t = π/2; (b) t = π/4. The true value is B = 1, the phase damping noise strength is λ = 0.15, and the individual estimates at different noise scaling values η are obtained using n = 104 shots each. s extrapolation. This indicates that the crossover moves to lower B as n is increased. s By simulatin"
White - 2025 - MANAGING ERRORS IN QUANTUM METROLOGY VIA QUANTUM ERROR MITIGATION.pdf,White,yes,partial,weak,scaling-mention,77,"in the estimated B for the ordinary Ramsey and ZNE protocols with phase damping noise. For the ZNE case, the individual estimates at different noise scaling factors are obtained using n = 104 shots each. For the Ramsey s protocol variants, the number of shots and/or sensing time are adjusted to equalize r"
White - 2025 - MANAGING ERRORS IN QUANTUM METROLOGY VIA QUANTUM ERROR MITIGATION.pdf,White,yes,partial,weak,scaling-mention,84,"e ordinary Ramsey and ZNE protocols for noise-agnostic fits with amplitude damping noise. For both cases, the individual estimates at different noise scaling factors are obtained using n = 104 s shots each. The largest number of foldings is m = 2. For comparison, the Ramsey sequences are performed by equal"
White - 2025 - MANAGING ERRORS IN QUANTUM METROLOGY VIA QUANTUM ERROR MITIGATION.pdf,White,yes,partial,weak,scaling-mention,85,"e extrapolation is performed as a two-parameter fit, using the exact expression for p . For both cases, the individual 1 estimates at different noise scaling factors are obtained using n = 2×104 shots each. s The largest number of foldings is m = 2. For comparison, the Ramsey sequence is performed by equal"
White - 2025 - MANAGING ERRORS IN QUANTUM METROLOGY VIA QUANTUM ERROR MITIGATION.pdf,White,yes,partial,weak,scaling-mention,122,"ers.” In: Proceedings of the National Academy of Sciences 114.29 (2017), pp. 7555–7560. doi: 10.1073/pnas.1619152114. [14] Phillip C. Lotshaw et al. “Scaling quantum approximate optimization on near-term hardware.” In: Scientific Reports 12.1 (2022), p. 14767. doi: 10.1038/s41598-022- 14767-w. [15] Marko J"
White - 2025 - MANAGING ERRORS IN QUANTUM METROLOGY VIA QUANTUM ERROR MITIGATION.pdf,White,yes,partial,weak,scaling-mention,133,"amplitude damping. We equalize the total number of shots allowed for the two protocols. For the ZNE case, the individual estimates at different noise scaling factors are obtained using n = 104 s shots. Other parameters are t = 1, n = 5000, λ = 0.1 [for (a)], and γ = 0.01 [for(b)]. t s Three levels of foldi"
White - 2025 - MANAGING ERRORS IN QUANTUM METROLOGY VIA QUANTUM ERROR MITIGATION.pdf,White,yes,partial,weak,scaling-mention,134,"hod, subject to (a) phase damping (λ = 0.1) and (b) amplitude damping (γ = 0.01) noise. For the ZNE case, the individual estimates at different noise scaling factors are obtained using n = 104 s shots each. For the Ramsey protocol variants, the number of shots and/or sensing time are adjusted to equalize r"
Wu et al. - 2022 - Erasure conversion for fault-tolerant quantum computing in alkaline earth Rydberg atom arrays.pdf,Wu et al.,partial,partial,weak,overhead-mention,5,"F This is expected to consume large portions of the quantum decoder is applied to determine error patterns consistent with the hardware59,61, but the overhead can be reduced by improving the syndromes. We do not apply the peeling decoder but account for fidelityoftheinputrawmagicstates.Byrejectingresourcest"
Younis et al. - 2024 - Progress and Challenges in Quantum Computing Algorithms for NP-Hard Problems.pdf,Younis et al.,na,partial,weak,scaling-mention,2,"ossible with present-day pressing [6]. Although error correction techniques have made quantum algorithms. noticeable progress, the difficulty lies in scaling up their The problems and limits associated with creating efficient implementation. Current efforts in hardware development are hybrid quantum-classi"
Younis et al. - 2024 - Progress and Challenges in Quantum Computing Algorithms for NP-Hard Problems.pdf,Younis et al.,na,partial,weak,scaling-mention,3,"of our algorithm as well as 𝜌(cid:3404)(cid:4668)𝑃 ,𝑃 ,⋯,𝑃 (cid:4669) (1) (cid:2869) (cid:2870) (cid:3041) its runtime and resource consumption when scaling up problem sizes, which inform how to come up with more robust quantum Define problem instances with varying sizes and solutions [14]. complexities,"
Zhang et al. - 2025 - Demonstrating quantum error mitigation on logical qubits.pdf,Zhang et al.,yes,partial,weak,overhead-mention,5,"ion codes with distances d = 3,5,7 using up to 13 δ =|⟨Z L ⟩ em −⟨Z L ⟩ ideal |. (1) qubits on Processor I, as shown in Fig. 3a. Repeti- The sampling overhead η measures the relative increase tion codes protect the encoded logical qubit from bit- in sampling cost required to achieve the same variance flip e"
Zhang et al. - 2025 - Demonstrating quantum error mitigation on logical qubits.pdf,Zhang et al.,yes,partial,weak,overhead-mention,5,"cted dataset (see, e.g., Fig. 3c). Each combination qubitsareinitializedinthestate|0⟩,preparingthelogical prPoduces a corresponding bias and sampling overhead. qubitinthelogicalstate|0 L ⟩. Next,weapplyerrorinjec- Theδ-ηscatterplotsinFig.3dvisualizethatZNEcon- tionsandperformparity-checkmeasurementsforM suc"
Zhang et al. - 2025 - Demonstrating quantum error mitigation on logical qubits.pdf,Zhang et al.,yes,partial,weak,overhead-mention,5,"ines) across all cases. The plots also highlight a trade- data qubits. The transversal measurement facilEitates a off between the bias δ and sampling overhead η: while final round of parity checks and readout of L the logical ZNE reduces bias, it increases the sampling overhead. operator Z . The parity chec"
Zhang et al. - 2025 - Demonstrating quantum error mitigation on logical qubits.pdf,Zhang et al.,yes,partial,weak,overhead-mention,5,"tween the bias δ and sampling overhead η: while final round of parity checks and readout of L the logical ZNE reduces bias, it increases the sampling overhead. operator Z . The parity checks are designed to detect If the noise-boosted data points at r ,··· ,r are cho- L C 1 K all possible bit-flip errors, w"
Zhang et al. - 2025 - Demonstrating quantum error mitigation on logical qubits.pdf,Zhang et al.,yes,partial,weak,overhead-mention,5,"h,whileerrorcorrectionslowsthe parity-check rounds results in a similar relative bias and rateofdecline. Asthecodedistancedincreases,therate sampling overhead for ZNE, despite the growth in un- of decline approaches zero asymptotically, indicating a mitigated bias (see Supplementary Fig. 5). Second, for bel"
Zhang et al. - 2025 - Demonstrating quantum error mitigation on logical qubits.pdf,Zhang et al.,yes,partial,weak,overhead-mention,6,"e distances are nearly identical (Supplementary Fig. 4P). Dashed lines: numerical simulation results. d, Scatter plot showing the bias δ and sampling overhead η for all possible choices of r 1 ,...,r K in ZNE. Generally, the ZNE results of K = 2 (square) exhibit reduced bias yet introduce higher sNampling o"
Zhang et al. - 2025 - Demonstrating quantum error mitigation on logical qubits.pdf,Zhang et al.,yes,partial,weak,overhead-mention,6,"d η for all possible choices of r 1 ,...,r K in ZNE. Generally, the ZNE results of K = 2 (square) exhibit reduced bias yet introduce higher sNampling overhead compared to K = 1 (triangle). Dashed lines: biases without ZNE, i.e., δ =|⟨Z ⟩ −⟨Z ⟩(r=1)|. e–f, Similar to panels c and d, but utilizing a multi-rou"
Zhang et al. - 2025 - Demonstrating quantum error mitigation on logical qubits.pdf,Zhang et al.,yes,partial,weak,overhead-mention,7,"circuits using a our protocol can reduce the logical error by a factor of single logical qubit, it can be straightforwardly applied about 40 with an overhead cost of η ≃ 136 due to our tomorecomplexcomputationalcircuits,suchasthosein- estimation (see Supplementary Note 5). volvinglogicalCNOTgates(seeSupple"
Zhang et al. - 2025 - Demonstrating quantum error mitigation on logical qubits.pdf,Zhang et al.,yes,partial,weak,overhead-mention,8,"−1, j >0. i We characterize the performance of ZNE using two metrics: the bias δ = |⟨O⟩ − ⟨O⟩ | characterizes em ideal the accuracy, and the sampling overhead η character- izes the cost. Next, we focus on the overhead η. Sup- pose N is the total number of circuit shots used to tot acquire the K +1 data poin"
Zhang et al. - 2025 - Demonstrating quantum error mitigation on logical qubits.pdf,Zhang et al.,yes,partial,weak,overhead-mention,8,"o metrics: the bias δ = |⟨O⟩ − ⟨O⟩ | characterizes em ideal the accuracy, and the sampling overhead η character- izes the cost. Next, we focus on the overhead η. Sup- pose N is the total number of circuit shots used to tot acquire the K +1 data points. To reduce the variance S in ZNE, we allocate the shots"
Zhang et al. - 2025 - Demonstrating quantum error mitigation on logical qubits.pdf,Zhang et al.,yes,partial,weak,overhead-mention,10,"d, L. DiCarlo, S. E. Nigg, L. Sun, L. Frun- P. Rall, and T. J. Yoder, High-threshold and low- zio, S. M. Girvin, and R. J. Schoelkopf, Realization of overhead fault-tolerant quantum memory, Nature 627, three-qubitquantumerrorcorrectionwithsuperconduct- 778 (2024). ing circuits, Nature 482, 382 (2012). [24]"
Zhang et al. - 2025 - Demonstrating quantum error mitigation on logical qubits.pdf,Zhang et al.,yes,partial,weak,scaling-mention,2,"rcuitsandreportthefirstexperimental positive gain in the surface code error correction when demonstration of this application. Specifically, we apply scaling the code distance up to 7 [1]. However, it is ZNE to reduce post-correction logical errors by ampli- still viewed as a long-term goal to achieve negl"
Zhang et al. - 2025 - Demonstrating quantum error mitigation on logical qubits.pdf,Zhang et al.,yes,partial,weak,scaling-mention,2,"se on physical qubits. We note that one can fidelity through error correction, which could need mil- also amplify logical noise through code-distance scaling, lionsorevenmorequbitsandposeachallengetotheex- which offers limited tunability but avoids the need for perimental technologies regarding scalability"
Zhang et al. - 2025 - Demonstrating quantum error mitigation on logical qubits.pdf,Zhang et al.,yes,partial,weak,scaling-mention,4,"d data. b, 3 Experimental uncorrected (left) and corrected (right) expectation values of Z observable as a function of rotation angle θ 0 0 and noise scaling factor r, where we set θ =θ =θ and the unit error probability is chosen as p=8.8%. Lines and markers 2 4 0 are colored according to the measured valu"
Zhang et al. - 2025 - Demonstrating quantum error mitigation on logical qubits.pdf,Zhang et al.,yes,partial,weak,scaling-mention,4,"r qubits have a median fidelity around errors ocEcurring at a probability of rp with r being the 0.995. Since FTQC also relies heavily on measurement scaling factor, we run 43 types of circuit instances which R quality,wecandifferentiatebetweenthe|0⟩and|1⟩states correspondtoallcombinationsofinsertingoneope"
Zhang et al. - 2025 - Demonstrating quantum error mitigation on logical qubits.pdf,Zhang et al.,yes,partial,weak,scaling-mention,6,"followed by the final round of error injection and data qubit measurement. c, Unmitigated measured expectation values of Z with reEspect to the noise scaling factor r in circuits with L one round of mid-circuit parity measurements. The standard errors ofR⟨Z L ⟩ are small, as shown in Supplementary Fig. 3."
Zhang et al. - 2025 - Demonstrating quantum error mitigation on logical qubits.pdf,Zhang et al.,yes,partial,weak,scaling-mention,7,6 W co i r t r h ection Z L |0L |+L |ψL =cosπ 6 |0L +sinπ 6 |1L ® ® ® ® ® 102 X L 101 100 1 4 7 10 5×10−2 1×10−1 2×10−1 4×10−1 Noise scaling factor r δ η 0.5 0.0 1 4 7 10 r With correction No correction Z L ® With correction No correction No correction ® ARTICLE IN PRESS a c Simulation Exp
Zhang et al. - 2025 - Demonstrating quantum error mitigation on logical qubits.pdf,Zhang et al.,yes,partial,weak,scaling-mention,7,"hefirstplotshowsvariouslogicalstatesmeasuredwithout L L error injection, while the subsequent plots show the corrected re sults under different noise scaling factors r for three initial states: |0 ⟩, |+ ⟩ and |ψ ⟩ = cosπ|0 ⟩+sinπ|1 ⟩. c, Ex N pectation values of the Z observable for the logical state |ψ ⟩"
Zhang et al. - 2025 - Demonstrating quantum error mitigation on logical qubits.pdf,Zhang et al.,yes,partial,weak,scaling-mention,7,", |+ ⟩ and |ψ ⟩ = cosπ|0 ⟩+sinπ|1 ⟩. c, Ex N pectation values of the Z observable for the logical state |ψ ⟩ L L L 6 L 6 L L L as a function of noise scaling factor r, including the rawIdata (blue points), corrected data (crimson points), and numerical simulationresults(dashedlines). d,Scatterplotoftheb ia"
Zhang et al. - 2025 - Demonstrating quantum error mitigation on logical qubits.pdf,Zhang et al.,yes,partial,weak,scaling-mention,15,W co i r t r h ection Z L |0 L |+ L |ψ L =cosπ 6 |0 L +sinπ 6 |1 L ® ® ® ® ® 102 X L 101 100 1 4 7 10 5×10−2 1×10−1 2×10−1 4×10−1 Noise scaling factor r δ η 0.5 0.0 1 4 7 10 r With correction No correction Z L ® With correction No correction No correction ® S S a c E Simulation R Experiment A
Zheng et al. - 2023 - A Bayesian Approach for Characterizing and Mitigating Gate and Measurement Errors.pdf,Zheng et al.,partial,no,none,,,
van den Berg et al. - 2022 - Model-free readout-error mitigation for quantum expectation values.pdf,van den Berg et al. (2022),yes,partial,weak,overhead-mention,1,"he samplingcomplexityfortheobservable. Themethodassumesnospecificformofthenoise,butonly requires that the noise is ‘weak’ to avoid excessive sampling overhead. We provide bounds relating the error in the expectation value to the sample complexity. I. INTRODUCTION 2n left-stochastic matrix, where the entry A"
van den Berg et al. - 2022 - Model-free readout-error mitigation for quantum expectation values.pdf,van den Berg et al. (2022),yes,partial,weak,overhead-mention,1,"redparam- error-mitigationschemeforcorrelatednoisewithaformal eters,increasedsamplingcost,oradditionalclassicalpost performance guarantee on sampling overhead depending processing. Forthemitigationoferrorsthatoccurduring onthenoisestrengthwasproposedandimplementedex- the application of the quantum circuit,"
van den Berg et al. - 2022 - Model-free readout-error mitigation for quantum expectation values.pdf,van den Berg et al. (2022),yes,partial,weak,scaling-mention,5,"≥2 . (8) responding Pauli readout transition matrix then has a (cid:15)2/(1+β)2 particularly simple structure: Proof. Let i be any element in I. For scaling of the off- n n (cid:20) (cid:21) (cid:79) (cid:79) 1 0 diagonal elements we uniformly sample X from {−1,1}. HAH−1 = (H A H−1)= (12) Ifwecanensuretha"
van den Berg et al. - 2022 - Model-free readout-error mitigation for quantum expectation values.pdf,van den Berg et al. (2022),yes,partial,weak,scaling-mention,6,"e sort the onasimplequantumcircuitconsistingofasingleR (α θ) resultingestimationerrorsinmagnitudeforthedifferent y i gate on each qubit, where α is a scaling parameter that θ values and plot the result in Figure 4(e). We com- i differsforeachqubit, andθ isaglobalphase. Wechoose pare the results with those"
van den Berg et al. - 2022 - Model-free readout-error mitigation for quantum expectation values.pdf,van den Berg et al. (2022),yes,partial,weak,sample-complexity,1,",butonly requires that the noise is ‘weak’ to avoid excessive sampling overhead. We provide bounds relating the error in the expectation value to the sample complexity. I. INTRODUCTION 2n left-stochastic matrix, where the entry A denotes i,j the probability of measuring the i-th instead of the j-th computational bas"
van den Berg et al. - 2022 - Model-free readout-error mitigation for quantum expectation values.pdf,van den Berg et al. (2022),yes,partial,weak,sample-complexity,3,"owsthatwecan w w w rewrite (5) as IV. ANALYSIS (cid:104)Z˜(cid:63)(cid:105) =(cid:104)v |A(cid:63) (cid:88) |y(cid:105)Tr(|y(cid:105)(cid:104)y|ρ) A. Sample complexity w ρ w y =λ (cid:104)v | (cid:88) |y(cid:105)Tr(|y(cid:105)(cid:104)y|ρ) Protocol1estimates(cid:104)Z˜s(cid:105) ρ asf(D 1 ,s)/f(D 0 ,s),which w w iso"
van den Berg et al. - 2022 - Model-free readout-error mitigation for quantum expectation values.pdf,van den Berg et al. (2022),yes,partial,weak,sample-complexity,5,"atrices. A good, but multiplyingtheleft-handsideof (9)bythecardinalityof not very realistic, example of a transition matrix that is I, this gives the sample complexity stated in 8. perfectlyinvertiblebutprovidesdifficultyforourmethod As an aside, we note that diagonalization of quantum is the following permutation m"
van den Berg et al. - 2023 - Probabilistic error cancellation with sparse Pauli–Lindblad models on noisy quantum processors.pdf,van den Berg et al. (2023),yes,yes,strong,exponential-overhead,23,"ecurrence relation gives − − (cid:5) (cid:107)T −S (cid:107) ≤Clτ −1. l l (cid:15) (cid:5) The result then follows from Eqs. (S26) and (S27). C. Weak exponential scaling Consider a layer consisting of k non-overlapping two-qubit gates such that each gate on qubits i, j is affected by a localtwo-qubitdepolarizingchanne"
van den Berg et al. - 2023 - Probabilistic error cancellation with sparse Pauli–Lindblad models on noisy quantum processors.pdf,van den Berg et al. (2023),yes,yes,strong,circuit-overhead,9,tlyprecedingorfollowingthegatecanbecombinedwiththerespective single-qubit gate of operators P or P . This can reduce or even completely eliminate the circuit overhead of the a aU Pauli twirl.
van den Berg et al. - 2023 - Probabilistic error cancellation with sparse Pauli–Lindblad models on noisy quantum processors.pdf,van den Berg et al. (2023),yes,yes,weak,overhead-mention,1,"ter, Yorktown Heights, NY 10598, USA (Dated: June 24, 2022) Noise in pre-fault-tolerant quantum comput- comes at the expense of an increased sampling overhead ers can result in biased estimates of physical we denote by γ, which captures the noise strength and observables. Accurate bias-free estimates can th"
van den Berg et al. - 2023 - Probabilistic error cancellation with sparse Pauli–Lindblad models on noisy quantum processors.pdf,van den Berg et al. (2023),yes,yes,weak,overhead-mention,4,"dure. k The bound states that, given a quantum circuit with l ∈K (3) layers whose learning layer satisfies Eq. (2), we can es- (cid:80) with sampling overhead γ = exp( 2λ ). This k k timate the ideal expectation value (cid:104)A(cid:105) of an observable amounts exactly to inverting each indiv∈iKdual factor"
van den Berg et al. - 2023 - Probabilistic error cancellation with sparse Pauli–Lindblad models on noisy quantum processors.pdf,van den Berg et al. (2023),yes,yes,weak,overhead-mention,4,"e, this implements the inverse maps and produces application for noise mitigation with our proposed noise an unbiased expectation value with sampling overhead model we consider time evolution of the one-dimensional"
van den Berg et al. - 2023 - Probabilistic error cancellation with sparse Pauli–Lindblad models on noisy quantum processors.pdf,van den Berg et al. (2023),yes,yes,weak,overhead-mention,5,"r fashion. The number of mitigated circuit instances for each s = 1,2,...,15 is given by min(200,40·(γ γ )2s), where γ and γ are the 1 2 1 2 sampling overhead factors for the first and second layer. Each circuit instance is measured 1,024 times. For each of the s Trotter-steps we compute the global magnetiz"
van den Berg et al. - 2023 - Probabilistic error cancellation with sparse Pauli–Lindblad models on noisy quantum processors.pdf,van den Berg et al. (2023),yes,yes,weak,overhead-mention,5,torscaleswiththesquareofthesamplingoverheadfactor γ 1.8 1.6 1.4 2 1.2 1 1.0 4 6 8 10 12 14 16 18 20 Numberofqubitsinchain Fig. 4. Mitigation sampling overhead. Sampling over- head γ for the two Ising layers as a function of the number of qubits in the Ising lattice chain. The chain is depicted as aninsetatt
van den Berg et al. - 2023 - Probabilistic error cancellation with sparse Pauli–Lindblad models on noisy quantum processors.pdf,van den Berg et al. (2023),yes,yes,weak,overhead-mention,5,"mber of layers. We can define a qubit- and depth-normalized version of the scaling factor, γ¯, which allows us to con- veniently express the sampling overhead for l layers on n qubits as γ¯nl. This normalized parameter itself can also be used as a metric to represent quantum proces- sor performance; improve"
van den Berg et al. - 2023 - Probabilistic error cancellation with sparse Pauli–Lindblad models on noisy quantum processors.pdf,van den Berg et al. (2023),yes,yes,weak,overhead-mention,5,"iononnoisyprocessors. However,this also highlights the importance of improving total circuit execution time [34], which will reduce the practical PEC overhead. Inconclusion,ourresultsdemonstrateforthefirsttime apracticalpathtoextendprobabilisticerrorcancellation to remove the noise-induced bias from from hi"
van den Berg et al. - 2023 - Probabilistic error cancellation with sparse Pauli–Lindblad models on noisy quantum processors.pdf,van den Berg et al. (2023),yes,yes,weak,overhead-mention,6,"[14] Piveteau, C., Sutter, D. & Woerner, S. Quasiproba- protocols. npj Quantum Information 5, 1–9 (2019). bility decompositions with reduced sampling overhead. [32] Harper, R., Flammia, S. T. & Wallman, J. J. Efficient arXiv:2101.09290 (2021). learningofquantumnoise.NaturePhysics16,1184–1188 [15] Endo, S.,"
van den Berg et al. - 2023 - Probabilistic error cancellation with sparse Pauli–Lindblad models on noisy quantum processors.pdf,van den Berg et al. (2023),yes,yes,weak,overhead-mention,9,dingorfollowingthegatecanbecombinedwiththerespective single-qubit gate of operators P or P . This can reduce or even completely eliminate the circuit overhead of the a aU Pauli twirl.
van den Berg et al. - 2023 - Probabilistic error cancellation with sparse Pauli–Lindblad models on noisy quantum processors.pdf,van den Berg et al. (2023),yes,yes,weak,overhead-mention,21,"ρP ). The full inverse channel is given then by k − k k k k the product (cid:89) Λ 1(ρ)=γ (w ·−(1−w )P ·P )ρ, (S22) − k k k k k ∈K where the sampling overhead γ is given as the product of the individual normalizing factors so that (cid:89) (cid:16)(cid:88) (cid:17) γ = (2w −1) 1 =exp 2λ . (S23) k − k k k ∈K"
van den Berg et al. - 2023 - Probabilistic error cancellation with sparse Pauli–Lindblad models on noisy quantum processors.pdf,van den Berg et al. (2023),yes,yes,weak,overhead-mention,22,"be applied to the noise channel Λ for each layer i=1,2,...,l. This means that every layer contributes a multiplicative i factor of γ to the sampling overhead resulting in the full overhead γ(l) = (cid:81)l γ . Likewise, we have to record the i i=1 i total number of times m by which we have sampled a Pauli"
van den Berg et al. - 2023 - Probabilistic error cancellation with sparse Pauli–Lindblad models on noisy quantum processors.pdf,van den Berg et al. (2023),yes,yes,weak,overhead-mention,22,"l Λ for each layer i=1,2,...,l. This means that every layer contributes a multiplicative i factor of γ to the sampling overhead resulting in the full overhead γ(l) = (cid:81)l γ . Likewise, we have to record the i i=1 i total number of times m by which we have sampled a Pauli matrix for all the layers, so t"
van den Berg et al. - 2023 - Probabilistic error cancellation with sparse Pauli–Lindblad models on noisy quantum processors.pdf,van den Berg et al. (2023),yes,yes,weak,overhead-mention,24,"00 10 4 10 3 10 2 Error (1-f) secnatsni tiucric fo rebmuN 10 Trotter steps 20 Trotter steps 30 Trotter steps a b Fig. S5. Scaling of (a) the sampling overhead factor γ =(γ γ )2 for the Ising simulations discussed in the main text, in case 1 2 each cx gate is affected by depolarizing noise with fidelity f. P"
van den Berg et al. - 2023 - Probabilistic error cancellation with sparse Pauli–Lindblad models on noisy quantum processors.pdf,van den Berg et al. (2023),yes,yes,weak,cost-mention,6,"easure the performance of near-term quan- encoded qubits. arXiv:2103.04915 (2021). tum computers (2021). 2110.14108. [17] Takagi, R. Optimal resource cost for error mitigation. [35] Bravyi,S.,Sheldon,S.,Kandala,A.,McKay,D.&Gam- Phys. Rev. Research 3, 033178 (2021). betta,J.M.Mitigatingmeasurementerrorsinmultiqubi"
van den Berg et al. - 2023 - Probabilistic error cancellation with sparse Pauli–Lindblad models on noisy quantum processors.pdf,van den Berg et al. (2023),yes,yes,weak,scaling-mention,4,"channel i = 1,...,l with noise, C can be expected to be close to one, which leads (cid:15) respective m and γ values, we construct a circuit in- to a scaling that is only weakly exponential in l and τ. i i stanceinwhicheachnoisylayerisprecededwiththecor- Thesamplingoverheadγ(l)dictatestheresourcesneeded re"
van den Berg et al. - 2023 - Probabilistic error cancellation with sparse Pauli–Lindblad models on noisy quantum processors.pdf,van den Berg et al. (2023),yes,yes,weak,scaling-mention,5,"ds on the number of qubits (see Fig.4)aswellasthecircuitdepthintermsofthenumber of layers. We can define a qubit- and depth-normalized version of the scaling factor, γ¯, which allows us to con- veniently express the sampling overhead for l layers on n qubits as γ¯nl. This normalized parameter itself can al"
van den Berg et al. - 2023 - Probabilistic error cancellation with sparse Pauli–Lindblad models on noisy quantum processors.pdf,van den Berg et al. (2023),yes,yes,weak,scaling-mention,12,"el for all λ≥0. A. Channel operations The Lindbladian noise channel in (S9) has some useful properties. First, changing the evolution time amounts to scaling λ. Second, given two separate noise channels with parameters λ and λ , it follows from multiplicativity of 1 2 fidelities under successive Pauli chan"
van den Berg et al. - 2023 - Probabilistic error cancellation with sparse Pauli–Lindblad models on noisy quantum processors.pdf,van den Berg et al. (2023),yes,yes,weak,scaling-mention,13,"ibution with p(1)=p and p(0) = q = 1−p and n trials we have mean np and variance npq. For the estimation of observables we sample from ±1 which means scaling by two and subtracting one per trial, which gives mean 2np−n and variance 22npq. In order to obtain the observable we divide by the number of trials"
van den Berg et al. - 2023 - Probabilistic error cancellation with sparse Pauli–Lindblad models on noisy quantum processors.pdf,van den Berg et al. (2023),yes,yes,weak,scaling-mention,16,"|(cid:15) |≤(cid:15)<1/4 for all i i i,(cid:96) (cid:92) i∈B and (cid:96)∈{0,k}. Then the estimated inverse channel fidelities (f j− 1) for any j and scaling factor γˆ satisfy C (cid:15)− τ ≤f j (f(cid:100) j− 1)≤C (cid:15) τ and γC (cid:15)− τ ≤γˆ ≤γC (cid:15) τ, (S18) (cid:112) where C =(1+4(cid:15))/(1−"
van den Berg et al. - 2023 - Probabilistic error cancellation with sparse Pauli–Lindblad models on noisy quantum processors.pdf,van den Berg et al. (2023),yes,yes,weak,scaling-mention,22,e able to decrease γ. This enables us to make a trade-off between the computational complexity of expanding the channels and sample complexity due to scaling parameter γ. B. Error bounds for probabilistic error cancellation Let us assume for simplicity that observable A can be diagonalized in the computati
van den Berg et al. - 2023 - Probabilistic error cancellation with sparse Pauli–Lindblad models on noisy quantum processors.pdf,van den Berg et al. (2023),yes,yes,weak,scaling-mention,22,"≤(Clτ −1)+γ(l) (cid:112) 2log(2/δ)/N, N (cid:15) where N is the number of error-mitigation circuit instances, γ(l)= (cid:81)l γ is the product of the scaling factors γ for i=1 i i the estimated channels Λˆ , and C and τ are as in Theorem SIV.2. i (cid:15) To simplify notation throughout the manuscript we h"
van den Berg et al. - 2023 - Probabilistic error cancellation with sparse Pauli–Lindblad models on noisy quantum processors.pdf,van den Berg et al. (2023),yes,yes,weak,scaling-mention,23,"lation gives − − (cid:5) (cid:107)T −S (cid:107) ≤Clτ −1. l l (cid:15) (cid:5) The result then follows from Eqs. (S26) and (S27). C. Weak exponential scaling Consider a layer consisting of k non-overlapping two-qubit gates such that each gate on qubits i, j is affected by a localtwo-qubitdepolarizingchanne"
van den Berg et al. - 2023 - Probabilistic error cancellation with sparse Pauli–Lindblad models on noisy quantum processors.pdf,van den Berg et al. (2023),yes,yes,weak,scaling-mention,24,"bits 1015 1012 109 106 103 100 10 4 10 3 10 2 Error (1-f) secnatsni tiucric fo rebmuN 10 Trotter steps 20 Trotter steps 30 Trotter steps a b Fig. S5. Scaling of (a) the sampling overhead factor γ =(γ γ )2 for the Ising simulations discussed in the main text, in case 1 2 each cx gate is affected by depolari"
van den Berg et al. - 2023 - Probabilistic error cancellation with sparse Pauli–Lindblad models on noisy quantum processors.pdf,van den Berg et al. (2023),yes,yes,weak,sample-complexity,2,", we benchmark the four-qubit layer als Sec. SIV.2 we provide theoretical guarantees for the for increasing depths up to d in nine different bases in sample complexity for learning the error model. Under order to obtain all necessary data. Each data point in mildconditionsontheminimalfidelityofthenoisechan- Fig.2are"
van den Berg et al. - 2023 - Probabilistic error cancellation with sparse Pauli–Lindblad models on noisy quantum processors.pdf,van den Berg et al. (2023),yes,yes,weak,sample-complexity,14,n only estimate α fk up to an additive error (cid:15) that decreases with the number of circuit instances. In Section SIVB we i i therefore study the sample complexity and the final accuracy of the noise model and its inverse. For a given circuit it is generally possible to estimate a number of fidelities. In sectio
van den Berg et al. - 2023 - Probabilistic error cancellation with sparse Pauli–Lindblad models on noisy quantum processors.pdf,van den Berg et al. (2023),yes,yes,weak,sample-complexity,15,"6)=max i (w i ) we see that the diagonal elements B((cid:96))(i,i) are Q ⊗ wi and invertible, and all off-diagonal elements are zero, as required. B. Sample complexity and error analysis InordertofittheLindbladiannoisemodelweneedtoestimateindividualfidelitiesf . WerefertothesetofPaulis i that are measured in the exp"
van den Berg et al. - 2023 - Probabilistic error cancellation with sparse Pauli–Lindblad models on noisy quantum processors.pdf,van den Berg et al. (2023),yes,yes,weak,sample-complexity,16,"≤ (cid:15) with i i i,k i,k probability atleast 1−δ. Thenumberof samplesin thiscasecorresponds tothe numberof circuit instances. We will revisit the sample complexity below, but first state the following result assuming sufficiently accurate samples: Theorem SIV.2. Denote the Pauli terms in a given Pauli-Lindblad c"
van den Berg et al. - 2023 - Probabilistic error cancellation with sparse Pauli–Lindblad models on noisy quantum processors.pdf,van den Berg et al. (2023),yes,yes,weak,sample-complexity,18,"red overall success probability of 1−δ it thus suffices to choose δ =δ /|B|. Substitution in Eq. (S17) and (cid:48) (cid:48) rearranging then gives a sample complexity of 2log(2|B|/δ ) N ≥ (cid:48) (cid:15)2 circuitinstancesperbasis. Incaseweuseninebases, eachwithdepthszeroandk, thisgivesatotalnumberof18(cid:100)N(c"
van den Berg et al. - 2023 - Probabilistic error cancellation with sparse Pauli–Lindblad models on noisy quantum processors.pdf,van den Berg et al. (2023),yes,yes,weak,sample-complexity,22,nce combining terms we are able to decrease γ. This enables us to make a trade-off between the computational complexity of expanding the channels and sample complexity due to scaling parameter γ. B. Error bounds for probabilistic error cancellation Let us assume for simplicity that observable A can be diagonalized i
