pdf_file,csv_paper,csv_rating,scan_candidate,match_tier,pattern_name,page,context_snippet
AbuGhanem - 2024 - Google Quantum AI's Quest for Error-Corrected Quantum Computers.pdf,AbuGhanem,partial,yes,strong,Pauli-channel,7,"ing and machine learning [240] (see bitrary conditional phases [180], enabling the full fSim section VI). gate set. Results show an average two-qubit Pauli error The variational quantum unsampling protocol was in- of 3.8 10 − 3, reflecting high fidelity across 525 different × troduced in [241]. This method lea"
AbuGhanem - 2024 - Google Quantum AI's Quest for Error-Corrected Quantum Computers.pdf,AbuGhanem,partial,yes,strong,phase-damping,13,"s and the susceptibility of the quantum states to er- quantum processors exemplify Google Quantum AI’s rors [6]. Even a small error, such as a bit or phase flip dedication to pushing the frontiers of quantum comput- during the algorithm’s execution, can drastically alter ing. thespecklepattern,resultinginnear"
AbuGhanem - 2024 - Google Quantum AI's Quest for Error-Corrected Quantum Computers.pdf,AbuGhanem,partial,yes,strong,error-rate-value,22,"ciaslmquilbesittso:n1e0a 5 i,mlosgai-t − tpororceessesaorrcsh,ucotidliezitnhgaatlegxotreitnhdmssaannddleevxepreargiemseCntirsqth[5a0t6c]a.n cal qubit error rate: 10 6): This milestone aims at scaling quantum system−s to incorporate more log- berunwithReCirq[518],aGitHubrepositorydedicated 5. Engineering scale-up"
AbuGhanem - 2024 - Google Quantum AI's Quest for Error-Corrected Quantum Computers.pdf,AbuGhanem,partial,yes,strong,error-rate-value,22,"105,logi- ical qubits with high-fidelity gate operations. The to rVesIeIaIr.chTcoOdWeAthRatDeSxtLeAndRsGanEd-SlCevAerLaEgesUCSEirqFU[5L06]. cal qubit error rate: 10 6): This milestone aims at objective is to enable t−he implementation of sev- QUANTUM COMPUTERS eral error-corrected quantum computing applica- tion"
AbuGhanem - 2024 - Google Quantum AI's Quest for Error-Corrected Quantum Computers.pdf,AbuGhanem,partial,yes,weak,gate-error,11,"tum processor’s ability to surpass a classical com- anti-concentration property, meaning errors in estimat- puter, is highly sensitive to errors. Any gate error [15– ing output probabilities are relatively small compared to 17]cancompromisetheexperiment,makingitarigorous the probabilities themselves [407]. Th"
AbuGhanem - 2024 - Google Quantum AI's Quest for Error-Corrected Quantum Computers.pdf,AbuGhanem,partial,yes,weak,gate-error,12,"ratio of 1, resulting in an effective delityof0.37wasestimatedforthelargestcircuits. Given ≈ volume of around 250 gates and a computational cost of a gate error rate of approximately 1%, this corresponds 2 1012. toaneffectivevolumeofaround100,significantlysmaller × than the light cone volume, which includes a"
AbuGhanem - 2024 - Google Quantum AI's Quest for Error-Corrected Quantum Computers.pdf,AbuGhanem,partial,yes,weak,gate-error,36,"(2020). ciechMruczkiewicz,ThomasEO’Brien,DanEBrowne, [380] Grimm,A.et al.StabilizationandoperationofaKerr- Software mitigation of coherent two-qubit gate errors, cat qubit. Nature 584, 205-209 (2020). Quantum Sci. Technol. 7 (2), 025021, (2022). [381] Ballance,C.,Harty,T.,Linke,N.,Sepiol,M.andLucas, [362] Er"
Acharya et al. - 2025 - Quantum error correction below the surface code threshold.pdf,Acharya et al. (Willow),yes,yes,strong,Pauli-channel,2,"ons of error per cycle, ε, reducing with surface code distance d. Uncertainty on each d error probabilities measured on the 105-qubit processor. Red, Pauli errors for point is less than 7 × 10−5. The symbols match those in c. Means for d = 3 and d = 5 single-qubit gates; black, Pauli errors for CZ gates; gold,"
Acharya et al. - 2025 - Quantum error correction below the surface code threshold.pdf,Acharya et al. (Willow),yes,yes,strong,Pauli-channel,2,"ubit processor. Red, Pauli errors for point is less than 7 × 10−5. The symbols match those in c. Means for d = 3 and d = 5 single-qubit gates; black, Pauli errors for CZ gates; gold, Pauli errors for data are computed from the separate ε fits for each code and basis. Line, fit to d qubit idle during measuremen"
Acharya et al. - 2025 - Quantum error correction below the surface code threshold.pdf,Acharya et al. (Willow),yes,yes,strong,Pauli-channel,2,"for point is less than 7 × 10−5. The symbols match those in c. Means for d = 3 and d = 5 single-qubit gates; black, Pauli errors for CZ gates; gold, Pauli errors for data are computed from the separate ε fits for each code and basis. Line, fit to d qubit idle during measurement and reset; blue, identification"
Acharya et al. - 2025 - Quantum error correction below the surface code threshold.pdf,Acharya et al. (Willow),yes,yes,strong,phase-damping,6,"- Nature 616, 56–60 (2023). face code operations59. With below-threshold surface codes, we have 37. Chen, Z. et al. Exponential suppression of bit or phase flip errors with repetitive error demonstrated processor performance that can scale in principle, but correction. Nature 595, 383–387 (2021). 38. Varbanov"
Acharya et al. - 2025 - Quantum error correction below the surface code threshold.pdf,Acharya et al. (Willow),yes,yes,strong,noise-model-spec,2,"10−3. 7 weights30. Furthermore, we simulate logical qubits of higher distances using a We operate a distance-7 surface code memory comprising 49 data noise model based on the measured component error rates in Fig. 1b, qubits, 48 measure qubits and 4 additional leakage removal qubits17. additionally including leakage"
Acharya et al. - 2025 - Quantum error correction below the surface code threshold.pdf,Acharya et al. (Willow),yes,yes,strong,local-noise,3,"elative contribution of different component errors to 1/Λ. We run simulations based on a detailed model of our 72-qubit processor. The model includes local noise sources due to gates and measurements, as well as two sources of correlated error: leakage, and stray interactions between neighbouring qubits with o"
Acharya et al. - 2025 - Quantum error correction below the surface code threshold.pdf,Acharya et al. (Willow),yes,yes,weak,noise-model-mention,2,"10−3. 7 weights30. Furthermore, we simulate logical qubits of higher distances using a We operate a distance-7 surface code memory comprising 49 data noise model based on the measured component error rates in Fig. 1b, qubits, 48 measure qubits and 4 additional leakage removal qubits17. additionally including l"
Acharya et al. - 2025 - Quantum error correction below the surface code threshold.pdf,Acharya et al. (Willow),yes,yes,weak,gate-error,3,"threshold behaviour in situ on a quantum processor. To quantify the impact of correlated errors along with more typical Detection probability, p det gate errors, we form an error budget. Using the method outlined else- where17,37, we estimate the relative contribution of different component errors to 1/Λ. We"
Acharya et al. - 2025 - Quantum error correction below the surface code threshold.pdf,Acharya et al. (Willow),yes,yes,weak,gate-error,3,"qubit idle error during measurement and reset; meas., measurement and reset error; leakage, leakage during CZs and due to heating; 1Q, single- qubit gate error; excess, unmodelled error, which is the difference between experimental and simulated 1/Λ (correlated matching). d, Comparison of logical performance"
Amin et al. - 2023 - Quantum error mitigation in quantum annealing.pdf,Amin et al.,yes,partial,weak,noise-parameter,5,"exact theoretical predictions and providing a means to specify requirements on co- (depicted by the solid lines), compared to unmitigated herence and noise levels. When the objective involves results. In Fig. 3e, a few examples of extrapolation at optimizing for a lower energy solution, QAC techniques"
Bharti - 2022 - Noisy intermediate-scale quantum algorithms.pdf,Bharti,partial,yes,strong,depolarizing,27,"ential extrapolation methods have been proposed and investi- Extrapolation step of the ZNE method can be consid- gated in (Cai, 2020a) and applied to depolarizing noise ered as a regression problem if we choose to consider in (Vovrosh et al., 2021). In fact, (Cai, 2020a) shows a generic model for calculating the expe"
Bharti - 2022 - Noisy intermediate-scale quantum algorithms.pdf,Bharti,partial,yes,strong,depolarizing,59,"then averages over many sequences of each isoutput. TheintuitionbehindtheRBprotocolisthata lengthm. Moreformally,a4-stepRBprotocolconsistof (purely) depolarizing channel will cause exponential de- 1. Generate K sequences of m quantum operations cay of an excited state over time. m C with i ∈ [1,m] and j ∈ [1,K ], wher"
Bharti - 2022 - Noisy intermediate-scale quantum algorithms.pdf,Bharti,partial,yes,strong,stochastic-noise,26,"ementandweusesuperscript(0)to denoteanidealnoise-freerealizationofastate,operation or observable quantity. Recently, it was also shown how to achieve stochastic error mitigation for a continuous V. PROGRAMMING AND MAXIMIZING NISQ UTILITY time evolution (Sun et al., 2020a). For a comprehensive CurrentNISQdeviceshave"
Bharti - 2022 - Noisy intermediate-scale quantum algorithms.pdf,Bharti,partial,yes,strong,noise-model-spec,58,"tribution of states over the code space C. The algorithm introducedinSec.II.B.1,tostudyquantum-variationally is model-free, i.e. no assumption of the noise model is QCD are presented in (Dumitrescu et al., 2018; Liu and involved. The goal of the QVECTOR algorithm is to Xin,2020),andforthestudyneutrino-nucleusscat"
Bharti - 2022 - Noisy intermediate-scale quantum algorithms.pdf,Bharti,partial,yes,weak,noise-model-mention,27,"accomplishedinthreeways. Firstly, sible to extrapolate back to E(0). Depending on some in Ref. (Temme et al., 2017) it was proposed to use underlying noise model assumption, one can apply vari- a time-scaling approach by taking λ > 1, which means ous statistical models. that the time-dependent driving Hamilton"
Bharti - 2022 - Noisy intermediate-scale quantum algorithms.pdf,Bharti,partial,yes,weak,noise-model-mention,28,"28 needs to know the precise physical noise model in ad- them), the real numbers q , which represent quasiproba- l vance, which in itself is a difficult problem. Experimen- bilities, can be efficient"
Bharti - 2022 - Noisy intermediate-scale quantum algorithms.pdf,Bharti,partial,yes,weak,noise-model-mention,28,"q ∣. Lastly, thecomputedresult l l l l etal.,2018),whichdoesnotrequireexplicitknowledgeof is given by the expected value of effective measurement the noise model and mitigates any localized Markovian outcomes ⟨A(0)⟩=CE[µ ], where the effective outcome eff errors, sothattheerrorinthefinaloutputisonlydueto is µ"
Bharti - 2022 - Noisy intermediate-scale quantum algorithms.pdf,Bharti,partial,yes,weak,noise-model-mention,35,"tum Quantum Classical language circuit instructions postprocessing Quantum Quantum compiler simulator Settings for compiler, Result error mitigation, noise model Figure 6 Schematic representation of a standard NISQ programming workflow (color online). Green circular boxes represent the libraries and languages"
Bharti - 2022 - Noisy intermediate-scale quantum algorithms.pdf,Bharti,partial,yes,weak,noise-model-mention,57,"8; Q Kosut and Lidar, 2009; Kosut et al., 2008). For an en- Here,nrepresentsnumberofsamples,F (ρˆ(φ))isquan- coding process E, decoding process D and noise model Q tum Fisher information and (∆φ)2 is the variance in the N, thequalityofaquantumerrorcorrectionschemecan estimation of φ. In most of the experiments"
Bharti - 2022 - Noisy intermediate-scale quantum algorithms.pdf,Bharti,partial,yes,weak,noise-model-mention,58,"tribution of states over the code space C. The algorithm introducedinSec.II.B.1,tostudyquantum-variationally is model-free, i.e. no assumption of the noise model is QCD are presented in (Dumitrescu et al., 2018; Liu and involved. The goal of the QVECTOR algorithm is to Xin,2020),andforthestudyneutrino-nucleuss"
Bharti - 2022 - Noisy intermediate-scale quantum algorithms.pdf,Bharti,partial,yes,weak,noise-model-mention,61,"{x } via measurement on a and decoherence times alone do not provide a complete j j givenm-qubitcircuitC .Thelinearcross-entropybench- picture of the noise model (Cervera-Lierta, 2018). E marking fidelity is given by In that direction, authors of (Dallaire-Demers et al., 2020) proposed a figure-of-merit called"
Bharti - 2022 - Noisy intermediate-scale quantum algorithms.pdf,Bharti,partial,yes,weak,error-model-mention,28,"lation C (see Fig. 5 right corner). The above PEC method relies on the correct knowl- Let us familiarize ourselves with the notations used in edge of error model L(l) as is apparent from Eq. (57). tot quantum tomography (Greenbaum, 2015; Merkel et al., To enable practical implementations, (Endo et al., 2018) 2"
Bharti - 2022 - Noisy intermediate-scale quantum algorithms.pdf,Bharti,partial,yes,weak,error-model-mention,28,"e initial states ρ¯ and the ob- k (without QEM) from the ideal value due to the pres- servables A¯ are then given by j ence of noise2. Given specific error models (assuming experimentalist has full and correct knowledge about ∣ρˆ ⟫=T , (58) k ●,k ⟪Aˆ ∣=(gT−1) , (59) j j,● where we note that the hat symbol repr"
Bharti - 2022 - Noisy intermediate-scale quantum algorithms.pdf,Bharti,partial,yes,weak,noise-parameter,26,"gn of any quantum computing (ZNE), where a quantum program is to operate at var- platform to keep pushing the performance quality such ious effective noise levels of a quantum processor. It is as gate fidelity and coherence time for a given hardware then extrapolated to an estimated value at a noiseless design"
Bharti - 2022 - Noisy intermediate-scale quantum algorithms.pdf,Bharti,partial,yes,weak,noise-parameter,27,"agrange polynomial, the estimator is explicitly given by: in noisy circuit, U is imperfect and the above 1+2n cir- cuit operations would increase the noise level. Thirdly, m λ instead of entire circuit folding, one can also use gate Eˆ Rich (0)=cˆ 0 = ∑µ k ∏ λ − i λ , (56) folding technique (Giurgica-Tiron et"
Bharti - 2022 - Noisy intermediate-scale quantum algorithms.pdf,Bharti,partial,yes,weak,noise-parameter,64,"O(.). These questions determine the practicality of anyfault-tolerantquantumcomputationscheme(Terhal, REFERENCES 2015). Looking forward, lowering the noise level will be a Aaronson, S. (2019), SIAM Journal on Computing 49 (5), STOC18. critical challenge. Though the problem is demanding, Aaronson, S., and A. Ar"
Bharti - 2022 - Noisy intermediate-scale quantum algorithms.pdf,Bharti,partial,yes,weak,gate-error,26,ntum program is to operate at var- platform to keep pushing the performance quality such ious effective noise levels of a quantum processor. It is as gate fidelity and coherence time for a given hardware then extrapolated to an estimated value at a noiseless design constraints. The top-down approach means im- le
Bharti - 2022 - Noisy intermediate-scale quantum algorithms.pdf,Bharti,partial,yes,weak,gate-error,30,"valu- Dynamic error suppression/robust control techniques con- i i a ateH =⟨ψ ∣Oˆ HOˆ ∣ψ ⟩,andS =⟨ψ ∣Oˆ Oˆ ∣ψ ⟩. The cern suppression of experimental gate errors at the pulse ij a i j a ij a i j a latter is needed since the subspace states are in general control level, which can be passive as well as active o"
Bharti - 2022 - Noisy intermediate-scale quantum algorithms.pdf,Bharti,partial,yes,weak,gate-error,30,"ration; ∼12× re- ductiongate-errorvariabilityacrossqubitsandovertime; m 1 ρ˜(T)=ρˆ(T)−∑ (ρˆ(T)−ρˆ (T)), (60) and up to ∼ 9× reduction in single-qubit gate error (in- j j=1 g j cludingcrosstalk). Theimprovementsrenderedby (Car- =ρˆ(0)(T)+O(τ2). (61) valho et al., 2020) have implications on the performance of m"
Bharti - 2022 - Noisy intermediate-scale quantum algorithms.pdf,Bharti,partial,yes,weak,gate-error,30,"hannels but one less L according to the arerobustagainstparameterfluctuationsandattaineven j ratiog . Noticethatifg =1,wehavefullyremovalofthe better gate fidelity and performance. j j entirechannelL . ρˆ(0)(T)istheidealoutputstatewith- j outanyerror,whileτ istheevolutiontimeforeachnoise processafterthegateappli"
Bharti - 2022 - Noisy intermediate-scale quantum algorithms.pdf,Bharti,partial,yes,weak,gate-error,59,"l as- errors and, unlike tomography, admits an efficient and sumption,butcanberelaxed(Magesanetal.,2011, practical implementation. 2012). The average gate error is here given by RB involves the following assumptions: i) for every (cid:15) RB =1−p−(1−p)/2n, and the constants A 0 and gate, the incurred noise is"
Bharti - 2022 - Noisy intermediate-scale quantum algorithms.pdf,Bharti,partial,yes,weak,gate-error,59,"state, followed by its inverse. Finally a group will still give rise to an exponential decay. two-outcome POVM measurement is done to calculate These gate errors extracted from randomized bench- the fidelity between initial state and the output state, marking can be used to compare the quality of quantum foll"
Bultrini et al. - 2023 - Unifying and benchmarking state-of-the-art quantum error mitigation techniques.pdf,Bultrini et al.,yes,yes,strong,depolarizing,6,"i.e. µCGVD = M=1 fCDVD((µˆ,...,µˆVD )). We note that CGVD per- where b M are some coefficients to be found. In Ap- fectly mitigates g M lo m b ax al depolarizing noise as shown in pendix B we show that for this noise model the or- AppendixC.Suchperfectcorrectionispossibleasfor thogonal error scales as this noise mod"
Bultrini et al. - 2023 - Unifying and benchmarking state-of-the-art quantum error mitigation techniques.pdf,Bultrini et al.,yes,yes,strong,depolarizing,16,"cuzzi, Andre He, Christian W 0 1 2 n 0 1 2 n c λ ,c λ ,c λ ,...,c λ , which enables us to write Bauer, and Wibe A de Jong. Mitigating 0 0 1 0 2 0 n 0 depolarizing noise on quantum comput- ∞ X ers with noise-estimation circuits. Phys. µˆZNE =µˆ(c λ )=µ+ α ciλi, (24) j j 0 i j 0 Rev. Lett., 127(27):270502, 2021. DOI: i"
Bultrini et al. - 2023 - Unifying and benchmarking state-of-the-art quantum error mitigation techniques.pdf,Bultrini et al.,yes,yes,strong,depolarizing,20,"assumingthattheorthogonalerrorsaresmallenough. WecanevaluateµˆVD,assumingρhasbeenactedupon Wenotethataslongastheorthogonalerrorratesare M by a global depolarizing channel as defined in (78). nottoolarge,onecanscalebothθ anλ,e.g. choosing First focusing on the denominator, θ =c θ and λ =c λ , which results in j j 0 j j"
Bultrini et al. - 2023 - Unifying and benchmarking state-of-the-art quantum error mitigation techniques.pdf,Bultrini et al.,yes,yes,strong,depolarizing,20,"ays be dom- k=0 max (82) inated by the coherent mismatch. Noting that when M = k we are tracing over the identity, we obtain: C Correcting for global depolarizing noise with CGVD or UNITED Tr (cid:2) ρM(cid:3) = (cid:18) 1+(2Q−1)(1−λ) (cid:19)M +(2Q−1) (cid:18) λ (cid:19)M . 2Q 2Q HerewemotivatetheUNITEDansatzbyconsi"
Bultrini et al. - 2023 - Unifying and benchmarking state-of-the-art quantum error mitigation techniques.pdf,Bultrini et al.,yes,yes,strong,depolarizing,20,Q HerewemotivatetheUNITEDansatzbyconsidering (83) its performance in mitigating the action of a global Now evaluating the numerator of (81) we obtain depolarizing noise channel on some observable of in- t b e e r e e n st. sh T ow he n a t n o sa p t e z r e f s ec u t s ly ed c i o n rr C ec D t R gl a o n b d al v
Bultrini et al. - 2023 - Unifying and benchmarking state-of-the-art quantum error mitigation techniques.pdf,Bultrini et al.,yes,yes,strong,depolarizing,20,"nce the treatment is the pression, same as in the UNITED case and can be generalized very simply. 1−f µˆVD =f Tr[ρX]+ MTr[X] , (85) Consider a global depolarizing noise channel that M M 2Q acts on all Q qubits. For some state ρ = |ψ⟩⟨ψ| pro- where duced by quantum circuit U, this channel takes the form: 2QλM 1 f =1−"
Bultrini et al. - 2023 - Unifying and benchmarking state-of-the-art quantum error mitigation techniques.pdf,Bultrini et al.,yes,yes,strong,depolarizing,21,"havethesame Therefore,includingaconstanttermintheansatz,to effect on the training circuits as it will on the circuit perfectly mitigate the effect of depolarizing noise we of interest. As we have access to the exact observ- require ableforthesecircuits,thecoefficientsrequiredtolead t a o ns p a e tz rfe u c s t ed m"
Bultrini et al. - 2023 - Unifying and benchmarking state-of-the-art quantum error mitigation techniques.pdf,Bultrini et al.,yes,yes,strong,depolarizing,21,"c a a n n b b e e le u a s r e n d ed to . p A er s fe s c u t c ly h, m t i h t e - M Xmax b f =1, M Xmax 1−b MTr[X]=b . (95) M M 2Q 0 igate global depolarizing noise using a near-Clifford M=1 M=1 training set. Including a constant term in the UNITED ansatz It is straightforward to extend this analysis to in- leads"
Bultrini et al. - 2023 - Unifying and benchmarking state-of-the-art quantum error mitigation techniques.pdf,Bultrini et al.,yes,yes,strong,depolarizing,21,"o extend this analysis to in- leads to a similar conclusion. Therefore, one can see volve the ansatz including multiple noise levels. No- that global depolarizing noise can be perfectly miti- ticethatundertheactionofglobaldepolarizingnoise gated using near-Clifford circuits to train the param- definedin(78),ifthischa"
Bultrini et al. - 2023 - Unifying and benchmarking state-of-the-art quantum error mitigation techniques.pdf,Bultrini et al.,yes,yes,strong,depolarizing,21,and canbeusefulinthepresenceofthederangementnoise UNITED can perfectly mitigate the effect of global even without derangement noise error mitigation. depolarizing noise on some observable of interest. Further improvements of UNITED and VD perfor- The assumption Tr[X] = 0 is not restrictive due mance can be obtained b
Bultrini et al. - 2023 - Unifying and benchmarking state-of-the-art quantum error mitigation techniques.pdf,Bultrini et al.,yes,yes,strong,depolarizing,24,"Y Z whichindicatesthatnearlyallgeneratednear-Clifford angleofrotationabouttheX,Y,Z axes, respectively. circuits cluster around 0. Dpdep is the local depolarizing channel with the error These results show that the clustering of ob- rate pdep, defined as Dp :ρ7→(1−p)ρ+ p(σ ρσ + 3 X X servables produced by near-Clifford"
Bultrini et al. - 2023 - Unifying and benchmarking state-of-the-art quantum error mitigation techniques.pdf,Bultrini et al.,yes,yes,strong,noise-model-spec,24,"H Details of the noise model RQCs, the near-Clifford circuits are all strongly clus- tered around zero. Across all Q and L values mit- Here we use a noise model based on Trout et al. [46] igated in Section 4.2, only Q = 4,L = 64 non- and developed in [8]. The noisy quantum gates R , Clifford circuits have non-zero"
Bultrini et al. - 2023 - Unifying and benchmarking state-of-the-art quantum error mitigation techniques.pdf,Bultrini et al.,yes,yes,strong,local-noise,24,"the X Y Z whichindicatesthatnearlyallgeneratednear-Clifford angleofrotationabouttheX,Y,Z axes, respectively. circuits cluster around 0. Dpdep is the local depolarizing channel with the error These results show that the clustering of ob- rate pdep, defined as Dp :ρ7→(1−p)ρ+ p(σ ρσ + 3 X X servables produced by near-C"
Bultrini et al. - 2023 - Unifying and benchmarking state-of-the-art quantum error mitigation techniques.pdf,Bultrini et al.,yes,yes,weak,noise-model-mention,1,"havebeenproposed[6,14],each the whole is better than the individual parts). with its own benefits and trade-offs. Specifically, we employ a realistic noise model One of the most popular approaches to error mit- obtained from a trapped ion quantum com- igation is zero noise extrapolation (ZNE) [45]. ZNE puter t"
Bultrini et al. - 2023 - Unifying and benchmarking state-of-the-art quantum error mitigation techniques.pdf,Bultrini et al.,yes,yes,weak,noise-model-mention,6,"Clifford illustrate how its different moving parts help to miti- circuits. First, we start by noting that even in the gate errors. case of the simple noise model considered in the pre- vious section, one needs detailed knowledge of the noisemodeltodeterminethecoefficientsb (seeAp- 3.1 Error mitigation from VD"
Bultrini et al. - 2023 - Unifying and benchmarking state-of-the-art quantum error mitigation techniques.pdf,Bultrini et al.,yes,yes,weak,noise-model-mention,6,"- where b M are some coefficients to be found. In Ap- fectly mitigates g M lo m b ax al depolarizing noise as shown in pendix B we show that for this noise model the or- AppendixC.Suchperfectcorrectionispossibleasfor thogonal error scales as this noise model the noise floor is zero. |µVD−µ−ϵ|∈O(λM) , (14) M 3."
Bultrini et al. - 2023 - Unifying and benchmarking state-of-the-art quantum error mitigation techniques.pdf,Bultrini et al.,yes,yes,weak,noise-model-mention,6,"ing noise as shown in pendix B we show that for this noise model the or- AppendixC.Suchperfectcorrectionispossibleasfor thogonal error scales as this noise model the noise floor is zero. |µVD−µ−ϵ|∈O(λM) , (14) M 3.3 UNITED ansatz for a simple noise model whileonecanfindcoefficientsb (seeAppendixB.2) with ortho"
Bultrini et al. - 2023 - Unifying and benchmarking state-of-the-art quantum error mitigation techniques.pdf,Bultrini et al.,yes,yes,weak,noise-model-mention,6,"tcorrectionispossibleasfor thogonal error scales as this noise model the noise floor is zero. |µVD−µ−ϵ|∈O(λM) , (14) M 3.3 UNITED ansatz for a simple noise model whileonecanfindcoefficientsb (seeAppendixB.2) with orthogonal and coherent errors M which give In this section we demonstrate that by combining ZNE,"
Bultrini et al. - 2023 - Unifying and benchmarking state-of-the-art quantum error mitigation techniques.pdf,Bultrini et al.,yes,yes,weak,noise-model-mention,6,"(15) Mmax press the error better than its individual parts. For Therefore, µ′ canbeusedtosuppresstheorthog- this purpose, we consider again a simple noise model Mmax from Section 3.1. Let us construct for this model a onal error beyond the error of the VD estimate with dataset µˆUNITED, which is created using"
Bultrini et al. - 2023 - Unifying and benchmarking state-of-the-art quantum error mitigation techniques.pdf,Bultrini et al.,yes,yes,weak,noise-model-mention,7,"section we present the performance of ZNE, the ansatz coefficients requires detailed knowledge of vnCDR, VD, and UNITED applied to noisy outputs the noise model that is usually unavailable for real- obtained from simulations of a trapped-ion quantum wordquantumcomputers. Therefore,intheUNITED computer with a"
Bultrini et al. - 2023 - Unifying and benchmarking state-of-the-art quantum error mitigation techniques.pdf,Bultrini et al.,yes,yes,weak,noise-model-mention,7,"sually unavailable for real- obtained from simulations of a trapped-ion quantum wordquantumcomputers. Therefore,intheUNITED computer with a realistic noise model. We consider methods we aim to find these coefficients by learning thetaskofmitigatingtheoutputofrandomquantum from near-Clifford training circuits."
Bultrini et al. - 2023 - Unifying and benchmarking state-of-the-art quantum error mitigation techniques.pdf,Bultrini et al.,yes,yes,weak,noise-model-mention,8,"L and Q values, we consider 30 instances of ate noisy data using a realistic trapped-ion computer random quantum circuits and mitigate ⟨σ1⟩ for each noise model described in Appendix H. In general, Z of them. In this regime, the appearance of cluster- deepRQCswillproduceobservablesthatareclustered ing of the"
Bultrini et al. - 2023 - Unifying and benchmarking state-of-the-art quantum error mitigation techniques.pdf,Bultrini et al.,yes,yes,weak,noise-model-mention,10,"linearextrap- of H for each instance of Erdös-Renyi graph. Once P olation with c ∈ {1,2,3} and found that the method again, we employ the trapped-ion noise model de- we employ works best in general. We present details scribedinAppendixH.InFigure5weshowthemean of this comparison in Appendix F. and maximal absol"
Bultrini et al. - 2023 - Unifying and benchmarking state-of-the-art quantum error mitigation techniques.pdf,Bultrini et al.,yes,yes,weak,noise-model-mention,17,"smaller than its ϵ=⟨ψ 0 |X|ψ 0 ⟩−⟨ψ exact |X|ψ exact ⟩, (36) parts. We start with M max = 2 and then generalize this approach to more copies. and The noise model we consider is a simple model 2Q−1 where for each gate an error occurs with probabil- X ξ = p i =1−p 0 (37) ity λ, and every two different sequences"
Bultrini et al. - 2023 - Unifying and benchmarking state-of-the-art quantum error mitigation techniques.pdf,Bultrini et al.,yes,yes,weak,noise-model-mention,18,"the case of M max = 2 one can use 2 (cid:2) (cid:3)G combination (45) to suppress the error also for larger (1−λ)2+λ2 M . For M copies and our simple noise model we max =X 0 +λ2α 1 (2)+λ3α 2 (2)+··· , (49) have w α( h 1 e ) r o e n t e h s e . c I o n e p ffi a c r i t e i n c t u s la α r k ( , 2 o ) n a e re"
Bultrini et al. - 2023 - Unifying and benchmarking state-of-the-art quantum error mitigation techniques.pdf,Bultrini et al.,yes,yes,weak,noise-model-mention,19,"0 =⟨ψ 0 |X|ψ 0 ⟩ , (66) M Xmax b α(M)λj+M−1 =0, ∀j =1,...,M −1, where |ψ 0 ⟩⟨ψ 0 | is the dominant eigenvector of the M j max noisy state ρ. For our noise model we have M=1 (62) X =Tr[e−iθE|ψ ⟩⟨ψ |eiθEX] , (67) 0 exact exact we get where we assume [X,E]̸=0. This leads to µ′ =X +b α(1) λMmax +O(λMmax+1) . (63)"
Bultrini et al. - 2023 - Unifying and benchmarking state-of-the-art quantum error mitigation techniques.pdf,Bultrini et al.,yes,yes,weak,noise-model-mention,24,"Clifford circuits are of particular importance when the quality of the mit- generated. igation is limited by the shot budget N . tot H Details of the noise model RQCs, the near-Clifford circuits are all strongly clus- tered around zero. Across all Q and L values mit- Here we use a noise model based on Trout et"
Bultrini et al. - 2023 - Unifying and benchmarking state-of-the-art quantum error mitigation techniques.pdf,Bultrini et al.,yes,yes,weak,noise-model-mention,24,"H Details of the noise model RQCs, the near-Clifford circuits are all strongly clus- tered around zero. Across all Q and L values mit- Here we use a noise model based on Trout et al. [46] igated in Section 4.2, only Q = 4,L = 64 non- and developed in [8]. The noisy quantum gates R , Clifford circuits have non"
Bultrini et al. - 2023 - Unifying and benchmarking state-of-the-art quantum error mitigation techniques.pdf,Bultrini et al.,yes,yes,weak,noisy-device-mention,21,"g of VD mitigation and the performance of UNITED for large where N =109,1010. Nevertheless,westillfindafactorof tot 2QλMj 2.5 VD improvement over the noisy simulations and f =1− . M,j (2Q−1)λMj +(2Q−λj(2Q−1))M a factor of 1.2 UNITED improvement over vnCDR (92) for N =1010. These results indicatethat UNITED tot Ther"
Bultrini et al. - 2023 - Unifying and benchmarking state-of-the-art quantum error mitigation techniques.pdf,Bultrini et al.,yes,yes,weak,noise-parameter,1,"on quantum com- igation is zero noise extrapolation (ZNE) [45]. ZNE puter to benchmark UNITED, as well as other involves collecting data at different noise levels and state-of-the-artmethods, inmitigatingobserv- fitting an extrapolation to the noiseless case. A vari- ables produced from random quantum cir- ety"
Bultrini et al. - 2023 - Unifying and benchmarking state-of-the-art quantum error mitigation techniques.pdf,Bultrini et al.,yes,yes,weak,noise-parameter,2,"thatscalesexponentiallyinthenumberofqubitsused for sufficiently large noise rates [9]. Given the success of merging ZNE and CDR into vnCDR,inthispaper,weconsiderwhetherornotitis beneficial to unify these other error mitigation met"
Bultrini et al. - 2023 - Unifying and benchmarking state-of-the-art quantum error mitigation techniques.pdf,Bultrini et al.,yes,yes,weak,noise-parameter,2,"oduced valuesoftheobservableofinterestareobtainedusinganoisy by a random quantum circuit, and one term of a quantum computer of interest for multiple noise strengths. Max-Cut problem cost function for a circuit obtained Furthermore,VirtualDistillation(VD)mitigatedexpectation when optimizing the Quantum Alternatin"
Bultrini et al. - 2023 - Unifying and benchmarking state-of-the-art quantum error mitigation techniques.pdf,Bultrini et al.,yes,yes,weak,noise-parameter,2,"ed methods, such as vnCDR and training data involving near-Clifford training circuits UNITED.TheseoutperformZNEwhenusing106 and evaluated at multiple noise levels and can be thought 108 shotsrespectively. VDperformssimilarlytoZNE of as using Clifford data to inform the extrapolation in the RQC task but perform"
Bultrini et al. - 2023 - Unifying and benchmarking state-of-the-art quantum error mitigation techniques.pdf,Bultrini et al.,yes,yes,weak,noise-parameter,3,"onvalueµ=⟨0|⊗QU†XU|0⟩⊗Qfrommeasurements that limit its power. Firstly, ZNE assumes that low on a noisy quantum device, where |0⟩⊗Q denotes the enough noise levels are experimentally accessible to input state to the quantum circuit. In a realistic enablesuccessfulextrapolationtothezeronoiselimit. scenario, one"
Bultrini et al. - 2023 - Unifying and benchmarking state-of-the-art quantum error mitigation techniques.pdf,Bultrini et al.,yes,yes,weak,noise-parameter,3,"one mea- perform the extrapolation is not known a priori [17]. sures in the quantum computer the noisy observable Also, a controlled increase of the noise strength is µˆ. In the ZNE framework one usually assumes that hardware dependent and may be challenging to im- the noise in the device can be characterized by"
Bultrini et al. - 2023 - Unifying and benchmarking state-of-the-art quantum error mitigation techniques.pdf,Bultrini et al.,yes,yes,weak,noise-parameter,3,"dependent and may be challenging to im- the noise in the device can be characterized by a sin- plement in practice [24]. gle parameter λ which is the noise strength. More- over, while we assume that the noise cannot be de- 2.2 Clifford Data Regression creased past a certain value λ , there always exist 0 Letusnow"
Bultrini et al. - 2023 - Unifying and benchmarking state-of-the-art quantum error mitigation techniques.pdf,Bultrini et al.,yes,yes,weak,noise-parameter,3,"ifford Data Regression creased past a certain value λ , there always exist 0 LetusnowintroducetheCDR frameworkwhich pro- ways to further increase the noise strength (see be- vides background for the more general vnCDR and low). Thus, in ZNE one wishes to estimate the noisy UNITED methods. CDR [10] uses classicall"
Bultrini et al. - 2023 - Unifying and benchmarking state-of-the-art quantum error mitigation techniques.pdf,Bultrini et al.,yes,yes,weak,noise-parameter,3,"he more general vnCDR and low). Thus, in ZNE one wishes to estimate the noisy UNITED methods. CDR [10] uses classically sim- observable for increased noise levels, and then lever- ulable training circuits consisting mainly of Clifford age extrapolation techniques to obtain the noiseless gatestolearntheeffectso"
Bultrini et al. - 2023 - Unifying and benchmarking state-of-the-art quantum error mitigation techniques.pdf,Bultrini et al.,yes,yes,weak,noise-parameter,3,"thenoiseonanobservable value. To perform the extrapolation, we measure the of interest. In particular, given the circuit of inter- observable for n+1 noise strengths λ =c λ , where 1 = c 0 < c 1 < ··· < c n coefficients j are j no 0 ise lev- est U, one constructs a set of circuits {V i }N i= t 1 , which are chose"
Bultrini et al. - 2023 - Unifying and benchmarking state-of-the-art quantum error mitigation techniques.pdf,Bultrini et al.,yes,yes,weak,noise-parameter,3,els. This allows us to create a dataset composed of to construct such a training set is to replace most of expectation values estimated at different noise levels TZNE = {µˆZNE}n . The Richardson extrapolation the non-Clifford gates in the circuit of interest with j j=0 Clifford gates [10]. Here we note that t
Bultrini et al. - 2023 - Unifying and benchmarking state-of-the-art quantum error mitigation techniques.pdf,Bultrini et al.,yes,yes,weak,noise-parameter,3,"ionbetween alent to fitting a polynomial of order n on the vari- the noisy and exact expectation values is ous noisy expectation values, treating the noise level c j as an independent variable [21]. To address prob- fCDR(x)=a 1 x+a 2 , (3) lems with the reliability of Richardson extrapolation for large n, lowe"
Bultrini et al. - 2023 - Unifying and benchmarking state-of-the-art quantum error mitigation techniques.pdf,Bultrini et al.,yes,yes,weak,noise-parameter,4,"d0. Thiscanleadtoalargecluster- less, thefittedansatzdoesnotrequireexplicitknowl- ing of the expectation values in a near-Clifford train- edge of the noise levels, unlike the ZNE ansatzes, po- ing set which is detrimental to the shot efficiency of tentially easing ZNE requirements for precise control such an a"
Bultrini et al. - 2023 - Unifying and benchmarking state-of-the-art quantum error mitigation techniques.pdf,Bultrini et al.,yes,yes,weak,noise-parameter,4,"s detrimental to the shot efficiency of tentially easing ZNE requirements for precise control such an approach [11]. Therefore, to improve the of the noise strength. Both CDR and vnCDR use shot efficiency, strategies have been proposed to en- training on data produced by near-Clifford quantum sure sufficient vari"
Bultrini et al. - 2023 - Unifying and benchmarking state-of-the-art quantum error mitigation techniques.pdf,Bultrini et al.,yes,yes,weak,noise-parameter,4,"ms [10]. formative training set is the primary technical chal- The primary challenge in CDR is the construction lenge. Furthermore, adding additional noise levels to of the near-Clifford training circuits as the optimal the vnCDR training set increases the shot cost of the proceduretoconstructthetrainingsetisn"
Bultrini et al. - 2023 - Unifying and benchmarking state-of-the-art quantum error mitigation techniques.pdf,Bultrini et al.,yes,yes,weak,noise-parameter,4,"ptimal the vnCDR training set increases the shot cost of the proceduretoconstructthetrainingsetisnotknownin mitigation. Therefore, the best choice of noise levels general. Furthermore,themethodrequiresevaluation is not known a priori. of the observable of interest for the training circuits whichmayresultinalar"
Bultrini et al. - 2023 - Unifying and benchmarking state-of-the-art quantum error mitigation techniques.pdf,Bultrini et al.,yes,yes,weak,noise-parameter,4,"us denote by ρ the noisy state ob- set involving near-Clifford circuits evaluated at sev- tained at the output of the circuit of interest U. In eral noise levels [28]. The dataset for vnCDR is con- VD,oneusesM >1copiesofanoisystateρtoobtain structed as follows. First, just like in CDR, one con- expectationval"
Bultrini et al. - 2023 - Unifying and benchmarking state-of-the-art quantum error mitigation techniques.pdf,Bultrini et al.,yes,yes,weak,noise-parameter,4,"the quantity computer to obtain the noiseless expectation value of the observable of interest µ i . Then, for each V i and µˆVD = Tr[ρMX] . (5) each noise level c one uses a quantum computer to Tr[ρM] j estimate the noisy expectation values µˆvnCDR, just i,j To better understand VD, consider the eigenvalue li"
Bultrini et al. - 2023 - Unifying and benchmarking state-of-the-art quantum error mitigation techniques.pdf,Bultrini et al.,yes,yes,weak,noise-parameter,5,"U|0⟩⊗Q. Therefore, the quality of the VD correction Technique Noise Levels Copies Training is limited by a noise floor Circuits ZNE [45] ✓ ✗ ✗ ϵ=⟨ψ |X|ψ ⟩−⟨ψ |X|ψ ⟩. (8) VD [22, 26] ✗ ✓ ✗ 0 0 exact exact CDR [10] ✗ ✗ ✓ The"
Bultrini et al. - 2023 - Unifying and benchmarking state-of-the-art quantum error mitigation techniques.pdf,Bultrini et al.,yes,yes,weak,noise-parameter,5,"the noise floor does not prevent VD from signif- and VD mitigated expectation values of X for dif- icantly reducing the impact of noise [27]. ferent noise levels c with j = 0,...,n (as in ZNE), HerewerecallthatTr[ρMX]canbecomputedusing j andfordifferentnumbersofcopiesM =1,...,M . max M copies of the noisy sta"
Bultrini et al. - 2023 - Unifying and benchmarking state-of-the-art quantum error mitigation techniques.pdf,Bultrini et al.,yes,yes,weak,noise-parameter,5,"i,0,1 i,n,Mmax mitigated estimates for V , and µˆ is the expec- i i,j,M trolled derangement [9]. The controlled derangement tation value obtained at noise level c and with M j can be implemented as a circuit of QM controlled copies. We use TUNITED to train a linear function swaps. Therefore, the derangement i"
Bultrini et al. - 2023 - Unifying and benchmarking state-of-the-art quantum error mitigation techniques.pdf,Bultrini et al.,yes,yes,weak,noise-parameter,5,"- 0,1 n,Mmax mitigated and the noisy expectation values of X for As we have discussed in the previous section, results U, where µˆ is obtained at the noise level c with j,M j obtainedwithCDRandvnCDRshowthatitisbenefi- M copies. Itisnothardtoseethatunderthisframe- cial to train an error mitigation scheme with t"
Bultrini et al. - 2023 - Unifying and benchmarking state-of-the-art quantum error mitigation techniques.pdf,Bultrini et al.,yes,yes,weak,noise-parameter,5,"the special case of M = 1 TUNITED becomes max from data arising from running circuits under differ- thevnCDRdatasetTvnCDR. Forthereader’sbenefit, ent noise levels. Here, we propose to additionally use wesummarizethesimilaritiesanddifferencesbetween data from VD with multiple numbers of copies. This UNITED and"
Bultrini et al. - 2023 - Unifying and benchmarking state-of-the-art quantum error mitigation techniques.pdf,Bultrini et al.,yes,yes,weak,noise-parameter,6,"efore, we propose to use data from near- used in the UNITED method where we do not use Clifford quantum circuits to fit the coefficients b M multiple noise levels (n = 0). That is, we show that that lead to the desired orthogonal error suppres- one can use a combination of the VD mitigated ob- sion. We note th"
Bultrini et al. - 2023 - Unifying and benchmarking state-of-the-art quantum error mitigation techniques.pdf,Bultrini et al.,yes,yes,weak,noise-parameter,6,"noisy expectation values of X for a near-Clifford the orthogonality of states corresponding to different circuit V i , which are obtained at the base noise level sequences of the gate errors. We describe this noise c = 1 and with M = 1,...,M max . The training set model in more detail in Appendix B.2. Furtherm"
Bultrini et al. - 2023 - Unifying and benchmarking state-of-the-art quantum error mitigation techniques.pdf,Bultrini et al.,yes,yes,weak,noise-parameter,6,"he VD estimate with dataset µˆUNITED, which is created using n+1 noise thelargestnumberofcopies. Wenotethattheansatz levels and M copy numbers. For a noise level c used here is similar to the one used by the Richard- max j we scale the noise strengths λ and θ as λ = c λ son extrapolation (1) with higher noise"
Bultrini et al. - 2023 - Unifying and benchmarking state-of-the-art quantum error mitigation techniques.pdf,Bultrini et al.,yes,yes,weak,noise-parameter,6,"rofcopies. Wenotethattheansatz levels and M copy numbers. For a noise level c used here is similar to the one used by the Richard- max j we scale the noise strengths λ and θ as λ = c λ son extrapolation (1) with higher noise levels c > 1 j j 0 and θ = c θ , where λ and θ are the base noise replaced by larger copy"
Bultrini et al. - 2023 - Unifying and benchmarking state-of-the-art quantum error mitigation techniques.pdf,Bultrini et al.,yes,yes,weak,noise-parameter,6,"level c used here is similar to the one used by the Richard- max j we scale the noise strengths λ and θ as λ = c λ son extrapolation (1) with higher noise levels c > 1 j j 0 and θ = c θ , where λ and θ are the base noise replaced by larger copy numbers M >1. j j 0 0 0 strengths. AsdescribedindetailinAppendixB"
Bultrini et al. - 2023 - Unifying and benchmarking state-of-the-art quantum error mitigation techniques.pdf,Bultrini et al.,yes,yes,weak,noise-parameter,6,", where λ and θ are the base noise replaced by larger copy numbers M >1. j j 0 0 0 strengths. AsdescribedindetailinAppendixB.3,for each one of these noise levels we suppress the orthog- 3.2 Error mitigation from VD data with multi- onal gate errors with a combination of VD mitigated plecopynumbersguidedbynear"
Bultrini et al. - 2023 - Unifying and benchmarking state-of-the-art quantum error mitigation techniques.pdf,Bultrini et al.,yes,yes,weak,noise-parameter,7,"λM j max+1), (18) ofthenoiselevelsthatcanbeusedinpractice. There- fore,atanintuitivelevel,usingVD-mitigatedobserv- where ϵ is the noise floor for the noise level c . As j j ablesisanotherwaytoprovidedatacorrespondingto shown in Appendix B.3, for such obtained estimates differentnoiselevelsenhancingpreviouserro"
Bultrini et al. - 2023 - Unifying and benchmarking state-of-the-art quantum error mitigation techniques.pdf,Bultrini et al.,yes,yes,weak,noise-parameter,7,"st way to By doing that one gets the final estimate of the combine the various observables calculated under dif- expectation value of interest ferent noise levels. Anotherimportantremarkisthataddingcopydata µ′′ = X n γ µ′ = X n M Xmax γ b µˆ , to the training set further increases the shot cost of Mmax,n j Mma"
Bultrini et al. - 2023 - Unifying and benchmarking state-of-the-art quantum error mitigation techniques.pdf,Bultrini et al.,yes,yes,weak,noise-parameter,7,"rforming an extrapola- quantum circuits with a number of layers L = gQ, tion is beneficial as it does not require knowledge of taking g =1 and g =16. noise levels, reducing the impact of imperfect noise We expect that for this setup, random quantum control. circuits will output states that converge to random O"
Bultrini et al. - 2023 - Unifying and benchmarking state-of-the-art quantum error mitigation techniques.pdf,Bultrini et al.,yes,yes,weak,noise-parameter,8,"oisyresults. ForN tot =109−1010 wesee est needs to be evaluated for several different state an improvement of UNITED over vnCDR. Again we preparation noise levels. In the case of vnCDR, esti- findthatZNEandVDestimatesconvergefastestwith mates for the observable of interest are required for increasing N tot . A"
Bultrini et al. - 2023 - Unifying and benchmarking state-of-the-art quantum error mitigation techniques.pdf,Bultrini et al.,yes,yes,weak,noise-parameter,9,"odes(i,j)withprobabilityp . TheQAOAansatz e noisy expectation values in the training set become is built with L layers more clustered with increasing noise strength. Differ- |Ψ(α,β)⟩=e−iβLHMe−iαLHP ... entrunswithdifferentshotnoiseinstancescanleadto large differences in the mitigated observable. There- ...e−iβ2HM"
Bultrini et al. - 2023 - Unifying and benchmarking state-of-the-art quantum error mitigation techniques.pdf,Bultrini et al.,yes,yes,weak,noise-parameter,10,"explored in Appendix E. 5.1 Zero Noise Extrapolation and the gate count here. In the simulations described above, when implement- ing ZNE we use two noise levels c∈{1,2} and linear 4.4 QAOA results extrapolation. For the case of random quantum cir- cuits, we compared this approach to exponential ex- We mitiga"
Bultrini et al. - 2023 - Unifying and benchmarking state-of-the-art quantum error mitigation techniques.pdf,Bultrini et al.,yes,yes,weak,noise-parameter,10,". ZNE is the second best method for number of all types of gates in our random quantum N =105 butfailstoimprovesignificantlyforlarger circuits by the noise level. tot AcceptedinQuantum2023-05-09,clicktitletoverify. PublishedunderCC-BY4.0. 10"
Bultrini et al. - 2023 - Unifying and benchmarking state-of-the-art quantum error mitigation techniques.pdf,Bultrini et al.,yes,yes,weak,noise-parameter,11,"as used in the ZNE implementation. In our simulations above we use c ∈ {1,2,3}. For the case of random quantum circuits, we found that this choice of noise levels results in better results than using c ∈ {1,2}. Themethodusedtoconstructthenear-Cliffordtrain- ing circuits is discussed in Section 5.5. Figure 6: C"
Bultrini et al. - 2023 - Unifying and benchmarking state-of-the-art quantum error mitigation techniques.pdf,Bultrini et al.,yes,yes,weak,noise-parameter,12,"oconstructthesecircuits are discussed in Section 5.5. We choose M = 3 max Each technique described above requires a certain to- and state preparation noise levels c ∈ {1,2,3}. We tal number of circuits in order to mitigate the ob- found that these parameters performed best across servable of interest. This, th"
Bultrini et al. - 2023 - Unifying and benchmarking state-of-the-art quantum error mitigation techniques.pdf,Bultrini et al.,yes,yes,weak,noise-parameter,12,"to measure the ex- pectation value of n+1 circuits built from one cir- To construct the near-Clifford training circuits for cuit of interest at n + 1 noise levels. For vnCDR, the random quantum circuits we use an algorithm we additionally need to evaluate each training cir- from [9]. We replace XX and R gates"
Bultrini et al. - 2023 - Unifying and benchmarking state-of-the-art quantum error mitigation techniques.pdf,Bultrini et al.,yes,yes,weak,noise-parameter,12,ntum circuits we use an algorithm we additionally need to evaluate each training cir- from [9]. We replace XX and R gates with their Y cuit for n + 1 noise levels. This means that in to- closest Clifford gates of the same type. We also re- tal vnCDR requires (n + 1)(N + 1) circuit evalua- t place a fraction of
Bultrini et al. - 2023 - Unifying and benchmarking state-of-the-art quantum error mitigation techniques.pdf,Bultrini et al.,yes,yes,weak,noise-parameter,12,"e information contained entcopiesforthetrainingcircuits,thecircuitofinter- within the training set while minimizing the num- est, and for each of n+1 noise levels. Therefore, the ber of shots used to evaluate their outputs on noisy numberofcircuitevaluationsrequiredbyUNITEDis hardwareweinspectthedistributionof"
Bultrini et al. - 2023 - Unifying and benchmarking state-of-the-art quantum error mitigation techniques.pdf,Bultrini et al.,yes,yes,weak,noise-parameter,12,ches 0. This clustering effect optimalasitmaybebeneficialtodistributetheshots is a property of near-Clifford quantum circuits [11]. unequally between noise levels or copy numbers. We Shot efficiency of the learning-based error mitigation note that one could imagine fine-tuning the values of method can be impro
Bultrini et al. - 2023 - Unifying and benchmarking state-of-the-art quantum error mitigation techniques.pdf,Bultrini et al.,yes,yes,weak,noise-parameter,13,"ero noise limit. The new method, UNIfied Tech- expectation values (i.e. more near-Clifford circuits, niqueforErrormitigationwithData(UNITED),can more noise levels, more copies of the state, etc.) ver- be viewed as a unification of the CDR, ZNE, and VD sus expanding more shots per expectation value in methods."
Bultrini et al. - 2023 - Unifying and benchmarking state-of-the-art quantum error mitigation techniques.pdf,Bultrini et al.,yes,yes,weak,noise-parameter,16,"vrosh, Kiran E Khosla, Sean Green- tion of just two noisy observables, µˆZNE and µˆZNE, away, Christopher Self, Myungshik S Kim, and 0 1 evaluated at noise levels c and c , respectively. We Johannes Knolle. Simple mitigation of global de- 0 1 show how by using Richardson extrapolation we can polarizing errors"
Bultrini et al. - 2023 - Unifying and benchmarking state-of-the-art quantum error mitigation techniques.pdf,Bultrini et al.,yes,yes,weak,noise-parameter,16,"i Tokunaga, Ya- 0 1 1 sunari Suzuki, and Suguru Endo. Gener- Onecangeneralizethisproceduretolargernumbers alized quantum subspace expansion. Phys. of noise levels. In such a case we take a combination Rev. Lett., 129:020502, Jul 2022. DOI: of n+1 µˆZNE observables https://doi.org/10.1103/PhysRevLett.129.020502"
Bultrini et al. - 2023 - Unifying and benchmarking state-of-the-art quantum error mitigation techniques.pdf,Bultrini et al.,yes,yes,weak,noise-parameter,16,"ds on how many noisy observables one = γ µ+ α γ λi. (31) j i j j has access to. Each observable used must be eval- j=0 i=1 j=0 uated with a different noise strength, which should be known. Here λ is the noise strength. More pre- Using the noise levels we can write above as cisely,Richardsonextrapolationusesacombi"
Bultrini et al. - 2023 - Unifying and benchmarking state-of-the-art quantum error mitigation techniques.pdf,Bultrini et al.,yes,yes,weak,noise-parameter,16,"31) j i j j has access to. Each observable used must be eval- j=0 i=1 j=0 uated with a different noise strength, which should be known. Here λ is the noise strength. More pre- Using the noise levels we can write above as cisely,Richardsonextrapolationusesacombinationof n ∞ n X X X n+1noisyexpectationvaluesofthemi"
Bultrini et al. - 2023 - Unifying and benchmarking state-of-the-art quantum error mitigation techniques.pdf,Bultrini et al.,yes,yes,weak,noise-parameter,16,"rvable used must be eval- j=0 i=1 j=0 uated with a different noise strength, which should be known. Here λ is the noise strength. More pre- Using the noise levels we can write above as cisely,Richardsonextrapolationusesacombinationof n ∞ n X X X n+1noisyexpectationvaluesofthemitigatedobserv- µZNE = γ µ+ α λi γ"
Bultrini et al. - 2023 - Unifying and benchmarking state-of-the-art quantum error mitigation techniques.pdf,Bultrini et al.,yes,yes,weak,noise-parameter,16,"acombinationof n ∞ n X X X n+1noisyexpectationvaluesofthemitigatedobserv- µZNE = γ µ+ α λi γ ci. (32) n j i 0 j j able µˆZNE,µˆZNE,...,µˆZNE with the noise strengths 0 1 n j=0 i=1 j=0 AcceptedinQuantum2023-05-09,clicktitletoverify. PublishedunderCC-BY4.0. 16"
Bultrini et al. - 2023 - Unifying and benchmarking state-of-the-art quantum error mitigation techniques.pdf,Bultrini et al.,yes,yes,weak,noise-parameter,19,"oefficients of µˆVD series ex- B.3 Combining VD-mitigated observables ob- 1 2 M pansion in λ. Using that and grouping terms based tained at different noise levels on the index j in α(M) we obtain j Now we motivate the ansatz used in the UNITED method,whichtakestheformofalinearcombination M Xmax µ′ = b µˆVD of"
Bultrini et al. - 2023 - Unifying and benchmarking state-of-the-art quantum error mitigation techniques.pdf,Bultrini et al.,yes,yes,weak,noise-parameter,19,"whichtakestheformofalinearcombination M Xmax µ′ = b µˆVD of VD-mitigated observables obtained with different Mmax M M numbers of copies and different noise levels. We con- M=1 =X M Xmax b + M Xmax b X ∞ α(M)λj+M−1 = s o i u d s er se t c h t e io s n am (A e p n p o e i n se di m x o B d .2 el ), a w s h in e"
Bultrini et al. - 2023 - Unifying and benchmarking state-of-the-art quantum error mitigation techniques.pdf,Bultrini et al.,yes,yes,weak,noise-parameter,20,a generated by the near-Clifford servablesobtainedwithdifferentnumbersofcopiesat training circuits mitigated using VD with up to M different coherent noise levels. This combination has copies. exactlythesameformastheUNITEDansatz(12). As We can express an observable mitigated with VD previously discussed in App
Bultrini et al. - 2023 - Unifying and benchmarking state-of-the-art quantum error mitigation techniques.pdf,Bultrini et al.,yes,yes,weak,noise-parameter,21,"ansatz It is straightforward to extend this analysis to in- leads to a similar conclusion. Therefore, one can see volve the ansatz including multiple noise levels. No- that global depolarizing noise can be perfectly miti- ticethatundertheactionofglobaldepolarizingnoise gated using near-Clifford circuits to tra"
Bultrini et al. - 2023 - Unifying and benchmarking state-of-the-art quantum error mitigation techniques.pdf,Bultrini et al.,yes,yes,weak,noise-parameter,21,sconsiderUNITEDansatzthatcombines observablesmitigatedwithVDusingvariousnumbers VD implementation on real hardware requires per- of copies at various noise levels. This ansatz can be forming a controlled derangement which can be de- written as follows composedintocontrolledswapoperations[26]. Inthe main text w
Bultrini et al. - 2023 - Unifying and benchmarking state-of-the-art quantum error mitigation techniques.pdf,Bultrini et al.,yes,yes,weak,noise-parameter,21,"We perform the simulation by decomposing circuitswithuptoM copies, evaluatedwithn+1 a controlled swap gate into two CNOTs and a Toffoli max different noise levels. gateasdescribedin[40]. Subsequently,wedecompose Working through the same analysis with this ToffoligatesandCNOTstothenativegatesusingde- ansatz, we"
Bultrini et al. - 2023 - Unifying and benchmarking state-of-the-art quantum error mitigation techniques.pdf,Bultrini et al.,yes,yes,weak,noise-parameter,22,"D and UNITED error mitiga- For ZNE we compare the mitigation performance tion with (the brown and the red curves) and without when using two or three noise levels, c ∈ {1,2,3} controlled derangement noise (the green and the blue curves). We perform the comparison for the random quan- and c ∈ {1,2} respectively"
Bultrini et al. - 2023 - Unifying and benchmarking state-of-the-art quantum error mitigation techniques.pdf,Bultrini et al.,yes,yes,weak,noise-parameter,22,"3} controlled derangement noise (the green and the blue curves). We perform the comparison for the random quan- and c ∈ {1,2} respectively. For three noise levels, tum circuits with Q = 4 and L = 5. We plot an error of we apply both linear and exponential extrapolations, mitigated and noisy ⟨σ1⟩ averaged over"
Bultrini et al. - 2023 - Unifying and benchmarking state-of-the-art quantum error mitigation techniques.pdf,Bultrini et al.,yes,yes,weak,noise-parameter,22,"ror of we apply both linear and exponential extrapolations, mitigated and noisy ⟨σ1⟩ averaged over 30 instances of the while the data coming from two noise levels only al- Z randomquantumcircuits. ThederangementnoiseaffectsVD lows us to perform a linear extrapolation. We bench- andUNITEDimplementationsdecreasi"
Bultrini et al. - 2023 - Unifying and benchmarking state-of-the-art quantum error mitigation techniques.pdf,Bultrini et al.,yes,yes,weak,noise-parameter,22,"6andfactor1.2improvementofUNITED tot find that with the exception of Q = 4,N = 105 overvnCDRforthelargestconsideredN =1010. Forref- tot tot using two noise levels leads to better mitigation qual- erence, we show also the noisy, ZNE, and vnCDR results. ity. The exponential extrapolation results in an or- Here,Z"
Bultrini et al. - 2023 - Unifying and benchmarking state-of-the-art quantum error mitigation techniques.pdf,Bultrini et al.,yes,yes,weak,noise-parameter,22,"trapolationwithnoise der of magnitude worse results than the linear one. levels c = {1,2}. VD uses M = 3 copies. We obtain the vnCDR correction using noise levels c={1,2,3} and train- The results for Q = 4,10 are shown in Figure 9. For ing circuits with N = 30 R non-Clifford gates left intact. L = 16Q and Q ="
Bultrini et al. - 2023 - Unifying and benchmarking state-of-the-art quantum error mitigation techniques.pdf,Bultrini et al.,yes,yes,weak,noise-parameter,23,"curvesareobtainedwithtwonoiselevelsc∈{1,2}andalinearextrapolationwhiletheorangeandmagenta curves are obtained with the linear extrapolation and three noise levels c ∈ {1,2,3}. The brown and the black curves are obtained with an exponential extrapolation and c∈{1,2,3}. In Table 2 we further analyze the clusteri"
Bultrini et al. - 2023 - Unifying and benchmarking state-of-the-art quantum error mitigation techniques.pdf,Bultrini et al.,yes,yes,weak,gate-error,6,"training set obtained from near-Clifford illustrate how its different moving parts help to miti- circuits. First, we start by noting that even in the gate errors. case of the simple noise model considered in the pre- vious section, one needs detailed knowledge of the noisemodeltodeterminethecoefficientsb (see"
Bultrini et al. - 2023 - Unifying and benchmarking state-of-the-art quantum error mitigation techniques.pdf,Bultrini et al.,yes,yes,weak,gate-error,6,"for a near-Clifford the orthogonality of states corresponding to different circuit V i , which are obtained at the base noise level sequences of the gate errors. We describe this noise c = 1 and with M = 1,...,M max . The training set model in more detail in Appendix B.2. Furthermore, is fitted with a linear"
Bultrini et al. - 2023 - Unifying and benchmarking state-of-the-art quantum error mitigation techniques.pdf,Bultrini et al.,yes,yes,weak,gate-error,6,"ngths. AsdescribedindetailinAppendixB.3,for each one of these noise levels we suppress the orthog- 3.2 Error mitigation from VD data with multi- onal gate errors with a combination of VD mitigated plecopynumbersguidedbynear-Cliffordcircuits observables of form (13), i.e. Here we consider a special case of UNI"
Bultrini et al. - 2023 - Unifying and benchmarking state-of-the-art quantum error mitigation techniques.pdf,Bultrini et al.,yes,yes,weak,gate-error,8,"other methods for N = 106 up to N = 108. tot tot thatforsufficientlydeepcircuitsandsufficientlysmall We find that UNITED exhibits the slowest conver- gate error rates, the coherent mismatch does not pre- gence with increasing N but it gives the best re- tot vent a good quality mitigation with VD [27]. sults f"
Bultrini et al. - 2023 - Unifying and benchmarking state-of-the-art quantum error mitigation techniques.pdf,Bultrini et al.,yes,yes,weak,gate-error,14,"z Cincio. Improving the ef- de Jong, and Christian W. Bauer. Zero- ficiency of learning-based error mitigation. arXiv noise extrapolation for quantum-gate error mit- preprint arXiv:2204.07109, 2022. URL https: igation with identity insertions. Physical //arxiv.org/abs/2204.07109. Review A, 102:012426, Jul 202"
Cai et al. - 2023 - Quantum Error Mitigation.pdf,Cai et al.,yes,yes,strong,depolarizing,23,"that the relative entropy of between two output states Markovian noise. By showing that the quantum Fisher (cid:112) from noisy circuits under local depolarizing noise de- information decays exponentially with the depth of the creasesexponentiallywiththecircuitdepth(Kastoryano layered quantum circuit, they demonstra"
Cai et al. - 2023 - Quantum Error Mitigation.pdf,Cai et al.,yes,yes,strong,depolarizing,42,"g, and Artur F. Izmaylov pherSelf,M.S.Kim,andJohannesKnolle(2021),“Simple (2019), “Exact and approximate symmetry projectors for mitigation of global depolarizing errors in quantum simu- theelectronicstructureproblemonaquantumcomputer,” lations,” Physical Review E 104 (3), 035309. The Journal of Chemical Physics 151"
Cai et al. - 2023 - Quantum Error Mitigation.pdf,Cai et al.,yes,yes,strong,Pauli-channel,1,babilisticerrorcancellation 7 1. Montecarlosampling 31 C. Measurementerrormitigation 9 a. Exponentialsamplingoverhead 32 D. Symmetryconstraints 11 2. Paulitwirling 32 E. Purityconstraints 13 3. Measurementtechniques 33 F. Subspaceexpansions 16 G. N-representability 17 References 34 H. Learning-based 18 IV. Co
Cai et al. - 2023 - Quantum Error Mitigation.pdf,Cai et al.,yes,yes,strong,Pauli-channel,5,"ee QEM if we are able to post- simplicity, we will assume all locations are afflicted with select for the fault-free circuit runs without needing any Pauli noise with the error probability of location f given additional circuit components. The fraction of circuit by p 1. If we further assume the error events i"
Cai et al. - 2023 - Quantum Error Mitigation.pdf,Cai et al.,yes,yes,strong,Pauli-channel,8,"arned from the noisy N the basis = w . For the common scenario hardware in experiments through some form of tomog- N n=1 n B n in which suffers f̸rom Pauli noise and we can perform raphy. An example of a complete set of basis operations p U (cid:80) highfidelityPauligatestobeusedasourbasis ,the is discussed in"
Cai et al. - 2023 - Quantum Error Mitigation.pdf,Cai et al.,yes,yes,strong,Pauli-channel,9,"eerrors proposedinEndoet al.(2018), itwillperformwellwhen in the whole circuit is simply the product of the sam- the gates in the circuit suffer from Pauli noise (which plingoverheadofeachgate. AsexploredinTemmeet al. can be achieved via Pauli twirling). Going beyond that, (2017)andsubsequentlyEndoet al.(2018)"
Cai et al. - 2023 - Quantum Error Mitigation.pdf,Cai et al.,yes,yes,strong,Pauli-channel,9,"the product of the sam- the gates in the circuit suffer from Pauli noise (which plingoverheadofeachgate. AsexploredinTemmeet al. can be achieved via Pauli twirling). Going beyond that, (2017)andsubsequentlyEndoet al.(2018),ifweassume Takagi(2021)hasderivedalowerboundforthesampling all the gates suffer from Pa"
Cai et al. - 2023 - Quantum Error Mitigation.pdf,Cai et al.,yes,yes,strong,Pauli-channel,9,"rling). Going beyond that, (2017)andsubsequentlyEndoet al.(2018),ifweassume Takagi(2021)hasderivedalowerboundforthesampling all the gates suffer from Pauli noise with the same error overheadundergeneralnoisemodels. Suchalowerbound rate p, the circuit size M is large and the circuit fault on the sampling overhe"
Cai et al. - 2023 - Quantum Error Mitigation.pdf,Cai et al.,yes,yes,strong,Pauli-channel,9,(2022) ent output statistic. which used cycle benchmarking to characterise the low- Theoriginsofthemeasurementerrorsareasdiverseas weight correlated Pauli noise components for perform- thehardwarethatisusedtoimplementquantumproces- ing probabilistic error cancellation. It is also possible to sors. For example
Cai et al. - 2023 - Quantum Error Mitigation.pdf,Cai et al.,yes,yes,strong,Pauli-channel,10,ch will remove all the off- (cid:88) diagonal elements of in the Pauli basis and produce a i.e. we can simulate the behaviour of the ideal measure- A Pauli channel . This can be used to simplify measure- ment y using a linear combination of the noisy mea- D {⟨⟨ |} ment error mitigation as discussed by Chen et al
Cai et al. - 2023 - Quantum Error Mitigation.pdf,Cai et al.,yes,yes,strong,Pauli-channel,10,"⃗ = 0 surement Zx , however we can only perform the noisy y ρ while the output distribution using the noisy ⟨⟨ | {⟨⟨ | ⟩⟩} measurement Zx . Now using Pauli twirling, we can measurements is p⃗ = E ρ . Applying Eqs. (19) noi x ⟨⟨ |A {⟨⟨ | ⟩⟩} transform the noisy measurement into and (20) on ρ , we then have: | ⟩"
Cai et al. - 2023 - Quantum Error Mitigation.pdf,Cai et al.,yes,yes,strong,Pauli-channel,10,"id:122) in(cid:125)g the ob(cid:124)serv(cid:123)a(cid:122)ble(cid:125)into Zx and per- the noisy output distribution p⃗ in the computational forming Pauli twirling, we only need to rescale the noisy noi"
Cai et al. - 2023 - Quantum Error Mitigation.pdf,Cai et al.,yes,yes,strong,Pauli-channel,11,"ymmetries of the ideal arandomoperatorin I,X N (i.e. randombit-flips)to quantumstate,andremovethemviapost-selection. This ⊗ { } achieve the effect of Pauli twirling mentioned above. notionoriginatesfromquantumerrorcorrection(Gottes- man, 1997; Terhal, 2015), in which we explicitly define a setofmeasurementstod"
Cai et al. - 2023 - Quantum Error Mitigation.pdf,Cai et al.,yes,yes,strong,Pauli-channel,19,"here is evidence that global depolarising assume Pauli gate errors in the primary circuit or apply noiseisaneffectivephenomenologicalerrormodelemerg- Paulitwirling,suchthatthesetofresponsemeasurement ing from gate-wise error models when the gate number circuitscansimplybeconstructedbyaddingPauligates."
Cai et al. - 2023 - Quantum Error Mitigation.pdf,Cai et al.,yes,yes,strong,Pauli-channel,27,27 V. APPLICATIONS discussed in the previous sections. The advantages of mitigating Pauli noise are summarised below: So far we have discussed QEM mostly in the general • Zero-noise extrapolation: arguments can be made context of expectation val
Cai et al. - 2023 - Quantum Error Mitigation.pdf,Cai et al.,yes,yes,strong,Pauli-channel,27,"application scenarios. There are a range should decay following a multi-exponential curve of software packages for carrying out the various QEM under Pauli noise. Knowing the form of the ex- techniques that we have mentioned. For example, Qer- trapolation curve can lead to lower sampling costs mit, Mitiq and Q"
Cai et al. - 2023 - Quantum Error Mitigation.pdf,Cai et al.,yes,yes,strong,Pauli-channel,27,"es. mentationofzero-noiseextrapolation,probabilisticerror cancellation and measurement error mitigation (Cirstoiu • Probabilistic error cancellation: Pauli noise re- et al., 2023; LaRose et al., 2021; Qiskit contributors, quires less overhead to be characterised and re- 2023). In additional, Qermit and Mitiq a"
Cai et al. - 2023 - Quantum Error Mitigation.pdf,Cai et al.,yes,yes,strong,Pauli-channel,27,"umerical experiments, QEM has been made about the proportion of noise removed when proven to be effective in a wide range of applications considering Pauli noise. This also enables us to like linear equation solvers (Vazquez et al., 2022), quan- select a good set of symmetries to use. tum metrology (Conlon et"
Cai et al. - 2023 - Quantum Error Mitigation.pdf,Cai et al.,yes,yes,strong,Pauli-channel,27,"esuppression,withsome • Learning-based: standardising error channels by pioneering and state-of-the-art examples summarised in transforming them into Pauli noises will result in a Table II, spanning across different applications scenarios more similar error model between the training cir- like Fermi-Hubbard mo"
Cai et al. - 2023 - Quantum Error Mitigation.pdf,Cai et al.,yes,yes,strong,Pauli-channel,27,"os more similar error model between the training cir- like Fermi-Hubbard models (Stanisic et al., 2022) and cuits and target circuits. The effects of Pauli noise multi-particle bound states (Google Quantum AI and on the observable are usually easier to be charac- Collaborators, 2022), with a circuit size up to"
Cai et al. - 2023 - Quantum Error Mitigation.pdf,Cai et al.,yes,yes,strong,Pauli-channel,27,"and 60 layers of 2-qubit gates (Kim et al., 2023a). Dif- ferent application scenarios and hardware platforms will Even for subspace expansion, though Pauli errors might give rise to different types of noise. In this section, we not be easier to mitigate, they are certainly easier to will look into how to adapt"
Cai et al. - 2023 - Quantum Error Mitigation.pdf,Cai et al.,yes,yes,strong,Pauli-channel,27,"effective ways to deal with coherent errors in the context of QEM The degree of coherence in an error channel can be is simply transforming them into Pauli errors. quantified by how well it preserves the purity of an aver- Any arbitrary quantum channel can be transformed age incoming state (Wallman et al., 201"
Cai et al. - 2023 - Quantum Error Mitigation.pdf,Cai et al.,yes,yes,strong,Pauli-channel,27,"it preserves the purity of an aver- Any arbitrary quantum channel can be transformed age incoming state (Wallman et al., 2015). In this sense, into a Pauli channel using Pauli twirling, which orig- the “most coherent” errors are just unitary errors, while inated from entanglement purification (Bennett et al., in"
Cai et al. - 2023 - Quantum Error Mitigation.pdf,Cai et al.,yes,yes,strong,Pauli-channel,27,"ity of an aver- Any arbitrary quantum channel can be transformed age incoming state (Wallman et al., 2015). In this sense, into a Pauli channel using Pauli twirling, which orig- the “most coherent” errors are just unitary errors, while inated from entanglement purification (Bennett et al., incoherent errors us"
Cai et al. - 2023 - Quantum Error Mitigation.pdf,Cai et al.,yes,yes,strong,Pauli-channel,27,"ch and Roth, 2021) for a broad spectrum of noise that sits closer to the unitary transforming quantum states or noise channels into a errors than the Pauli errors. There are cases in which standardised form. When applying Pauli twirling to en- coherent errors can be mitigated using coherent control vironmental"
Cai et al. - 2023 - Quantum Error Mitigation.pdf,Cai et al.,yes,yes,strong,Pauli-channel,27,"unitary transforming quantum states or noise channels into a errors than the Pauli errors. There are cases in which standardised form. When applying Pauli twirling to en- coherent errors can be mitigated using coherent control vironmentalnoiseornoisefromCliffordgates,wesimply solutions like dynamical decoupli"
Cai et al. - 2023 - Quantum Error Mitigation.pdf,Cai et al.,yes,yes,strong,Pauli-channel,27,"cost. It structedtotargetcoherenterrors(McCleanet al.,2017). is also possible to twirl over the Clifford group, which HoweverformanyotherQEMmethods, Paulierrorscan will further homogenise the probability of different Pauli be far easier to mitigate compared to coherent errors as errors, resulting in a depola"
Cai et al. - 2023 - Quantum Error Mitigation.pdf,Cai et al.,yes,yes,strong,Pauli-channel,28,"is likely that there will be an as mentioned in Sec. V.A. To mitigate the resultant log- extended period of time in which quantum error correc- ical Pauli noise using probabilistic error cancellation, we tion is successfully implemented, but the minimum logi- only need to insert Pauli gates into the unmitigat"
Cai et al. - 2023 - Quantum Error Mitigation.pdf,Cai et al.,yes,yes,strong,Pauli-channel,32,"usually have the same range as Oˆ n ρ since they are usually obtained from the measurement of the same observable, or even if the observables are 2. Pauli twirling different, they are often all Pauli observables which have the same range. Given a noise process , twirling it over a symmetry N Herewehavetalkeda"
Cai et al. - 2023 - Quantum Error Mitigation.pdf,Cai et al.,yes,yes,strong,Pauli-Lindblad,9,"let on the device (van den Berg et al., 2023). The noise us continue to use the super-operator representation in- model is given in terms of a sparse Pauli-Lindbladian troduced in Sec. III.B. When we perform measurements (ρ) = λ (P ρP ρ) for a set of Pauli matri- and obtain the binary string x 0,1 N as the out- L"
Cai et al. - 2023 - Quantum Error Mitigation.pdf,Cai et al.,yes,yes,strong,stochastic-noise,27,"- the “most coherent” errors are just unitary errors, while inated from entanglement purification (Bennett et al., incoherent errors usually refer to stochastic Pauli chan- 1996a,b; Knill, 2004) and is widely used in areas like nels. More generally, the term coherent errors refers to quantum benchmarking (Kliesch a"
Cai et al. - 2023 - Quantum Error Mitigation.pdf,Cai et al.,yes,yes,strong,noise-model-spec,9,"rements k (cid:80) mial number of Pauli terms (usually low-weight Pauli in the computational basis x . However, some mea- {⟨⟨ |} terms). Although the noise model is correlated across surement noise might occur and transform the pro- A thefullcircuit,itcanbeinvertedefficientlyanditsquasi- jective measurements into"
Cai et al. - 2023 - Quantum Error Mitigation.pdf,Cai et al.,yes,yes,strong,twirling,10,"| ⟩⟩ p⃗ noi =Ap⃗ 0 ⇒ p⃗ 0 =A − 1p⃗ noi . (21) ⟨⟨ Zx |D =D x ⟨⟨ Zx | (24) For a given observable O with the spectrum O⃗ = O , using the fact that the twirled channel is diago- x D { } nal in the Pauli basis with the entries being D = i.e. O = O x, its ideal expectation value is: x ⟨⟨ | x x ⟨⟨ | Zx Zx = Zx Zx . Thu"
Cai et al. - 2023 - Quantum Error Mitigation.pdf,Cai et al.,yes,yes,strong,twirling,28,"letoperform. As long as the results logical T gate can be mitigated in a similar way, but of the fault-tolerant algorithm are obtained through ex- to twirl them we need to apply additional logical Clif- pectation value estimation, the residual logical errors can fordgatesinsteadofjustPauligates(seeAppendixA."
Cai et al. - 2023 - Quantum Error Mitigation.pdf,Cai et al.,yes,yes,strong,twirling,33,"y, then the Hadamard simplytheidealCliffordChannel followedbythenoise C testcircuitaboveinwhichwemeasureX⊗I willoutputthe channel : = . If we want to twirl the noise ϵ expectationvalueRe(Tr[Oρ]),whilemeasuringY⊗I willout- N C NC channel of the noisy Clifford gate ϵ , we can apply ϵ put the expectation value"
Cai et al. - 2023 - Quantum Error Mitigation.pdf,Cai et al.,yes,yes,strong,twirling,33,"basis. (cid:32) G GNG(cid:33)C | | G(cid:88)∈ G Nowsupposewewanttomeasuretwocommuting Pauli operators in the same circuit run, which can be useful To twirl the error of a sequence of Clifford gates 1 , the random Pauli for twirling consecutive in for example symmetry verification, we can use the m=MC m singl"
Cai et al. - 2023 - Quantum Error Mitigation.pdf,Cai et al.,yes,yes,strong,local-noise,9,"es of errors get operation, such that it is over-complete as discussed. thatoccurduringacalculation. Errorsthatoccurduring Only noisy operations with local noise can be efficiently thestatepreparationandmeasurementstagearereferred characterised using the protocol above. to as SPAM errors (Lin et al., 2021; Mer"
Cai et al. - 2023 - Quantum Error Mitigation.pdf,Cai et al.,yes,yes,strong,local-noise,23,"of || that the relative entropy of between two output states Markovian noise. By showing that the quantum Fisher (cid:112) from noisy circuits under local depolarizing noise de- information decays exponentially with the depth of the creasesexponentiallywiththecircuitdepth(Kastoryano layered quantum circuit, they dem"
Cai et al. - 2023 - Quantum Error Mitigation.pdf,Cai et al.,yes,yes,strong,local-noise,23,"nstruct a circuit sultbyafactorof(1 p) L (seeSec.III.H).Forrandom − structure for which the relative entropy of two differ- quantum circuits und − er local noise, they further showed ent output states decreases exponentially in both circuit thatthesamplingcostgrowsexponentiallywithboththe depth and the number"
Cai et al. - 2023 - Quantum Error Mitigation.pdf,Cai et al.,yes,yes,strong,error-rate-value,26,"de quantum processors are needed for parallelisation, each usually come with higher space-time overhead than the containing 50 qubits and with a gate error rate of 10 4. − physicaloperationsperformedinQEM,leadingtolonger Thegatefidelityandthetotalnumberofqubitsrequired circuit run time and even more qubit overhead"
Cai et al. - 2023 - Quantum Error Mitigation.pdf,Cai et al.,yes,yes,strong,error-rate-value,29,"i- error cancellation to remove errors in a circuit that has tary using different circuit structures (e.g. different cir- 2000 T gates and a physical error rate of 10 3 at a sam- cuit depths) or different circuit parameters, which will − plingoverheadof1000. Thisiswellbeyondtheclassically output data points with d"
Cai et al. - 2023 - Quantum Error Mitigation.pdf,Cai et al.,yes,yes,weak,noise-model-mention,7,"yetanalyticalexpres- points at reduced error strength. Of course, learning a sions for their biases and variance in most of the cases. representative noise model can be challenging for large- It is possible to combine exponential and Richardson ex- scale devices, especially for correlated noise. trapolation by"
Cai et al. - 2023 - Quantum Error Mitigation.pdf,Cai et al.,yes,yes,weak,noise-model-mention,9,"hat occurs at the final measurement stage bilisticerrorcancellationmethodusedacorrelatedPauli- introduces an additional bias in the expectation value noise model that is supported over the full gate layer of interest. To put this into a more concrete form, let on the device (van den Berg et al., 2023). The noi"
Cai et al. - 2023 - Quantum Error Mitigation.pdf,Cai et al.,yes,yes,weak,noise-model-mention,9,"rements k (cid:80) mial number of Pauli terms (usually low-weight Pauli in the computational basis x . However, some mea- {⟨⟨ |} terms). Although the noise model is correlated across surement noise might occur and transform the pro- A thefullcircuit,itcanbeinvertedefficientlyanditsquasi- jective measurements i"
Cai et al. - 2023 - Quantum Error Mitigation.pdf,Cai et al.,yes,yes,weak,error-model-mention,7,"entanglement, and showed that the work well with depolarising gate noise, it may change error-mitigatedevolutionofthemagnetisationiscompet- the gate error model for more general gate noise such itiveincomparisontostandardtensornetworkmethods. that the factor of increase in the error strength is no To look for"
Cai et al. - 2023 - Quantum Error Mitigation.pdf,Cai et al.,yes,yes,weak,error-model-mention,7,"n a multi-exponential decay curve in- mightleadtouptoanM-timeincreaseinthecircuitrun- stead. Exponentialextrapolationhasproventobeableto time. If the error models at the various fault locations achieve smaller biases than Richardson and more gener- arecompletelyknown,LiandBenjamin(2017)suggested ally polynomia"
Cai et al. - 2023 - Quantum Error Mitigation.pdf,Cai et al.,yes,yes,weak,error-model-mention,10,"ubits are not x {⟨⟨ |} the computational subspace. This is not the most gen- correlated, which implies that the assignment matrix is eral measurement error model, but it is nonetheless the just the tensor product of the assignment matrices of most frequently considered model as other coherent er- the individua"
Cai et al. - 2023 - Quantum Error Mitigation.pdf,Cai et al.,yes,yes,weak,error-model-mention,19,"the primary circuit or apply noiseisaneffectivephenomenologicalerrormodelemerg- Paulitwirling,suchthatthesetofresponsemeasurement ing from gate-wise error models when the gate number circuitscansimplybeconstructedbyaddingPauligates."
Cai et al. - 2023 - Quantum Error Mitigation.pdf,Cai et al.,yes,yes,weak,error-model-mention,20,"al.,2021). structed by replacing gates in the primary circuit with It is also possible to use Monte-Carlo sampling and vari- gates that have the same error channels. If we compile ationalupdateoftheparametersθ⃗toovercomethelarge the primary circuit such that all the multi-qubit gates in size of C (Strikis et al."
Cai et al. - 2023 - Quantum Error Mitigation.pdf,Cai et al.,yes,yes,weak,error-model-mention,25,"d often also tar- ing error-mitigated expectation values (McArdle et al., get a different set of noise components. This allows us 2019). However, the error models of the circuit can be to choose the best implementation that fits our target altered by the base QEM method, such that the noise problem and experim"
Cai et al. - 2023 - Quantum Error Mitigation.pdf,Cai et al.,yes,yes,weak,error-model-mention,25,"on(Yoshiokaetal.,2022), the base QEM method since it can be applied partially thegeneralisationofsymmetryverificationandsubspace without changing the error models, yielding data points expansion (Cai, 2021c) or the combination of zero-noise of reduced noise strength for extrapolation as mentioned extrapolation"
Cai et al. - 2023 - Quantum Error Mitigation.pdf,Cai et al.,yes,yes,weak,error-model-mention,25,"instead of correct- difficult to perform on top of other QEM methods be- ing them, we will have quantum error detection instead. cause the effective error model in the circuit will change Symmetry verification (Sec. III.D) can usually be seen"
Cai et al. - 2023 - Quantum Error Mitigation.pdf,Cai et al.,yes,yes,weak,error-model-mention,27,"constraints. Sec. III. Moreover, many physical experiments have suc- cessfullyemployedQEMfornoisesuppression,withsome • Learning-based: standardising error channels by pioneering and state-of-the-art examples summarised in transforming them into Pauli noises will result in a Table II, spanning across different a"
Cai et al. - 2023 - Quantum Error Mitigation.pdf,Cai et al.,yes,yes,weak,error-model-mention,27,"t examples summarised in transforming them into Pauli noises will result in a Table II, spanning across different applications scenarios more similar error model between the training cir- like Fermi-Hubbard models (Stanisic et al., 2022) and cuits and target circuits. The effects of Pauli noise multi-particle"
Cai et al. - 2023 - Quantum Error Mitigation.pdf,Cai et al.,yes,yes,weak,error-model-mention,27,"errors Sanders et al., 2015). Hence, one of the most effective ways to deal with coherent errors in the context of QEM The degree of coherence in an error channel can be is simply transforming them into Pauli errors. quantified by how well it preserves the purity of an aver- Any arbitrary quantum channel can be"
Cai et al. - 2023 - Quantum Error Mitigation.pdf,Cai et al.,yes,yes,weak,error-model-mention,28,"ulti-qubit ones, can be much harder to im- intheprevioussectionsandsimplyreplacethequbitreg- plement than Pauli gates. isters, the operations and the error channels with their logical equivalents. Inparticular,theroleofprobabilisticerrorcancellation B. Logical errors in fault-tolerant quantum computation in the"
Cai et al. - 2023 - Quantum Error Mitigation.pdf,Cai et al.,yes,yes,weak,error-model-mention,30,"lect their practical per- 1. Are there general protocols to scale the noise without formance and/or can be analytically calculated for a changing the error model? If yes, can we deduce the wider range of methods? Can these metrics take into shapeoftheextrapolationcurvefromtheerrormodel? account the various add"
Cai et al. - 2023 - Quantum Error Mitigation.pdf,Cai et al.,yes,yes,weak,noise-parameter,2,"um AI (2023); Krinner outputs from an ensemble of circuit runs, using circuits et al. (2022); Postler et al. (2022); Ryan-Anderson et al. at the same noise level as the original unmitigated cir- (2022); and Takeda et al. (2022)]. Of course, the works cuit or above. That is to say QEM will only reduce the menti"
Cai et al. - 2023 - Quantum Error Mitigation.pdf,Cai et al.,yes,yes,weak,noise-parameter,7,"rapolation. Note that for both pulse stretching and vates the extrapolation schemes that use an exponential gate insertion, an M-time increase in the noise strength decay curve or even a multi-exponential decay curve in- mightleadtouptoanM-timeincreaseinthecircuitrun- stead. Exponentialextrapolationhasproventobea"
Cai et al. - 2023 - Quantum Error Mitigation.pdf,Cai et al.,yes,yes,weak,noise-parameter,25,"tryverificationandsubspace without changing the error models, yielding data points expansion (Cai, 2021c) or the combination of zero-noise of reduced noise strength for extrapolation as mentioned extrapolation and probabilistic error cancellation (Mari before in Sec. III.A (Cai, 2021a). For other base QEM etal.,2"
Cai et al. - 2023 - Quantum Error Mitigation.pdf,Cai et al.,yes,yes,weak,noise-parameter,32,"CM(cid:1)C Cn(cid:88)aive. ⇒ em ≤ em In order to ensure the expectation(cid:0)value o(cid:1)f the error- mitigated estimator does not decay with the noise level i.e. the Monte Carlo method is always more sample effi- λ, we need to have A = eβλ , which implies that the cient under our assumptions. O sampling c"
Cai et al. - 2023 - Quantum Error Mitigation.pdf,Cai et al.,yes,yes,weak,gate-error,5,"xample,foranynon-identityunitarychannel,1−p f tostretchtheapplicationpotentialofnear-termnoisyde- will always be 0, which is not the case for average gate fidelity. Moregenerally,wecanalwaysapplyPaulitwirlingtotransform vicesandwillbeausefultooltohelpalongsidequantum allnoisetoPaulinoisesuchthatourargumentsbecom"
Cai et al. - 2023 - Quantum Error Mitigation.pdf,Cai et al.,yes,yes,weak,gate-error,7,"trong entanglement, and showed that the work well with depolarising gate noise, it may change error-mitigatedevolutionofthemagnetisationiscompet- the gate error model for more general gate noise such itiveincomparisontostandardtensornetworkmethods. that the factor of increase in the error strength is no To lo"
Cai et al. - 2023 - Quantum Error Mitigation.pdf,Cai et al.,yes,yes,weak,gate-error,19,"function using train- tic error cancellation directly). Hence, we would need to ing circuits. There is evidence that global depolarising assume Pauli gate errors in the primary circuit or apply noiseisaneffectivephenomenologicalerrormodelemerg- Paulitwirling,suchthatthesetofresponsemeasurement ing from gate-w"
Cai et al. - 2023 - Quantum Error Mitigation.pdf,Cai et al.,yes,yes,weak,gate-error,21,"thodsappliedtorescalingandshiftingthenoisy a. Gateerrormitigation TheseQEMmethodstargetthe result (Eq. (48)) and to probabilistic error cancellation. gate errors in the primary circuit. Their noise calibra- However, learning-basedmethodsareingeneralcompat- tion can simply be carried out using standard gate no"
Cai et al. - 2023 - Quantum Error Mitigation.pdf,Cai et al.,yes,yes,weak,gate-error,21,"benchmarking/characterisation techniques (Eisert et al., cussed, e.g. error extrapolation (Lowe et al., 2021) and 2020; Kliesch and Roth, 2021), e.g. gate infidelity esti- purification-based method (Bultrini et al., 2023). There mationforzero-noise extrapolation (Sec.III.A),fullgate are also suggestions that it ca"
Cai et al. - 2023 - Quantum Error Mitigation.pdf,Cai et al.,yes,yes,weak,gate-error,22,"construct the training circuit, we can make use of methods like their target noise types, their scaling be- the structure of the primary circuit for gate error miti- haviour, etc. gation, or we can make use of the known observable of Whilerecognisingthatitishardtomakegeneralcom- interest for state error miti"
Cai et al. - 2023 - Quantum Error Mitigation.pdf,Cai et al.,yes,yes,weak,gate-error,26,"ractable Fermi-Hubbard ground state energy using vari- typicallymeanthatmuchfewerqubitsandamuchlower ationaleigensolver(VQE)withthehelpofsymmetryver- gate fidelity are required for symmetry verification com- ification and error extrapolation (Cai, 2020). To over- pared to QEC to achieve the “break-even” point of"
Cai et al. - 2023 - Quantum Error Mitigation.pdf,Cai et al.,yes,yes,weak,gate-error,26,"QECcode quantum processors are needed for parallelisation, each usually come with higher space-time overhead than the containing 50 qubits and with a gate error rate of 10 4. − physicaloperationsperformedinQEM,leadingtolonger Thegatefidelityandthetotalnumberofqubitsrequired circuit run time and even more qubi"
Cai et al. - 2023 - Quantum Error Mitigation.pdf,Cai et al.,yes,yes,weak,gate-error,28,(2022) PEC SC Deterministicquantumcomputationwithpurestates Song et al. (2019) PEC SC Real-time dynamic simulation van den Berg et al. (2023) PEC Ion Gate fidelity estimation Zhang et al. (2020) PEC Ion Real-time dynamic simulation Chen et al. (2023) SYM SC Variational eigensolver Sagastizabal et al. (2019) SYM
Cai et al. - 2023 - Quantum Error Mitigation.pdf,Cai et al.,yes,yes,weak,gate-error,29,"probabilis- algorithmic errors but deeper circuits. Balancing these tic error cancellation. twoaspectsmeansthereisanoptimalorderofTrotterisa- Besides gate errors, there will also be compilation er- tion in a given practical setting. Data points of different rors when we try to approximate an arbitrary unitary"
Cai et al. - 2023 - Quantum Error Mitigation.pdf,Cai et al.,yes,yes,weak,gate-error,31,"rom measuring O on state ρ ρ imperfections, i.e. honing the performance of algorithms which of necessity produce only approximate answers. p physical gate error rate Despite already playing a significant role in practical applications, the current landscape of QEM is still dy- P circuit fault-free probability"
Cai et al. - 2023 - Quantum Error Mitigation.pdf,Cai et al.,yes,yes,weak,gate-error,37,"nath Narasgond, Hasan M. Nayfeh, Christian W. Bauer (2020), “Zero-noise extrapolation for EmilyPritchett,MaryBethRothwell,SrikanthSrinivasan, quantum-gate error mitigation with identity insertions,” Neereja Sundaresan, Cindy Wang, Ken X. Wei, Christo- Physical Review A 102 (1), 012426. pher J. Wood, Jeng-Bang"
Cai et al. - 2023 - Quantum Error Mitigation.pdf,Cai et al.,yes,yes,weak,gate-error,41,"Mitigation Scheme for Sanders, Yuval R, Joel J. Wallman, and Barry C. Sanders Current Quantum Processors,” Quantum 5, 492. (2015), “Bounding quantum gate error rate based on re- Sun, Jinzhao, Xiao Yuan, Takahiro Tsunoda, Vlatko Vedral, ported average fidelity,” New Journal of Physics 18 (1), SimonC.Benjamin,"
Campbell et al. - 2023 - Superstaq Deep Optimization of Quantum Programs.pdf,Campbell et al.,partial,yes,strong,depolarizing,5,"uesinSuperstaqreducetheR z gatecountfrom10to3,theGRgatecountfrom8to5,andthe net GR pulse area from 4π to 1.5π. Using an experimentally motivated [35] depolarizing noise model with a single-qubit SPAM fidelity of 0.98, GR fidelity of 0.999 (per qubit), R z fidelity of 0.99, and a CZ fidelity of 0.96, we estimate that"
Campbell et al. - 2023 - Superstaq Deep Optimization of Quantum Programs.pdf,Campbell et al.,partial,yes,weak,noise-model-mention,5,"qreducetheR z gatecountfrom10to3,theGRgatecountfrom8to5,andthe net GR pulse area from 4π to 1.5π. Using an experimentally motivated [35] depolarizing noise model with a single-qubit SPAM fidelity of 0.98, GR fidelity of 0.999 (per qubit), R z fidelity of 0.99, and a CZ fidelity of 0.96, we estimate that the ci"
Campbell et al. - 2023 - Superstaq Deep Optimization of Quantum Programs.pdf,Campbell et al.,partial,yes,weak,noise-model-mention,5,") and 0.782(8). This agreement should not to be taken of a square, decomposed down to CZ gates and single- too seriously due to the simplicity of the noise model – R z qubit Hadamards. (b) A straightforward decomposition of the and CZ gates are known to be dominated by phase errors, GHZ circuit, in which each"
Campbell et al. - 2023 - Superstaq Deep Optimization of Quantum Programs.pdf,Campbell et al.,partial,yes,weak,gate-error,1,"been consistent improvement in gate fidelities over the past decade. For instance, since the advent of superconducting transmon qubits [1], two-qubit gate errors have been lowered by 0.77 per year [2]. We see similar ∼ × rates of progress in other qubit technologies including neutral atoms [3], [4] and trappe"
Campbell et al. - 2023 - Superstaq Deep Optimization of Quantum Programs.pdf,Campbell et al.,partial,yes,weak,gate-error,4,"5a can be implemented directly with the AceCR(θ), as shown in the right hand side of Fig. 5a, requiring fewer two-qubit native gates. We compare the gate errors(1-Hellingerfidelities)forQiskit,Superstaq’sstan- dard optimization, and the direct AceCR(θ) implementation facilitated by Superstaq in Fig. 5b and w"
Chernyak et al. - 2026 - Classical Regularization in Variational Quantum Eigensolvers.pdf,Chernyak et al.,no,no,none,,,
Cirstoiu et al. - 2023 - Volumetric Benchmarking of Error Mitigation with Qermit.pdf,Cirstoiu et al.,yes,yes,strong,Pauli-channel,23,"f the function seen in D.1.3 Learning with Clifford Data Regression Eq.(21). Clifford-based learning is specifically designed for (global) stochastic Pauli noise; a case in which the linear ansatz exactly matches the noisy expectation values. ⟨O⟩ =F ⟨O⟩+F (23) N 1 0 Therefore, in the absence of sampling errors"
Cirstoiu et al. - 2023 - Volumetric Benchmarking of Error Mitigation with Qermit.pdf,Cirstoiu et al.,yes,yes,strong,stochastic-noise,23,"is a plot of the function seen in D.1.3 Learning with Clifford Data Regression Eq.(21). Clifford-based learning is specifically designed for (global) stochastic Pauli noise; a case in which the linear ansatz exactly matches the noisy expectation values. ⟨O⟩ =F ⟨O⟩+F (23) N 1 0 Therefore, in the absence of sampling"
Cirstoiu et al. - 2023 - Volumetric Benchmarking of Error Mitigation with Qermit.pdf,Cirstoiu et al.,yes,yes,strong,noise-model-spec,23,D.1.2 Zero Noise Extrapolation - Exponential Fit The effect of global depolarising noise model is that for different noise levels ⟨O⟩ αi =γαi⟨O⟩. This means that an exponential ZNE fit exactly captures the un- derlyingnoisemodelwiththeerrormitigat
Cirstoiu et al. - 2023 - Volumetric Benchmarking of Error Mitigation with Qermit.pdf,Cirstoiu et al.,yes,yes,weak,noise-model-mention,4,"is a machine son distribution so that λk(1−λ)d−k(cid:0)d(cid:1) ≈e−dλ(dλ)k learning approach to error mitigation. The method k k! and therefore, this noise model with the assump- reliesontheideathatcircuitscontaininganumberof tion that λ = O(1/d) makes the approximation U ˜ ≈ T gates logarithmic in the number"
Cirstoiu et al. - 2023 - Volumetric Benchmarking of Error Mitigation with Qermit.pdf,Cirstoiu et al.,yes,yes,weak,noise-model-mention,4,"n: CDR involves a series of sub- processes N (U) = U and N ,...,N , each of which fitting functions. In particular, for a global depolar- 0 1 k ising noise model (where E outputs a fixed state ψ ) modifiestheinputU,synthesizedintoauniversalClif- 0 the noisy and exact expected values have a linear re- ford + T"
Cirstoiu et al. - 2023 - Volumetric Benchmarking of Error Mitigation with Qermit.pdf,Cirstoiu et al.,yes,yes,weak,noise-model-mention,4,"nd and relieves developers of some of the work of pip- CDR are motivated by an incoherent, Markovian ingtogetherprocesses. Amodulardesignadditionally noise model. Such a model is described by the quan- means sub-graphs and graphs may be reused in other tum channel N = (1 − λ)I + λE with I the iden- original er"
Cirstoiu et al. - 2023 - Volumetric Benchmarking of Error Mitigation with Qermit.pdf,Cirstoiu et al.,yes,yes,weak,noise-model-mention,8,"with variance σ2. headoferrormitigationintermsofthemaximalnoise s s=1 i bias and distinguishability measures. In particular, for a local depolarising noise model the number of 4.3 Volumetric Benchmarking shots required to produce a mitigated estimator with Volumetricbenchmarkingoferrormitigationassesses thesam"
Cirstoiu et al. - 2023 - Volumetric Benchmarking of Error Mitigation with Qermit.pdf,Cirstoiu et al.,yes,yes,weak,noise-model-mention,12,"utility of CDR and ZNE we extend the depth of the circuit explored using mirrored circuits, The first set of benchmarks employ a local depolar- ising noise model with error rate of e = 10−3 and as discussed in Section 4.4. We see from Figs. 11c 1 e = 10−2 for single and two qubit gates respec- and11dthatwhileZ"
Cirstoiu et al. - 2023 - Volumetric Benchmarking of Error Mitigation with Qermit.pdf,Cirstoiu et al.,yes,yes,weak,noise-model-mention,21,"0 1 2 D Behaviour of EM Methods Under Noise Models 3 D.1 Global Depolarising Noise Model Depolarising noise acts isotropically on quantum 4 5 6 states, hence its effect on error mitigation schemes is straightforwardtoanalyse. Ittakesanyst"
Cirstoiu et al. - 2023 - Volumetric Benchmarking of Error Mitigation with Qermit.pdf,Cirstoiu et al.,yes,yes,weak,noise-model-mention,21,"⟩ via Table 1: ibm lagos device properties. ⟨O⟩ =(1−p )d1(1−p )d2⟨O⟩ (18) N 1 2 ibmq casablanca devices is as seen in Fig. 9. The For this simplified noise model, the relative error of gates available on the both devices are: mitigationremainsconstantandisindependentofthe observable and the specific circuit st"
Cirstoiu et al. - 2023 - Volumetric Benchmarking of Error Mitigation with Qermit.pdf,Cirstoiu et al.,yes,yes,weak,noise-model-mention,23,D.1.2 Zero Noise Extrapolation - Exponential Fit The effect of global depolarising noise model is that for different noise levels ⟨O⟩ αi =γαi⟨O⟩. This means that an exponential ZNE fit exactly captures the un- derlyingnoisemodelwiththeerrormiti
Cirstoiu et al. - 2023 - Volumetric Benchmarking of Error Mitigation with Qermit.pdf,Cirstoiu et al.,yes,yes,weak,noisy-device-mention,12,"hat for Random Circuits in the size ranges when run on both ibm lagos and ibmq casablanca. explored, both show an improvement over the case Extensive noisy simulations are provided in the Ap- where error mitigation is not used. ZNE appears to pendix D. performparticularlywellinthisdomain, outperform- ingCDRforeachc"
Cirstoiu et al. - 2023 - Volumetric Benchmarking of Error Mitigation with Qermit.pdf,Cirstoiu et al.,yes,yes,weak,noisy-device-mention,15,"tion, and with additional bespoke device example derived in [23] or determined from classical calibration [47, 48]. In particular, for these combined noisy simulations [29]. Qualitatively, we found that methods the error mitigated estimates of magnetisa- even for a low total shot budget (≈ 105 per mit- tiongaveabet"
Cirstoiu et al. - 2023 - Volumetric Benchmarking of Error Mitigation with Qermit.pdf,Cirstoiu et al.,yes,yes,weak,noisy-device-mention,20,"uit for each QubitPauliString to The CDR MitEx has required inputs: the ansatz circuit and execute it through the pytket device backend, the possibly noisy backend used Backend the MitEx object is defined by. In particular to approximate the expectation of the inputted the example code snippet: circuits; simulat"
Cirstoiu et al. - 2023 - Volumetric Benchmarking of Error Mitigation with Qermit.pdf,Cirstoiu et al.,yes,yes,weak,noise-parameter,3,"lgenerallydependonthetypeofnoise d 1 d C = U and αi chosen uniformly at random for a a particular method is aiming to mitigate. For exam- j j j fixed noise level λ =P (2αi +1). ple,asetofthesub-processesandmeasurementsmay i j j The output of the first step will be D := be independent of U or O, with the aim to"
Cirstoiu et al. - 2023 - Volumetric Benchmarking of Error Mitigation with Qermit.pdf,Cirstoiu et al.,yes,yes,weak,noise-parameter,3,"to tr(ON (U)ρ [N (U)]†)ofthetargetobservablewith saythatN i maydependonoutcomesD 1,m ... D i−1,m respect λi to th 0 e m λ o i dified circuit at each noise level, forasubsetofthemeasurementcircuitsm. Typically given the fixed set of resources (i.e number of shots). theDataCollectionstepwillincludetheidentitypr"
Cirstoiu et al. - 2023 - Volumetric Benchmarking of Error Mitigation with Qermit.pdf,Cirstoiu et al.,yes,yes,weak,noise-parameter,3,al factors at each step can influ- a) The polynomial extrapolation assumes that the encetheperformanceofanerrormitigationtechnique. dependency on the noise level parameter λ can be An example is the accuracy in the noise modelling expressedasatruncatedTaylorseriessothatthedata assumptions that motivate the cho
Cirstoiu et al. - 2023 - Volumetric Benchmarking of Error Mitigation with Qermit.pdf,Cirstoiu et al.,yes,yes,weak,noise-parameter,3,"order terms O(λK+1) and un- in Appendix E.4. known (complex) parameters F i . If the number of data points, or equivalently in our case the number of noise parameters k, is at least K + 1, the num- 2.2 Zero Noise Extrapolation ber of unknown parameters, then the extrapolation The ZeroNoise Extrapolation(ZNE) metho"
Cirstoiu et al. - 2023 - Volumetric Benchmarking of Error Mitigation with Qermit.pdf,Cirstoiu et al.,yes,yes,weak,noise-parameter,4,annel U(·) := U(·)U† is given by U ˜ := U ◦ N ◦ 1 pectedvaluesofobservablesdecayexponentiallywith U ◦ N... ◦ U ◦ N. We can expand this out in 2 d the noise level parameter λ and the data can then be terms of linear combinations of channels with coef- fitted to ficients depending on the noise parameter λ to get
Cirstoiu et al. - 2023 - Volumetric Benchmarking of Error Mitigation with Qermit.pdf,Cirstoiu et al.,yes,yes,weak,noise-parameter,4,"t in 2 d the noise level parameter λ and the data can then be terms of linear combinations of channels with coef- fitted to ficients depending on the noise parameter λ to get D =⟨O ˆ ⟩ +F(e−fλ−1). (5) U ˜ = (1−λ)dU +λ(1−λ)d−1(cid:0)d 1 (cid:1) E(1) +....+λdE(d), λ EM wherethenotationE(k)isanaverageoverallprocesses"
Cirstoiu et al. - 2023 - Volumetric Benchmarking of Error Mitigation with Qermit.pdf,Cirstoiu et al.,yes,yes,weak,noise-parameter,15,"y generally overestimate the median ZNE, where the use of digitised method to artificially relativeerrorforcircuitsofsimilarsizesusingbothof increase noise level may be more susceptible to the the methods considered. As such they may be taken different noise profiles. These results flag two issues; to provide"
Cirstoiu et al. - 2023 - Volumetric Benchmarking of Error Mitigation with Qermit.pdf,Cirstoiu et al.,yes,yes,weak,noise-parameter,16,"in Appendix D.2 we note some observations regard- using the command line operation: ingtheperformanceoferrormitigationwithchanging pip install qermit noise levels, a more refined and extensive study with morecomplexnoisemodelswouldbeofgreatinterest. The source code for Qermit is hosted at: Sinceallparametersin"
Cirstoiu et al. - 2023 - Volumetric Benchmarking of Error Mitigation with Qermit.pdf,Cirstoiu et al.,yes,yes,weak,noise-parameter,23,D.1.2 Zero Noise Extrapolation - Exponential Fit The effect of global depolarising noise model is that for different noise levels ⟨O⟩ αi =γαi⟨O⟩. This means that an exponential ZNE fit exactly captures the un- derlyingnoisemodelwiththeerrormitigatedobserv- able given by ⟨O⟩ EM
Cirstoiu et al. - 2023 - Volumetric Benchmarking of Error Mitigation with Qermit.pdf,Cirstoiu et al.,yes,yes,weak,noise-parameter,23,"ors due to sampling, there is a sharp increase in the rel- Figure10: Analytical and numeric calculations of relative ative error of mitigation as the noise level increases. error of mitigation with changing depolarising factor. ForthesamesetofexperimentsconductedwithCDR we again expect 0 relative error of miti"
Cirstoiu et al. - 2023 - Volumetric Benchmarking of Error Mitigation with Qermit.pdf,Cirstoiu et al.,yes,yes,weak,noise-parameter,24,"e. 1 1 2 2 d d C are sampled from a specified class of primitive i circuits. Then for any observable the ideal expecta- E.3 Detrimental Effect of Low Noise Level tion of the target state ρ =C(w,d)ρ C(w,d)† is mirror 0 tr(Oρ ) = tr(Oρ ). For example, if O is a Pauli Therefore the only condition left to ensure t"
Cirstoiu et al. - 2023 - Volumetric Benchmarking of Error Mitigation with Qermit.pdf,Cirstoiu et al.,yes,yes,weak,gate-error,3,"for the coefficients, λ(ormoregenerallyasetofparameters)whichcanbe and the method is referred to as Richardson extrapo- viewed as a proxy for average gate error rates. Then, lation [16]. AcceptedinQuantum2023-07-04,clicktitletoverify. PublishedunderCC-BY4.0. 3"
Cirstoiu et al. - 2023 - Volumetric Benchmarking of Error Mitigation with Qermit.pdf,Cirstoiu et al.,yes,yes,weak,gate-error,24,ϵ ≤ > η( 0 ϵ) t t h h e e r n e t e h x e ist p s ro a ba v b a il l i u ty e acts on. Y distribution function F of Z =X/Y approximates a Z Two-qubit gate errors: depolarizingerrorfollowed normal distribution G with mean µ = µX and vari- µY by single-qubit thermal relaxation error on each ance µ2 (cid:18) σ2
Czarnik et al. - 2021 - Error mitigation with Clifford quantum-circuit data.pdf,Czarnik et al.,yes,yes,strong,depolarizing,7,"In addition, we remark that the linear ansatz will cal motivation for a linear ansatz. perfectly correct for certain types of measurement Consider a depolarizing noise channel that acts noise. This is because measurement noise typically globally on all Q qubits. The action of this channel can be thought of as noise"
Czarnik et al. - 2021 - Error mitigation with Clifford quantum-circuit data.pdf,Czarnik et al.,yes,yes,strong,depolarizing,7,"n that part of the circuit. Theaboveana ψ lysisshowsthatourlinearansatzwill WhenreplacingarotationR Z (α)bySn, thepowern perfectly correct for global depolarizing noise. This israndomlysampledwithweightw(n),whichisgiven analysis can be extended to a global version of the by quantum erasure channel. More generally, th"
Czarnik et al. - 2021 - Error mitigation with Clifford quantum-circuit data.pdf,Czarnik et al.,yes,yes,strong,depolarizing,12,"(18) 0.20(7) similar for both the training circuits and the circuit 16 0.98(21) 0.28(9) of interest. 24 0.81(21) 0.28(9) In the case of simple global depolarizing noise 32 0.79(13) 0.27(7) treated analytically in Appendix A, we see that CDR is capable of learning the perfect correction from any 48 0.75(14) 0.26(7) tw"
Czarnik et al. - 2021 - Error mitigation with Clifford quantum-circuit data.pdf,Czarnik et al.,yes,yes,strong,noise-model-spec,4,"oisy(red)andcorrected(blue) resultsobtainedforN =28non-Cliffordgatesinthetraining results. (a) The results for Q=32,p=2 plotted versus N. circuits. A noise model used here has noise rates inversely (b) The results for Q = 16,N = 28 plotted versus p. (c) proportionaltop(6)andisequivalenttotherealisticIBM’s The resul"
Czarnik et al. - 2021 - Error mitigation with Clifford quantum-circuit data.pdf,Czarnik et al.,yes,yes,weak,noise-model-mention,3,(|0i+|1i)/ 2. The cuits which are beyond reach of the full density ma- exponentials of H 2 and H 1 can be easily decomposed trix simulator. We use a noise model obtained from into quantum circuits (see Appendix D for a descrip- gatesettomographyofIBM’sOurensequantumcom- tion of the resulting circuits). puter
Czarnik et al. - 2021 - Error mitigation with Clifford quantum-circuit data.pdf,Czarnik et al.,yes,yes,weak,noise-model-mention,3,"from into quantum circuits (see Appendix D for a descrip- gatesettomographyofIBM’sOurensequantumcom- tion of the resulting circuits). puter [13]. The noise model does not capture spatial For this implementation, we perform the optimiza- and time inhomogeneous aspects of the real device tion of the β j ,γ j par"
Czarnik et al. - 2021 - Error mitigation with Clifford quantum-circuit data.pdf,Czarnik et al.,yes,yes,weak,noise-model-mention,4,"oisy(red)andcorrected(blue) resultsobtainedforN =28non-Cliffordgatesinthetraining results. (a) The results for Q=32,p=2 plotted versus N. circuits. A noise model used here has noise rates inversely (b) The results for Q = 16,N = 28 plotted versus p. (c) proportionaltop(6)andisequivalenttotherealisticIBM’s The"
Czarnik et al. - 2021 - Error mitigation with Clifford quantum-circuit data.pdf,Czarnik et al.,yes,yes,weak,noise-model-mention,4,"= 16,N = 28 plotted versus p. (c) proportionaltop(6)andisequivalenttotherealisticIBM’s The results for p = 2,N = 28 plotted versus Q. (d) The Ourense noise model (used in Fig. 5) for p=4. The results results for p = 3,N = 28 plotted versus Q. Here Q is the obtainedwith16384shotspercircuitand70near-Cliffordcir-"
Czarnik et al. - 2021 - Error mitigation with Clifford quantum-circuit data.pdf,Czarnik et al.,yes,yes,weak,noise-model-mention,4,"error, uncor- in comparison to current devices. To investigate such rected (red) and corrected (blue), for different values a scenario we construct a noise model by taking gate of N, p, and Q. One can see that our CDR method process matrices E as a convex combinations of pro- resultsinbetweenonetotwoorders-of-"
Czarnik et al. - 2021 - Error mitigation with Clifford quantum-circuit data.pdf,Czarnik et al.,yes,yes,weak,noise-model-mention,4,our CDR method process matrices E as a convex combinations of pro- resultsinbetweenonetotwoorders-of-magnitudere- cess matrices of the IBM’s Ourense noise model [13] duction in the error. Increasing the number of non- E andprocessmatricesofthenoiselesscaseE . Clifford gates N in the training data monotonicall
Czarnik et al. - 2021 - Error mitigation with Clifford quantum-circuit data.pdf,Czarnik et al.,yes,yes,weak,noise-model-mention,4,"noisy +(1−α)E exact , α= p . (6) S to become closer to the target state |ψi of inter- ψ est. Hence, our results show that N is a refinement For this noise model we optimize the QAOA for parameter, allowing one to obtain better error miti- p = 4 − 24 and Q = 8 using full density matrix gation with the increase"
Czarnik et al. - 2021 - Error mitigation with Clifford quantum-circuit data.pdf,Czarnik et al.,yes,yes,weak,noise-model-mention,4,"reased computational difficulty of noisy simulator. Therefore, for p = 4 we recover simulating more non-Clifford gates. N is limited to the realistic noise model and for the deepest simu- (cid:46)80 for state-of-the-art classical simulators [39], but lated p = 24 we reduce the noise rates by a factor ourresult"
Czarnik et al. - 2021 - Error mitigation with Clifford quantum-circuit data.pdf,Czarnik et al.,yes,yes,weak,noise-model-mention,9,l computation time for these p values optimizationasinFig.3(d). AsinFig.3(d)weusetheIBM’s one can choose the initial points using MCMC chains Ourense noise model. The blue curves are results obtained with the likelihood (15) which is used in the main text and obtainedforsmallerp. Tosumupweobservethatfor aretak
Czarnik et al. - 2021 - Error mitigation with Clifford quantum-circuit data.pdf,Czarnik et al.,yes,yes,weak,noise-model-mention,12,"gy. We also include standard deviation of the this problem for the more realistic case of the IBM absolute values using parentheses notation. Ourense noise model. To that end we perform the correction with a constant ansatz we gather average absolute values of the fitted CDR f(Xnoisy,a)=a (22) ψ 1 ansatz coeff"
Czarnik et al. - 2021 - Error mitigation with Clifford quantum-circuit data.pdf,Czarnik et al.,yes,yes,weak,noise-model-mention,13,"orrection. Here we correct the same local minima of Q = 8−64, p = 3 QAOA optimiza- tion as in Figs. 3(d), 8 of the manuscript. We use the IBM Ourense noise model. The blue curves show the results ob- tained with the CDR and are taken from Fig. 8. The black curves depict the results obtained with the constant a"
Czarnik et al. - 2021 - Error mitigation with Clifford quantum-circuit data.pdf,Czarnik et al.,yes,yes,weak,noise-parameter,4,") resultsobtainedforN =28non-Cliffordgatesinthetraining results. (a) The results for Q=32,p=2 plotted versus N. circuits. A noise model used here has noise rates inversely (b) The results for Q = 16,N = 28 plotted versus p. (c) proportionaltop(6)andisequivalenttotherealisticIBM’s The results for p = 2,N = 28"
Czarnik et al. - 2021 - Error mitigation with Clifford quantum-circuit data.pdf,Czarnik et al.,yes,yes,weak,noise-parameter,4,"otations. surement noise as it can be mitigated by specialized Toobtainsubstantialimprovementfordeeperp>4 techniques [5, 11]. we consider the case of noise rates modestly reduced Figure 3 presents the relative energy error, uncor- in comparison to current devices. To investigate such rected (red) and correcte"
Czarnik et al. - 2021 - Error mitigation with Clifford quantum-circuit data.pdf,Czarnik et al.,yes,yes,weak,noise-parameter,4,"ited to the realistic noise model and for the deepest simu- (cid:46)80 for state-of-the-art classical simulators [39], but lated p = 24 we reduce the noise rates by a factor ourresultsshowthatN (cid:46)30alreadyleadstoorders- of 6 which is insufficient to enable the fault-tolerant of-magnitude reduction in th"
Dutkiewicz et al. - 2025 - Error Mitigation and Circuit Division for Early Fault-Tolerant Quantum Phase Estimation.pdf,Dutkiewicz et al.,yes,yes,strong,depolarizing,1,"residuallogicalnoise,andapplyittoquantumphaseestimation(QPE).Wedevelopaquantum-Fourier- transform- (QFT) based QPE technique that is robust to global depolarizing noise and outperforms the previous state of the art at low and moderate noise rates. We further introduce the explicitly unbiased maximum-likelihoodestimat"
Dutkiewicz et al. - 2025 - Error Mitigation and Circuit Division for Early Fault-Tolerant Quantum Phase Estimation.pdf,Dutkiewicz et al.,yes,yes,strong,depolarizing,4,"nt quantum computers. Previous work B.QFT-basedQPEalgorithmrobusttodepolarizing has shown that other natural noise models (in particular, noise local depolarizing noise) can result in a biased signal in Our first contribution is to provide a circuit-division single-control QPE methods [63] and thus a biased phase var"
Dutkiewicz et al. - 2025 - Error Mitigation and Circuit Division for Early Fault-Tolerant Quantum Phase Estimation.pdf,Dutkiewicz et al.,yes,yes,strong,depolarizing,4,"udyhowoverheadasso- eigenstate preparation, the MSQPE algorithm in the pres- ciated with error mitigation (defined in terms of circuit ence of global depolarizing noise with rate γ (per call of theunitary)convergestoerror(cid:4) inatotalnumberofuses oftheunitarygivenby 4 (a) π(cid:4)−1,if(cid:4) (cid:4)γ (b) Cγ(cid:4"
Dutkiewicz et al. - 2025 - Error Mitigation and Circuit Division for Early Fault-Tolerant Quantum Phase Estimation.pdf,Dutkiewicz et al.,yes,yes,strong,depolarizing,6,dualerrorisassumedtofollowaglobal-depolarizing-noise model (solid lines). We also report the sample overheadboundof 7 times requiredto mitigate local depolarizing noise of the same strengthwithintheEUMLEframework(shadedareas).Changingγ allowsustotradebetweenthenumberofphysicalqubits(usedas aresourceforimplementingbet
Dutkiewicz et al. - 2025 - Error Mitigation and Circuit Division for Early Fault-Tolerant Quantum Phase Estimation.pdf,Dutkiewicz et al.,yes,yes,strong,depolarizing,15,"unning an increasing number M of information about the phase φ) is lost. This makes global circuits with depth T ∗ that maximizes the specific Fisher depolarizing noise a particularly simple noise model to informationI¯(T)/T [65,88], analyze, though it comes with an exponential decay in fidelity that cannot be mitiga"
Dutkiewicz et al. - 2025 - Error Mitigation and Circuit Division for Early Fault-Tolerant Quantum Phase Estimation.pdf,Dutkiewicz et al.,yes,yes,strong,depolarizing,15,"infor- In this section we optimize and compare two dieff rent mation, which characterizes the black box in which the variants of QPE robust to global depolarizing noise. One parameterφ isencoded.ForthenoiselessversionofQPE, of these will be based on the optimized RPE algorithm of Problem 3, the channel Fisher informa"
Dutkiewicz et al. - 2025 - Error Mitigation and Circuit Division for Early Fault-Tolerant Quantum Phase Estimation.pdf,Dutkiewicz et al.,yes,yes,strong,depolarizing,15,"blackboxthattakes itydistributionP T (SinQPE) [Eq.(12)][60].Foranoisyoracle inanerror(cid:4) andfixednoiserateγ andtellsthenumberof subject to global depolarizing noise with rate γ (see Sec. calls to the oracle T that would be required to solve the tot IVC),thechannelFi(cid:24)sherinformationcanbeboundedfrom followin"
Dutkiewicz et al. - 2025 - Error Mitigation and Circuit Division for Early Fault-Tolerant Quantum Phase Estimation.pdf,Dutkiewicz et al.,yes,yes,strong,depolarizing,15,"PE in the presence of depolarizing C.Quantumphaseestimationwithglobal noise). The problem in Definition 2 in the presence of depolarizingnoise global depolarizing noise with a known fixed error rate γ perapplicationoftheunitaryoracle,i.e.,U(cid:2)=U(cid:2)(GDN). Hardware noise in quantum devices can take many γ forms"
Dutkiewicz et al. - 2025 - Error Mitigation and Circuit Division for Early Fault-Tolerant Quantum Phase Estimation.pdf,Dutkiewicz et al.,yes,yes,strong,depolarizing,15,de parameters according to the framework defined in we focus on mitigating a simple well-characterized noise Fig.1. model in a QPE experiment; global depolarizing noise with a fixed strength γ. This will allow us to more rig- 1.Single-controlQPEinthepresenceofnoise orouslyanalyzeandcomparetheperformanceofdieff rent e
Dutkiewicz et al. - 2025 - Error Mitigation and Circuit Division for Early Fault-Tolerant Quantum Phase Estimation.pdf,Dutkiewicz et al.,yes,yes,strong,depolarizing,15,"retheperformanceofdieff rent estimators; we will consider the more general form in If we directly apply RPE (Algorithm 3) in the presence Sec.IVE. of depolarizing noise, the (Holevo) error (cid:4) in the esti- H Globaldepolarizingnoise(GDN)[49,59,63,126,127]is mate will plateau as the target precision (cid:4) is decr"
Dutkiewicz et al. - 2025 - Error Mitigation and Circuit Division for Early Fault-Tolerant Quantum Phase Estimation.pdf,Dutkiewicz et al.,yes,yes,strong,depolarizing,16,"ndwillnotbesaturated,asweneedto gleQPEcircuit(asinFig.8)isimpossibleinthepresence allocate a number of shots for circuits with lower depths of global depolarizing noise. Moreover, naively averag- inordertodeterminethemostsignificantbitsofthephase ing the outcomes over many circuit runs would result in withsucffi ient"
Dutkiewicz et al. - 2025 - Error Mitigation and Circuit Division for Early Fault-Tolerant Quantum Phase Estimation.pdf,Dutkiewicz et al.,yes,yes,strong,depolarizing,16,"d:4)−2 in optimize the number of measurements M of Algorithm 2 tot tot j the previous section for RPE. We would hope to recover to account for global depolarizing noise. This results in a thisscaling. well-defined algorithm, the cost of which scales asymp- totically as T ∼O((cid:4)−2γ) (we will later fit the prefacto"
Dutkiewicz et al. - 2025 - Error Mitigation and Circuit Division for Early Fault-Tolerant Quantum Phase Estimation.pdf,Dutkiewicz et al.,yes,yes,strong,depolarizing,19,)=0.89 4γ/3eT tot (a) (b) (c) fit: 4.87γ1/2 fit: 3.96γ1/2 FIG. 8. A comparison of RPE (Algorithm 4) and MSQPE (Algorithm 5) in the presence of global depolarizing noise. (a) The numericalmeanHolevoerror(cid:4) asafunctionofthetotalcostT forafixednoiserateγ =2−15.Theverticaldashedlinesrepresent T ((cid:4) )andT ((cid:
Dutkiewicz et al. - 2025 - Error Mitigation and Circuit Division for Early Fault-Tolerant Quantum Phase Estimation.pdf,Dutkiewicz et al.,yes,yes,strong,depolarizing,19,d:4) − γ − → →0 tan(π/(T +2)). Thus the total tot Algorithm5toproduceaphaseestimatewithHolevoerror costsatisfies (cid:4) →0 in the presence of global depolarizing noise with strengthγ →0dependsontheorderinwhichtheselimits (cid:15) π (cid:16) aretaken.Specifically: lim T (cid:4) = lim T ×tan =π. (30) (cid:4) t →0 tot
Dutkiewicz et al. - 2025 - Error Mitigation and Circuit Division for Early Fault-Tolerant Quantum Phase Estimation.pdf,Dutkiewicz et al.,yes,yes,strong,depolarizing,28,"l. resultwithoutfilteringinTheorem8. The assumptions of perfect eigenstate preparation and ThescalingofthefilteredEUMLEvariancewithfidelity of global depolarizing noise will need to be lifted for depends on the details of the noise and of the filtering practicalapplications,whichwillresultinadditionalover- window. Le"
Dutkiewicz et al. - 2025 - Error Mitigation and Circuit Division for Early Fault-Tolerant Quantum Phase Estimation.pdf,Dutkiewicz et al.,yes,yes,strong,depolarizing,33,"tallimitsofquantumerrormitigation,npjQuantumInf.8, [23] Z. Ding, Y. Dong, Y. Tong, and L. Lin, Robust 114(2022). ground-state energy estimation under depolarizing noise, [41] Y.Quek,D.S.França,S.Khatri,J.J.Meyer,andJ.Eisert, ArXiv:2307.11257. Exponentially tighter bounds on limitations of quantum [24] D. Bultrini, S."
Dutkiewicz et al. - 2025 - Error Mitigation and Circuit Division for Early Fault-Tolerant Quantum Phase Estimation.pdf,Dutkiewicz et al.,yes,yes,strong,Pauli-channel,27,"|s2(x)| T ≤ Be4γT . (96) T→∞T2 c T→∞T2 x c tot (cid:4)2T ≤ lim 1 max s |f T (cid:12)(s)|2 ≤ b2 . (91) ThisisoptimizedatT =1/4γ,yielding T→∞T2 c2 c2 T(Paulinoise) =4Beγ(cid:4)−2 ≈137γ(cid:4)−2. (97) tot Combiningtheabovelimits, Comparing to Theorem 6, where T =Cγ(cid:4)−2 with (cid:27) (cid:29) (cid:28) tot E"
Dutkiewicz et al. - 2025 - Error Mitigation and Circuit Division for Early Fault-Tolerant Quantum Phase Estimation.pdf,Dutkiewicz et al.,yes,yes,strong,Pauli-channel,27,"lassicalmethods,toboostourQPEperformance. locally invertible [37,44,45]. (This is the case for local Herewedevelopafilteringprocedurethatassumesprior Pauli channels with constant and qubit-independent error knowledge of a clustering region of size (cid:10)(cid:4)(cid:4) where rate,e.g.,localdepolarizingnoise.)Un"
Dutkiewicz et al. - 2025 - Error Mitigation and Circuit Division for Early Fault-Tolerant Quantum Phase Estimation.pdf,Dutkiewicz et al.,yes,yes,strong,Pauli-channel,29,", as the meaning of the noise strength γ can dieff r depending on the assumptions on controlle%dp&h#as$egradient noise. However, if we assume a local Pauli noise chan- + β +1 (102) nelwiththesameoverallerror-eventprobabilityasGDN, we can bound the overhead of EUMLE-based error miti- Thewalkoperatorhasthesamesp"
Dutkiewicz et al. - 2025 - Error Mitigation and Circuit Division for Early Fault-Tolerant Quantum Phase Estimation.pdf,Dutkiewicz et al.,yes,yes,strong,Pauli-Lindblad,23,"(cid:2) Q(j,x)= This decomposition can be learned via either a sparse |α j |/|α| 1 Q j (x). We can sample data points {(j i ,y i )} i=1,...,M(cid:2) Pauli-Lindblad decomposition [54] or from the output of by importance sampling j ∼|α |/|α| and then sampling i ji 1 QEC stabilizer measurements [135]. For stochasti"
Dutkiewicz et al. - 2025 - Error Mitigation and Circuit Division for Early Fault-Tolerant Quantum Phase Estimation.pdf,Dutkiewicz et al.,yes,yes,strong,stochastic-noise,15,"vo) error (cid:4) in the esti- H Globaldepolarizingnoise(GDN)[49,59,63,126,127]is mate will plateau as the target precision (cid:4) is decreased, t a stochastic noise model where, with some probability p, inspiteofthegrowingcost.Thisisbecausethealgorithm a random global unitary is applied to the system, replac- req"
Dutkiewicz et al. - 2025 - Error Mitigation and Circuit Division for Early Fault-Tolerant Quantum Phase Estimation.pdf,Dutkiewicz et al.,yes,yes,strong,stochastic-noise,22,"The fidelity j assuming good characterization of the noise itself. In the of these circuits is bounded by F ≥e−γT, so the error- case(cid:3)of local stochastic noise, the overhead of PEC is mitigation overhead is bounded by C em (T,γ)≤(cid:9)eνγT. C ( |α |)2 ∝F−4 [37,44,45]. This can be interpreted TheQPEerror-mit"
Dutkiewicz et al. - 2025 - Error Mitigation and Circuit Division for Early Fault-Tolerant Quantum Phase Estimation.pdf,Dutkiewicz et al.,yes,yes,strong,stochastic-noise,23,-Lindblad decomposition [54] or from the output of by importance sampling j ∼|α |/|α| and then sampling i ji 1 QEC stabilizer measurements [135]. For stochastic Pauli y ∼Q (y) on the noisy quantum device. We can then channels (which can represent a model for logical noise co i mput ji ea i nestimateL(cid:2) ofL¯ as
Dutkiewicz et al. - 2025 - Error Mitigation and Circuit Division for Early Fault-Tolerant Quantum Phase Estimation.pdf,Dutkiewicz et al.,yes,yes,strong,stochastic-noise,27,"However,filteringgivesusameanstofur- can relate to the rest of this work, we assume a local ther add prior information, such as energy estimates from stochastic noise channel with uniform error rate that is classicalmethods,toboostourQPEperformance. locally invertible [37,44,45]. (This is the case for local Herewed"
Dutkiewicz et al. - 2025 - Error Mitigation and Circuit Division for Early Fault-Tolerant Quantum Phase Estimation.pdf,Dutkiewicz et al.,yes,yes,strong,noise-model-spec,15,"ate γ perapplicationoftheunitaryoracle,i.e.,U(cid:2)=U(cid:2)(GDN). Hardware noise in quantum devices can take many γ forms and some knowledge of the noise model is often ThiswillbelaterusedinSec.IVFtooptimizesurface- requiredinordertoperformerrormitigation.Inthissection code parameters according to the framework"
Dutkiewicz et al. - 2025 - Error Mitigation and Circuit Division for Early Fault-Tolerant Quantum Phase Estimation.pdf,Dutkiewicz et al.,yes,yes,strong,noise-model-spec,21,"ling as a function of F. If errors can be D.Error-mitigationoverheadforQPE detected deterministically and associated runs discarded, The depolarizing-noise model is a useful toy model error mitigation can be achieved with overhead C ∼ em to understand the idealized performance of a quantum F−1, which we term the"
Dutkiewicz et al. - 2025 - Error Mitigation and Circuit Division for Early Fault-Tolerant Quantum Phase Estimation.pdf,Dutkiewicz et al.,yes,yes,strong,local-noise,4,"tolerant quantum computers. Previous work B.QFT-basedQPEalgorithmrobusttodepolarizing has shown that other natural noise models (in particular, noise local depolarizing noise) can result in a biased signal in Our first contribution is to provide a circuit-division single-control QPE methods [63] and thus a biased pha"
Dutkiewicz et al. - 2025 - Error Mitigation and Circuit Division for Early Fault-Tolerant Quantum Phase Estimation.pdf,Dutkiewicz et al.,yes,yes,strong,local-noise,6,heresidualerrorisassumedtofollowaglobal-depolarizing-noise model (solid lines). We also report the sample overheadboundof 7 times requiredto mitigate local depolarizing noise of the same strengthwithintheEUMLEframework(shadedareas).Changingγ allowsustotradebetweenthenumberofphysicalqubits(usedas aresourceforimplement
Dutkiewicz et al. - 2025 - Error Mitigation and Circuit Division for Early Fault-Tolerant Quantum Phase Estimation.pdf,Dutkiewicz et al.,yes,yes,strong,local-noise,7,"- izing noise), as well as a bound on the EUMLE cost for mates, and we can already suggest various improvements a more realistic logical noise model (local depolarizing). thatcouldbeachievedwithinourframework.Inthiswork, Across the range of experiments considered, we observe we have focused on developing noise-robust"
Dutkiewicz et al. - 2025 - Error Mitigation and Circuit Division for Early Fault-Tolerant Quantum Phase Estimation.pdf,Dutkiewicz et al.,yes,yes,weak,noise-model-mention,6,"owachosenγ,assumingaphysicalerrorrateof10−3, asurface-codeclockcycleof1µs,anda5%routingoverhead.Theresidualerrorisassumedtofollowaglobal-depolarizing-noise model (solid lines). We also report the sample overheadboundof 7 times requiredto mitigate local depolarizing noise of the same strengthwithintheEUMLEframe"
Dutkiewicz et al. - 2025 - Error Mitigation and Circuit Division for Early Fault-Tolerant Quantum Phase Estimation.pdf,Dutkiewicz et al.,yes,yes,weak,noise-model-mention,7,"tolerant esti- izing noise), as well as a bound on the EUMLE cost for mates, and we can already suggest various improvements a more realistic logical noise model (local depolarizing). thatcouldbeachievedwithinourframework.Inthiswork, Across the range of experiments considered, we observe we have focused on dev"
Dutkiewicz et al. - 2025 - Error Mitigation and Circuit Division for Early Fault-Tolerant Quantum Phase Estimation.pdf,Dutkiewicz et al.,yes,yes,weak,noise-model-mention,7,"QPE, in more general coecffi ientsforrealizingthequbitizationoracle. estimationproblems.Ontheotherhand,theEUMLEneeds accurate characterization of the noise model in order to construct a quasiprobability decomposition. Investigating III.DISCUSSIONANDCONCLUSIONS therobustnessofEUMLEagainstinaccuratenoisecharac-"
Dutkiewicz et al. - 2025 - Error Mitigation and Circuit Division for Early Fault-Tolerant Quantum Phase Estimation.pdf,Dutkiewicz et al.,yes,yes,weak,noise-model-mention,15,"ion about the phase φ) is lost. This makes global circuits with depth T ∗ that maximizes the specific Fisher depolarizing noise a particularly simple noise model to informationI¯(T)/T [65,88], analyze, though it comes with an exponential decay in fidelity that cannot be mitigated or even error corrected (cid:4"
Dutkiewicz et al. - 2025 - Error Mitigation and Circuit Division for Early Fault-Tolerant Quantum Phase Estimation.pdf,Dutkiewicz et al.,yes,yes,weak,noise-model-mention,15,"ate γ perapplicationoftheunitaryoracle,i.e.,U(cid:2)=U(cid:2)(GDN). Hardware noise in quantum devices can take many γ forms and some knowledge of the noise model is often ThiswillbelaterusedinSec.IVFtooptimizesurface- requiredinordertoperformerrormitigation.Inthissection code parameters according to the framew"
Dutkiewicz et al. - 2025 - Error Mitigation and Circuit Division for Early Fault-Tolerant Quantum Phase Estimation.pdf,Dutkiewicz et al.,yes,yes,weak,noise-model-mention,15,"cid:4) in the esti- H Globaldepolarizingnoise(GDN)[49,59,63,126,127]is mate will plateau as the target precision (cid:4) is decreased, t a stochastic noise model where, with some probability p, inspiteofthegrowingcost.Thisisbecausethealgorithm a random global unitary is applied to the system, replac- requires"
Dutkiewicz et al. - 2025 - Error Mitigation and Circuit Division for Early Fault-Tolerant Quantum Phase Estimation.pdf,Dutkiewicz et al.,yes,yes,weak,noise-model-mention,21,"factor of logical circuit and the algorithm can depend on addi- ≈1.3. Note that MSQPE continues to closely follow the tional knowledge of the device-noise model.) An error- Cramer-Raoboundinthiscase,whichimpliesthattheper- mitigation scheme is unbiased if it produces an esti- formancelossisdrivenbythesine-sta"
Dutkiewicz et al. - 2025 - Error Mitigation and Circuit Division for Early Fault-Tolerant Quantum Phase Estimation.pdf,Dutkiewicz et al.,yes,yes,weak,noise-model-mention,21,"ling as a function of F. If errors can be D.Error-mitigationoverheadforQPE detected deterministically and associated runs discarded, The depolarizing-noise model is a useful toy model error mitigation can be achieved with overhead C ∼ em to understand the idealized performance of a quantum F−1, which we term t"
Dutkiewicz et al. - 2025 - Error Mitigation and Circuit Division for Early Fault-Tolerant Quantum Phase Estimation.pdf,Dutkiewicz et al.,yes,yes,weak,noise-model-mention,21,"ecially in terms of the variance cost), but it achieved by symmetry verification [47,48,132], and echo fails to capture the bias present in a typical noise model verification when state preparation is cheap compared to foraquantumdevice[37].Overrecentyears,manyerror- measurement [50]. Postselection schemes are"
Dutkiewicz et al. - 2025 - Error Mitigation and Circuit Division for Early Fault-Tolerant Quantum Phase Estimation.pdf,Dutkiewicz et al.,yes,yes,weak,noise-model-mention,25,"ere s is the regularized score function s(x):= uct of the two. Quantifying C EUMLE requires additional c [∂ φlogP c (x|φ)]φ=φ∗. assumptions about the noise model and the consequent basis circuit decomposition, and about the specific model P(x|φ). Proof. First, we show that the estimator is consistent, (cid:2)"
Dutkiewicz et al. - 2025 - Error Mitigation and Circuit Division for Early Fault-Tolerant Quantum Phase Estimation.pdf,Dutkiewicz et al.,yes,yes,weak,noise-model-mention,28,"es the edge of our window, so we reject half of the data that lie outside the filtering region, obtaining a subset of from P(x), while an adversarial noise model gives sam- thedata pleswithinthewindow.Inthebest-casescenario,allnoise (cid:17) (cid:29) falls outside the window and φ lies in the center. In this ("
Dutkiewicz et al. - 2025 - Error Mitigation and Circuit Division for Early Fault-Tolerant Quantum Phase Estimation.pdf,Dutkiewicz et al.,yes,yes,weak,noise-model-mention,29,"headasso- ciated with error mitigation will depend on the details of spin%&or#b$itals %QPEcon&t#rolqubits$ qubitiz%ationancill&as#fromEq.64$of[6] the noise model. The comparison between dieff rent noise 2L2 +(cid:15)log (T +1)(cid:16)+ (cid:15)12+3log (2L2)(cid:16) 2 2 models is not immediate, as the meaning o"
Dutkiewicz et al. - 2025 - Error Mitigation and Circuit Division for Early Fault-Tolerant Quantum Phase Estimation.pdf,Dutkiewicz et al.,yes,yes,weak,error-model-mention,5,"sampling samplesfromanoiselessquantumcircuit,whileonlysam- cost,weintroduceafurtherregularizationwhichaddresses ples from a noisy device with a known error channel are the issue of potential zeros of the likelihood function (see available. Maximum-likelihood is a more general estima- Sec.IVE2).Underlocaldepolari"
Dutkiewicz et al. - 2025 - Error Mitigation and Circuit Division for Early Fault-Tolerant Quantum Phase Estimation.pdf,Dutkiewicz et al.,yes,yes,weak,error-model-mention,20,"ital’s rule, we can show that in the limit isveryclosetothetargetprecision(cid:4),whichvalidatesour T →∞,thefunctionfT convergespointwiseto choice of error model used to set t t he parameters of the algorithm[Eq.(27)].Forcomparison,weplottheCramer- s 1+coss Rao bounds from the simulated quantum device data tha"
Dutkiewicz et al. - 2025 - Error Mitigation and Circuit Division for Early Fault-Tolerant Quantum Phase Estimation.pdf,Dutkiewicz et al.,yes,yes,weak,noisy-device-mention,5,"hattheestimatorhasaboundedsampling samplesfromanoiselessquantumcircuit,whileonlysam- cost,weintroduceafurtherregularizationwhichaddresses ples from a noisy device with a known error channel are the issue of potential zeros of the likelihood function (see available. Maximum-likelihood is a more general estima- S"
Dutkiewicz et al. - 2025 - Error Mitigation and Circuit Division for Early Fault-Tolerant Quantum Phase Estimation.pdf,Dutkiewicz et al.,yes,yes,weak,noisy-device-mention,21,"he target precision obtained running the ideal circuit M times. Only hav- 1 as expected; the orange and blue points in Fig. 8(a) have ing access to a noisy device, an error-mitigation scheme nearly identical y values, but dieff r in the cost T . The attempts to reproduce the same estimate by running a tot numer"
Dutkiewicz et al. - 2025 - Error Mitigation and Circuit Division for Early Fault-Tolerant Quantum Phase Estimation.pdf,Dutkiewicz et al.,yes,yes,weak,noisy-device-mention,21,"Raobound[Fig.8(b)]. thefidelityF =(cid:8)ψ|ρ|ψ(cid:7)towhichtheoriginalcircuitcan However, the Cramer-Rao bounds for the two algorithms be run on the noisy device (where |ψ(cid:7) is the state that are dieff rent (as they take dieff rent data), so this does not wouldbeproducedbyanoiselessrunofthelogicalcircuit"
Dutkiewicz et al. - 2025 - Error Mitigation and Circuit Division for Early Fault-Tolerant Quantum Phase Estimation.pdf,Dutkiewicz et al.,yes,yes,weak,noisy-device-mention,21,")]. However, MSQPE has a Consider a quantum circuit that prepares a state |ψ(cid:7), a tot better scaling constant; it satisfies the Heisenberg limit noisy device that can run this circuit preparing a mixed (cid:4) ≈π/T , while RPE has a small gap (cid:4) ≈5π/T . This state ρ with fidelity F =(cid:8)ψ|ρ|ψ(cid:7"
Dutkiewicz et al. - 2025 - Error Mitigation and Circuit Division for Early Fault-Tolerant Quantum Phase Estimation.pdf,Dutkiewicz et al.,yes,yes,weak,noisy-device-mention,21,"mate (cid:2) O of (cid:8)ψ|O|ψ(cid:7) by running M (cid:2) quantum circuits can be seen in Fig. 2). In the limit o(cid:24)f small errors, both on the noisy device and processing the outcome sam- algorithmsasymptoticallyshow(cid:4) ∝ γ/T asexpected. ples. (The circuits run can be dieff rent from the original tot"
Dutkiewicz et al. - 2025 - Error Mitigation and Circuit Division for Early Fault-Tolerant Quantum Phase Estimation.pdf,Dutkiewicz et al.,yes,yes,weak,noise-parameter,1,"r- transform- (QFT) based QPE technique that is robust to global depolarizing noise and outperforms the previous state of the art at low and moderate noise rates. We further introduce the explicitly unbiased maximum-likelihoodestimator(EUMLE),adata-processingtechniquethatmitigatesarbitrary errorsin QFT-basedQ"
Dutkiewicz et al. - 2025 - Error Mitigation and Circuit Division for Early Fault-Tolerant Quantum Phase Estimation.pdf,Dutkiewicz et al.,yes,yes,weak,noise-parameter,3,"The overhead of EM typically depends In order to adapt our quantum algorithm to a range of on the subcircuit fidelity F [37], which can be controlled noise rates γ, we explore circuit-division protocols that either by limiting the subcircuit depth or by running vveerrssuuss “handle” Estimate logical resources"
Dutkiewicz et al. - 2025 - Error Mitigation and Circuit Division for Early Fault-Tolerant Quantum Phase Estimation.pdf,Dutkiewicz et al.,yes,yes,weak,noise-parameter,4,"izing Ref. [72] aimed to achieve analytical bounds). However, noise, they are known to be robust to faults in the sub- across the range of errors and noise rates considered, the circuitswithaquadraticoverheadM ∼R2 [13,23,63].As performance of both estimators falls within a factor of 10 these methods rely on m"
Dutkiewicz et al. - 2025 - Error Mitigation and Circuit Division for Early Fault-Tolerant Quantum Phase Estimation.pdf,Dutkiewicz et al.,yes,yes,weak,noise-parameter,6,"0)E =10−2)followingRef. ple problems to the surface code, for a range of residual [6], reproducing a regime that is challenging for classical logical noise rates γ. Our goal is to quantify the trade-off methods[84].W isimplementedfollowingthemethodsof between the number of physical qubits and the total com- R"
Dutkiewicz et al. - 2025 - Error Mitigation and Circuit Division for Early Fault-Tolerant Quantum Phase Estimation.pdf,Dutkiewicz et al.,yes,yes,weak,noise-parameter,19,07108 Oracular cost T tot (cid:2) rorre oveloH naeM 2 1 101 102 103 104 105 106 107 108 Oracular cost T tot √ I ×(cid:2) 100 10−2 10−5 10−4 10−3 10−2 Noise strength γ √ T ×(cid:2) tot Numerical performance: Classical CR bound I−1/2: Fundamental limits: MSQPE MSQPE CR bound Heisenberg limit (cid:2)=π/T tot RPE (ci
Dutkiewicz et al. - 2025 - Error Mitigation and Circuit Division for Early Fault-Tolerant Quantum Phase Estimation.pdf,Dutkiewicz et al.,yes,yes,weak,noise-parameter,20,"ted in andthederivativeconvergesas Ref. [88] (see Sec. IV B). To construct Fig. 2, we repeat (cid:15) (cid:16) the above calculation for a dieff rent noise rate γ =2−m T 1 +2 f T (cid:12) T + s 2 −T− → −→ ∞ f (cid:12)(s). (40) a a n t d afi p x lo e t d th (cid:4) e (R r P e E l ) a ≈ tiv (cid:4) e ( t M o S"
Dutkiewicz et al. - 2025 - Error Mitigation and Circuit Division for Early Fault-Tolerant Quantum Phase Estimation.pdf,Dutkiewicz et al.,yes,yes,weak,noise-parameter,21,"error- advantageofMSQPEcontinuesintheintermediateregime mitigation scheme is an algorithm that produces an esti- and is more significant for smaller noise strengths γ (as mate (cid:2) O of (cid:8)ψ|O|ψ(cid:7) by running M (cid:2) quantum circuits can be seen in Fig. 2). In the limit o(cid:24)f small errors, both"
Dutkiewicz et al. - 2025 - Error Mitigation and Circuit Division for Early Fault-Tolerant Quantum Phase Estimation.pdf,Dutkiewicz et al.,yes,yes,weak,noise-parameter,29,"comparison between dieff rent noise 2L2 +(cid:15)log (T +1)(cid:16)+ (cid:15)12+3log (2L2)(cid:16) 2 2 models is not immediate, as the meaning of the noise strength γ can dieff r depending on the assumptions on controlle%dp&h#as$egradient noise. However, if we assume a local Pauli noise chan- + β +1 (102) nelwith"
Dutkiewicz et al. - 2025 - Error Mitigation and Circuit Division for Early Fault-Tolerant Quantum Phase Estimation.pdf,Dutkiewicz et al.,yes,yes,weak,noise-parameter,29,"der to trans- implementing the circuit-division QPE algorithm for dif- late these to a physical resource estimate, we must make ferent choices of the noise rate γ (defined per application some assumptions about the error correction and magic of W) using the protocols developed previously in this state distill"
Dutkiewicz et al. - 2025 - Error Mitigation and Circuit Division for Early Fault-Tolerant Quantum Phase Estimation.pdf,Dutkiewicz et al.,yes,yes,weak,noise-parameter,31,"led walk operator is converted into physical costs for acceptablefailureprobabilityδ asafreeparameter.Wefix Algorithm 5 as a function of the residual noise rate γ, the logical circuit to depth T =T tot =λπ/(cid:10)E to ensure underthesameassumptionsmadefortheHubbardmodel. a phase estimate to the desired preci"
Dutkiewicz et al. - 2025 - Error Mitigation and Circuit Division for Early Fault-Tolerant Quantum Phase Estimation.pdf,Dutkiewicz et al.,yes,yes,weak,gate-error,9,"NTUMPHASEESTIMATION... PRXQUANTUM6,040318(2025) 1.Combiningquantumerrormitigationandquantum D is the circuit depth, t is the time per gate, and γ2 is gate errorcorrection the overhead required to mitigate the logical errors using Earlyfault-tolerantquantumcomputerswillnotbeable PEC.Weoptimizeoverthechoiceofwh"
Dutkiewicz et al. - 2025 - Error Mitigation and Circuit Division for Early Fault-Tolerant Quantum Phase Estimation.pdf,Dutkiewicz et al.,yes,yes,weak,gate-error,29,"m on top of the physical qubits used for data encoding and 5,T ≤γ−1).AswereduceT,wemustincreasethenum- magic state distillation. We assume a physical gate error ber of repetitions quadratically to achieve the same fixed rate of p =0.001 and a surface-code cycle time of 1 µs errorrate.Thusthetotalrun-timescale"
English et al. - 2025 - Ising on the donut Regimes of topological quantum error correction from statistical mechanics.pdf,English et al.,yes,yes,strong,depolarizing,18,"d Vargo [4] gave a polynomial-time MLD for indepen- dent bit/phase-flip noise via matchgate simulation (and D. Outlook an MPS-based approximation for depolarizing noise); our results are decoder-agnostic and provide parameter- Future work should determine the finite-size scaling interpretable fits for P (p,L) that ca"
English et al. - 2025 - Ising on the donut Regimes of topological quantum error correction from statistical mechanics.pdf,English et al.,yes,yes,strong,depolarizing,18,"de families. treatment of the fully post-selected case to more com- For instance, an interesting application of the approach plex noise channels like depolarizing noise, which maps developedhereistofamiliesofbivariatebicyclecodes[77] to the eight-vertex model, remains an open challenge, with fixed check structure [78"
English et al. - 2025 - Ising on the donut Regimes of topological quantum error correction from statistical mechanics.pdf,English et al.,yes,yes,strong,Pauli-channel,3,"J (σ) are noise-dependent interaction strengths, degree of freedom s Z is assigned to each stabilizer i generator Sˆ . Assu k m ∈ ing 2 single-qubit Pauli noise, two P i is the local Pauli group on qubit i, the scalar commu- k tator σ, = 1 distinguishes ferromagnetic from anti- spins s k and s l interact if t"
English et al. - 2025 - Ising on the donut Regimes of topological quantum error correction from statistical mechanics.pdf,English et al.,yes,yes,strong,Pauli-channel,3,"shes ferromagnetic from anti- spins s k and s l interact if their corresponding stabilizers ferrom(cid:74)agn E e(cid:75)tic ± couplings, and ⊗n is a Pauli error, overlap on at least one physical qubit, and the coupling E ∈ P which defines the disorder on the system. We call this strengthofthatinteractionisset"
English et al. - 2025 - Ising on the donut Regimes of topological quantum error correction from statistical mechanics.pdf,English et al.,yes,yes,strong,Pauli-channel,4,"weight perfect matching decoding (MWPMD) With the Nishimori conditions satisfied and with dis- can then be expressed as [35] order corresponding to a Pauli error ⊗n, the free E ∈ P (cid:90) 0 energy cost of a non-trivial logical operator is L m P fail = d∆E P(∆E). (5) −∞ ∆F ( )=F (β ) F (β ) m E 1 ELm (cid:18)"
English et al. - 2025 - Ising on the donut Regimes of topological quantum error correction from statistical mechanics.pdf,English et al.,yes,yes,strong,Pauli-channel,18,"erivedfromstatisticalmechani- have local checks and codimension-1 logical operators, calmodelsexhibitinghigh-temperaturetransitionscould under i.i.d. Pauli noise on the Nishimori line, where promise new topological code constructions. Given the maximum-likelihood decoding maps to free energy dif- exact solvabi"
English et al. - 2025 - Ising on the donut Regimes of topological quantum error correction from statistical mechanics.pdf,English et al.,yes,yes,strong,phase-damping,5,"g a single straight domain wall costs energy pro- regimesofthefullypost-selectedtoriccodeunderbit- portional to its length, whereas in the disordered phase flip noise. (a) Path-counting regime (p p c ): On a clean ≪ atT =0,θvanishes,indicatingmarginallystabledomain lattice at very low error rates, logical fai"
English et al. - 2025 - Ising on the donut Regimes of topological quantum error correction from statistical mechanics.pdf,English et al.,yes,yes,weak,noise-model-mention,18,"s outline directions for ex- mary analysis has focused on D =2 surface codes under tending and refining the theoretical framework, the ap- a bit-flip noise model, leveraging its direct mapping to proach developed in this paper also holds immediate Ising-type models. The extension of the exact analytical promis"
English et al. - 2025 - Ising on the donut Regimes of topological quantum error correction from statistical mechanics.pdf,English et al.,yes,yes,weak,error-model-mention,1,"mulations to bench- ebrated example is the correspondence between the sur- markcodeperformance. FromearlyMonteCarlostudies face code under a bit-flip error channel and the random- of concatenated and surface codes [2, 3], to more recent bond Ising model (RBIM) in two dimensions, featuring tensor-network and Mont"
English et al. - 2025 - Ising on the donut Regimes of topological quantum error correction from statistical mechanics.pdf,English et al.,yes,yes,weak,error-model-mention,2,"ealized, thermodynamic- treme case of full post-selection on a surface code un- limitdescriptionsandrealistic,experimentallyaccessible der a bit-flip error channel, the inherent disorder in the systems. RBIM is entirely eliminated. This reduces the model to The remainder of the manuscript is structured as fol- t"
English et al. - 2025 - Ising on the donut Regimes of topological quantum error correction from statistical mechanics.pdf,English et al.,yes,yes,weak,error-model-mention,11,"egant transformation relating the above-threshold the failure rate for a toric code under the bit-flip behaviourtothebelow-thresholdregimeislost. As error model with odd L follows the form a result we do not have a way of inferring either σ′ 2L L! orδ′ fromthebelowthresholdvaluesσ andδ. Due P (p,L) p⌈L/2⌉. fa"
English et al. - 2025 - Ising on the donut Regimes of topological quantum error correction from statistical mechanics.pdf,English et al.,yes,yes,weak,error-model-mention,11,"to quantitatively model their fail- inSec.IVB,thefailurerateforthetoriccodeunder ure rates. The exact analytical solutions for the post- the bit-flip error model in this regime is expected selectedsystem, presentedinSectionIII,provideafoun- to follow the form dation for developing suitable ans¨atze. The subseq"
Etim and Szefer - 2025 - Fault Injection Attacks on Machine Learning-based Quantum Computer Readout Error Correction.pdf,Etim & Szefer,partial,partial,weak,gate-error,2,"values of the readout. We multi-qubit syndrome measurements [8]. As a result, even focus on a superconducting system where the readout logic is when gate errors are reduced, measurement error can remain shared among qubits. In particular, 5 qubits share one readout a dominant contributor to logical failure u"
Faculty of Engineering Kampala International University Uganda and Njoki - 2024 - Statistical Challenges and Opportunities in Quantum Computing A Review.pdf,Njoki,na,yes,strong,phase-damping,2,"can correct arbitrary noise limit. Statistical regression methods single-qubit errors, including bit flips and are used to perform this extrapolation phase flips. accurately[13]. ii. Steane Code: The Steane code is a seven- ii. Probabilistic Error Cancellation (PEC): qubit code that provides protection agains"
Faculty of Engineering Kampala International University Uganda and Njoki - 2024 - Statistical Challenges and Opportunities in Quantum Computing A Review.pdf,Njoki,na,yes,weak,noise-parameter,2,"a quantum computation by the Shor code, protects a single qubit of running the same computation at different information by spreading it across nine noise levels and extrapolating to the zero- physical qubits. It can correct arbitrary noise limit. Statistical regression methods single-qubit errors, including"
Faculty of Engineering Kampala International University Uganda and Njoki - 2024 - Statistical Challenges and Opportunities in Quantum Computing A Review.pdf,Njoki,na,yes,weak,noise-parameter,3,"must handle high levels of uncertainty on various factors, including quantum hardware and variability inherent in quantum measurements. capabilities, noise levels, and algorithmic design. Methods such as hypothesis testing, confidence Statisticians conduct rigorous performance analysis interval estimation, and"
Filippov et al. - 2023 - Scalable tensor-network error mitigation for near-term quantum computing.pdf,Filippov et al. (2023),yes,yes,strong,depolarizing,18,"ces are either all equal to 0 or all equal to 1 (like in the matrix product representation for the Greenberger–Horne–Zeilinger state). If only global depolarizing noise is present in the quantum circuit, then the calculation of the noise mitigation map is trivial because N−1 commutes with any unitary operation U. In"
Filippov et al. - 2023 - Scalable tensor-network error mitigation for near-term quantum computing.pdf,Filippov et al. (2023),yes,yes,strong,Pauli-channel,9,"tel,Clas- [41] M.R.GellerandZ.Zhou,Efficienterrormodelsforfault- sical benchmarking of zero noise extrapolation beyond tolerant architectures and the pauli twirling approxima- the exactly-verifiable regime (2023), arXiv:2306.17839 tion, Phys. Rev. A 88, 012314 (2013). [quant-ph]. [42] J.J.WallmanandJ.Emerson,N"
Filippov et al. - 2023 - Scalable tensor-network error mitigation for near-term quantum computing.pdf,Filippov et al. (2023),yes,yes,strong,Pauli-channel,18,"without any compression error. This observation is aligned with the simple mitigation of global depolarising errors proposed in Ref. [51]. 3. 2-qubit Pauli noise LetthenoisymapN beatwo-qubitPaulichannel. InthePTMrepresentation,N=diag(1,κ ,...,κ ),where15 01 33 real parameters κ define the scaling coefficients"
Filippov et al. - 2023 - Scalable tensor-network error mitigation for near-term quantum computing.pdf,Filippov et al. (2023),yes,yes,strong,Pauli-channel,19,"=0 αm α λ (σ • σ − •) with the rate λ ≥ 0. Note that these Lindblad superoperators commute, i.e., L (L (•)) = α α α α α β L (L (•)). This implies the Pauli channel expansion β α (cid:32) (cid:33) (cid:88) N ≡exp L =⃝ eLα. (F.5) α α α The expansion is particularly useful in the case of the local noise, for which"
Filippov et al. - 2023 - Scalable tensor-network error mitigation for near-term quantum computing.pdf,Filippov et al. (2023),yes,yes,strong,Pauli-channel,22,"sistate purity parameter which continuously decreases with the α α increase of L if the noise is unital. For example, if the noisy maps are two-qubit Pauli channels as in Sec. F3 and (cid:16) (cid:17)#noisy channels different Pauli strings appear in ϱ with the same frequency, then |r|≈ 1− 1 (cid:80) ϵ . This beh"
Filippov et al. - 2023 - Scalable tensor-network error mitigation for near-term quantum computing.pdf,Filippov et al. (2023),yes,yes,strong,Pauli-channel,23,"the Ln.m. Lnoisy scaling factor for the number of shots needed to reduce ∆O¯ down to ∆O¯ . Ln.m. Lnoisy Appendix J: Perturbation theory for the local Pauli noise in stabiliser circuits Consider a noisy stabiliser circuit, where each noisy layer N can be decomposed into a concatenation of k-local Pauli channels"
Filippov et al. - 2023 - Scalable tensor-network error mitigation for near-term quantum computing.pdf,Filippov et al. (2023),yes,yes,strong,Pauli-channel,23,"al Pauli noise in stabiliser circuits Consider a noisy stabiliser circuit, where each noisy layer N can be decomposed into a concatenation of k-local Pauli channels N[m1,...,mk] affecting k qubits only (the qubits m 1 ,...,m k do not have to be adjacent). A prominent exampleof2-localPaulinoiseisthesparsePauli-Li"
Filippov et al. - 2023 - Scalable tensor-network error mitigation for near-term quantum computing.pdf,Filippov et al. (2023),yes,yes,strong,Pauli-channel,26,"isy (cid:18) 15ϵ (cid:19)#noisy γ ≈ 1+ , γ ≈ 1+ . (K.3) PEC 8 TEM 16 Eqs. (K.1) and (K.2) [altogether with similar calculations for a general 2-qubit Pauli noise (Sec. F3)] reflect a √ generalsquare-rootrelationγ ≈ γ fortypicalhigh-Pauli-weightobservablesunderthePaulinoise(discussed TEM PEC in the main text in"
Filippov et al. - 2023 - Scalable tensor-network error mitigation for near-term quantum computing.pdf,Filippov et al. (2023),yes,yes,strong,Pauli-channel,26,"mitigation map M. In Sections F1 and F3, we present singular values in the MPO link for the inverse of the 2-qubit depolarising noise and the 2-qubit Pauli noise, respectively. The largest singular value Σ0 is an effective amplification factor 0 associated with the identity transformation. Therefore, the measu"
Filippov et al. - 2023 - Scalable tensor-network error mitigation for near-term quantum computing.pdf,Filippov et al. (2023),yes,yes,strong,Pauli-Lindblad,1,"egimes. We find that TEM can be applied to circuits of twice the depth compared to what is achievable with PEC under realistic conditions with sparse Pauli-Lindblad noise, such as those in [E. van den Berg et al., Nat. Phys. (2023)]. By using Clifford circuits, we explore the capabilities of the method in wider a"
Filippov et al. - 2023 - Scalable tensor-network error mitigation for near-term quantum computing.pdf,Filippov et al. (2023),yes,yes,strong,Pauli-Lindblad,3,"the known noise (tomography a low bond dimension. of individual noisy gates), or through a characterised SothemapMisconsideredasatensornetwork,whose Pauli-Lindblad model with crosstalk [21] (describing the contraction starts from the middle (where the inverted noise after applying the randomised compiling techni"
Filippov et al. - 2023 - Scalable tensor-network error mitigation for near-term quantum computing.pdf,Filippov et al. (2023),yes,yes,strong,Pauli-Lindblad,3,"g two layers on the left side channel noise inferred by the method of Ref. [38]. In andonelayerontherightsideateachiteration. Asingle the case of the Pauli-Lindblad model with a nearest- iteration reads neighbourcrosstalk,thenoisylayerN l isefficientlyrepre- sentedasasequenceofcommutingtwo-qubitPaulichan- M =U ◦M"
Filippov et al. - 2023 - Scalable tensor-network error mitigation for near-term quantum computing.pdf,Filippov et al. (2023),yes,yes,strong,Pauli-Lindblad,4,"values in the canonical ators σ (e.g., σ =I), then γ =1. In experimental representation for the MPO or by variational methods α β TEM studies of the Pauli-Lindblad noise models [21], the dis- [33]. tribution {p } is roughly flat, which means that typ- α α The most crucial feature of the proposed from-the- ically"
Filippov et al. - 2023 - Scalable tensor-network error mitigation for near-term quantum computing.pdf,Filippov et al. (2023),yes,yes,strong,Pauli-Lindblad,4,"InPEC,themeasurementoverheadoriginates is characterised and given in the form of an individual fromthephysicalsimulationofN−1viasamplingandav- sparse Pauli-Lindblad model [21]. The model parame- eragingoverunitaryoperationsfromthequasiprobability ters (111 decoherence rates in Appendix O) are chosen"
Filippov et al. - 2023 - Scalable tensor-network error mitigation for near-term quantum computing.pdf,Filippov et al. (2023),yes,yes,strong,Pauli-Lindblad,5,"asurementoverheadγ¯N ,so simulation, we assume the noise is already twirled to PEC that γ¯ −1 quantifies the effective noise per layer per the sparse Pauli-Lindblad form and sample only unitary PEC qubit. For instance, if each cnot is followed by 2-qubit gates from the quasiprobability distribution of the in- dep"
Filippov et al. - 2023 - Scalable tensor-network error mitigation for near-term quantum computing.pdf,Filippov et al. (2023),yes,yes,strong,Pauli-Lindblad,6,"strategies. (a) Two layers of the brickwork stabiliser circuit. The considered circuit has 100 qubits. Each unique cnot layer is followed by a sparse Pauli-Lindblad noise (MPO of bond dimension 4) with the effective noise per layer per qubit γ¯ − 1 = 9.1 × 10−4. (b,c) Noisy and noise-mitigated estimations PEC of"
Filippov et al. - 2023 - Scalable tensor-network error mitigation for near-term quantum computing.pdf,Filippov et al. (2023),yes,yes,strong,Pauli-Lindblad,7,"noise ϵ, but also on the observable and the othernoisemitigationtechniques, suchaPECandZNE. number of shots used. For instance, in the case of sparse Pauli-Lindblad noise, On the one hand, notice that the bond dimension PEC could be used only to invert the terms associated needed to capture a specific observable"
Filippov et al. - 2023 - Scalable tensor-network error mitigation for near-term quantum computing.pdf,Filippov et al. (2023),yes,yes,strong,Pauli-Lindblad,8,"nk Daniel Cavalcanti, Elsi-Mari Bor- 100 Clifford circuits with a realistic noise model (sparse relli, Marco Cattaneo, Zolt´an Zimbor´as, and Sabrina Pauli-Lindblad one), we have shown that ZNE suffers Maniscalco for interesting discussions, and Ivano Taver- frominstabilitiesthatmakethemethodunreliable,while nell"
Filippov et al. - 2023 - Scalable tensor-network error mitigation for near-term quantum computing.pdf,Filippov et al. (2023),yes,yes,strong,Pauli-Lindblad,17,"e those effects into account. On the other hand, the model should be scalable and avoid the exponentially heavy tomography. A recently studied sparse Pauli-Lindblad model provides an effective noise description in actual devices exploiting the randomised compiling [21]. In the case of the linear topology for an N"
Filippov et al. - 2023 - Scalable tensor-network error mitigation for near-term quantum computing.pdf,Filippov et al. (2023),yes,yes,strong,Pauli-Lindblad,19,ute. Each of the two-qubit maps adopts a decomposition with the bond dimension 4. Horizontal contractions result in the MPO representation. 4. Sparse Pauli-Lindblad noise model Consider an N-qubit Pauli string σ = (cid:78)N−1σ as a jump operator in the Lindblad superoperator L (•) = α m=0 αm α λ (σ • σ − •) with
Filippov et al. - 2023 - Scalable tensor-network error mitigation for near-term quantum computing.pdf,Filippov et al. (2023),yes,yes,strong,Pauli-Lindblad,23,"tabiliser group, i.e., g |ψ⟩=|ψ⟩ for all i=0,...,N. To get i i=0 i a noisy version of the stabiliser circuit, each cnot layer is followed by a sparse Pauli-Lindblad noise that just scales each of the stabilisers. Oncethenoisycircuitpreparesthedensityoperatorϱ,thequbitsareprojectivelymeasuredintheeigenbasisofone o"
Filippov et al. - 2023 - Scalable tensor-network error mitigation for near-term quantum computing.pdf,Filippov et al. (2023),yes,yes,strong,Pauli-Lindblad,24,"twork whose the bond di- mension is at most 4k times the total number of noisy k-local Pauli maps present throughout all noisy levels. For the sparse Pauli-Lindblad noise model with the nearest-neighbour crosstalk (Sec. F4), k =2 and the total number of noisy k-local Pauli maps equals (N −1)L, where N is the numb"
Filippov et al. - 2023 - Scalable tensor-network error mitigation for near-term quantum computing.pdf,Filippov et al. (2023),yes,yes,strong,Pauli-Lindblad,25,"efficient (cid:0)#noisy (cid:1) , where # is the total number of noisy k-local Pauli maps 2 noisy present throughout all noisy levels. For the sparse Pauli-Lindblad noise model with the nearest-neighbour crosstalk (Sec. F4), k = 2 and # = (N −1)L, where N is the number of qubits and L is the circuit depth. This m"
Filippov et al. - 2023 - Scalable tensor-network error mitigation for near-term quantum computing.pdf,Filippov et al. (2023),yes,yes,strong,Pauli-Lindblad,25,"an iterative method (up to the second iteration): lnχ+ 1ln(2πl ) lnχ l≈l = 2 1 , l = . (J.3) 2 ln(4k# )+1−lnl 1 ln(4k# ) noisy 1 noisy For the sparse Pauli-Lindblad noise model with the nearest-neighbour crosstalk (Sec. F4), scaling of the compression error is roughly ϵlog 16NL (χ). Any desired power of ϵ is achi"
Filippov et al. - 2023 - Scalable tensor-network error mitigation for near-term quantum computing.pdf,Filippov et al. (2023),yes,yes,strong,Pauli-Lindblad,27,"ioncan differ from the exact value even in the limit of infinitely many shots. For a Pauli string observable and a stabiliser circuit with the sparse Pauli-Lindblad noise the exponential extrapolation is known to be unbiased; however, it can still be very imprecise with a finite number of shots available. This ha"
Filippov et al. - 2023 - Scalable tensor-network error mitigation for near-term quantum computing.pdf,Filippov et al. (2023),yes,yes,strong,Pauli-Lindblad,29,"29 Appendix O: Parameters of the generated sparse Pauli-Lindblad noise model InthesparsePauli-Lindbladmodelsfortheexampleof10-qubitTrotterdynamicsinSec.V,weusethedimensionless ratecoefficientsλ listedinTablesIandII"
Filippov et al. - 2023 - Scalable tensor-network error mitigation for near-term quantum computing.pdf,Filippov et al. (2023),yes,yes,strong,Pauli-Lindblad,30,30 TABLE I. Parameters of the sparse Pauli-Lindblad model for the noise layer 1 in 10-qubit Trotter dynamics Jump Decoherence Jump Decoherence Jump Decoherence Jump Decoherence operator rate operator r
Filippov et al. - 2023 - Scalable tensor-network error mitigation for near-term quantum computing.pdf,Filippov et al. (2023),yes,yes,strong,Pauli-Lindblad,31,31 TABLE II. Parameters of the sparse Pauli-Lindblad model for the noise layer 2 in 10-qubit Trotter dynamics Jump Decoherence Jump Decoherence Jump Decoherence Jump Decoherence operator rate operator r
Filippov et al. - 2023 - Scalable tensor-network error mitigation for near-term quantum computing.pdf,Filippov et al. (2023),yes,yes,strong,local-noise,19,"plies the Pauli channel expansion β α (cid:32) (cid:33) (cid:88) N ≡exp L =⃝ eLα. (F.5) α α α The expansion is particularly useful in the case of the local noise, for which each map eLα acts trivially on all but potentially a few adjacent qubits. Restricting to the single- and two-qubit local maps, we get the"
Filippov et al. - 2023 - Scalable tensor-network error mitigation for near-term quantum computing.pdf,Filippov et al. (2023),yes,yes,weak,noise-model-mention,8,"rfor- mance with ZNE in the regime of 100 qubits and depth The authors thank Daniel Cavalcanti, Elsi-Mari Bor- 100 Clifford circuits with a realistic noise model (sparse relli, Marco Cattaneo, Zolt´an Zimbor´as, and Sabrina Pauli-Lindblad one), we have shown that ZNE suffers Maniscalco for interesting discussi"
Filippov et al. - 2023 - Scalable tensor-network error mitigation for near-term quantum computing.pdf,Filippov et al. (2023),yes,yes,weak,noise-model-mention,17,"to a local unitary gate. Nearby qubits are vulnerable to the unavoidable crosstalk. Additionally, idle qubits decohere too. Therefore, a more general noise model should take those effects into account. On the other hand, the model should be scalable and avoid the exponentially heavy tomography. A recently stud"
Filippov et al. - 2023 - Scalable tensor-network error mitigation for near-term quantum computing.pdf,Filippov et al. (2023),yes,yes,weak,noise-model-mention,19,e two-qubit maps adopts a decomposition with the bond dimension 4. Horizontal contractions result in the MPO representation. 4. Sparse Pauli-Lindblad noise model Consider an N-qubit Pauli string σ = (cid:78)N−1σ as a jump operator in the Lindblad superoperator L (•) = α m=0 αm α λ (σ • σ − •) with the rate λ ≥
Filippov et al. - 2023 - Scalable tensor-network error mitigation for near-term quantum computing.pdf,Filippov et al. (2023),yes,yes,weak,noise-model-mention,24,"bond di- mension is at most 4k times the total number of noisy k-local Pauli maps present throughout all noisy levels. For the sparse Pauli-Lindblad noise model with the nearest-neighbour crosstalk (Sec. F4), k =2 and the total number of noisy k-local Pauli maps equals (N −1)L, where N is the number of qubits"
Filippov et al. - 2023 - Scalable tensor-network error mitigation for near-term quantum computing.pdf,Filippov et al. (2023),yes,yes,weak,noise-model-mention,25,"0)#noisy (cid:1) , where # is the total number of noisy k-local Pauli maps 2 noisy present throughout all noisy levels. For the sparse Pauli-Lindblad noise model with the nearest-neighbour crosstalk (Sec. F4), k = 2 and # = (N −1)L, where N is the number of qubits and L is the circuit depth. This means noisy t"
Filippov et al. - 2023 - Scalable tensor-network error mitigation for near-term quantum computing.pdf,Filippov et al. (2023),yes,yes,weak,noise-model-mention,25,"thod (up to the second iteration): lnχ+ 1ln(2πl ) lnχ l≈l = 2 1 , l = . (J.3) 2 ln(4k# )+1−lnl 1 ln(4k# ) noisy 1 noisy For the sparse Pauli-Lindblad noise model with the nearest-neighbour crosstalk (Sec. F4), scaling of the compression error is roughly ϵlog 16NL (χ). Any desired power of ϵ is achievable with"
Filippov et al. - 2023 - Scalable tensor-network error mitigation for near-term quantum computing.pdf,Filippov et al. (2023),yes,yes,weak,noise-model-mention,29,"29 Appendix O: Parameters of the generated sparse Pauli-Lindblad noise model InthesparsePauli-Lindbladmodelsfortheexampleof10-qubitTrotterdynamicsinSec.V,weusethedimensionless ratecoefficientsλ listedinTablesIandII.Thejumpoper"
Filippov et al. - 2023 - Scalable tensor-network error mitigation for near-term quantum computing.pdf,Filippov et al. (2023),yes,yes,weak,noise-parameter,1,"an den Berg et al., Nat. Phys. (2023)]. By using Clifford circuits, we explore the capabilities of the method in wider and deeper circuits with lower noise levels. We find that in the case of 100 qubits and depth 100, both PEC and ZNE fail to produce accurate results by using ∼105 shots, while TEM succeeds. I."
Filippov et al. - 2023 - Scalable tensor-network error mitigation for near-term quantum computing.pdf,Filippov et al. (2023),yes,yes,weak,noise-parameter,4,"α,β⟩ ≈ 0) and γ ≈ 1 + ϵ ≈ cellation effects for unitaries and their inverses when √ α̸=0 α TEM γ if β ̸= 0. Dealing with a general observable PEC the noise level is reasonably small (i.e., the map N is (cid:80) O = c σ , where the expansion coefficients {c } are close to the identity transformation Id). Then I"
Filippov et al. - 2023 - Scalable tensor-network error mitigation for near-term quantum computing.pdf,Filippov et al. (2023),yes,yes,weak,noise-parameter,4,"over- leading contribution in M, and Id is known to have √ head γ ≈ 1+ϵ ≈ γ . Explicit examples for the TEM PEC a trivial bond dimension 1. When the noise level ϵ is quadraticimprovementinthemeasurementoverheadare small but non-zero, the expansion N ≈ Id+ϵΛ leads to given in Appendix K. Since the measurement"
Filippov et al. - 2023 - Scalable tensor-network error mitigation for near-term quantum computing.pdf,Filippov et al. (2023),yes,yes,weak,noise-parameter,17,"p N = E ◦U−1. If the gate is implemented with a high fidelity, then E ≈ U and N ≈ Id. Due to the latter fact, N−1 is always well defined whenever the noise level reasonably small. In the PTM representation, the inverse noise map is defined by the matrix N−1 = UE−1. Assuming the gates act locally on a few qubit"
Filippov et al. - 2023 - Scalable tensor-network error mitigation for near-term quantum computing.pdf,Filippov et al. (2023),yes,yes,weak,noise-parameter,24,"24 FIG. S7. Perturbation theory for the noise-mitigation map with respect to the noise strength: (a) the only zero-order contri- bution, (b) a first-order contribution, (c) a second-order contribution. zero-order contribution in M is simply the"
Filippov et al. - 2024 - Scalability of quantum error mitigation techniques from utility to advantage.pdf,Filippov et al. (2024),yes,yes,strong,depolarizing,16,"dard deviation δ grows exponentially in the circuit depth. For instance, if all unitary layers in a depth-L quantum circuit are accompanied by global depolarizing noise ϱ→(1−p)ϱ+ptr[ϱ] 1 I⊗N, then 2N foranynontrivialPauliobservable|S| ≥ 1 (cid:0) 1−(1−p)L(cid:1) (1−p)−2L ≈ 1 (1−p)−2L ifpL≫1andp≪1[6],which min δ2 δ2 i"
Filippov et al. - 2024 - Scalability of quantum error mitigation techniques from utility to advantage.pdf,Filippov et al. (2024),yes,yes,strong,depolarizing,16,"ad Γ=(1−p)−2L saturates the L universal lower bound Γ . As a side remark, we note that TEM with bond dimension χ=2 is compression-free for min global depolarizing noise [7]. InthecaseoflocalnoiseN =Λ⊗N,Ref.[6]revealstheexponentialgrowthoftheminimumsamplingoverheadinthe total circuit area (NL) and specifies this findi"
Filippov et al. - 2024 - Scalability of quantum error mitigation techniques from utility to advantage.pdf,Filippov et al. (2024),yes,yes,strong,depolarizing,16,"the total circuit area (NL) and specifies this finding for some standard noisy maps Λ in the asymptotic regime N,L≫1. Namely, Γ ≈ (1+ 3p)NL for local depolarizing noise with intensity p (Λ†[X] = (1−p)X, Λ†[Y] = (1−p)Y, min 2 √ Λ†[Z] = (1−p)Z) and Γ ≈ (1+p)NL for local amplitude damping noise with intensity p (Λ†[X] ="
Filippov et al. - 2024 - Scalability of quantum error mitigation techniques from utility to advantage.pdf,Filippov et al. (2024),yes,yes,strong,depolarizing,16,"[Z] = (1−p)Z) and Γ ≈ (1+p)NL for local amplitude damping noise with intensity p (Λ†[X] = 1−pX, √ min Λ†[Y] = 1−pY, Λ†[Z] = (1 − p)Z + pI). The local depolarizing noise is a particular case of SPL noise with γ =(1−p)−3NL/2 ≈(1+3p)NL [16], so the sampling overhead in TEM Γ=γ again saturates the lower bound Γ . 2 min T"
Filippov et al. - 2024 - Scalability of quantum error mitigation techniques from utility to advantage.pdf,Filippov et al. (2024),yes,yes,strong,depolarizing,17,"M provides a quadratically smaller sampling overhead with respect to PEC (see Table I), excluding the optimality of PEC sampling overhead. The global depolarizing noise provides another analytical model showcasing the optimality of the sampling overhead in TEM [7] and the non-optimality of PEC’s [4]. 4. Systematic er"
Filippov et al. - 2024 - Scalability of quantum error mitigation techniques from utility to advantage.pdf,Filippov et al. (2024),yes,yes,strong,depolarizing,27,( α l)∈SPL(Nl) α rescalingcoefficientsforPaulistringsevenwithamodestbonddimension. TEMwithbonddimensionχ=2provides the exact correction of the global depolarizing noise [7]. The second observation is that the systematic error quickly (exponentially)decreaseswiththeincreaseofTEMbonddimensionandexhibitsatransitiontoamu
Filippov et al. - 2024 - Scalability of quantum error mitigation techniques from utility to advantage.pdf,Filippov et al. (2024),yes,yes,strong,Pauli-channel,3,"3 confirm that any local noise is converted into the SPL form via Pauli twirling, thus equipping us with a universal and compact noise description with a number of parameters scaling linearly in the number of qubits and bond di"
Filippov et al. - 2024 - Scalability of quantum error mitigation techniques from utility to advantage.pdf,Filippov et al. (2024),yes,yes,strong,Pauli-channel,3,lower cost bounds [6] for an unbiased estimation of Pauli observables in large-scale quantum circuits both with weak SPL noise and with general weak Pauli noise. Other limitations on performance of noise-aware error mitigation techniques originate from a mismatch between the actual noise and its learned model
Filippov et al. - 2024 - Scalability of quantum error mitigation techniques from utility to advantage.pdf,Filippov et al. (2024),yes,yes,strong,Pauli-channel,7,"technique in Secs. IIIB, IIIC, IIID. In experiments with more than 100 qubits [1], the noise is brought into the sparse Pauli-Lindblad (SPL) form via Pauli twirling and then learned to infer the noise model parameters: 3 relaxation rates λ[q],λ[q],λ[q] for each qubit q X Y Z and9relaxationratesλ⟨q1,q2⟩,λ⟨q1,q2"
Filippov et al. - 2024 - Scalability of quantum error mitigation techniques from utility to advantage.pdf,Filippov et al. (2024),yes,yes,strong,Pauli-channel,16,"(1−p)−3NL/2 ≈(1+3p)NL [16], so the sampling overhead in TEM Γ=γ again saturates the lower bound Γ . 2 min The amplitude damping map is converted, via Pauli twirling, to the generalized amplitude damping map with the √ √ infinite-temperaturebath(theunitalmapΛ(cid:101)†[X]= 1−pX, Λ(cid:101)†[Y]= 1−pY, Λ(cid:101)"
Filippov et al. - 2024 - Scalability of quantum error mitigation techniques from utility to advantage.pdf,Filippov et al. (2024),yes,yes,strong,Pauli-channel,17,", to a more complex yet learnable SPL model, in which the jump operators have higher-weight terms [24, 25, 31]. In what follows, we analyze a general Pauli noise that describes the effects beyond nearest-neighbor interactions. Proposition2. ThesamplingoverheadΓinTEMasymptoticallysaturatesthelowercostboundΓ =E"
Filippov et al. - 2024 - Scalability of quantum error mitigation techniques from utility to advantage.pdf,Filippov et al. (2024),yes,yes,strong,Pauli-channel,17,"| ) min U1···UL min for an unbiased estimation of Pauli observables with the standard deviation δ in large-scale quantum circuits with a general weak Pauli noise and unitary layers U ,...,U drawn from a set forming a unitary 2-design. 1 L (cid:81) Proof. SinceTEM’ssamplingoverheadγ = γ andthelowerboundΓ fromRe"
Filippov et al. - 2024 - Scalability of quantum error mitigation techniques from utility to advantage.pdf,Filippov et al. (2024),yes,yes,strong,Pauli-channel,20,"20 dimension χ∗ = 1L2, we also have residual effective noise channels Neff that are Pauli channels with relaxation rates 2 l ∼(λ(l))2 instead of λ(l). α α If the bond dimension in TEM is below the threshold (χ<χ∗ ≈ 1L2), then some first-order nois"
Filippov et al. - 2024 - Scalability of quantum error mitigation techniques from utility to advantage.pdf,Filippov et al. (2024),yes,yes,strong,Pauli-channel,28,"sent here the proof of the latter statement. exact Proposition 3. Let M be the noise-mitigation map for an N-qubit Clifford circuit with an arbitrary Pauli noise. ThenMhasanexactmatrix-product-operatorrepresentationM= (cid:80) A[0]⊗A[1] ⊗···⊗A[N−2] ⊗A[N−1] a1,...,aN−1 a1 a1a2 aN−2aN−1 aN−1 with dimensions |{a"
Filippov et al. - 2024 - Scalability of quantum error mitigation techniques from utility to advantage.pdf,Filippov et al. (2024),yes,yes,strong,Pauli-channel,28,"⊗A[N−1] a1,...,aN−1 a1 a1a2 aN−2aN−1 aN−1 with dimensions |{a }|≤min(4k,4N−k). The maximum bond dimension does not exceed 4⌊N/2⌋. k Proof. A layer of Pauli noise has the form N [•] = (cid:80) p(l)σ • σ , where {p(l)} is a probability distribution, l α α α α α α"
Filippov et al. - 2024 - Scalability of quantum error mitigation techniques from utility to advantage.pdf,Filippov et al. (2024),yes,yes,strong,Pauli-channel,35,"es for learning sparse Pauli-Lindblad noise models (2024), arXiv:2311.15408 [quant-ph]. [25] S. T. Flammia and J. J. Wallman, Efficient estimation of pauli channels, ACM Transactions on Quantum Computing 1, 10.1145/3408039 (2020). [26] G.A.L.White,K.Modi,andC.D.Hill,Filteringcrosstalkfrombathnon-Markovianityvias"
Filippov et al. - 2024 - Scalability of quantum error mitigation techniques from utility to advantage.pdf,Filippov et al. (2024),yes,yes,strong,Pauli-channel,35,"m 2 1 m m 2 1 m m 1 2 −→ (cid:81) A =A ·A ···). m m 1 2 [31] C. Rouz´e and D. S. Franc¸a, Efficient learning of the structure and parameters of local pauli noise channels (2023), arXiv:2307.02959 [quant-ph]. [32] Since a given non-trivial Pauli string anticommutes with exactly half of all Pauli strings (see Ap"
Filippov et al. - 2024 - Scalability of quantum error mitigation techniques from utility to advantage.pdf,Filippov et al. (2024),yes,yes,strong,amplitude-damping,16,"amely, Γ ≈ (1+ 3p)NL for local depolarizing noise with intensity p (Λ†[X] = (1−p)X, Λ†[Y] = (1−p)Y, min 2 √ Λ†[Z] = (1−p)Z) and Γ ≈ (1+p)NL for local amplitude damping noise with intensity p (Λ†[X] = 1−pX, √ min Λ†[Y] = 1−pY, Λ†[Z] = (1 − p)Z + pI). The local depolarizing noise is a particular case of SPL noise with"
Filippov et al. - 2024 - Scalability of quantum error mitigation techniques from utility to advantage.pdf,Filippov et al. (2024),yes,yes,strong,amplitude-damping,16,"a particular case of SPL noise with γ =(1−p)−3NL/2 ≈(1+3p)NL [16], so the sampling overhead in TEM Γ=γ again saturates the lower bound Γ . 2 min The amplitude damping map is converted, via Pauli twirling, to the generalized amplitude damping map with the √ √ infinite-temperaturebath(theunitalmapΛ(cid:101)†[X]= 1−pX"
Filippov et al. - 2024 - Scalability of quantum error mitigation techniques from utility to advantage.pdf,Filippov et al. (2024),yes,yes,strong,amplitude-damping,16,"sampling overhead in TEM Γ=γ again saturates the lower bound Γ . 2 min The amplitude damping map is converted, via Pauli twirling, to the generalized amplitude damping map with the √ √ infinite-temperaturebath(theunitalmapΛ(cid:101)†[X]= 1−pX, Λ(cid:101)†[Y]= 1−pY, Λ(cid:101)†[Z]=(1−p)Z [47, section8.3.5]), which is"
Filippov et al. - 2024 - Scalability of quantum error mitigation techniques from utility to advantage.pdf,Filippov et al. (2024),yes,yes,strong,Pauli-Lindblad,4,(cid:105) 2 TABLE I. Quantitative performance indicators for noise-aware mitigation techniques in typical dense N ×L circuits under realistic (sparse Pauli-Lindblad) noise with the density of errors ε and standard deviation Θ in relative temporal fluctuations of the density of errors. Should the intersection A of
Filippov et al. - 2024 - Scalability of quantum error mitigation techniques from utility to advantage.pdf,Filippov et al. (2024),yes,yes,strong,Pauli-Lindblad,7,"nd systematic errors for each technique in Secs. IIIB, IIIC, IIID. In experiments with more than 100 qubits [1], the noise is brought into the sparse Pauli-Lindblad (SPL) form via Pauli twirling and then learned to infer the noise model parameters: 3 relaxation rates λ[q],λ[q],λ[q] for each qubit q X Y Z and9rela"
Filippov et al. - 2024 - Scalability of quantum error mitigation techniques from utility to advantage.pdf,Filippov et al. (2024),yes,yes,strong,Pauli-Lindblad,9,"ePauli-Lindbladnoiseenablesonetoefficientlysamplesingle-qubitgatescomposinglayers V(l) in PEC. The implementation of the map e−λ(P•P−•) with a single Pauli-Lindblad generator P requires sampling k from 2 unitary operations {I,P} and induces the overhead e2λ [13]. If all constituent maps for the sparse Pauli- Lind"
Filippov et al. - 2024 - Scalability of quantum error mitigation techniques from utility to advantage.pdf,Filippov et al. (2024),yes,yes,strong,Pauli-Lindblad,16,"|S| ) min U1···UL min for the unbiased estimation of Pauli observables with the standard deviation δ in large-scale quantum circuits with weak sparse Pauli-Lindblad noise and unitary layers U ,...,U drawn from a set forming a unitary 2-design. 1 L Proof. Elementary one-qubit maps N[q] and two-qubit maps N⟨q1,q2⟩"
Filippov et al. - 2024 - Scalability of quantum error mitigation techniques from utility to advantage.pdf,Filippov et al. (2024),yes,yes,strong,Pauli-Lindblad,35,"and Y. Li, Learning-based quantum error mitigation, PRX Quantum 2, 040330 (2021). [24] E. van den Berg and P. Wocjan, Techniques for learning sparse Pauli-Lindblad noise models (2024), arXiv:2311.15408 [quant-ph]. [25] S. T. Flammia and J. J. Wallman, Efficient estimation of pauli channels, ACM Transactions on Q"
Filippov et al. - 2024 - Scalability of quantum error mitigation techniques from utility to advantage.pdf,Filippov et al. (2024),yes,yes,strong,stochastic-noise,3,"NE and the bond dimension compression in TEM. We prove that TEM saturates the recently derived universal lower bound on the sampling overhead [6] for stochastic noise, like SPL, implying the attainability of optimal quantum error mitigation through modest classical computation power, needed for the tensor network c"
Filippov et al. - 2024 - Scalability of quantum error mitigation techniques from utility to advantage.pdf,Filippov et al. (2024),yes,yes,strong,noise-model-spec,16,"postprocessing power in any way, it is applicable to the compression-free TEM that provides an unbiased estimator for the mitigated observable if the noise model is perfectly known. Theorem 1 in Ref. [6] establishes the fact that the minimum number of shots |S| required for an unbiased estimation of the min mitig"
Filippov et al. - 2024 - Scalability of quantum error mitigation techniques from utility to advantage.pdf,Filippov et al. (2024),yes,yes,strong,local-noise,3,"3 confirm that any local noise is converted into the SPL form via Pauli twirling, thus equipping us with a universal and compact noise description with a number of parameters scali"
Filippov et al. - 2024 - Scalability of quantum error mitigation techniques from utility to advantage.pdf,Filippov et al. (2024),yes,yes,strong,local-noise,16,"headinthe total circuit area (NL) and specifies this finding for some standard noisy maps Λ in the asymptotic regime N,L≫1. Namely, Γ ≈ (1+ 3p)NL for local depolarizing noise with intensity p (Λ†[X] = (1−p)X, Λ†[Y] = (1−p)Y, min 2 √ Λ†[Z] = (1−p)Z) and Γ ≈ (1+p)NL for local amplitude damping noise with intensity p (Λ"
Filippov et al. - 2024 - Scalability of quantum error mitigation techniques from utility to advantage.pdf,Filippov et al. (2024),yes,yes,strong,local-noise,16,"2 √ Λ†[Z] = (1−p)Z) and Γ ≈ (1+p)NL for local amplitude damping noise with intensity p (Λ†[X] = 1−pX, √ min Λ†[Y] = 1−pY, Λ†[Z] = (1 − p)Z + pI). The local depolarizing noise is a particular case of SPL noise with γ =(1−p)−3NL/2 ≈(1+3p)NL [16], so the sampling overhead in TEM Γ=γ again saturates the lower bound Γ . 2"
Filippov et al. - 2024 - Scalability of quantum error mitigation techniques from utility to advantage.pdf,Filippov et al. (2024),yes,yes,strong,local-noise,19,"onzero (although much smaller) probability of 2 or more errors happening simultaneously. Therefore, the code corrects the first leading term in every local noise contribution and the result of error correction is the ideal unitary circuit whose layers are intervened by the effective noise channels Neff with an"
Filippov et al. - 2024 - Scalability of quantum error mitigation techniques from utility to advantage.pdf,Filippov et al. (2024),yes,yes,weak,noise-model-mention,1,l methods alone. CONTENTS I. Introduction 2 II. Main results 3 III. Analysis of error mitigation performance at scale 6 A. Overview of techniques and noise model 6 B. Probabilistic error cancellation (PEC) 8 1. Method 8 2. Random error 9 3. Systematic error 9 C. Zero noise extrapolation (ZNE) with probabilisti
Filippov et al. - 2024 - Scalability of quantum error mitigation techniques from utility to advantage.pdf,Filippov et al. (2024),yes,yes,weak,noise-model-mention,6,"to quantum advantage in industrial applications (see Sec. IVA). III. ANALYSIS OF ERROR MITIGATION PERFORMANCE AT SCALE A. Overview of techniques and noise model The practical implementation of a digital quantum computation can be described as a sequence of ideal unitary layers U , each preceded by a layer N o"
Filippov et al. - 2024 - Scalability of quantum error mitigation techniques from utility to advantage.pdf,Filippov et al. (2024),yes,yes,weak,noise-model-mention,7,"iments with more than 100 qubits [1], the noise is brought into the sparse Pauli-Lindblad (SPL) form via Pauli twirling and then learned to infer the noise model parameters: 3 relaxation rates λ[q],λ[q],λ[q] for each qubit q X Y Z and9relaxationratesλ⟨q1,q2⟩,λ⟨q1,q2⟩,λ⟨q1,q2⟩,λ⟨q1,q2⟩,λ⟨q1,q2⟩,λ⟨q1,q2⟩,λ⟨q1,q2"
Filippov et al. - 2024 - Scalability of quantum error mitigation techniques from utility to advantage.pdf,Filippov et al. (2024),yes,yes,weak,noise-model-mention,7,"earlyin the number of qubits and all these parameters can be estimated via measurements in 9 different bases only [13]. We therefore stick to the SPL noise model, where N = ⃝ N[q]◦⃝ N⟨q1,q2⟩ is a concatenation of commuting one- l q l ⟨q1,q2⟩ l andtwo-qubitPaulichannelsactingnontriviallyeitherataqubitq orapairo"
Filippov et al. - 2024 - Scalability of quantum error mitigation techniques from utility to advantage.pdf,Filippov et al. (2024),yes,yes,weak,noise-model-mention,7,"all (one-qubit and two-qubit) jump operators σ = (cid:78)N−1σ , α=(α ,...,α ), so α α α q=0 αq 0 N−1 that N [•] = exp[ (cid:80) λ(l)(σ •σ −•)]. This noise model readily extends to more general scenarios with the jump l α α α α operators of higher Pauli weight (beyond two-local crosstalk) [24, 25, 31], where o"
Filippov et al. - 2024 - Scalability of quantum error mitigation techniques from utility to advantage.pdf,Filippov et al. (2024),yes,yes,weak,noise-model-mention,7,"i weight (beyond two-local crosstalk) [24, 25, 31], where our results still hold true. For the sake of clarity, though, we consider the two-local SPL noise model as the default one. Importantly, any Pauli observable σ is an eigenoperator of the SPL noise, N [σ ]=f σ , and the corresponding β l β lβ β eigenvalu"
Filippov et al. - 2024 - Scalability of quantum error mitigation techniques from utility to advantage.pdf,Filippov et al. (2024),yes,yes,weak,noise-model-mention,10,"s are of the order of γ ∼12+4 [1, Sec. IV B in Supplementary Information]. l l −2 High noise instability makes it necessary to relearn and update the noise model while running the experiment. To assess the foreseeable levels of noise stability, we refer to the 65-qubit experiment with a series of 20 sequential"
Filippov et al. - 2024 - Scalability of quantum error mitigation techniques from utility to advantage.pdf,Filippov et al. (2024),yes,yes,weak,noise-model-mention,10,". III B in Supplementary Information]. In this experiment, the exclusion of the most unstable 5 qubits from the 65-qubit register results in a stable noise model for a single layer with γ ≈2.54 and an average change in γ from one attempt to another ∆γ ≈0.042 [1, Sec. III B in Supplementary Information]. This t"
Filippov et al. - 2024 - Scalability of quantum error mitigation techniques from utility to advantage.pdf,Filippov et al. (2024),yes,yes,weak,noise-model-mention,10,"mpler time-independent evaluation for achievable noise stability Θ=1.8% within T≲1 day. Since ⟨O⟩ ≈ (cid:81) γ1/2⟨O⟩ , the imprecision in the learned noise model and the noise scaling factor γ mitigated l l noisy l translates into an imprecision in the mitigated observable. A layer l results in a factor γ1/2(1"
Filippov et al. - 2024 - Scalability of quantum error mitigation techniques from utility to advantage.pdf,Filippov et al. (2024),yes,yes,weak,noise-model-mention,10,"d In this section, we present the derivation of all errors associated to ZNE and summarized in Table I. We begin by recalling the method. The learned noise model N for a layer l is amplified to the power NG, G > 1 by artificially l l implementingonhardwaretheextranoiseNG−1viasampling(presumablynoiseless)unitar"
Filippov et al. - 2024 - Scalability of quantum error mitigation techniques from utility to advantage.pdf,Filippov et al. (2024),yes,yes,weak,noise-model-mention,12,"mation, we infer the minimum ZNE sampling overhead Γ∗ =[1+3.591ln(1/K)]2K−2 =(1+1.795εNL)2exp(εNL). 3. Systematic error Effect of imprecisely learned noise model and noise instability. Similarly to PEC, ZNE with probabilistic error amplification is sensitive to the fluctuations in noise parameters and the impr"
Filippov et al. - 2024 - Scalability of quantum error mitigation techniques from utility to advantage.pdf,Filippov et al. (2024),yes,yes,weak,noise-model-mention,16,"postprocessing power in any way, it is applicable to the compression-free TEM that provides an unbiased estimator for the mitigated observable if the noise model is perfectly known. Theorem 1 in Ref. [6] establishes the fact that the minimum number of shots |S| required for an unbiased estimation of the min mi"
Filippov et al. - 2024 - Scalability of quantum error mitigation techniques from utility to advantage.pdf,Filippov et al. (2024),yes,yes,weak,noise-model-mention,17,"in TEM for the lth layer. β β lmin l We stress that our results on the optimality of the sampling overhead in TEM are applicable to the realistic SPL noise model justified experimentally [1, 13], where X-, Y-, and Z-errors are all present and are roughly of the same order ∼ ε/12 on average (similarly, the corr"
Filippov et al. - 2024 - Scalability of quantum error mitigation techniques from utility to advantage.pdf,Filippov et al. (2024),yes,yes,weak,noise-model-mention,17,"showcasing the optimality of the sampling overhead in TEM [7] and the non-optimality of PEC’s [4]. 4. Systematic error Effect of imprecisely learned noise model and noise instability. The first source of systematic error in TEMisthesameasinPECandZNE,namely,noiseinstabilityduringtheexperimentandinaccuraciesint"
Filippov et al. - 2024 - Scalability of quantum error mitigation techniques from utility to advantage.pdf,Filippov et al. (2024),yes,yes,weak,noise-model-mention,17,"instability. The first source of systematic error in TEMisthesameasinPECandZNE,namely,noiseinstabilityduringtheexperimentandinaccuraciesinthelearned noise model. The associated relative error is derived in exactly the same way as in PEC (see Sec. IIIB3) and reads √ ∆O¯/O¯ = 1εN LΘ provided ∆O¯/O¯ ≪1, where Θ"
Filippov et al. - 2024 - Scalability of quantum error mitigation techniques from utility to advantage.pdf,Filippov et al. (2024),yes,yes,weak,noise-model-mention,24,itigation could potentially combine advantages of different noise-mitigation techniques in quantum processors with sophisticated topology and complex noise model. The derived analytical expressions for the total error δ in noise-mitigated estimations should be considered as a prediction for the typical error o
Filippov et al. - 2024 - Scalability of quantum error mitigation techniques from utility to advantage.pdf,Filippov et al. (2024),yes,yes,weak,noise-parameter,4,"inear, ex- trapolation [1]. The exponential extrapolation per se induces a systematic error if the signal does not decay exactly exponentially in the noise strength [28], which is typically the case for non-Clifford circuits, since non-Clifford gates multiply the number of Pauli strings in the Heisenberg-picture"
Filippov et al. - 2024 - Scalability of quantum error mitigation techniques from utility to advantage.pdf,Filippov et al. (2024),yes,yes,weak,noise-parameter,7,"itigated observable subject to random errors (due to a sampling overhead) and systematic errors (due to an imprecisely learned noise, fluctuations in noise parameters, errors in single-qubit unitary gates, extrapolation inaccuracy, bond dimension truncation). We evaluate both random and systematic errors for each"
Filippov et al. - 2024 - Scalability of quantum error mitigation techniques from utility to advantage.pdf,Filippov et al. (2024),yes,yes,weak,noise-parameter,9,"m16unitary XX XY XZ YX YY YZ ZX ZY ZZ operations {I,X,Y,Z}⊗2 [7]. Nonetheless, this still leads to the same first order expansion with respect to the noise parameters in the exponent for γ . The overall sampling overhead γ2 grows exponentially in the circuit volume NL l and the error rate ε because γ = (cid:81) γ"
Filippov et al. - 2024 - Scalability of quantum error mitigation techniques from utility to advantage.pdf,Filippov et al. (2024),yes,yes,weak,noise-parameter,10,γ1/2(1 + 1θ ε)N. The l 2 l errors from different layers partially compensate each other because the observable estimation is sensitive to dif- ferent noise parameters {λ } in SPL(N ) (fidelities f ) even if the noise layer composition remains the same. α α l lβ (cid:16) √ (cid:17)N Since E( (cid:80) θ ) = 0 and E(
Filippov et al. - 2024 - Scalability of quantum error mitigation techniques from utility to advantage.pdf,Filippov et al. (2024),yes,yes,weak,noise-parameter,12,"precisely learned noise model and noise instability. Similarly to PEC, ZNE with probabilistic error amplification is sensitive to the fluctuations in noise parameters and the imprecision in noise learning. Suppose the noise during the data acquisition differs from that in the learned model: K′ is the actual averag"
Filippov et al. - 2024 - Scalability of quantum error mitigation techniques from utility to advantage.pdf,Filippov et al. (2024),yes,yes,weak,noise-parameter,12,"isanadditionalsystematicerrorarisingfromthefactthattheexponential extrapolation leads to a bias for a general signal that decays non-exponentially in noise strength [28]. To analytically studythissourceoferror,weconsiderthefollowing“mirrored”non-Cliffordcircuit. Thecircuitstartswithanoiseless layer of Hadamard ga"
Filippov et al. - 2024 - Scalability of quantum error mitigation techniques from utility to advantage.pdf,Filippov et al. (2024),yes,yes,weak,noise-parameter,24,"remainedessentiallyunknownpriortothiswork. Similarly, wehaverevealed the systematic errors due to the noise instability or imprecision in the learned noise parameters that are inherent to all noise-aware mitigation techniques. We have also evaluated technique-specific systematic errors such as the extrapolation er"
Filippov et al. - 2024 - Scalability of quantum error mitigation techniques from utility to advantage.pdf,Filippov et al. (2024),yes,yes,weak,noise-parameter,25,"esigningnewcircuitsandprocessingnewmeasurementoutcomesbecausethesamplingprobabilitiesandtherescaling factor γ are trivially expressed through renewed noise parameters. Appendix B: Lower bound for the random error in ZNE Given a collection of positive parameters {a } , a > 0, the sum (cid:80) aj attains the minimum"
França and Garcia-Patron - 2022 - A game of quantum advantage linking verification and simulation.pdf,Franca & Garcia-Patron,yes,yes,strong,depolarizing,10,".1: Theorem 2.3 (Informal version of Thm. 6.1). Let ν be the outcome distribution of a noisy quantum circuit on n qubits of depth D affected by local depolarizing noise with rate p after each gate, measured in the computational basis. Given functions f ,...,f : {0,1}n → [−1,1] and (cid:15) > 0, mirror descent will co"
França and Garcia-Patron - 2022 - A game of quantum advantage linking verification and simulation.pdf,Franca & Garcia-Patron,yes,yes,strong,depolarizing,11,"). Let us exemplify the conse- quences of Theorem 2.3 to approximating MAXCUT on a noisy quantum device. Suppose that Bob’s device suffers from local depolarizing noise with rate p and consists of a circuit of depth D. In this scenario, Alice will be able to obtain an expected value of MAXCUT that is (cid:15) close t"
França and Garcia-Patron - 2022 - A game of quantum advantage linking verification and simulation.pdf,Franca & Garcia-Patron,yes,yes,strong,depolarizing,24,"ation values under his distribution 1 t Alice cannot reproduce classically. However, suppose now that Bob’s device is affected by noise, say a global depolarizing channel with parameter 0 ≤ p ≤ 1. One would then expect that as p → 1, it should be easier for Alice to reproduce the statistics of Bob’s device and win the"
França and Garcia-Patron - 2022 - A game of quantum advantage linking verification and simulation.pdf,Franca & Garcia-Patron,yes,yes,strong,depolarizing,25,"d for how long it can sustain interesting computations. Let us illustrate the strong data processing inequality with an example. Let Φ : M → M be the depolarizing channel on one qubit with depolarizing p 2 2 parameter p, i.e. I Φ (ρ) = (1−p)ρ+p . p 2 The authors of [43] show that: (cid:18) I (cid:19) (cid:16) (cid:17)"
França and Garcia-Patron - 2022 - A game of quantum advantage linking verification and simulation.pdf,Franca & Garcia-Patron,yes,yes,strong,depolarizing,27,"instance, for circuits with local depolarizing noise with parameter p and depth D, the theorem above gives a complexity of: ! 4(1−p)2D+2n exp . (29) (cid:15) evaluations of the distinguishing functions."
França and Garcia-Patron - 2022 - A game of quantum advantage linking verification and simulation.pdf,Franca & Garcia-Patron,yes,yes,strong,depolarizing,31,"an 2015. DOI: 10.1109/tit.2014.2366456. [43] Alexander Mu¨ller-Hermes, Daniel Stilck Fran¸ca, and Michael M. Wolf. Rela- tive entropy convergence for depolarizing channels. Journal of Mathematical Physics, 57(2):022202, feb 2016. DOI: 10.1063/1.4939560. [44] Alexander Mu¨ller-Hermes, Daniel Stilck Fran¸ca, and Michael"
França and Garcia-Patron - 2022 - A game of quantum advantage linking verification and simulation.pdf,Franca & Garcia-Patron,yes,yes,strong,local-noise,10,"orem 6.1: Theorem 2.3 (Informal version of Thm. 6.1). Let ν be the outcome distribution of a noisy quantum circuit on n qubits of depth D affected by local depolarizing noise with rate p after each gate, measured in the computational basis. Given functions f ,...,f : {0,1}n → [−1,1] and (cid:15) > 0, mirror descent w"
França and Garcia-Patron - 2022 - A game of quantum advantage linking verification and simulation.pdf,Franca & Garcia-Patron,yes,yes,strong,local-noise,11,"rcuits). Let us exemplify the conse- quences of Theorem 2.3 to approximating MAXCUT on a noisy quantum device. Suppose that Bob’s device suffers from local depolarizing noise with rate p and consists of a circuit of depth D. In this scenario, Alice will be able to obtain an expected value of MAXCUT that is (cid:15) c"
França and Garcia-Patron - 2022 - A game of quantum advantage linking verification and simulation.pdf,Franca & Garcia-Patron,yes,yes,strong,local-noise,27,"instance, for circuits with local depolarizing noise with parameter p and depth D, the theorem above gives a complexity of: ! 4(1−p)2D+2n exp . (29) (cid:15) evaluations of the distinguishing func"
França and Garcia-Patron - 2022 - A game of quantum advantage linking verification and simulation.pdf,Franca & Garcia-Patron,yes,yes,weak,noisy-device-mention,24,"tion can be found in polynomial time. As we show in Appendix F, for random Cliffords, the function can be found and be computed in polynomial time. 6 Noisy devices Mostofthecurrentimplementationsofquantumcircuitshavehighlevelsofnoise. Inprinciple,highlycorrelatednoisecanmakesimulatingthequantumdeviceclas- sical"
França and Garcia-Patron - 2022 - A game of quantum advantage linking verification and simulation.pdf,Franca & Garcia-Patron,yes,yes,weak,noisy-device-mention,25,"t channels at different times and dif- ferent noise rates. Under the assumptions above, the probability distribution ν describing the outcomes of the noisy device is given by: ν(i) = tr (cid:0) |iihi|T(|0ih0|⊗n) (cid:1) = tr (cid:0) |iihi|(M ◦Φ◦U ◦Φ◦...◦U ◦Φ(|0ih0|⊗n) (cid:1) , D 1 (28) where U is the channel g"
França and Garcia-Patron - 2022 - A game of quantum advantage linking verification and simulation.pdf,Franca & Garcia-Patron,yes,yes,weak,noise-parameter,2,"r probability [8]. Thus, the linear XEB verification approach requires us to be in the “sweet spot” where both the number of samples needed given the noise level and the size of the circuit are not too large to render the verification impossible. This approach is not scalable to larger system sizes with curren"
França and Garcia-Patron - 2022 - A game of quantum advantage linking verification and simulation.pdf,Franca & Garcia-Patron,yes,yes,weak,noise-parameter,25,"hese assumptions to simplify the notation and argument, but it is easy to adapt the argument to different channels at different times and dif- ferent noise rates. Under the assumptions above, the probability distribution ν describing the outcomes of the noisy device is given by: ν(i) = tr (cid:0) |iihi|T(|0ih"
França and Garcia-Patron - 2022 - A game of quantum advantage linking verification and simulation.pdf,Franca & Garcia-Patron,yes,yes,weak,noise-parameter,25,"to approximate the values of k functions, then the number of iterations of mirror descent T required to achieve that decreases exponentially with the noise level. More precisely: Theorem 6.1. Let ν be the distribution defined in Eq. (28), (cid:15) > 0 and assume Φ satisfies a strong data processing inequality"
França and Garcia-Patron - 2022 - A game of quantum advantage linking verification and simulation.pdf,Franca & Garcia-Patron,yes,yes,weak,noise-parameter,26,"n which yields the claim. Thus, we see that the complexity of approximate sampling from the output of noisy circuits decreases exponentially with the noise level and depth. For Accepted in Quantum 2022-01-22, click title to verify. Published under CC-BY 4.0. 26"
França and Garcia-Patron - 2022 - A game of quantum advantage linking verification and simulation.pdf,Franca & Garcia-Patron,yes,yes,weak,gate-error,2,"growing exponentially with the system’s size. Secondly, the number of required samples grows exponentially with the size of the system for a constant gate error probability [8]. Thus, the linear XEB verification approach requires us to be in the “sweet spot” where both the number of samples needed given the n"
Govia et al. - 2025 - Bounding the Systematic Error in Quantum Error Mitigation due to Model Violation.pdf,Govia et al.,yes,yes,strong,depolarizing,12,"ealistically, the fluc- diamondnorm.Forexample,thediamonddistancetoiden- 1 tuationswillnotallalignandalargerdeviationinT will tity of the generalized depolarizing channel is a factor of 1 betolerable. 2(4n−1)/4n greater than what can be achieved for any Of note is the fact that the worst-case Clioff rd cir- Pauli obser"
Govia et al. - 2025 - Bounding the Systematic Error in Quantum Error Mitigation due to Model Violation.pdf,Govia et al.,yes,yes,strong,Pauli-channel,2,"therassumptionsaremadethat where the P are the n-qubit Pauli operators. This can be i constrain the interaction map between qubits; e.g., enforced by Pauli twirling the hard layers, i.e., inserting restrictinginteractionstobepairwisebetweeninten- randomPauligatesbeforeandafterthehardlayers[17,23, tionally coup"
Govia et al. - 2025 - Bounding the Systematic Error in Quantum Error Mitigation due to Model Violation.pdf,Govia et al.,yes,yes,strong,Pauli-channel,3,"lation inverts (on average) random single-qubit Pauli gates between hard layers to the error channel of the hard layer. If PEC works per- implement a Pauli twirl, and (iii) measure in the corre- fectly,theaverageofallmitigatedcircuitsisequivalentto sponding Pauli basis. Using f meas as our “ground truth” the i"
Govia et al. - 2025 - Bounding the Systematic Error in Quantum Error Mitigation due to Model Violation.pdf,Govia et al.,yes,yes,strong,Pauli-channel,14,"ateestimate.Fromthe k k above,wearriveattheupperboundforδ inEq.(13). Ref. [17]. This result has been previously shown in o Ref.[31]. Since all single Pauli error channels such as P com- 5.Upperboundvia2-norm k mute, we can use the descriptions of Eˆ−1 and E in this Using the relationship between the vector 1-"
Govia et al. - 2025 - Bounding the Systematic Error in Quantum Error Mitigation due to Model Violation.pdf,Govia et al.,yes,yes,strong,Pauli-channel,22,"termquantumcomputing,arXiv:2307.11740. [39] S. T. Flammia and J. J. Wallman, Efficient estimation [20] Y.Kim,L.C.G.Govia,A.Dane,E.vandenBerg,D.M. of Pauli channels, ACM Trans. Quantum Comput. 1, 1 Zajac, B. Mitchell, Y. Liu, K. Balakrishnan, G. Keefe, A. (2020). Stabile,E.Pritchett,J.Stehlik,andA.Kandala,Errorm"
Govia et al. - 2025 - Bounding the Systematic Error in Quantum Error Mitigation due to Model Violation.pdf,Govia et al.,yes,yes,strong,amplitude-damping,12,"betolerable. 2(4n−1)/4n greater than what can be achieved for any Of note is the fact that the worst-case Clioff rd cir- Pauli observable, but for an amplitude damping channel cuit saturates the upper bound, δ , when 1/T decreases the diamond distance and the worst-case Clioff rd circuit C 1 between learning and mit"
Govia et al. - 2025 - Bounding the Systematic Error in Quantum Error Mitigation due to Model Violation.pdf,Govia et al.,yes,yes,strong,Pauli-Lindblad,6,"channels V 0 and V 1 are built from an error one can construct circuits and error models with δ larger and model channel that both respect the sparse Pauli-Lindblad o approximation,witherrorgeneratorsrespectingthedevicetopol- than the worst-case Clioff rd circuit (for further details, ogy. (b) The building block"
Govia et al. - 2025 - Bounding the Systematic Error in Quantum Error Mitigation due to Model Violation.pdf,Govia et al.,yes,yes,strong,Pauli-Lindblad,7,"etween qubits q and q of the form ZIIZ, which is out 0 3 as the learnt error model. We plot the distribution of the of model for our two-local sparse Pauli-Lindblad model. systematicerroroverrandomcircuitsforeachoftheseten Tostudyparameteruncertaintyintheprevioussubsection, simulated mitigation experiments per qu"
Govia et al. - 2025 - Bounding the Systematic Error in Quantum Error Mitigation due to Model Violation.pdf,Govia et al.,yes,yes,strong,stochastic-noise,6,"pecially Whenr =r∀P (cid:10)=I,itisstraightforwardtoshowthat since the expectation value of the ideal or mitigated Clif- k k ford circuit (with Pauli stochastic error) can be evaluated theδ upperboundhasaverysimpleform,asgivenby 2 ecffi ientlywithclassicalsimulation. 4n−1 4n−1 ||I −V|| ≤|1−ν |+ |1−r|=2 |1−r|. (cid:"
Govia et al. - 2025 - Bounding the Systematic Error in Quantum Error Mitigation due to Model Violation.pdf,Govia et al.,yes,yes,strong,twirling,2,"sumptionsaremadethat where the P are the n-qubit Pauli operators. This can be i constrain the interaction map between qubits; e.g., enforced by Pauli twirling the hard layers, i.e., inserting restrictinginteractionstobepairwisebetweeninten- randomPauligatesbeforeandafterthehardlayers[17,23, tionally coupled qub"
Govia et al. - 2025 - Bounding the Systematic Error in Quantum Error Mitigation due to Model Violation.pdf,Govia et al.,yes,yes,weak,noise-model-mention,12,duced bounding the systematic error in error mitigation due to distance is simple to calculate for Pauli-stochastish chan- inaccuracies in the learnt noise model. Our methodology nels and amounts to the largest dieff rence between Pauli ecffi iently estimates upper bounds to the systematic error fidelities. Ho
Govia et al. - 2025 - Bounding the Systematic Error in Quantum Error Mitigation due to Model Violation.pdf,Govia et al.,yes,yes,weak,error-model-mention,1,perboundsontheimpactoferror-modelinaccuracyinerrormitigation.Ourprotocolsrequireno additional experiments and instead rely on comparisons between the error model and the error-learning datafromwhichthemodelisgenerated.Wedemonstratetheefficacyofourmethodologybydeploying it on an IBM Quantum superconducting qubi
Govia et al. - 2025 - Bounding the Systematic Error in Quantum Error Mitigation due to Model Violation.pdf,Govia et al.,yes,yes,weak,error-model-mention,1,"hmaybeofindependentinterest. DOI:10.1103/PRXQuantum.6.010354 I.INTRODUCTION layersofatargetcircuit(see,e.g.,Refs.[13–19]).Assuch, the accuracy of the error model obtained through charac- Any potential advantage from quantum computers will terization directly determines the quality of the mitigated ultimatelyde"
Govia et al. - 2025 - Bounding the Systematic Error in Quantum Error Mitigation due to Model Violation.pdf,Govia et al.,yes,yes,weak,error-model-mention,1,"ation directly determines the quality of the mitigated ultimatelydependonthequality,speed,andscaleatwhich computation result. However, since the true error channel theyareabletoruncomputations.Asscaleincreasesacross of the circuit is unknown, quantifying the accuracy of the a variety of hardware platforms [1–5],"
Govia et al. - 2025 - Bounding the Systematic Error in Quantum Error Mitigation due to Model Violation.pdf,Govia et al.,yes,yes,weak,error-model-mention,1,iveupperboundsto Several promising error-mitigation schemes rely on the inaccuracy of error mitigation due to model violation characterization of the error channel associated with the by quantifying how incorrect model parameters propa- gate into error-mitigated expectation values. While our *Contactauthor:lcggo
Govia et al. - 2025 - Bounding the Systematic Error in Quantum Error Mitigation due to Model Violation.pdf,Govia et al.,yes,yes,weak,error-model-mention,1,"opa- gate into error-mitigated expectation values. While our *Contactauthor:lcggovia@gmail.com primary focus is answering the question of how well an error channel can be mitigated by its model, the method- PublishedbytheAmericanPhysicalSocietyunderthetermsof ology of model violation can also be used to understa"
Govia et al. - 2025 - Bounding the Systematic Error in Quantum Error Mitigation due to Model Violation.pdf,Govia et al.,yes,yes,weak,error-model-mention,1,",quantifyingtheimpactonerrormitigationoftemporal author(s) and the published article’s title, journal citation, and DOI. fluctuations or drift in the error channels of a device [20]. 2691-3399/25/6(1)/010354(23) 010354-1 PublishedbytheAmericanPhysicalSociety"
Govia et al. - 2025 - Bounding the Systematic Error in Quantum Error Mitigation due to Model Violation.pdf,Govia et al.,yes,yes,weak,error-model-mention,2,"uetoinaccurateerror models. II.ERRORMITIGATIONANDMODEL The above-mentioned protocols rely on a learning VIOLATION phase that produces a model for the error channel of Let C denote the ideal target circuit of interest and C˜ each hard layer. Pauli learning [17,33–36] is a com- its error-prone implementation on ha"
Govia et al. - 2025 - Bounding the Systematic Error in Quantum Error Mitigation due to Model Violation.pdf,Govia et al.,yes,yes,weak,error-model-mention,2,"er of error- violation: prone “hard” layers (these often contain two-qubit gates) interleaved by error-free “easy” layers (often single-qubit (1) The error channel is not Pauli stochastic. This gates).Theeasylayersneednotbeerror-free,providedthat would occur if an insucffi ient number of random- theyhavegate-ind"
Govia et al. - 2025 - Bounding the Systematic Error in Quantum Error Mitigation due to Model Violation.pdf,Govia et al.,yes,yes,weak,error-model-mention,2,"eparates system preparation and measurement error-mitigationprotocolsthatuseknowledgeofthehard- (SPAM) error from layer error [17,37]. Instead, layer error channels, described by the set {Eˆ } of models somePaulifidelitiescanonlybemeasuredaspaired k for the error channels {E } of each hard layer indexed products"
Govia et al. - 2025 - Bounding the Systematic Error in Quantum Error Mitigation due to Model Violation.pdf,Govia et al.,yes,yes,weak,error-model-mention,2,"from layer error [17,37]. Instead, layer error channels, described by the set {Eˆ } of models somePaulifidelitiescanonlybemeasuredaspaired k for the error channels {E } of each hard layer indexed products. Breaking this degeneracy requires model k by k. Examples include probabilistic error cancellation assumpti"
Govia et al. - 2025 - Bounding the Systematic Error in Quantum Error Mitigation due to Model Violation.pdf,Govia et al.,yes,yes,weak,error-model-mention,3,"ifidelities,f meas,theyare P issuessuchasthetimescaleoferror-channeldrift. notthemselvesanerrormodel.Thenextstepofanylearn- ing protocol is to fit an error model with free parameters Items (1) and (2) listed above are sources of model viola- λ(cid:2) to the measured Pauli fidelities, which we do by mini- tion"
Govia et al. - 2025 - Bounding the Systematic Error in Quantum Error Mitigation due to Model Violation.pdf,Govia et al.,yes,yes,weak,error-model-mention,3,"(1) and (2) listed above are sources of model viola- λ(cid:2) to the measured Pauli fidelities, which we do by mini- tion that are properties of the error channel of the system, mizinganappropriatecostfunctionthatcomparesf measto P while items (3)–(5) are a result of the learning procedure. f mod =F(λ(cid:2) ,P"
Govia et al. - 2025 - Bounding the Systematic Error in Quantum Error Mitigation due to Model Violation.pdf,Govia et al.,yes,yes,weak,error-model-mention,3,"d layer d times, interleaving layer, probabilistic error cancellation inverts (on average) random single-qubit Pauli gates between hard layers to the error channel of the hard layer. If PEC works per- implement a Pauli twirl, and (iii) measure in the corre- fectly,theaverageofallmitigatedcircuitsisequivalentto s"
Govia et al. - 2025 - Bounding the Systematic Error in Quantum Error Mitigation due to Model Violation.pdf,Govia et al.,yes,yes,weak,error-model-mention,3,"ctly,theaverageofallmitigatedcircuitsisequivalentto sponding Pauli basis. Using f meas as our “ground truth” the ideal circuit. Typically, the learnt error model will not P will miss sources of model violation that cause the same exactlymatchtheerrorofthehardlayerandourgoalisto deviation from exponential decay"
Govia et al. - 2025 - Bounding the Systematic Error in Quantum Error Mitigation due to Model Violation.pdf,Govia et al.,yes,yes,weak,error-model-mention,4,"L.C.G.GOVIAetal. PRXQUANTUM6,010354(2025) where Eˆ is the learnt error model. From here on, we use the actual noise channel and the model, r i =f P m i eas/f P m i od. (cid:6)(cid:7)(ρ) as shorthand for the composition (cid:6)"
Govia et al. - 2025 - Bounding the Systematic Error in Quantum Error Mitigation due to Model Violation.pdf,Govia et al.,yes,yes,weak,error-model-mention,6,ct calcu- Thefirstexampleofmodelviolationthatweconsideris lation of the diamond distance to the identity for such a the situation in which the actual error channel satisfies all channelgives ofourassumptions(aMarkovianPauli-stochasticchannel with only pairwise generator terms respecting the device 4n−1 ||I −D ||
Govia et al. - 2025 - Bounding the Systematic Error in Quantum Error Mitigation due to Model Violation.pdf,Govia et al.,yes,yes,weak,error-model-mention,6,"sCPTP,itsdiamonddistancetoiden- k consider perturbed sets {λ +(cid:9) } to serve as the actual tifywouldalsobethatofEq.(17),whereν istheprocess k k 0 error channels, with (cid:9) drawn uniformly at random and fidelity.AsystematicerrorgreaterthanEq.(17)isthusan k |(cid:9) |<λ . For each of the actual error channe"
Govia et al. - 2025 - Bounding the Systematic Error in Quantum Error Mitigation due to Model Violation.pdf,Govia et al.,yes,yes,weak,error-model-mention,6,"rror channels, with (cid:9) drawn uniformly at random and fidelity.AsystematicerrorgreaterthanEq.(17)isthusan k |(cid:9) |<λ . For each of the actual error channels (formed indicationofthenonphysicalityofthemitigatedmap. k k by the perturbed sets {λ +(cid:9) }), we then simulate the act However, for a global dep"
Govia et al. - 2025 - Bounding the Systematic Error in Quantum Error Mitigation due to Model Violation.pdf,Govia et al.,yes,yes,weak,error-model-mention,6,"erator)cannothaveerrorlarger definingamitigatedmapV formedbythecomposit k ionof than |1−r| and our observables of interest cannot satu- the perturbed error channel and the learnt-model inverse. ratethediamond-distanceupperbound.Inlightofthis,we To maintain consistency with our intended experimental defineaheuris"
Govia et al. - 2025 - Bounding the Systematic Error in Quantum Error Mitigation due to Model Violation.pdf,Govia et al.,yes,yes,weak,error-model-mention,6,"worst-case Clioff rd circuit is not a true upper bound and The mitigated channels V 0 and V 1 are built from an error one can construct circuits and error models with δ larger and model channel that both respect the sparse Pauli-Lindblad o approximation,witherrorgeneratorsrespectingthedevicetopol- than the wo"
Govia et al. - 2025 - Bounding the Systematic Error in Quantum Error Mitigation due to Model Violation.pdf,Govia et al.,yes,yes,weak,error-model-mention,6,"icallymotivatederror of long-range ZIIZ crosstalk added to a random sparse Pauli- models, it can be shown that Clioff rd circuits exactly or Lindblad error channel and a model obtained by simulating the nearly saturate the diamond-distance upper bounds. As Pauli-learningprocedureontheactualerrorchannel. 010354-6"
Govia et al. - 2025 - Bounding the Systematic Error in Quantum Error Mitigation due to Model Violation.pdf,Govia et al.,yes,yes,weak,error-model-mention,7,"2. Learning-uncertaintysimulations.Box-and-whiskerplotsofthedistributionofthesystematicerroraftermitigation,δ ,for o random perturbations to a fixed error model, for two,(cid:9)three, four,(cid:10)and five qubits. The fixed error model used for mitigation has modelparametersλ drawnuniformlyatrandomfrom 10−5,1"
Govia et al. - 2025 - Bounding the Systematic Error in Quantum Error Mitigation due to Model Violation.pdf,Govia et al.,yes,yes,weak,error-model-mention,7,"thesystematicerroraftermitigation,δ ,for o random perturbations to a fixed error model, for two,(cid:9)three, four,(cid:10)and five qubits. The fixed error model used for mitigation has modelparametersλ drawnuniformlyatrandomfrom 10−5,10−4 ,whichischosentomatchcurrentexpectationsforexperimental k gate fideliti"
Govia et al. - 2025 - Bounding the Systematic Error in Quantum Error Mitigation due to Model Violation.pdf,Govia et al.,yes,yes,weak,error-model-mention,7,"m 10−5,10−4 ,whichischosentomatchcurrentexpectationsforexperimental k gate fidelities. For each qu(cid:9)bit number,(cid:10)we consider ten perturbed error models, each with model parameters {λ k +(cid:9) k } for (cid:9) k drawn uniformlyatrandomfrom 10−6,10−5 .ThecircuitstructureisthatshowninFig.1(a),repeated"
Govia et al. - 2025 - Bounding the Systematic Error in Quantum Error Mitigation due to Model Violation.pdf,Govia et al.,yes,yes,weak,error-model-mention,7,"out-of-model error. We consider a nearest-neighbor up to five qubits. For each qubit number, we randomly connected line of four qubits and an actual error model sample ten sets of perturbed model coecffi ients to act as that is pairwise local (respecting the connectivity of the the actual error channels and c"
Govia et al. - 2025 - Bounding the Systematic Error in Quantum Error Mitigation due to Model Violation.pdf,Govia et al.,yes,yes,weak,error-model-mention,7,n actual error model sample ten sets of perturbed model coecffi ients to act as that is pairwise local (respecting the connectivity of the the actual error channels and consider mitigating each of line)exceptfortheadditionofalong-rangecrosstalkerror these with the unperturbed model coecffi ients functioning betw
Govia et al. - 2025 - Bounding the Systematic Error in Quantum Error Mitigation due to Model Violation.pdf,Govia et al.,yes,yes,weak,error-model-mention,7,"angecrosstalkerror these with the unperturbed model coecffi ients functioning between qubits q and q of the form ZIIZ, which is out 0 3 as the learnt error model. We plot the distribution of the of model for our two-local sparse Pauli-Lindblad model. systematicerroroverrandomcircuitsforeachoftheseten Tostudypa"
Govia et al. - 2025 - Bounding the Systematic Error in Quantum Error Mitigation due to Model Violation.pdf,Govia et al.,yes,yes,weak,error-model-mention,7,"gation simulations as a function of the strength of the circuits with a systematic error within that gap to be rare crosstalk error. Starting with an error channel consisting and contrived, the widening of this gap speaks to the of in-model terms {λ }, drawn uniformly at random, plus k 010354-7"
Govia et al. - 2025 - Bounding the Systematic Error in Quantum Error Mitigation due to Model Violation.pdf,Govia et al.,yes,yes,weak,error-model-mention,10,"odeldescribesthetrueerror.Reversing cause and eeff ct, model violation can also be used to directlycomparemodelsbyestimatingtheworst-caseerror if one error model was used to mitigate the other. Such comparisons are useful to, e.g., test the stability of error models over time, when error parameters are expecte"
Govia et al. - 2025 - Bounding the Systematic Error in Quantum Error Mitigation due to Model Violation.pdf,Govia et al.,yes,yes,weak,error-model-mention,10,"remodelsbyestimatingtheworst-caseerror if one error model was used to mitigate the other. Such comparisons are useful to, e.g., test the stability of error models over time, when error parameters are expected to drift or fluctuate, or to test the impact in uncertainty inducedbythemodel-fittingprocedure. For th"
Govia et al. - 2025 - Bounding the Systematic Error in Quantum Error Mitigation due to Model Violation.pdf,Govia et al.,yes,yes,weak,error-model-mention,10,"ate, or to test the impact in uncertainty inducedbythemodel-fittingprocedure. For this analysis, because we have complete informa- (b) tion about the error channels for both models, we can directly calculate upper bounds to the diamond distances and norms in Eq. (7) from the model parameters. Fol- lowing the met"
Govia et al. - 2025 - Bounding the Systematic Error in Quantum Error Mitigation due to Model Violation.pdf,Govia et al.,yes,yes,weak,error-model-mention,11,"id:6) e−2λˆ( m k)(cid:6) (cid:6) e−2λˆ( m k)(cid:6) we do not have access to the full description of the actual (cid:13)(cid:6)(cid:6) (cid:6)(cid:6) error channel. However, since in simulation we do have ||V k || (cid:6) ≤ (cid:6)(cid:6)W n (k)(cid:6)(cid:6) (cid:6) , both models, they can also be analyzed as a"
Govia et al. - 2025 - Bounding the Systematic Error in Quantum Error Mitigation due to Model Violation.pdf,Govia et al.,yes,yes,weak,error-model-mention,11,"ed use case for model modelparameters.Thisimpliesthatthelearningprocedure comparison, we simulate a two-qubit system in which the applied to the same error channel twice may not produce relaxationtimeT ofeachqubitdriftsonaslowtimescale, 1 the same model in both instances of learning. Moreover, such that the T du"
Govia et al. - 2025 - Bounding the Systematic Error in Quantum Error Mitigation due to Model Violation.pdf,Govia et al.,yes,yes,weak,error-model-mention,12,"from the learnt model used for mitigation and the E model experimental data. The magnitude by which this overes- that we use to represent the actual error channel dur- timates the diamond norm depends on the specifics of the ing mitigation experiments. As expected, the systematic mitigated channel. In some case"
Govia et al. - 2025 - Bounding the Systematic Error in Quantum Error Mitigation due to Model Violation.pdf,Govia et al.,yes,yes,weak,error-model-mention,13,"SYSTEMATICERRORINQUANTUMERRORMITIGATION... PRXQUANTUM6,010354(2025) or failure of other applications of learnt error models, 2.DiamondnormofaPauli-stochastishchannel includingothererror-mitigationschemes,andnoise-aware FollowingRef.[42],wewriteaStinespringdilationofa deco"
Govia et al. - 2025 - Bounding the Systematic Error in Quantum Error Mitigation due to Model Violation.pdf,Govia et al.,yes,yes,weak,error-model-mention,14,"L.C.G.GOVIAetal. PRXQUANTUM6,010354(2025) givenby true error model and so we cannot calculate this expres- (cid:13) sion directly. As such, in the main text we upper bound Eˆ−1 =γ Pˆ−1, (A11) the diamond norm of the"
Govia et al. - 2025 - Bounding the Systematic Error in Quantum Error Mitigation due to Model Violation.pdf,Govia et al.,yes,yes,weak,error-model-mention,14,"fin t e h s e th e e rr t o o r ta g l e c n h e a r n a n to e r l ||I −V|| (cid:6) =|1−ν 0 |+ (cid:6)ν j (cid:6) Eˆ =eLˆ for k th k e l k earn k t error model. Using the result of j=1 AppendixA2,eachPˆ−1 hasadiamondnormgivenby =|1−ν 0 |+||V|| (cid:6) −|ν 0 |. (A17) k (cid:6) (cid:6) (cid:6) (cid:6) (cid:6)"
Govia et al. - 2025 - Bounding the Systematic Error in Quantum Error Mitigation due to Model Violation.pdf,Govia et al.,yes,yes,weak,error-model-mention,14,"imate.Fromthe k k above,wearriveattheupperboundforδ inEq.(13). Ref. [17]. This result has been previously shown in o Ref.[31]. Since all single Pauli error channels such as P com- 5.Upperboundvia2-norm k mute, we can use the descriptions of Eˆ−1 and E in this Using the relationship between the vector 1- and form"
Govia et al. - 2025 - Bounding the Systematic Error in Quantum Error Mitigation due to Model Violation.pdf,Govia et al.,yes,yes,weak,error-model-mention,18,"e then use We now discuss some further details of using system- these to estimate σ f model . Prior to model fitting, we atic error in PEC to compare error models. Figure 9 is O also obtain an ensemble for each measured Pauli fidelity the same as Fig. 2, but with an added curve plotting f m(cid:9)odel,w(cid:10"
Govia et al. - 2025 - Bounding the Systematic Error in Quantum Error Mitigation due to Model Violation.pdf,Govia et al.,yes,yes,weak,error-model-mention,20,⎤ ⎡ ⎤(cid:6) Ref. [19] produces a tensor-network representation of a (cid:6) (cid:6) (cid:6) (cid:13) (cid:13) (cid:6) noisy circuit using the learnt error models of the hard η(μ)=(cid:6) (cid:6) (cid:6) Tr ⎣ U j E j E j μ(ρ)O ⎦ −Tr ⎣ U j E j Eˆ j μ(ρ)O ⎦(cid:6) (cid:6) (cid:6) layers. The layer-by-layer inver
Govia et al. - 2025 - Bounding the Systematic Error in Quantum Error Mitigation due to Model Violation.pdf,Govia et al.,yes,yes,weak,error-model-mention,21,"010354(2025) Using the notation of this work (but changing to the withPEC,thesystematicerrorisupperboundedbythedia- convention of Ref. [19] where the error channel happens monddistancebetweentheidealandmitigatedmaps(note after-the-gate),theTEM-mitigatedobservableexpectation thatasinPEC,themitigatedmapneednotbeCP"
Halder et al. - 2023 - Development of zero-noise extrapolated projective quantum algorithm for accurate evaluation of molec.pdf,Halder et al.,yes,yes,strong,depolarizing,4,"curateprocessofqubitstateacquisitionduring spin-orbitals.κˆ actsonthereferencestatetogenerateamany-body μ measurements results in readout errors. The depolarizing channel basis, representsthetransformationofaquantumstateintoalinearcom- κˆ μ ∣Φo ⟩=∣Φμ ⟩. (9) bination of itself and the maximally mixed state (I/d, where d"
Halder et al. - 2023 - Development of zero-noise extrapolated projective quantum algorithm for accurate evaluation of molec.pdf,Halder et al.,yes,yes,strong,phase-damping,4,"),andthe Duringsuchprocesses,thequbitisdriventoeither∣0⟩or∣1⟩state. μ residualcondition[Eq.(4)]isimpliedoverthecorrespondingbasis. On the other hand, phase damping describes the system’s loss of Thisgivesrisetoasetofnon-linearequationsin{θ },whichcanbe quantum information or coherence without any loss in energy."
Halder et al. - 2023 - Development of zero-noise extrapolated projective quantum algorithm for accurate evaluation of molec.pdf,Halder et al.,yes,yes,strong,stochastic-noise,3,"ksofStairandEvangelista44AlthoughPQE While procedures, such as gate set tomography, process tomogra- is shown to have a high noise resilience under a stochastic noise phy,andrandomizedbenchmarking,21–24 havebeendevelopedfor model,ZNE-PQEprovidesapromisingapproachtowardimprove- this characterization, they either do"
Halder et al. - 2023 - Development of zero-noise extrapolated projective quantum algorithm for accurate evaluation of molec.pdf,Halder et al.,yes,yes,weak,error-model-mention,8,"alvaluesandthenoise scalefactors.Itcanberepresentedas 1. singlequbitgateerrorscomposedofdepolarizingerrorchan- nel followed by the thermal relaxation error channel on the D(λ)=c +c e−c2λ. (30) respectivequbit; 0 1 2. two qubit gate errors composed of two-qubit depolarizing Unlike the previous model, where the no"
Halder et al. - 2023 - Development of zero-noise extrapolated projective quantum algorithm for accurate evaluation of molec.pdf,Halder et al.,yes,yes,weak,noise-parameter,6,"iag- abilityofmeanstoenhancethenoisestrengthsuchthatλ≥λo .The onaltermsofEq.(12)andwillbedroppedsubsequentlytomain- value of λo represents the native noise strength present in a given taingenerality.Moreover,D (λ=0)representsthecorresponding circuit. The essence of ZNE is that by learning the relationship υ noise"
Halder et al. - 2023 - Development of zero-noise extrapolated projective quantum algorithm for accurate evaluation of molec.pdf,Halder et al.,yes,yes,weak,gate-error,8,"scomposedofdepolarizingerrorchan- nel followed by the thermal relaxation error channel on the D(λ)=c +c e−c2λ. (30) respectivequbit; 0 1 2. two qubit gate errors composed of two-qubit depolarizing Unlike the previous model, where the noise scale factors are errorchannelfollowedbysinglequbitthermalrelaxationer"
Halder et al. - 2023 - Development of zero-noise extrapolated projective quantum algorithm for accurate evaluation of molec.pdf,Halder et al.,yes,yes,weak,gate-error,10,"rtheerrors.Moreover,asquantumhardwarecapabilitiescon- unbiasedcomparisonofdifferentextrapolatingtechniques.Asthe tinue to advance, marked by enhanced gate fidelity and extended two-qubit (CNOT) gates are the major sources of error, a CNOT coherence times, the overall accuracy of ZNE-PQE is poised to efficientimp"
Henao et al. - 2023 - Adaptive quantum error mitigation using pulse-based inverse evolutions.pdf,Henao et al.,yes,yes,strong,depolarizing,1,"simulations. npjQuantum Information (2023) 9:120 ; https://doi.org/10.1038/s41534-023-00785-7 INTRODUCTION observed that circuits designed to amplify depolarizing noise fail Quantumcomputershavereachedapointwheretheyoutperform to achieve the intended noise scaling, when applied to more even the most powerful classica"
Henao et al. - 2023 - Adaptive quantum error mitigation using pulse-based inverse evolutions.pdf,Henao et al.,yes,yes,strong,depolarizing,4,"itfoldingdoesnotexplicitly U UyU m13. Notably, excluding the trivial case of a global distinguish between noise amplification using powers of KK or I depolarizing channel13, a rig(cid:2)orous(cid:3) description of how noise KK, as both choices reproduce the identity operation in the manifests when executing U UyU m was"
Henao et al. - 2023 - Adaptive quantum error mitigation using pulse-based inverse evolutions.pdf,Henao et al.,yes,yes,strong,depolarizing,10,"NOWLEDGEMENTS puter.Science369,1084–1089(2020). TheauthorsacknowledgetheuseofIBMQuantumservicesforthiswork.Theviews 27. Urbanek, M. et al. Mitigating depolarizing noise on quantum computers with expressedarethoseoftheauthors,anddonotreflecttheofficialpolicyorpositionof noise-estimationcircuits.Phys.Rev.Lett.127,27050"
Henao et al. - 2023 - Adaptive quantum error mitigation using pulse-based inverse evolutions.pdf,Henao et al.,yes,yes,weak,noise-model-mention,1,"acontrolledfactor.The the experiment of ref. 28. Alternatively, it is possible to learn a noiselessexpectationvaluesareestimatedviaextrapolationtothe noise model by taking advantage of circuits that are akin to the zero-noise limit, after fitting a noise scaling ansatz to the targetcircuitbutadmitanefficientcl"
Henao et al. - 2023 - Adaptive quantum error mitigation using pulse-based inverse evolutions.pdf,Henao et al.,yes,yes,weak,error-model-mention,2,"t that Ω (T) is also present in the inverse evolution K 1 I Ising model on five qubits. For unmitigated fidelities as low as allows us to express the error channel as eΩ 1ðTÞ (cid:4)ðK I KÞ 1 2. While 0.85, we show that KIK error mitigation produces final fidelities H I ðtÞ is not the only alternative for genera"
Henao et al. - 2023 - Adaptive quantum error mitigation using pulse-based inverse evolutions.pdf,Henao et al.,yes,yes,weak,noise-parameter,1,"carried out efficiently QEM techniques that maintain the qubit count of the original withinatimescalethatisshorterthanthetimescaleinwhichthe circuit. noise parameters change. A more realistic approach aims for a The objective of QEM is to reduce errors in post-processing, partialcharacterizationofthenoise,usingtoo"
Henao et al. - 2023 - Adaptive quantum error mitigation using pulse-based inverse evolutions.pdf,Henao et al.,yes,yes,weak,noise-parameter,2,"we showexperimentally. The combination ofa cPan write the solution to Eq. (2) as K¼UeΩðTÞ, where ΩðTÞ¼ proper inverse and coefficients adapted to the noise strength 1 n¼1 Ω n ðTÞistheso-calledMagnusexpansion40.ThetimeTisthe allows us to mitigate moderate-to-strong noise and significantly total evolution time and"
Henao et al. - 2023 - Adaptive quantum error mitigation using pulse-based inverse evolutions.pdf,Henao et al.,yes,yes,weak,noise-parameter,4,"oisescaling ansatz. Inthissection,wepresentastrategytoadaptthecoefficientsa m ðMÞ The similarity with respect to the KIK method comes from the to the noise strength, for handling moderate or strong noise. To factt(cid:2)hatth(cid:3)ecircuitsKðK I KÞminEq.(9)arenoisyimplementations thisend, weintroducethequantity"
Henao et al. - 2023 - Adaptive quantum error mitigation using pulse-based inverse evolutions.pdf,Henao et al.,yes,yes,weak,noise-parameter,5,"nd consistently produces better results, and demonstrates the simulations. Note also that all the polynomials converge as λ usefulness of probing the noise strength through the survival tends to 1 but the Taylor polynomial (red curve) substantially probabilityμ.ForMsufficientlylarge,theadaptiveschemeandthe separa"
Henao et al. - 2023 - Adaptive quantum error mitigation using pulse-based inverse evolutions.pdf,Henao et al.,yes,yes,weak,gate-error,8,") 2 v 2 a ) r N y 0 i ð e A ld Þ s : (23) by a sum of local dissipators and one can show that kLðtÞk is m¼0 upper bounded by the summation of all the gate errors in the Thequantityvar0ðAÞisthevarianceobtainedwithoutusingerror circuit. N mitigation.Accordingly, We remark that, in the NISQ era, errors escalate"
Hicks et al. - 2022 - Active readout-error mitigation.pdf,Hicks et al.,yes,yes,strong,depolarizing,3,"ell for Google Sycamore and a variety of IBMQ quantum as the error model for the entangling gates. We confirm computers. this scaling for a symmetric depolarizing noise model via Generalizing our strategy, one may consider encoding analytical results in Sec. III and numerical simulations in circuits for implementing"
Hicks et al. - 2022 - Active readout-error mitigation.pdf,Hicks et al.,yes,yes,strong,depolarizing,4,"zationofactive be understood through a simple error analysis. From readouterrormitigation: protectingasinglequbitviathe a stochastic perspective, the depolarizing channel corre- two-qubitencodingdepictedinFig.1. Sinceeachqubitis sponds to introducing a random two-qubit Pauli error, encoded separately, this represents a"
Hicks et al. - 2022 - Active readout-error mitigation.pdf,Hicks et al.,yes,yes,strong,depolarizing,4,"ting the cnot gate as a but also the number of repetitions required to achieve a desired precision. For the unencoded circuit, the required two-qubit depolarizing noise channel: repetitions is directly proportional to the variance of the (cid:15) measurement outcome distribution (Eq. 2). However, in ρ7→(1−(cid:15))cn"
Hicks et al. - 2022 - Active readout-error mitigation.pdf,Hicks et al.,yes,yes,strong,depolarizing,8,"8 measured rate of depolarizing errors (Fig. 8). Second, we measure the effective error rate after per- forming either error detection or correction. With either 2%1%2% 1%5%1%9%1%3%1%2% s"
Hicks et al. - 2022 - Active readout-error mitigation.pdf,Hicks et al.,yes,yes,strong,depolarizing,14,"ce of this hybrid ap- error detection. While the exact error rates depended on proachvianoisysimulationswiththesamenoisechannels our model of 2-qubit depolarizing noise, we expect these as in main text. We first verify that the total error rate trends to hold for arbitrary noise models. scales as Q eff ∼ q3 with resp"
Hicks et al. - 2022 - Active readout-error mitigation.pdf,Hicks et al.,yes,yes,strong,Pauli-channel,4,"a stochastic perspective, the depolarizing channel corre- two-qubitencodingdepictedinFig.1. Sinceeachqubitis sponds to introducing a random two-qubit Pauli error, encoded separately, this represents an excellent model of eachwithprobability(cid:15)/16. Thereare4errorswhichcould a full quantum circuit, ignoring"
Hicks et al. - 2022 - Active readout-error mitigation.pdf,Hicks et al.,yes,yes,strong,Pauli-channel,13,"rrorchannelsforthe(7,4)code. Referring of correlated errors that flip both of the physical bits, toFig.4,thereareatotalof9cnotgateswhichcoulddi- i.e. Pauli errors of the form XX, XY, YX, or YY [Fig. 11]. rectlyleadtoatwo-qubiterror,whilethereare4gatesfor The (3,1) code with error detection is directly analagou"
Hicks et al. - 2022 - Active readout-error mitigation.pdf,Hicks et al.,yes,yes,strong,phase-damping,11,"Fault-tolerantlogicalgates in the IBM Quantum Experience, Phys. Rev. Lett. 122, 080504 (2019). [29] Z. Chen et al., Exponential suppression of bit or phase flip errors with repetitive error correction (2021), arXiv:2102.06132 [quant-ph]. [30] E. T. Campbell, B. M. Terhal, and C. Vuillot, Roads towards fault-t"
Hicks et al. - 2022 - Active readout-error mitigation.pdf,Hicks et al.,yes,yes,weak,noise-model-mention,3,"e Sycamore and a variety of IBMQ quantum as the error model for the entangling gates. We confirm computers. this scaling for a symmetric depolarizing noise model via Generalizing our strategy, one may consider encoding analytical results in Sec. III and numerical simulations in circuits for implementing arbitr"
Hicks et al. - 2022 - Active readout-error mitigation.pdf,Hicks et al.,yes,yes,weak,error-model-mention,2,"- tributions; for such problems, passive correction methods lytical results and numerical simulations based on simple are fundamentally inapplicable. error models. In Section V, we demonstrate the experi- Activereadouterrormitigationovercomesbothofthese mental performance of our strategy on a superconducting l"
Hicks et al. - 2022 - Active readout-error mitigation.pdf,Hicks et al.,yes,yes,weak,error-model-mention,3,"quantum devices, as depicted in Fig. 2 vs.three-qubit,anderrordetectionvs.correction),aswell for Google Sycamore and a variety of IBMQ quantum as the error model for the entangling gates. We confirm computers. this scaling for a symmetric depolarizing noise model via Generalizing our strategy, one may consider"
Hicks et al. - 2022 - Active readout-error mitigation.pdf,Hicks et al.,yes,yes,weak,error-model-mention,4,"bit-flip channel with Pr(1→0) = q and not only the average bias in the measurment outcome Pr(0→1) = q for all qubits. Finally, we model the dominant error channel affecting the cnot gate as a but also the number of repetitions required to achieve a desired precision. For the unencoded circuit, the required two-"
Hicks et al. - 2022 - Active readout-error mitigation.pdf,Hicks et al.,yes,yes,weak,error-model-mention,4,"In the nominal petition favors the encoding depends quantitatively on case with no encoding, the measurement frequencies are the desired observable, error model, and initial state. given by Second, it is instructive to consider the case of non- m 0 =p+(1−2p)q symmetric readout errors. If we directly generaliz"
Hicks et al. - 2022 - Active readout-error mitigation.pdf,Hicks et al.,yes,yes,weak,error-model-mention,4,", it is instructive to consider the case of non- m 0 =p+(1−2p)q symmetric readout errors. If we directly generalize our (5) scheme to a non-symmetric error channel, Pr(1→0) = m 1 =(1−p)−(1−2p)q q(1 + κ) and Pr(0→1) = q(1 − κ), we find that the where m i = Tr[ρ|iihi|]. For the encoded circuit (bot- normalizedprob"
Hicks et al. - 2022 - Active readout-error mitigation.pdf,Hicks et al.,yes,yes,weak,error-model-mention,5,"ction and detec- tion, we analyze the three-qubit encoding circuit under characterizedbyaneffectiveerrorrate,qcor ≈3((cid:15)/4+q2). eff the previous error model, i.e. symmetric readout errors Notably, the dependence on (cid:15) is enhanced by a factor (Pr(1→0)=Pr(0→1)=q) and two-qubit depolarizing of 3 compar"
Hicks et al. - 2022 - Active readout-error mitigation.pdf,Hicks et al.,yes,yes,weak,error-model-mention,5,"schemes, m 100 ≈ 4 p+pq+(1−3p)q2 error correction is intrinsically robust against asymme- m 101 ≈ (cid:15) (1+p)+(1−p)q−(2−3p)q2 tries in the readout error channels. For example, if the 4 first qubit was subject to an asymmetric readout chan- m 110 ≈ (cid:15) (1−p)+(1−p)q−(2−3p)q2 nel, Pr(1→0) = q(1 + κ) and Pr("
Hicks et al. - 2022 - Active readout-error mitigation.pdf,Hicks et al.,yes,yes,weak,error-model-mention,7,"uring the correct state. This α = 7/8 for the Hamming (7,4) code by counting the generalizes our previous error rate q eff (Eq. 13); indeed, relevant error channels (see Appendix C). Q eff =q eff in the case of a single qubit. We now probe the effects of both readout and gate We begin by simulating the encoded c"
Hicks et al. - 2022 - Active readout-error mitigation.pdf,Hicks et al.,yes,yes,weak,error-model-mention,11,"Babbush, et al., Quantum supremacy using a programmable superconducting pro- cessor, Nature 574, 505–510 (2019). [33] In particular, other two-qubit error models would simply modify the linear prefactor α (e.g. see Table I), which is determined by the relative likelihood of bit-flip errors occurring on both q"
Hicks et al. - 2022 - Active readout-error mitigation.pdf,Hicks et al.,yes,yes,weak,error-model-mention,13,"tychecks outcomes. As we discussed in Section III, the prefactor α to be violated. This can occur in two possible ways. can be derived by summing all error channels that lead First, a two-qubit bit-flip error can occur after any of the to a logical error, weighted by their individual likelihood cnot gates (inclu"
Hicks et al. - 2022 - Active readout-error mitigation.pdf,Hicks et al.,yes,yes,weak,error-model-mention,13,"s to the single-qubit error must occur on the control bit of a falsely identify an error. subsequent cnot gate. We previously identified the relevant error channels for Thisunderstandingallowsustodirectlycountthenum- the (2,1) and (3,1) codes. For the (2,1) code, they consist berofrelevanterrorchannelsforthe(7,4"
Hicks et al. - 2022 - Active readout-error mitigation.pdf,Hicks et al.,yes,yes,weak,gate-error,3,"maining qubits are the againstreadouterrors; nevertheless,theyremainsuscepti- parity bits. For the Hamming (7,4) code we omit the last ble to certain gate errors that occur during the encoding parity bit (q0) and all gates connected to it, i.e. those within circuit. For example, the single cnot gate in the tw"
Hicks et al. - 2022 - Active readout-error mitigation.pdf,Hicks et al.,yes,yes,weak,gate-error,5,"ared with either errors (at rate (cid:15)) following each CNOT gate. the 2-qubit or 3-qubit code. This difference arises from the increased number of gate errors that can lead to We begin by computing the final measurement distri- a falsely corrected output state. For example, a single bution up to order O(qe"
Hicks et al. - 2022 - Active readout-error mitigation.pdf,Hicks et al.,yes,yes,weak,gate-error,5,"plied after each cnot gate (Eq. 4), coding is subject to failure under the same number of and(ii)symmetricreadouterrorsoneachqubitwithrate individual gate errors, as we confirm by direct examina- q. We implement the noisy circuits using the software tionoftheencodingcircuit(seeAppendixC).Incontrast, package C"
Hicks et al. - 2022 - Active readout-error mitigation.pdf,Hicks et al.,yes,yes,weak,gate-error,7,"an exponent (b) determined by the code distance and whether error correction or error detection is performed. (b) Qeff depends linearly on q the cnot gate error rate, (cid:15). The linear prefactors α, defined by Qeff/k=α(cid:15), are summarized in Table I. the parity check matrix:   1 1 0 1 1 0 0 H =1 0 1"
Hicks et al. - 2022 - Active readout-error mitigation.pdf,Hicks et al.,yes,yes,weak,gate-error,7,"it or the associated set of logical qubits. Based on these checks, onecanuniquelydeterminethelocationofasingle bit-flip We next isolate the effect of gate errors by plotting the error or detect the occurence of up to two bit-flip errors error rate as a function of (cid:15) [Fig. 6(b)]. In contrast to (see App"
Hicks et al. - 2022 - Active readout-error mitigation.pdf,Hicks et al.,yes,yes,weak,gate-error,8,"nt two-dimensional grid ing circuits that are robust not only to readout errors, architectures, applying our scheme to all qubits is only but also to gate errors that occur during the encoding well suited to computational tasks performed on a one- circuit. dimensional (or quasi-one-dimensional) subset of qubi"
Hicks et al. - 2022 - Active readout-error mitigation.pdf,Hicks et al.,yes,yes,weak,gate-error,9,"tion / correction, fol- lowed by post-processing the effective output distribution using passive correction techniques. Lastly, in contrast to active gate error correction schemes, active readout error correction is fully com- FIG. 9. The effective readout error for the first (top right patible with near-term"
Hicks et al. - 2022 - Active readout-error mitigation.pdf,Hicks et al.,yes,yes,weak,gate-error,9,"detection schemes, one should choose a specific encoding depending relative size of read- WewouldliketothankMaratFreytsis,MauriceGarcia- out and cnot gate errors, as well as how many ancillary Sciveres, Maxwell Block, Francisco Machado and Jar- qubits are available. If readout errors dominate over gate rod Mc"
Hicks et al. - 2022 - Active readout-error mitigation.pdf,Hicks et al.,yes,yes,weak,gate-error,13,"a(cid:30) bit-flip error occurs on one of the logical bits and all of the parity bits associated with it. As with repetition Appendix C: Analysis of gate errors codes, this situation can only arise through a correlated two-qubit error after the first cnot gate acting on one A key feature of active readout er"
Hicks et al. - 2022 - Active readout-error mitigation.pdf,Hicks et al.,yes,yes,weak,gate-error,13,"theencodingcircuit,i.e.Q eff /k ≈α(cid:15), before theencodingcircuit,makingitclearlyundetectable. when (cid:15),q (cid:28) 1. This is because single gate errors can Ontheotherhand,havingafalselyidentified logicalerror, lead to correlated bit-flip errors in the final measured requiresonlythataspuriouscombinat"
Hicks et al. - 2022 - Active readout-error mitigation.pdf,Hicks et al.,yes,yes,weak,gate-error,14,"p errors can be misidentified as a single bit-flip error. More surprisingly, Appendix D: Hamming (8,4) code the linear susceptibility with respect to gate errors is Q eff /k =α(cid:15) with α=1/4, the same as other codes per- As mentioned in Appendix B, an extended version of forming pure error detection. Whi"
Hicks et al. - 2022 - Active readout-error mitigation.pdf,Hicks et al.,yes,yes,weak,gate-error,14,"sion of forming pure error detection. While this suggest that each Hamming code may be obtained by including an the hybrid approach is more robust to gate errors, a additional parity bit that stores the parity of all logical close inspection of the circuit reveals that all gate errors bits. Thisincreasestheco"
Hicks et al. - 2022 - Active readout-error mitigation.pdf,Hicks et al.,yes,yes,weak,gate-error,14,"pproach is more robust to gate errors, a additional parity bit that stores the parity of all logical close inspection of the circuit reveals that all gate errors bits. Thisincreasesthecodedistancefromd=3tod=4, that plagued the (7,4) code with error correction are not enablingthedetectionofuptothreebit-fliperr"
Hicks et al. - 2022 - Active readout-error mitigation.pdf,Hicks et al.,yes,yes,weak,gate-error,15,"ments for the (8,4) code is equivalent to that of result,manysucherrorsaremisidentifiedassinglebit-flip the (7,4) code with error detection when only gate errors errors and lead to a spurious final state, similar to the are included. Thus, utilizing the (8,4) code with the hy- (7,4) code performing error corr"
Hicks et al. - 2022 - Active readout-error mitigation.pdf,Hicks et al.,yes,yes,weak,gate-error,15,"s always equivalent to utilizing the (7,4) code with error detec- propagate and are flagged as multi-qubit errors which are tion in terms of handling gate errors (as well as readout discarded. errors). Finally, we note that a simpler circuit can, in fact, be q3: 0 utilized to implement the (8,4) code. The rea"
Hicks et al. - 2022 - Active readout-error mitigation.pdf,Hicks et al.,yes,yes,weak,gate-error,15,"me scaling with respect to readout errors as the full q0: 0 circuit. However, the simplified circuit exhibits a worse | i performance with respect to gate errors; in particular, we FIG. 15. Reduced circuit for encoding the Hamming (8,4) find α=3/4. The explanation for this counter-intuitive code."
Hilder et al. - 2022 - Fault-Tolerant Parity Readout on a Shuttling-Based Trapped-Ion Quantum Computer.pdf,Hilder et al.,yes,yes,strong,phase-damping,6,"rsyndromeandflagareshowninFig.6.Theinjected sponding to detection of the error. Y , which corresponds to the simultaneous occurrence of a s bit and a phase flip error, does not commute with the propagationofpotentiallydetrimentalweight-2Zerrorsonto subsequent entangling gates Eq. (5). The three subsequent the"
Hilder et al. - 2022 - Fault-Tolerant Parity Readout on a Shuttling-Based Trapped-Ion Quantum Computer.pdf,Hilder et al.,yes,yes,strong,phase-damping,14,"andM.A.Martin-Delgado,TopologicalQuan- Dunsworth, D. Sanketal.,Exponential Suppressionof Bit tum Distillation, Phys. Rev. Lett. 97, 180501 (2006). or Phase Flip Errors with Repetitive Error Correction, [48] D. Gottesman, Stabilizer Codes and Quantum Error arXiv:2102.06132. Correction, Ph.D. thesis, Caltech, 1"
Hilder et al. - 2022 - Fault-Tolerant Parity Readout on a Shuttling-Based Trapped-Ion Quantum Computer.pdf,Hilder et al.,yes,yes,weak,error-model-mention,7,". This conclusion is further supported by thermometry logical qubits. As corroborated by a series of theory on the transverse modes and a microscopic error model studies[17,86,87],theseeffortswilleventuallyallowone detailed in Appendix C4, leading to estimated error con- tributions ϵ≪1%. to operate logical qub"
Hilder et al. - 2022 - Fault-Tolerant Parity Readout on a Shuttling-Based Trapped-Ion Quantum Computer.pdf,Hilder et al.,yes,yes,weak,error-model-mention,13,"excitation of the gate-mediating mode is quantitatively Information(WorldScientificPublishingCompany,Singa- similar to a spectator mode.Extendingthe error model for pore, 1996), p. 213. the influence of four transverse modes, each characterized [12] D.P. DiVincenzo and P.W. Shor, Fault-Tolerant Error by a mea"
Hilder et al. - 2022 - Fault-Tolerant Parity Readout on a Shuttling-Based Trapped-Ion Quantum Computer.pdf,Hilder et al.,yes,yes,weak,gate-error,12,"the LIZ segment. thisoperation,precisecalibrationoftheprocessparametersis required.Mostimportantly,therateofchangeoftheharmonic 4. Shuttling-induced gate errors confinementparameter at the transition point between axial confinement and anticonfinement needs to be sufficiently InSec.IIIC,westatethatshuttling-"
Hilder et al. - 2022 - Fault-Tolerant Parity Readout on a Shuttling-Based Trapped-Ion Quantum Computer.pdf,Hilder et al.,yes,yes,weak,gate-error,13,"FAULT-TOLERANT PARITY READOUT ON A SHUTTLING- … PHYS. REV. X 12, 011032 (2022) Gate errors arising from an excited spectator mode can [9] A.D. Córcoles, E. Magesan, S.J. Srinivasan, A.W. Cross, be accounted for by considering that for incr"
Hirasaki et al. - 2023 - Detection of temporal fluctuation in superconducting qubits for quantum error mitigation.pdf,Saki et al.,partial,no,none,,,
Hour et al. - 2024 - Improving Zero-noise Extrapolation for Quantum-gate Error Mitigation using a Noise-aware Folding Met.pdf,Hour et al.,yes,yes,strong,depolarizing,21,"quantum processor. arXiv preprint arXiv:2010.00215 (2020) [19] Urbanek, M., Nachman, B., Pascuzzi, V.R., He, A., Bauer, C.W., Jong, W.A.: Mitigating depolarizing noise on quantum computers with noise-estimation circuits. Physical review letters 127(27), 270502 (2021) [20] Ware,M.,Ribeill,G.,Riste,D.,Ryan,C.A.,Johnso"
Hour et al. - 2024 - Improving Zero-noise Extrapolation for Quantum-gate Error Mitigation using a Noise-aware Folding Met.pdf,Hour et al.,yes,yes,weak,noise-model-mention,2,"domly as a block of unitary gates and replicates the entire block with U (cid:0) U†U (cid:1) . This method requires no knowledge of the QC underlying noise model. Although these scaling methods effectively amplify noise in the original input quantum program, they neglect the sources of error imbalance within t"
Hour et al. - 2024 - Improving Zero-noise Extrapolation for Quantum-gate Error Mitigation using a Noise-aware Folding Met.pdf,Hour et al.,yes,yes,weak,noise-model-mention,8,"rs can impede the convergence of the extrapolation model toward a zero-noise state effectively. To address these problems, we propose to leverage the noise model of the target hardwaretoscalethenoiseusinganoise-awarefoldingmethodinZNEforthequantum circuit. Our approach regards λ not solely as a gate-count scal"
Hour et al. - 2024 - Improving Zero-noise Extrapolation for Quantum-gate Error Mitigation using a Noise-aware Folding Met.pdf,Hour et al.,yes,yes,weak,noise-model-mention,11,"ed noise-aware folding method can be expanded to accommodate all gate types, assuming sufficient error rate calibration data are available within the noise model. 4 Evaluation This section compares the results of our noise-aware folding method with those of otherextrapolationmodels,includingtheexistingmethodre"
Hour et al. - 2024 - Improving Zero-noise Extrapolation for Quantum-gate Error Mitigation using a Noise-aware Folding Met.pdf,Hour et al.,yes,yes,weak,noise-model-mention,13,ted ZNE: From Left Folding eulaV noitatcepxE 1.0 0.8 0.6 0.4 0.2 2 3 4 5 6 7 8 9 101112131415161718192021222324252627 Number of Qubits (a) ibm mumbai noise model result. eulaV noitatcepxE 1.0 0.9 0.8 0.7 0.6 0.5 0.4 0.3 2 3 4 5 6 7 8 9 101112131415161718192021222324252627 Number of Qubits (b) ibm cairo noise m
Hour et al. - 2024 - Improving Zero-noise Extrapolation for Quantum-gate Error Mitigation using a Noise-aware Folding Met.pdf,Hour et al.,yes,yes,weak,noise-model-mention,13,e model result. eulaV noitatcepxE 1.0 0.9 0.8 0.7 0.6 0.5 0.4 0.3 2 3 4 5 6 7 8 9 101112131415161718192021222324252627 Number of Qubits (b) ibm cairo noise model result. Fig. 4: Comparison of expectation values (vertical axis) obtained through using ZNE linear fit model with different folding methods on a quan
Hour et al. - 2024 - Improving Zero-noise Extrapolation for Quantum-gate Error Mitigation using a Noise-aware Folding Met.pdf,Hour et al.,yes,yes,weak,noise-model-mention,13,"(vertical axis) obtained through using ZNE linear fit model with different folding methods on a quantum computer simulator, each with its respective noise model. (a) and (b) show results using noise models from ibm mumbai and ibm cairo, respectively. The evaluation involves three folding methods:foldfromleft,"
Hour et al. - 2024 - Improving Zero-noise Extrapolation for Quantum-gate Error Mitigation using a Noise-aware Folding Met.pdf,Hour et al.,yes,yes,weak,noise-model-mention,13,"ng factor λ of [1,1.5,2,2.5] was utilized for each folding method at every qubit count. The ‘Exact Simulation’ represents results without any applied noise model, while the ‘unmitigated’resultsshowcasethecircuitexecutionusinganoisemodelwithouterror mitigation. Each result is represented by a distinct symbol an"
Hour et al. - 2024 - Improving Zero-noise Extrapolation for Quantum-gate Error Mitigation using a Noise-aware Folding Met.pdf,Hour et al.,yes,yes,weak,noise-model-mention,14,"(λ) Fig. 5: Comparison of the expectation value using different folding methods on a Bernstein-Vazirani (BV) [35] circuit with 14-qubit on ibm cairo noise model simula- tion.Thescalefactorshowsthedropinexpectationvalueindifferentfoldingmethods asthecircuitgetsnosier,whileλ=0istheextrapolatedexpectationvaluewh"
Hour et al. - 2024 - Improving Zero-noise Extrapolation for Quantum-gate Error Mitigation using a Noise-aware Folding Met.pdf,Hour et al.,yes,yes,weak,noise-model-mention,14,"increasing qubit counts. Applying the unmitigated, fold from left, random folding, and noise-aware folding to the benchmark circuit in the ibm mumbai noise model, the expectation valuesrespectivelydecreasedfrom0.943,0.952,0.949,and0.959inthe2-qubitcircuits to 0.237, 0.292, 0.279, and 0.318 in the 27-qubit circ"
Hour et al. - 2024 - Improving Zero-noise Extrapolation for Quantum-gate Error Mitigation using a Noise-aware Folding Met.pdf,Hour et al.,yes,yes,weak,noise-model-mention,14,"ing the unmitigated method)werehighintheibm caironoisemodelthanintheibm mumbai (c.f.Figure4a and 4b). This discrepancy arises from differences in the noise model parameters. Specifically,ibm mumbai yieldsasignificantlyhighererrorratethantheothermodels. Figure 5 presents the experimental results of a 14-qubit B"
Hour et al. - 2024 - Improving Zero-noise Extrapolation for Quantum-gate Error Mitigation using a Noise-aware Folding Met.pdf,Hour et al.,yes,yes,weak,noise-model-mention,14,"as retired ibmq mumbai; however, we captured its noisemodelatexactsametimethatweperformedtheexperiment.Youcanfinddetails regarding its properties and noise model in the appendix. The results, which mirror thoseofFigure4,were averagedover fiveexecutionsofeachfoldingmethod.Notably, 14"
Hour et al. - 2024 - Improving Zero-noise Extrapolation for Quantum-gate Error Mitigation using a Noise-aware Folding Met.pdf,Hour et al.,yes,yes,weak,noise-model-mention,15,"ters to simulations, the overall results drop significantly with increasing qubit counts on real quantum computers. This disparity arises because the noise model cannot fully represent all noise sources in real quantum computers during simulations making the results on real quantum computers less reliable. Whe"
Hour et al. - 2024 - Improving Zero-noise Extrapolation for Quantum-gate Error Mitigation using a Noise-aware Folding Met.pdf,Hour et al.,yes,yes,weak,noise-model-mention,19,03;25 26:4.25E-03;25 24:5.22E-03 26 1.41E-02 1.90E-02 9.20E-03 3512.888889 1.65E-04 1.65E-04 1.65E-04 26 25:4.25E-03 Table A2: Extended ibmq mumber’s noise model including full detail of the gate error rate captured on 26-March-2024 from IBM. 19
Hour et al. - 2024 - Improving Zero-noise Extrapolation for Quantum-gate Error Mitigation using a Noise-aware Folding Met.pdf,Hour et al.,yes,yes,weak,noise-parameter,2,"andextensivelydemonstratedinvariousappli- cations involving systems of up to 127 qubits [27, 28]. In ZNE, a quantum program is amplified to different noise levels through gate or pulse-level stretching, which intentionally increases the program’s noise. Subsequently, the amplified results are extrapolated to e"
Hour et al. - 2024 - Improving Zero-noise Extrapolation for Quantum-gate Error Mitigation using a Noise-aware Folding Met.pdf,Hour et al.,yes,yes,weak,noise-parameter,3,"listic Error Cancellation (PEC). Both techniques aim to enhance the quality of short-depth quantum circuits and rely on the assumption that a certain noise parameter, combined with system size and circuit depth, can be treated as a small number. In terms of noise tolerance, PEC is more robust than ZNE, but it also"
Hour et al. - 2024 - Improving Zero-noise Extrapolation for Quantum-gate Error Mitigation using a Noise-aware Folding Met.pdf,Hour et al.,yes,yes,weak,noise-parameter,8,"ive compilation proposed by Murali et al. [33], which favors qubits with high resilience. This method maps logical qubits to physical qubits with low noise levels and minimal distance, thus reducing the SWAP gate requirements. Employing our noise-aware folding algorithm, we then effectively scale the approxima"
Hour et al. - 2024 - Improving Zero-noise Extrapolation for Quantum-gate Error Mitigation using a Noise-aware Folding Met.pdf,Hour et al.,yes,yes,weak,noise-parameter,16,"error accumulation, such as those used in quantum simulations or machine learning applications. As advancements in quantum computer technology reduce noise levels, making error mitigation strategies more effective, this potential becomes even more viable. With lower noise levels, QEM techniques can provide a g"
Hour et al. - 2024 - Improving Zero-noise Extrapolation for Quantum-gate Error Mitigation using a Noise-aware Folding Met.pdf,Hour et al.,yes,yes,weak,noise-parameter,16,"antum computer technology reduce noise levels, making error mitigation strategies more effective, this potential becomes even more viable. With lower noise levels, QEM techniques can provide a greater reduction in error rates, further enhancing the performance of the hybrid approach. 6 Conclusion We proposed a"
Hour et al. - 2024 - Improving Zero-noise Extrapolation for Quantum-gate Error Mitigation using a Noise-aware Folding Met.pdf,Hour et al.,yes,yes,weak,gate-error,1,"Improving Zero-noise Extrapolation for Quantum-gate Error Mitigation using a Noise-aware Folding Method Leanghok Hour1, Myeongseong Go1, Youngsun Han1* 1Department of AI Convergence, Pukyong National Univers"
Hour et al. - 2024 - Improving Zero-noise Extrapolation for Quantum-gate Error Mitigation using a Noise-aware Folding Met.pdf,Hour et al.,yes,yes,weak,gate-error,3,"chcomprehensivelyanalyzesthecalibrationdatanoisemodel,strategically adjusts the scaling factor for each gate operation, balancing the distribution of gate error rates across all logical qubits. Addressing the error source imbalances mitigates bias-inducederrors,therebyenhancingtheaccuracyofZNEextrapolatedresu"
Hour et al. - 2024 - Improving Zero-noise Extrapolation for Quantum-gate Error Mitigation using a Noise-aware Folding Met.pdf,Hour et al.,yes,yes,weak,gate-error,11,"n is detailed in the algorithm 1 line 6-9. Usingϵ atanyλ,ournoise-awarefoldingmechanismappliestheunitaryfolding max using Equation 9 until the folded gate error accumulation reaches close or equal to ϵ , as detailed in algorithm 1 line 13-17. max This approach is noise-aware and significantly differs from pre"
Hour et al. - 2024 - Improving Zero-noise Extrapolation for Quantum-gate Error Mitigation using a Noise-aware Folding Met.pdf,Hour et al.,yes,yes,weak,gate-error,19,-02 1.90E-02 9.20E-03 3512.888889 1.65E-04 1.65E-04 1.65E-04 26 25:4.25E-03 Table A2: Extended ibmq mumber’s noise model including full detail of the gate error rate captured on 26-March-2024 from IBM. 19
Hour et al. - 2024 - Improving Zero-noise Extrapolation for Quantum-gate Error Mitigation using a Noise-aware Folding Met.pdf,Hour et al.,yes,yes,weak,gate-error,22,"-gate-errormitigation.Physical Review A 105(4), 042406 (2022) [32] He, A., Nachman, B., Jong, W.A., Bauer, C.W.: Zero-noise extrapolation for quantum-gate error mitigation with identity insertions. Physical Review A 102(1), 012426 (2020) [33] Murali, P., Baker, J.M., Javadi-Abhari, A., Chong, F.T., Martonosi,"
"Huang et al. - 2023 - Near-Term Quantum Computing Techniques Variational Quantum Algorithms, Error Mitigation, Circuit Co.pdf",Huang et al.,yes,yes,strong,Pauli-channel,10,"nstructionforPaulinoise. Cycleerrorre- construction (CER) is an efficient approach to identify the Wenowintroducethedata-drivenapproachesforerrormit- Pauli noise in circuits [276, 277]. It utilizes Cycle Bench- igation, including zero noise extrapolation (ZNE) and error marking[278]tocharacterizethePaulinoisec"
"Huang et al. - 2023 - Near-Term Quantum Computing Techniques Variational Quantum Algorithms, Error Mitigation, Circuit Co.pdf",Huang et al.,yes,yes,strong,Pauli-channel,10,e extrapolation (ZNE) and error marking[278]tocharacterizethePaulinoisechannelandex- mitigationwithlearningprocesssuchasClifforddataregres- tract the Pauli error rates after post-processing. The imple- sion(CDR).Thesemethodsutilizedifferenttypesofdatafrom mentation of PEC with CER has been shown on a 4-qubit c
"Huang et al. - 2023 - Near-Term Quantum Computing Techniques Variational Quantum Algorithms, Error Mitigation, Circuit Co.pdf",Huang et al.,yes,yes,strong,Pauli-channel,10,"n of PEC with CER has been shown on a 4-qubit circuits with various error rates (e.g., ZNE), or from near- superconducting processor [279]. Under the Pauli noise as- Clifford circuits under similar circuit structure (e.g., CDR), sumption,thequasi-probabilitydecompositioncanbefurther andtheycanbenaturallycombin"
"Huang et al. - 2023 - Near-Term Quantum Computing Techniques Variational Quantum Algorithms, Error Mitigation, Circuit Co.pdf",Huang et al.,yes,yes,strong,Pauli-channel,12,"secondorderofγ andζ. chosen Pauli gates before and after the Clifford two-qubit gates,arbitrarynoisechannelcanbeconvertedintoaneffec- tive stochastic Pauli channel [276, 277]. Then we can use 3. Errormitigationwithlearningprocess additional Pauli gates to tune the practical error rate to any targetvalue[263],but"
"Huang et al. - 2023 - Near-Term Quantum Computing Techniques Variational Quantum Algorithms, Error Mitigation, Circuit Co.pdf",Huang et al.,yes,yes,strong,Pauli-channel,12,"the practical error rate to any targetvalue[263],butitrequiresthefullknowledgeoftheex- Instead of using the exact knowledge of the noise channel act Paulinoise channel. We canalso combine efficient Pauli (suchasPEC)ortheexpectationvaluesatdifferenterrorrates errorreconstructionmethodssuchasCycleErrorReconstr"
"Huang et al. - 2023 - Near-Term Quantum Computing Techniques Variational Quantum Algorithms, Error Mitigation, Circuit Co.pdf",Huang et al.,yes,yes,strong,Pauli-channel,17,"adformitigation. Randomizedcompiling(RC)[276,277]isdesignedtotai- Wecancombinethepost-processingapproacheswithQSE lor coherent errors into stochastic Pauli errors, and we can to further improve the efficiency of mitigation, which called combineRCtechniqueswithotherQEMschemes[280,291, s-QSE[340]. IfwechooseΠˆ s"
"Huang et al. - 2023 - Near-Term Quantum Computing Techniques Variational Quantum Algorithms, Error Mitigation, Circuit Co.pdf",Huang et al.,yes,yes,strong,Pauli-Lindblad,10,"ucture (e.g., CDR), sumption,thequasi-probabilitydecompositioncanbefurther andtheycanbenaturallycombinedwitheachothertobetter simplified using sparse Pauli-Lindblad models [280]. The utilizedataresources[282,283]. sparsePaulinoisemodelconsidersPaulioperatorswithonly one or two non-trivial terms, but is sufficient"
"Huang et al. - 2023 - Near-Term Quantum Computing Techniques Variational Quantum Algorithms, Error Mitigation, Circuit Co.pdf",Huang et al.,yes,yes,strong,stochastic-noise,9,"allywiththesizeofthesystemN PEC q overall gate error εN if we assume Q = 1 + O(ε) for and is quite costly. If only specific types of noise are con- n stochastic noise process [141]. This sets limitations on the sidered,therearesomemoreefficientcharacterizationproto-"
"Huang et al. - 2023 - Near-Term Quantum Computing Techniques Variational Quantum Algorithms, Error Mitigation, Circuit Co.pdf",Huang et al.,yes,yes,strong,stochastic-noise,12,"seriestothesecondorderofγ andζ. chosen Pauli gates before and after the Clifford two-qubit gates,arbitrarynoisechannelcanbeconvertedintoaneffec- tive stochastic Pauli channel [276, 277]. Then we can use 3. Errormitigationwithlearningprocess additional Pauli gates to tune the practical error rate to any targetvalue["
"Huang et al. - 2023 - Near-Term Quantum Computing Techniques Variational Quantum Algorithms, Error Mitigation, Circuit Co.pdf",Huang et al.,yes,yes,strong,stochastic-noise,17,"plingoverheadformitigation. Randomizedcompiling(RC)[276,277]isdesignedtotai- Wecancombinethepost-processingapproacheswithQSE lor coherent errors into stochastic Pauli errors, and we can to further improve the efficiency of mitigation, which called combineRCtechniqueswithotherQEMschemes[280,291, s-QSE[340]. Ifwechoo"
"Huang et al. - 2023 - Near-Term Quantum Computing Techniques Variational Quantum Algorithms, Error Mitigation, Circuit Co.pdf",Huang et al.,yes,yes,strong,tensor-product-noise,14,"in the tion of measurements, many scalable approaches [308, 314– calibrationprocedure. 316] have been proposed to simplify the response matrix model. Tensor Product Noise (TPN) model. The simplest model 2. QuantumnoisemodelforMEM assumes that the noise acts independently on each qubit and is called the Tensor Product N"
"Huang et al. - 2023 - Near-Term Quantum Computing Techniques Variational Quantum Algorithms, Error Mitigation, Circuit Co.pdf",Huang et al.,yes,yes,strong,tensor-product-noise,14,"or Product Noise (TPN) model. The simplest model 2. QuantumnoisemodelforMEM assumes that the noise acts independently on each qubit and is called the Tensor Product Noise (TPN) model [308, 317, Almost all of the readout mitigation approaches discussed 318]. Aftersuchasimplification,theresponsematrixcanbe above are appl"
"Huang et al. - 2023 - Near-Term Quantum Computing Techniques Variational Quantum Algorithms, Error Mitigation, Circuit Co.pdf",Huang et al.,yes,yes,strong,local-noise,11,"ntial Extrapolation. The error rate ε used in logically equivalent to the original circuit but the error rate Richardson extrapolation quantifies the local noise strength, is amplified by a factor 2n + 1 as the circuit depth in- but in the context of NISQ error mitigation, it is more nat- creases. There are ma"
"Huang et al. - 2023 - Near-Term Quantum Computing Techniques Variational Quantum Algorithms, Error Mitigation, Circuit Co.pdf",Huang et al.,yes,yes,weak,noise-model-mention,13,"n further improved by more efficient training set construction methodsandbyapplyingsymmetriesincertainquantumsys- Under the assumption of a classical noise model, MEM is tems[305]. usuallyappliedviaclassicalpost-processing,wheremeasure- Learning-based probabilistic error cancellation [298] menterrorismodeledby"
"Huang et al. - 2023 - Near-Term Quantum Computing Techniques Variational Quantum Algorithms, Error Mitigation, Circuit Co.pdf",Huang et al.,yes,yes,weak,noise-model-mention,14,"by an exponential factor without making est Λ−1p(cid:126) may be unphysical due to the negative terms of any specific assumptions about the classical noise model for noisy the vector p(cid:126) . Moreover, the statistical uncertainties in the MEM.ItappliesPauliXˆ gatesontherandomlychosenqubits est response mat"
"Huang et al. - 2023 - Near-Term Quantum Computing Techniques Variational Quantum Algorithms, Error Mitigation, Circuit Co.pdf",Huang et al.,yes,yes,weak,noise-model-mention,14,"Almost all of the readout mitigation approaches discussed 318]. Aftersuchasimplification,theresponsematrixcanbe above are applied under the classical noise model assump- described in terms of the tensor product of N q single-qubit tion. However,quantummeasurementsinevitablysufferfrom responsematrixas the quant"
"Huang et al. - 2023 - Near-Term Quantum Computing Techniques Variational Quantum Algorithms, Error Mitigation, Circuit Co.pdf",Huang et al.,yes,yes,weak,noise-model-mention,14,"ti-qubit readout error correlations thoseMEMmethodsmentionedabovetodealwiththeclassi- areneglected. calnoise. Continuous Time Markov Processes (CPTP) noise model. Bravyietal.[308]haveextendedtheTPNmodeltotheCTMP noisemodel,whichtakesthecorrelatederrorsintoaccount. It 3. MEMcombinedwithothertechniques definesam"
"Huang et al. - 2023 - Near-Term Quantum Computing Techniques Variational Quantum Algorithms, Error Mitigation, Circuit Co.pdf",Huang et al.,yes,yes,weak,error-model-mention,13,"13 ansatzcomesfromclassicallysimulablequantumcircuits,or do not rely on the exact error model of the multi-qubit Clif- measurementresultsfromrelevantquantumcircuits. fordgates. Forpracticalreasons,sincethespacesofRandP Clifford data regression"
"Huang et al. - 2023 - Near-Term Quantum Computing Techniques Variational Quantum Algorithms, Error Mitigation, Circuit Co.pdf",Huang et al.,yes,yes,weak,noise-parameter,10,"ad operator corresponding to the decoherent coupling ordertoevaluatetheerror-freeexpectationvalue(cid:104)O(cid:105)(0), we with the environment with noise strength λ. We denote the choose a set of error rates {λ 0 ε,...,λ n ε} with n+1 differ- ideal and noisy process by E I and E N respectively. Given a ent coef"
"Huang et al. - 2023 - Near-Term Quantum Computing Techniques Variational Quantum Algorithms, Error Mitigation, Circuit Co.pdf",Huang et al.,yes,yes,weak,noise-parameter,11,"Extrapolation. The error rate ε used in logically equivalent to the original circuit but the error rate Richardson extrapolation quantifies the local noise strength, is amplified by a factor 2n + 1 as the circuit depth in- but in the context of NISQ error mitigation, it is more nat- creases. There are many varian"
"Huang et al. - 2023 - Near-Term Quantum Computing Techniques Variational Quantum Algorithms, Error Mitigation, Circuit Co.pdf",Huang et al.,yes,yes,weak,noise-parameter,12,"equiretheexactform the measurement results and the other axes describe the ef- ofthenoisechannel,andtherearesomeapproachesthatuti- fect of difference noise parameters. The least square fitting lizethespecificstructureofcertainnoisemodels. Parameter methodhasbeenexperimentallydemonstratedonRigetti’s8- noise scaling"
"Huang et al. - 2023 - Near-Term Quantum Computing Techniques Variational Quantum Algorithms, Error Mitigation, Circuit Co.pdf",Huang et al.,yes,yes,weak,noise-parameter,12,"] is designed for the pulse error caused by qubitquantumprocessor[296]. imperfectcontrolorfiniteprecisionofthephysicalparameters Considering only one noise parameter ε with k different intheparametricquantumgates. Consideringaquantumgate noiselevelε ,ε ,...,ε ,thepolynomialmodeluptonorder 1 2 k G(θ(cid:126)) = exp"
"Huang et al. - 2023 - Near-Term Quantum Computing Techniques Variational Quantum Algorithms, Error Mitigation, Circuit Co.pdf",Huang et al.,yes,yes,weak,noise-parameter,12,"oisebyafactorλ>1using j expectationvalueoftheobservable. Thenwecanextendtheconsiderationofonenoiseparam- θre =θ +δˆ , (28) j j j eter to the multiple noise parameters. Take the spontaneous heretheδˆ issampledfromazero-meanGaussiandistribution emission rate γ and the pure dephasing rate ζ for example, j with varian"
"Huang et al. - 2023 - Near-Term Quantum Computing Techniques Variational Quantum Algorithms, Error Mitigation, Circuit Co.pdf",Huang et al.,yes,yes,weak,gate-error,9,"of samples required for its recon- E overheadΥ forPEC,whichgrowsexponentiallywiththe structiongrowsexponentiallywiththesizeofthesystemN PEC q overall gate error εN if we assume Q = 1 + O(ε) for and is quite costly. If only specific types of noise are con- n stochastic noise process [141]. This sets limitation"
"Huang et al. - 2023 - Near-Term Quantum Computing Techniques Variational Quantum Algorithms, Error Mitigation, Circuit Co.pdf",Huang et al.,yes,yes,weak,gate-error,17,"combineRCtechniqueswithotherQEMschemes[280,291, s-QSE[340]. IfwechooseΠˆ s = I+ 2 sSˆ ,wewillhave 301]. Tr(Oρ)+sTr(OΠˆ ρ) When the two-qubit Clifford gate errors dominant over (cid:104)O(cid:105) = s . (54) other types of error, we can mitigate the coherent error in em 1+sTr(Πˆ ρ) s the two-qubit gates using"
Jin et al. - 2025 - Noisy probabilistic error cancellation and generalized physical implementability.pdf,Jin et al.,partial,yes,strong,Pauli-channel,2,"shold phenomenon6. Nevertheless, the noisy implementation of the cancellationwillalsoleadtoadditionalbias. where P i are called noisy basis. With the Pauli-twirling technique, we Inthispaper,weinvestigatethenoisycancellationoftheerrorchannel. considertheerrormodelasthePaulidiagonalerror,andthenoisybasisP i Weg"
Jin et al. - 2025 - Noisy probabilistic error cancellation and generalized physical implementability.pdf,Jin et al.,partial,yes,strong,Pauli-channel,3,"havemorecost ΘðQÞthusisthequasiprobabilitydecompositionwithrespecttothenoisy than the first way21, since the sub-multiplicity of the implementability PaulichannelsK i withq iinEq.(13).Inconclusion,withthematrixΘ ij function (see Methods). For the formalism simplicity, however, we only measuredfromthenoisyPaulib"
Jin et al. - 2025 - Noisy probabilistic error cancellation and generalized physical implementability.pdf,Jin et al.,partial,yes,strong,Pauli-channel,7,"with the Pauli diagonal error E N ðρÞ¼logp T BðQÞðABÞ ðρÞ ð53Þ model,itcanberandomlycompiledintothePaulidiagonalerrormodelby using the well-performed Pauli twirling technique. However, when the onthefreesetT B ðQÞðABÞofpartialtransposeofquantumstates,sincethe numberNofshotsforPaulitwirlingisnotsufficientlylarg"
Jin et al. - 2025 - Noisy probabilistic error cancellation and generalized physical implementability.pdf,Jin et al.,partial,yes,strong,Pauli-Lindblad,3,el1 ð 7 1 .T þ he e(cid:1) in 2 v λ i e Þ r = s 2 e . o T p h e i r s at e io rr n or of m th o e de e l rr i o s r c c a h ll a e n d n t e h l e is Pauli-Lindblad optimalcancellationofamixed-unitarychannelwithidealCPTPchannels (cid:4) (cid:5) p m is o o s t d i h t i i e fi o e n d d e w c P i o t E h m C r p e
Jin et al. - 2025 - Noisy probabilistic error cancellation and generalized physical implementability.pdf,Jin et al.,partial,yes,weak,error-model-mention,1,"ciple, with the well-performed randomized astheaffinecombinationofquantumchannels,theinverseoperationE(cid:1)1 compiling and sufficient estimation of error model, the PEC method is canbe simulatedbythe quasiprobability mixture, of which theabsolute believedtobefreeofbias6.However,inpractice,thePECmethodwillnot"
Jin et al. - 2025 - Noisy probabilistic error cancellation and generalized physical implementability.pdf,Jin et al.,partial,yes,weak,error-model-mention,8,"f o f u a n il d in s g o u f n th d e er b fi ia n s it o e f m th e e a n su o r i e sy m c e a n n ts - pðNÞ¼m F in i jx i j<1: ð67Þ cellation of error channel without canceling the noise on Pauli gates. It shows that to mitigate the error channels in circuits with many layers, Hereafter,weassumethatthefrees"
Jin et al. - 2025 - Noisy probabilistic error cancellation and generalized physical implementability.pdf,Jin et al.,partial,yes,weak,error-model-mention,8,"sy m c e a n n ts - pðNÞ¼m F in i jx i j<1: ð67Þ cellation of error channel without canceling the noise on Pauli gates. It shows that to mitigate the error channels in circuits with many layers, Hereafter,weassumethatthefreesetF isaboundedclosedconvexset. cancelingthetotalerrordirectlyhasbetterperformancethancan"
Jnane et al. - 2024 - Quantum Error Mitigated Classical Shadows.pdf,Jnane et al.,yes,yes,strong,Pauli-channel,18,"]applyPaulitwirling viaprobabilitiesdefinedbyγ. toguaranteethatthenoisemodeliswellapproximatedbya We additionally note that, while we found the coef- Paulichannel—whichcanbelearnedecffi iently[ 47]—we ficients γ analytically, they can also conveniently be assume Pauli noise models. In particular, we assume that"
Jnane et al. - 2024 - Quantum Error Mitigated Classical Shadows.pdf,Jnane et al.,yes,yes,strong,Pauli-channel,18,"note that, while we found the coef- Paulichannel—whichcanbelearnedecffi iently[ 47]—we ficients γ analytically, they can also conveniently be assume Pauli noise models. In particular, we assume that computed numerically at the preprocessing stage. The two-qubit gates are the dominant source of noise and numer"
Jnane et al. - 2024 - Quantum Error Mitigated Classical Shadows.pdf,Jnane et al.,yes,yes,strong,Pauli-channel,18,"essing stage. The two-qubit gates are the dominant source of noise and numerical inversion is ecffi ient given noise models are they are aeff cted by Pauli errors with possibly dieff rent local, while state-of-the-art noise-model learning tech- probabilitiesforeachgateasp . k niques achieve trivial inversion v"
Jnane et al. - 2024 - Quantum Error Mitigated Classical Shadows.pdf,Jnane et al.,yes,yes,strong,Pauli-channel,19,"jamin, S. Endo, W. J. Hug- tions for extrapolation-based error mitigation, we assume gins, Y. Li, J. R. McClean, and T. E. O’Brien, Quantum the above Pauli noise with an asymmetry parameter of errormitigation,ArXiv:2210.00921(2022). η = 1,eeff ctivelyalocaldepolarizingnoisewithaprob- [14] A.Kandala,K.Temme,A.D"
Jnane et al. - 2024 - Quantum Error Mitigated Classical Shadows.pdf,Jnane et al.,yes,yes,strong,Pauli-Lindblad,18,"ith possibly dieff rent local, while state-of-the-art noise-model learning tech- probabilitiesforeachgateasp . k niques achieve trivial inversion via Pauli-Lindblad chan- nels even for nonlocal (but sparse) models [47]. Indeed, 1.DetailsofFig.3 thepresentnoisechannelcapturesdominanttermsinthese experimentallylear"
Jnane et al. - 2024 - Quantum Error Mitigated Classical Shadows.pdf,Jnane et al.,yes,yes,strong,local-noise,17,"shadow is then a collection Tr[OU(ρ )]whereU istheidealgate. in ofN measurementoutcomesb∈{0,1}N andcorrespond- In general, for general circuits with local noise models s ing single-qubit Pauli measurement basis defined by the wecanredefinethesignsandnormsinEq.(4)suchthatif single-qubit rotations Q k ∈Q. Since"
Jnane et al. - 2024 - Quantum Error Mitigated Classical Shadows.pdf,Jnane et al.,yes,yes,weak,error-model-mention,2,"red fruit- catemostattentiontoPECshadowsforwhichweestablish ful connections between quantum error mitigation and a comprehensive theory: assuming the error model of the classical shadows. First, Refs. [24,25] use classical shad- quantum gates has been appropriately learned, we rigor- ows obtained from a noisy"
Jnane et al. - 2024 - Quantum Error Mitigated Classical Shadows.pdf,Jnane et al.,yes,yes,weak,error-model-mention,4,h by considering a c(cid:8)ombination of noisy physical gate operations G k as U = γ G . Negative quasiprobabilities γ <0 are required simple readout-error model where entries in the bitstring k k k k to formally implement the inverse of a noise channel. b undergo random and independent bit flips (ith bit is f
Jnane et al. - 2024 - Quantum Error Mitigated Classical Shadows.pdf,Jnane et al.,yes,yes,weak,error-model-mention,4,"| on the ith qubit are replaced e(cid:8)xpected values as a linear combination of noisy ones as γ Tr[OG |0(cid:4)(cid:5)0|]. according to the readout error model, in the present case k k k by (1−α+)|0(cid:4)(cid:5)0|+α−|1(cid:4)(cid:5)1| and by α+|0(cid:4)(cid:5)0|+(1− Let us first give an overview of ecffi ie"
Jnane et al. - 2024 - Quantum Error Mitigated Classical Shadows.pdf,Jnane et al.,yes,yes,weak,error-model-mention,4,"r, while Indeed a considerable experimental challenge is posed we demonstrate in numerical simulations that it is indeed by the possible drift of the error models over time which straightforward to combine measurement-error mitigation may necessitate the repetition of the learning procedure techniqueswiththepr"
Jnane et al. - 2024 - Quantum Error Mitigated Classical Shadows.pdf,Jnane et al.,yes,yes,weak,error-model-mention,6,"dictthenonlinearprop- norm, which becomes 3q(1−2α)−2q when considering a ertyscalesasN ∈O(||g||2m/(cid:8)2)foradesiredaccuracy(cid:8). simple readout-error model with probability at most α. s 1 RefertoAppendixB3fordetails. Observe that the above variance depends on two factors: One can similarly apply a median"
Jnane et al. - 2024 - Quantum Error Mitigated Classical Shadows.pdf,Jnane et al.,yes,yes,weak,error-model-mention,12,"te-error characteristics and due to finite circuit quantum error mitigated classical shadows are very intu- repetition. Under the assumption that the error model of itive,easytouseinpracticeandmayplayacentralrolein the quantum device has been appropriately learned such exploitingnear-termandearlyfault-tolerant"
Jnane et al. - 2024 - Quantum Error Mitigated Classical Shadows.pdf,Jnane et al.,yes,yes,weak,error-model-mention,19,"ndquantummate- polation-based error mitigation is indeed compatible with rialsscience,Chem.Rev.120,12685(2020). classical shadows, we assume a simple error model [11] M. Motta and J. E. Rice, Emerging quantum computing whereby every two-qubit gate has the same error proba- algorithms for quantum chemistry, WIR"
Jnane et al. - 2024 - Quantum Error Mitigated Classical Shadows.pdf,Jnane et al.,yes,yes,weak,noise-parameter,7,"properties extracted from classical shadows. l∈I l∈I The key ingredient we require is the ability to gener- ate a collection of shadows at dieff rent noise strengths The algorithm has the same asymptotic runtime O(qN ) S(ρ ,N ),...,S(ρ ,N ) such that p ≥p and p is the s p0 s pn s k 0 0 asAlgorithm1andincursonlyan"
Jnane et al. - 2024 - Quantum Error Mitigated Classical Shadows.pdf,Jnane et al.,yes,yes,weak,noise-parameter,7,"O(qN ) S(ρ ,N ),...,S(ρ ,N ) such that p ≥p and p is the s p0 s pn s k 0 0 asAlgorithm1andincursonlyanegligiblepreprocessing device’s lowest possible noise strength. These shadows timetodeterminetheindexsetI specificallyforeachP. enableustoextracttheexpectedvaluesf (p)=Tr[O ρ ] m m p 010324-7"
Jnane et al. - 2024 - Quantum Error Mitigated Classical Shadows.pdf,Jnane et al.,yes,yes,weak,noise-parameter,8,") thelimit 1 Tr[O ρ ]≈ limf ˜ (p). (cid:10) S = |S| S, m id p→0 m S∈S While we could certainly leverage existing techniques for physically increasing noise rates in a circuit to obtain whichsatisfies(cid:10)2 S =(cid:10) S. S(ρ ,N )[13,14],wecanalsoexploitthepowerandflex- Given a noisy state ρ, one might be a"
Jnane et al. - 2024 - Quantum Error Mitigated Classical Shadows.pdf,Jnane et al.,yes,yes,weak,noise-parameter,8,"blysmall. can in principle use shadows to reconstruct partial den- For example, a typically used symmetry in fermionic sity matrices ρˆ at dieff rent noise strengths p and apply p simulation is the fermionic particle number parity, which ZNEtoindividualmatrixentries.However,notethatZNE is, however, usually a high"
Jnane et al. - 2024 - Quantum Error Mitigated Classical Shadows.pdf,Jnane et al.,yes,yes,weak,noise-parameter,9,"error extrapolation. Here we start by generating shadows physics in understanding many-body localization [63] but S(ρ ,N ),...,S(ρ ,N ) at dieff rent noise strengths that p1 s pn s ischallengingtosimulateclassicallyforlargeN [64,65].A we use to compute the noisy Pauli expectation values. 010324-9"
Jnane et al. - 2024 - Quantum Error Mitigated Classical Shadows.pdf,Jnane et al.,yes,yes,weak,noise-parameter,10,"douterrors(rightendofblue). Figure4showstenexamplesofexpectedvalues(crosses) Furthermore,ecffi ientlycharacterizingmanylocalcorrela- as a function of noise strength and the respective linear tionsinastatecanbeusedtotrainDFTmodelsforaccurate models we fit (dashed lines). The intercept of the fitted classicalsimula"
Jnane et al. - 2024 - Quantum Error Mitigated Classical Shadows.pdf,Jnane et al.,yes,yes,weak,noise-parameter,11,"ypically one assumes the and result in errors as large as 0.27—whereas for an gate channels are local and thus the approach is ecffi ient. increasing noise rate all purities converge to a constant In contrast, in learning-based error mitigation one does value of 1/d where d is the subsystem dimension. In not"
Jnane et al. - 2024 - Quantum Error Mitigated Classical Shadows.pdf,Jnane et al.,yes,yes,weak,noise-parameter,18,inFig.3(left)thatpreparestheground stateofthespin-ringHamiltonianinEq.(10). b.Circuiterrorrate In Fig. 3 we repeat our simulations for two dieff rent noise levels to demonstrate that the bias (as well as the a.Gateerrormitigation sampling overhead) grows exponentially. We implement We assume that each noisy qu
Jnane et al. - 2024 - Quantum Error Mitigated Classical Shadows.pdf,Jnane et al.,yes,yes,weak,gate-error,3,"paredbyanoisyquantumcircuit.Moreover, errorsinmeasurements,whichincludebothreadouterrors we discuss several other applications that will signifi- and gate errors in the implementation of the random uni- cantly benefit from our ecffi ient amalgams of quantum taries Q [12,29,30,33,34]. This is carried out by si"
Jnane et al. - 2024 - Quantum Error Mitigated Classical Shadows.pdf,Jnane et al.,yes,yes,weak,gate-error,4,"erse measurement channels of the shadow protocols i are nonphysical operations. For this reason, PEC applies ing correlated readout errors as well as gate errors in the only the decomposition in classical postprocessing, at the shadowbasisrotationsareindeedsimilarlyapplicable[13, level of expected values and"
Jnane et al. - 2024 - Quantum Error Mitigated Classical Shadows.pdf,Jnane et al.,yes,yes,weak,gate-error,4,"y so often further increasing its sample budget. Let us finally note that our scope goes beyond mitigation of III.PROBABILISTICERRORCANCELED physical gate errors and the formalism developed here SHADOWS can be immediately applied to other scenarios, such as WhilePEChasbeenusedintheliteraturetoremovethe thefol"
Jnane et al. - 2024 - Quantum Error Mitigated Classical Shadows.pdf,Jnane et al.,yes,yes,weak,gate-error,20,"phywithgeneralizedmeasure- withfermioniclinearoptics,ArXiv:2102.02120(2021). ments,Phys.Rev.Lett.129,220502(2022). [49] Forexample,onecanconsideraper-gate errorrate p = err [33] Y. Chen, M. Farahzad, S. Yoo, and T.-C. Wei, Detector 10−2 andassumethegate’serrormodelischaracterizedto tomography on IBM quantum c"
Jose and Simeone - 2022 - Error-Mitigation-Aided Optimization of Parameterized Quantum Circuits Convergence Analysis.pdf,Jose & Simeone,partial,yes,strong,depolarizing,10,"−gcirc(cid:12)2 +E (cid:12)gcirc −g(cid:12)2 c t t t t t wherec (γ)≥1and p (y|θ)isdefinedasin(57).Further- 2 sD (60) more, in the special case of the depolarizing channel, the 3103119 VOLUME3,2022"
Jose and Simeone - 2022 - Error-Mitigation-Aided Optimization of Parameterized Quantum Circuits Convergence Analysis.pdf,Jose & Simeone,partial,yes,strong,depolarizing,12,"rforSGDinthe on each qubit to π/2 and setting all other rotation angles presenceofshotandgatenoise.Incontrast,QEMachieves to zero [8]. We assume that depolarizing noise, with error alowererrorfloorunderbothlowandhighnoisestrengths. probability(cid:11),actsonlyonthecnotgates,resultinginaPQC When the noise strength is"
Jose and Simeone - 2022 - Error-Mitigation-Aided Optimization of Parameterized Quantum Circuits Convergence Analysis.pdf,Jose & Simeone,partial,yes,strong,depolarizing,12,udy the exact loss L(θT) (evaluated gates with desired error strength. The assumption that the with N m →∞) of the SGD iterate after T =10 iterations depolarizing noise acts only on cnot gates is motivated by when exact gradient can be computed; when shot-noise the experimental observations that noisy cnot gates yiel
Jose and Simeone - 2022 - Error-Mitigation-Aided Optimization of Parameterized Quantum Circuits Convergence Analysis.pdf,Jose & Simeone,partial,yes,strong,depolarizing,12,"right corresponds to N c =10. The and gate noise are present, with the latter modeled by the max-cut problem has n=5 vertices and a random mentioned depolarizing noise with error probability (cid:11); and 5×5 weight matrix w =[0.42,0.43,0.55,0.96,0.22; when QEM is used to combat gate noise with number of 0.44,0.89,0"
Jose and Simeone - 2022 - Error-Mitigation-Aided Optimization of Parameterized Quantum Circuits Convergence Analysis.pdf,Jose & Simeone,partial,yes,strong,depolarizing,12,":11) =0.02, with Asbefore,weusetheharware-efficientansatzinFig.4,with that on the right with a larger noise level of (cid:11) =0.1. The L=1 layer and depolarizing noise assumed to act only on errorlevelsarechosentobecomparablewiththeexperiments cnotgates.Wefixthelearningrateasη t =0.14. in[28]and[40]. Itcanbeseenfrom"
Jose and Simeone - 2022 - Error-Mitigation-Aided Optimization of Parameterized Quantum Circuits Convergence Analysis.pdf,Jose & Simeone,partial,yes,weak,noise-model-mention,4,"wedetailtheVQEproblem(1),thesolutionmethodbasedon from a theoretical standpoint in [10] for VQE by focus- SGD, as well as the considered quantum gate noise model. ing on gradient estimators based on symmetric logarithmic Section III presents the convergence analysis of SGD for derivative operators. The varianc"
Jose and Simeone - 2022 - Error-Mitigation-Aided Optimization of Parameterized Quantum Circuits Convergence Analysis.pdf,Jose & Simeone,partial,yes,weak,noise-model-mention,4,"algorithms,andisthefocusofthisarticle.Thissectionfirst introducestheVQEproblem,aswellasthestandardsolution method based on SGD. Then, we describe the noise model 2) QUANTUMERRORMITIGATION assumedforthequantumcircuit. The detrimental effect of quantum gate noise observed in the references summarized above sugge"
Jose and Simeone - 2022 - Error-Mitigation-Aided Optimization of Parameterized Quantum Circuits Convergence Analysis.pdf,Jose & Simeone,partial,yes,weak,noise-model-mention,8,"T) in (6). In practice, this requires ρ˜(θ)= (ρE (θ)−(1−γ)(cid:3)(θ)). (41) γ theapplicationofQEMforfinaltesting(butnotduringthe Note that, under the noise model of (17), matrix ρ˜(θ) is optimization phase). The following theorem illustrates the indeedavaliddensityoperatorforγ >0[36]. convergencepropertiesofth"
Jose and Simeone - 2022 - Error-Mitigation-Aided Optimization of Parameterized Quantum Circuits Convergence Analysis.pdf,Jose & Simeone,partial,yes,weak,noise-model-mention,9,"m n( i q n d, ( s 5 d 2 ) ) w i i s th ov s e g r n al b s l D e 4 in nD g 3.4]. values of string sD. As illustrated in Fig. 2, QEM can thus With the noise model (16) and (17), (48) can be then exactlyrecoverthetrueexpectedobservableas expressedequivalentlyviathefollowingquasi-probabilistic (cid:8) representat"
Jose and Simeone - 2022 - Error-Mitigation-Aided Optimization of Parameterized Quantum Circuits Convergence Analysis.pdf,Jose & Simeone,partial,yes,weak,noise-parameter,3,"providenumericalevidenceforthe the bounds derived in this article, this is the case if detrimental impact of the quantum gate noise on the train- the noise level γ is sufficiently large and if the num- abilityofPQCs.Wangetal.[21]providedatheoreticalex- ber N of circuits sampled at each iteration is large c pla"
Jose and Simeone - 2022 - Error-Mitigation-Aided Optimization of Parameterized Quantum Circuits Convergence Analysis.pdf,Jose & Simeone,partial,yes,weak,noise-parameter,8,"now study the noise.Inparticular,wehaveγ =0ifthereisnogatenoise convergencepropertiesoftheSGDwiththebiasedestimator ((cid:11) =0), and γ =1 when the noise level is maximal. The gˆ E .Asintheprevioussection,weevaluatetheperformance t decomposition(40)amountstoaconvexcombinationofthe of the obtained solution θT"
Jose and Simeone - 2022 - Error-Mitigation-Aided Optimization of Parameterized Quantum Circuits Convergence Analysis.pdf,Jose & Simeone,partial,yes,weak,noise-parameter,12,"depolarizing noise, with error alowererrorfloorunderbothlowandhighnoisestrengths. probability(cid:11),actsonlyonthecnotgates,resultinginaPQC When the noise strength is smaller and a sufficient number witheightnoisygates. of circuits are sampled as in Fig. 5(left), the variance of We use the open-source quantum co"
Jose and Simeone - 2022 - Error-Mitigation-Aided Optimization of Parameterized Quantum Circuits Convergence Analysis.pdf,Jose & Simeone,partial,yes,weak,noise-parameter,12,"rticular, the ensuringconvergenceataratecomparabletotheshot-noise noisemodelinournumericalsimulationsisconstructedby only case. In contrast, when the noise strength is larger, by making use of the NoiseModel class available in the Aer TheoremV.1,QEMrequiresmorecircuitstobesampledper library of Qiskit. We use the"
Jose and Simeone - 2022 - Error-Mitigation-Aided Optimization of Parameterized Quantum Circuits Convergence Analysis.pdf,Jose & Simeone,partial,yes,weak,noise-parameter,12,"en QEM is single-qubitgates[28]. employed to mitigate the bias, as a function of the In Fig. 5, we study the convergence of SGD when exact increasing noise level (cid:11). The figure in the left corresponds gradientscanbecomputed;whenonlyshotnoiseispresent, to smaller number, N c =7, of circuit samples, while"
Jose and Simeone - 2022 - Error-Mitigation-Aided Optimization of Parameterized Quantum Circuits Convergence Analysis.pdf,Jose & Simeone,partial,yes,weak,noise-parameter,12,"e left, corresponding to a smaller noise of (cid:11) =0.02, with Asbefore,weusetheharware-efficientansatzinFig.4,with that on the right with a larger noise level of (cid:11) =0.1. The L=1 layer and depolarizing noise assumed to act only on errorlevelsarechosentobecomparablewiththeexperiments cnotgates.Wefixthe"
Jose and Simeone - 2022 - Error-Mitigation-Aided Optimization of Parameterized Quantum Circuits Convergence Analysis.pdf,Jose & Simeone,partial,yes,weak,noise-parameter,13,"etersaresetasn=5,L=1,Nm =10240,andη t =0.14.Groundstateeigenvalueforthemax-cutproblemis−3.24. biasinducedbygatenoise.However,whenthenoisestrength the noise strength is high and insufficient time is available issmall,comparingthefiguresintheleftandrightshowsthat at each SGD iteration to sample circuits for QEM, QE"
Jose and Simeone - 2022 - Error-Mitigation-Aided Optimization of Parameterized Quantum Circuits Convergence Analysis.pdf,Jose & Simeone,partial,yes,weak,gate-error,1,"].Thisarticlestudiestheimpactofquantum user-specified quantum gates on the physical device, gatenoiseontheperformanceofVQAsbyfocusingonthe leading to gate infidelity. While fault-tolerant computation questionofwhetherQEMcanbeeffectiveinenhancingthe is not feasible on NISQ processors due to the small performance of"
Khan - 2025 - Quantum Software Engineering Developing Algorithms for IBM Quantum Systems.pdf,Khan,partial,yes,strong,depolarizing,4,"s cause decoherence, while gate fidelity measures the accuracy of quantum gate operations. Noise models—such as amplitude damping, phase damping, and depolarizing noise—characterize the stochastic fluctuations that affect quantum computations. Understanding and mitigating these hardware limitations is crucial for sof"
Khan - 2025 - Quantum Software Engineering Developing Algorithms for IBM Quantum Systems.pdf,Khan,partial,yes,strong,amplitude-damping,4,"state before environmental interactions cause decoherence, while gate fidelity measures the accuracy of quantum gate operations. Noise models—such as amplitude damping, phase damping, and depolarizing noise—characterize the stochastic fluctuations that affect quantum computations. Understanding and mitigating these"
Khan - 2025 - Quantum Software Engineering Developing Algorithms for IBM Quantum Systems.pdf,Khan,partial,yes,strong,phase-damping,4,"nmental interactions cause decoherence, while gate fidelity measures the accuracy of quantum gate operations. Noise models—such as amplitude damping, phase damping, and depolarizing noise—characterize the stochastic fluctuations that affect quantum computations. Understanding and mitigating these hardware limita"
Khan - 2025 - Quantum Software Engineering Developing Algorithms for IBM Quantum Systems.pdf,Khan,partial,yes,strong,stochastic-noise,12,"en applied to project idealized outcomes. Another essential strategy is Measurement Error Mitigation (MEM), which models the measurement process as a stochastic error channel and applies classical post-processing to correct biases. Qiskit provides calibration routines that generate confusion matrices between measur"
Khan - 2025 - Quantum Software Engineering Developing Algorithms for IBM Quantum Systems.pdf,Khan,partial,yes,weak,error-model-mention,6,"ns. It enables developers to test and debug algorithms before deploying them to hardware, offering configurable backends for performance analysis and error modeling. ● Qiskit Ignis: A library originally dedicated to quantum error characterization and mitigation, allowing users to perform calibration experiment"
Khan - 2025 - Quantum Software Engineering Developing Algorithms for IBM Quantum Systems.pdf,Khan,partial,yes,weak,error-model-mention,12,"to project idealized outcomes. Another essential strategy is Measurement Error Mitigation (MEM), which models the measurement process as a stochastic error channel and applies classical post-processing to correct biases. Qiskit provides calibration routines that generate confusion matrices between measured and t"
Khan - 2025 - Quantum Software Engineering Developing Algorithms for IBM Quantum Systems.pdf,Khan,partial,yes,weak,gate-error,1,"experimental research into real-world computational workflows. Unlike classical software engineering, QSE must accommodate qubit decoherence, quantum gate errors, and probabilistic computation, which demand new paradigms for algorithm design, code optimization, and debugging. IBM Quantum’s ecosystem—anchored"
Khan - 2025 - Quantum Software Engineering Developing Algorithms for IBM Quantum Systems.pdf,Khan,partial,yes,weak,gate-error,3,"loping quantum algorithms for IBM’s superconducting qubit architectures presents significant challenges. The most pressing include qubit decoherence, gate infidelity, and quantum noise, which degrade computation accuracy and limit circuit depth. Debugging quantum code remains complex due to the impossibility of di"
Khan - 2025 - Quantum Software Engineering Developing Algorithms for IBM Quantum Systems.pdf,Khan,partial,yes,weak,gate-error,4,"um employs superconducting transmon qubits, which operate at millikelvin temperatures and require careful calibration to sustain coherence and reduce gate errors. Coherence time represents how long a qubit can maintain its quantum state before environmental interactions cause decoherence, while gate fidelity"
Khan - 2025 - Quantum Software Engineering Developing Algorithms for IBM Quantum Systems.pdf,Khan,partial,yes,weak,gate-error,4,"uce gate errors. Coherence time represents how long a qubit can maintain its quantum state before environmental interactions cause decoherence, while gate fidelity measures the accuracy of quantum gate operations. Noise models—such as amplitude damping, phase damping, and depolarizing noise—characterize the stoc"
Khan - 2025 - Quantum Software Engineering Developing Algorithms for IBM Quantum Systems.pdf,Khan,partial,yes,weak,gate-error,5,"rough successive generations—culminating in systems like Eagle, Osprey, and Condor—each designed to expand qubit count, improve coherence, and reduce gate errors. The Eagle processor, introduced in 2021, marked a significant leap forward with 127 superconducting qubits, employing a hexagonal lattice layout op"
Khan - 2025 - Quantum Software Engineering Developing Algorithms for IBM Quantum Systems.pdf,Khan,partial,yes,weak,gate-error,5,"k. Osprey, unveiled in 2022, expanded this design to 433 qubits, incorporating improved error calibration and cryogenic control systems that enhanced gate fidelity and coherence times. The upcoming Condor processor, projected to surpass 1,000 qubits, embodies IBM’s roadmap toward fault-tolerant quantum computing"
Khan - 2025 - Quantum Software Engineering Developing Algorithms for IBM Quantum Systems.pdf,Khan,partial,yes,weak,gate-error,7,"validated, circuits undergo transpilation—an optimization process that maps them onto the specific hardware topology, reducing depth and minimizing gate errors. The execution phase occurs through the IBM Quantum Runtime, which manages job submission and execution on real quantum backends. Results are retrie"
Khan - 2025 - Quantum Software Engineering Developing Algorithms for IBM Quantum Systems.pdf,Khan,partial,yes,weak,gate-error,11,"ms perform under real-world conditions. IBM uses performance metrics such as Quantum Volume (QV), circuit fidelity, readout error rate, and two-qubit gate error to characterize hardware reliability. Developers, in turn, benchmark algorithmic performance through metrics like execution success rate, fidelity di"
Khan - 2025 - Quantum Software Engineering Developing Algorithms for IBM Quantum Systems.pdf,Khan,partial,yes,weak,gate-error,11,"g that targets specific backend characteristics. For instance, algorithms with heavy CNOT usage are better deployed on backends with higher two-qubit gate fidelity, while algorithms requiring long coherence benefit from systems with optimized T1 and T2 times. Additionally, cross-platform benchmarking, comparing"
Khan - 2025 - Quantum Software Engineering Developing Algorithms for IBM Quantum Systems.pdf,Khan,partial,yes,weak,gate-error,12,"reliability of quantum algorithms. Understanding and mitigating noise is central to Quantum Software Engineering (QSE), as even minor fluctuations in gate fidelity or qubit coherence can cause computational errors that accumulate exponentially with circuit depth. IBM’s superconducting platforms—ranging from Eagl"
Khan - 2025 - Quantum Software Engineering Developing Algorithms for IBM Quantum Systems.pdf,Khan,partial,yes,weak,gate-error,12,"to impose constraints on circuit complexity and execution fidelity. Noise sources in IBM Quantum systems primarily arise from decoherence, crosstalk, gate infidelity, and readout errors. Decoherence occurs when qubits lose their quantum state due to interactions with their environment, characterized by T₁ (energy"
Khan - 2025 - Quantum Software Engineering Developing Algorithms for IBM Quantum Systems.pdf,Khan,partial,yes,weak,gate-error,12,"ergy relaxation) and T₂ (dephasing) times. Crosstalk emerges from unintended electromagnetic coupling between adjacent qubits or control lines, while gate errors stem from imperfect calibration and control pulses during gate execution. Measurement errors further distort results during readout, introducing pro"
Khan - 2025 - Quantum Software Engineering Developing Algorithms for IBM Quantum Systems.pdf,Khan,partial,yes,weak,gate-error,13,"ubit gate counts, as these operations contribute disproportionately to error accumulation. Hardware-aware compilers leverage calibration data—such as gate fidelity maps and qubit-specific error rates—to select optimal qubit pairs and gate orderings. In practice, this process can lead to significant runtime reduc"
Khan - 2025 - Quantum Software Engineering Developing Algorithms for IBM Quantum Systems.pdf,Khan,partial,yes,weak,gate-error,14,"ulations for idealized validation and noise-model simulations that mimic specific IBM hardware conditions, incorporating parameters like T₁/T₂ times, gate errors, and readout inaccuracies. These simulators are indispensable for pre-deployment testing, enabling developers to identify potential issues in circui"
Khan - 2025 - Quantum Software Engineering Developing Algorithms for IBM Quantum Systems.pdf,Khan,partial,yes,weak,gate-error,17,"egration testing of hybrid loops, and regression testing to ensure consistency across backend calibrations. Metrics such as fidelity, quantum volume, gate error rates, and execution success probabilities serve as benchmarks for evaluating software quality. Automated pipelines in Qiskit or custom CI/CD workflo"
Khan - 2025 - Quantum Software Engineering Developing Algorithms for IBM Quantum Systems.pdf,Khan,partial,yes,weak,gate-error,18,"te-Scale Quantum (NISQ) devices. Traditional reliability measures, like uptime or exception handling, are insufficient; instead, QSE metrics focus on gate fidelity, circuit depth, quantum volume, and success probability. These metrics quantify how accurately a quantum program performs under real hardware conditi"
Khan - 2025 - Quantum Software Engineering Developing Algorithms for IBM Quantum Systems.pdf,Khan,partial,yes,weak,gate-error,19,"antum resource limitations. Current superconducting qubit architectures, despite rapid growth in qubit counts, remain constrained by coherence times, gate fidelity, and connectivity. As a result, algorithms must be optimized for shallow circuit depth and minimal entangling operations. Scaling quantum software fo"
Khan - 2025 - Quantum Software Engineering Developing Algorithms for IBM Quantum Systems.pdf,Khan,partial,yes,weak,gate-error,20,"ion of classical software principles—such as modularity, version control, verification, and optimization—with quantum-specific constraints, including gate fidelity, qubit connectivity, and decoherence. IBM’s ecosystem, encompassing Qiskit, cloud-accessible quantum hardware, and runtime environments, provides the"
Khan et al. - 2024 - Error Mitigation in the NISQ Era Applying Measurement Error Mitigation Techniques to Enhance Quantu.pdf,Khan et al.,partial,yes,strong,error-rate-value,5,"dinJuly2024 andtheymayimproveasIBMisimprovingtheperformanceofalltheircomputers. 2.1.1. IBMOsaka IBM features 127 qubits but presents a slightly lower error rate of 3% EPLG uti- O lizing the same Eagle r3 architecture. However, it has a higher median readout error of2.290×10−2,potentiallyimpactingcomputationalaccur"
Kim et al. - 2023 - Evidence for the utility of quantum computing before fault tolerance.pdf,Kim et al. (utility),yes,yes,strong,Pauli-channel,2,"122 123 124 125 126 Fig. 1 | Noise characterization and scaling for 127-qubit Trotterized c, Characterization experiments efficiently learn the local Pauli error rates λ l,i time-evolution circuits. a, Each Trotter step of the Ising simulation includes (colour scales) comprising the overall Pauli channel Λ ass"
Kim et al. - 2023 - Evidence for the utility of quantum computing before fault tolerance.pdf,Kim et al. (utility),yes,yes,strong,Pauli-channel,2,"e local Pauli error rates λ l,i time-evolution circuits. a, Each Trotter step of the Ising simulation includes (colour scales) comprising the overall Pauli channel Λ associated with the lth l single-qubit X and two-qubit ZZ rotations. Random Pauli gates are inserted to twirled CNOT layer. (Figure expanded in Sup"
Kim et al. - 2023 - Evidence for the utility of quantum computing before fault tolerance.pdf,Kim et al. (utility),yes,yes,strong,Pauli-channel,2,"d CNOT layer. (Figure expanded in Supplementary Information IV.A). twirl (spirals) and controllably scale the noise of each CNOT layer. The dagger d, Pauli errors inserted at proportional rates can be used to either cancel (PEC) indicates conjugation by the ideal layer. b, Three depth-1 layers of CNOT gates or"
Kim et al. - 2023 - Evidence for the utility of quantum computing before fault tolerance.pdf,Kim et al. (utility),yes,yes,strong,Pauli-channel,3,"0001,5002,000 0 1.0 1.2 1.6 Random circuit instances Noise gain (G) based on pulse stretching9,17,18 or subcircuit repetition20–22 have circum- three Pauli-twirled CNOT layers (Fig. 1c) and then used these models vented the need for precise noise learning, while relying on simplistic to implement Trotter circu"
Kim et al. - 2023 - Evidence for the utility of quantum computing before fault tolerance.pdf,Kim et al. (utility),yes,yes,strong,Pauli-channel,3,"which, before each layer l, we have inserted products of one- The sparse Pauli–Lindblad noise model proposed in ref. 1 turns out qubit and two-qubit Pauli errors i from L drawn with probabilities to be especially well suited for noise shaping in ZNE. The model takes p =(1−e−2(G−1)λl,i)/2 and executed each ins"
Kim et al. - 2023 - Evidence for the utility of quantum computing before fault tolerance.pdf,Kim et al. (utility),yes,yes,strong,Pauli-channel,3,"ayers of two-qubit Clifford gates, highlight the reduced bias from exponential extrapolation19 in com- including crosstalk, when combined with random Pauli twirls23,24. The parison with linear extrapolation. That said, exponential extrapolation noisy layer of gates is modelled as a set of ideal gates preceded"
Kim et al. - 2023 - Evidence for the utility of quantum computing before fault tolerance.pdf,Kim et al. (utility),yes,yes,strong,Pauli-channel,3,"rcuits ideal weight-1 observables Z all have expectation value 1; owing to the and the Clifford θ = π/2 point, with non-trivial entangling dynam- q h Pauli twirling of each layer, the bare CNOTs do affect the state. For each ics compared with the identity-equivalent circuits discussed in Trotter experiment, we"
Kim et al. - 2023 - Evidence for the utility of quantum computing before fault tolerance.pdf,Kim et al. (utility),yes,yes,strong,Pauli-channel,7,"means of a learned and quantum crosstalk cancellation. Phys. Rev. Lett. 129, 060501 (2022). noise model. For this model, following ref. 1, a general Pauli channel is 45. Cirac, J. I., Pérez-García, D., Schuch, N. & Verstraete, F. Matrix product states and projected entangled pair states: concepts, symmetries, t"
Kim et al. - 2023 - Evidence for the utility of quantum computing before fault tolerance.pdf,Kim et al. (utility),yes,yes,strong,Pauli-channel,7,"which all λ ≥ 0, the composition consists of simply O. E. Dial, M. DiDonato, S. Dikaleh, B. Dimock, T. Dixon, R. A. Donaton, B. Donovan, M. Doyle, i Pauli channels. By allowing non-zero coefficients λ only for Pauli terms Z. Dreiss, J. Drummond, E. A. Duch, N. Dunfee, L. Durst, R. A. Eades, N. Earnest-Noble, D."
Kim et al. - 2023 - Evidence for the utility of quantum computing before fault tolerance.pdf,Kim et al. (utility),yes,yes,strong,Pauli-channel,7,"≥ 0, the J. M. Gambetta, C. A. Garcia, D. K. Garcia, J. M. Garcia, A. R. García, S. Garion, J. R. Garrison, resulting noise model is a composition of Pauli channels. Samples from B. P. Gaucher, A. Gebbie, J. Gerboth, S. Ghosh, F. Giancaspro, A. Giannetta, G. W. Gibson Jr., this channel can be obtained by indepen"
Kim et al. - 2023 - Evidence for the utility of quantum computing before fault tolerance.pdf,Kim et al. (utility),yes,yes,strong,noise-model-spec,7,"by scaling all λ i by α. For α ≥ 0, the J. M. Gambetta, C. A. Garcia, D. K. Garcia, J. M. Garcia, A. R. García, S. Garion, J. R. Garrison, resulting noise model is a composition of Pauli channels. Samples from B. P. Gaucher, A. Gebbie, J. Gerboth, S. Ghosh, F. Giancaspro, A. Giannetta, G. W. Gibson Jr., this cha"
Kim et al. - 2023 - Evidence for the utility of quantum computing before fault tolerance.pdf,Kim et al. (utility),yes,yes,weak,noise-model-mention,2,"tive at providing imental simplicity, we focus on the case θ = −2Jδt = −π/2 such that the unbiased estimates of observables. In PEC, a representative noise model J ZZ rotation requires only one CNOT, is learned and effectively inverted by sampling from a distribution of noisy circuits related to the learned mo"
Kim et al. - 2023 - Evidence for the utility of quantum computing before fault tolerance.pdf,Kim et al. (utility),yes,yes,weak,noise-model-mention,3,"circuit instances lated estimator, as we demonstrate here. in which, before each layer l, we have inserted products of one- The sparse Pauli–Lindblad noise model proposed in ref. 1 turns out qubit and two-qubit Pauli errors i from L drawn with probabilities to be especially well suited for noise shaping in ZNE"
Kim et al. - 2023 - Evidence for the utility of quantum computing before fault tolerance.pdf,Kim et al. (utility),yes,yes,weak,noise-model-mention,3,"ting to jump estimates of ⟨Z ⟩ , corresponding to the different gains G, converge i i 106 G operators acting on local pairs of qubits yields a sparse noise model to distinct values. The different estimates are then fit by an extrapolat- that can be efficiently learned for many qubits and that accurately ing fu"
Kim et al. - 2023 - Evidence for the utility of quantum computing before fault tolerance.pdf,Kim et al. (utility),yes,yes,weak,noise-model-mention,3,"e channel ΛG with gain G = α + 1. Given the exponential form grade the extrapolation model complexity (see Supplementary Infor- of the Pauli–Lindblad noise model, the map eαL is obtained by simply mation II.B). The procedure outlined in Fig. 2a was applied to the multiplying the Pauli rates λ by α. The resulti"
Kim et al. - 2023 - Evidence for the utility of quantum computing before fault tolerance.pdf,Kim et al. (utility),yes,yes,weak,noise-model-mention,7,"d in https://doi.org/10.6084/m9.figshare.22500355. the circuit. 43. Zhang, E. J. et al. High-performance superconducting quantum processors via laser Noise model annealing of transmon qubits. Sci. Adv. 8, eabi6690 (2022). 44. Wei, K. X. et al. Hamiltonian engineering with multicolor drives for fast entangling"
Kim et al. - 2023 - Evidence for the utility of quantum computing before fault tolerance.pdf,Kim et al. (utility),yes,yes,weak,noise-model-mention,7,"ling gates Throughout this work, we amplify gate noise by means of a learned and quantum crosstalk cancellation. Phys. Rev. Lett. 129, 060501 (2022). noise model. For this model, following ref. 1, a general Pauli channel is 45. Cirac, J. I., Pérez-García, D., Schuch, N. & Verstraete, F. Matrix product states a"
Kim et al. - 2023 - Evidence for the utility of quantum computing before fault tolerance.pdf,Kim et al. (utility),yes,yes,weak,noise-model-mention,7,"it or a pair of connected i K. R. Erickson, K. Escobar, A. Estes, M. Facchini, A. Falk, M. Farmer, B. Fearon, K. Ferguson, qubits, we obtain a sparse noise model that can be efficiently learned A. G. Fernandez, F. M. Fernandez, A. H. Ferrera, K. J. Ferris, B. Fett, A. Finck, J. Finley, L. E. Fischer, and that,"
Kim et al. - 2023 - Evidence for the utility of quantum computing before fault tolerance.pdf,Kim et al. (utility),yes,yes,weak,noise-model-mention,7,"by scaling all λ i by α. For α ≥ 0, the J. M. Gambetta, C. A. Garcia, D. K. Garcia, J. M. Garcia, A. R. García, S. Garion, J. R. Garrison, resulting noise model is a composition of Pauli channels. Samples from B. P. Gaucher, A. Gebbie, J. Gerboth, S. Ghosh, F. Giancaspro, A. Giannetta, G. W. Gibson Jr., this"
Kim et al. - 2023 - Evidence for the utility of quantum computing before fault tolerance.pdf,Kim et al. (utility),yes,yes,weak,noisy-device-mention,1,"delities. The error-mitigation9,10 approach to near-term physics and has found creative extensions in recent simulations explor- quantum advantage on noisy devices exactly addresses this ques- ing quantum many-body phenomena, such as time crystals11,12, quan- tion, that is, that one can produce accurate expecta"
Kim et al. - 2023 - Evidence for the utility of quantum computing before fault tolerance.pdf,Kim et al. (utility),yes,yes,weak,noise-parameter,2,"xponential19 extrapolation method R (θ), followed by commuting layers of parallelized two-qubit rota- for noisy expectation values as a function of a noise parameter. This X h tions, R (θ). requires the controlled amplification of the intrinsic hardware noise ZZ J For the experimental implementation, we primarily"
Kim et al. - 2023 - Evidence for the utility of quantum computing before fault tolerance.pdf,Kim et al. (utility),yes,yes,weak,noise-parameter,3,"c γ. In PEC, we choose α = −1 to obtain an overall zero-gain along zˆ, M =∑ (cid:30)Z (cid:29)/N, for increasing depth in Fig. 2c. Although the z q q noise level. In ZNE, we instead amplify the noise10,25–27 to different gain unmitigated result shows a gradual decay from 1 with an increasing levels and estimat"
Kim et al. - 2023 - Evidence for the utility of quantum computing before fault tolerance.pdf,Kim et al. (utility),yes,yes,weak,gate-error,1,"roximate classical port this bleak forecast; one estimates that a quantum circuit 100 methods. qubits wide by 100 gate-layers deep executed with 0.1% gate error Our benchmark circuit is the Trotterized time evolution of a 2D yields a state fidelity less than 5 × 10−4. Nonetheless, the question transverse-fiel"
Kim et al. - 2023 - Evidence for the utility of quantum computing before fault tolerance.pdf,Kim et al. (utility),yes,yes,weak,gate-error,5,"runcation error introduced by tensor-product compression mim- able that obtains the expected result ⟨Z ⟩ ≈ 1 at the verifiable θ = 0 ics experimental gate errors34. It would thus be natural to develop a 62 h point. Despite the greater depth, the MPS simulations of the LCDR theory for extrapolating tensor netw"
Kim et al. - 2023 - Evidence for the utility of quantum computing before fault tolerance.pdf,Kim et al. (utility),yes,yes,weak,gate-error,6,"018). visit http://creativecommons.org/licenses/by/4.0/. 21. He, A., Nachman, B., de Jong, W. A. & Bauer, C. W. Zero-noise extrapolation for quantum- gate error mitigation with identity insertions. Phys. Rev. A 102, 012426 (2020). © The Author(s) 2023 Nature | Vol 618 | 15 June 2023 | 505"
Kim et al. - 2023 - Evidence for the utility of quantum computing before fault tolerance.pdf,Kim et al. (utility),yes,yes,weak,gate-error,7,", gate speeds across the device amplitude for each basis state. isoTNS are a restriction of projected are chosen independently to minimize individual gate errors43. This entangled pair states, a 2D generalization of MPS to square lattices in leads to a large spread in CNOT times across the device. Noting that"
Kim et al. - 2025 - Enhanced Extrapolation-Based Quantum Error Mitigation Using Repetitive Structure in Quantum Algorith.pdf,Kim et al. (enhanced),partial,yes,strong,depolarizing,4,"fidelity of the single-block OD is estimated by mit log–linear extrapolation of the exponential decay model. P P ≈ r,raw. (17) In these experiments, depolarizing errors are applied to mit cfr eachgateintheAersimulator;SPAMerrorsareexcluded, and the initial state fidelity c is therefore assumed to be 1. IV. PERFORMAN"
Kim et al. - 2025 - Enhanced Extrapolation-Based Quantum Error Mitigation Using Repetitive Structure in Quantum Algorith.pdf,Kim et al. (enhanced),partial,yes,strong,depolarizing,4,"xtractionanalysis. This times to ensure statistical confidence. In the IBM Aer- demonstratesthattheexponentialdecaymodelassumed simulator, we apply a depolarizing noise model with er- bytheproposedmethodiswellmatchedtobothGrover’s ror probability p = 10−4 on every single-qubit gate and algorithm and the Aersimulator."
Kim et al. - 2025 - Enhanced Extrapolation-Based Quantum Error Mitigation Using Repetitive Structure in Quantum Algorith.pdf,Kim et al. (enhanced),partial,yes,strong,depolarizing,6,"rrors at low noise, it fails under high evaluate the proposed method under these conditions. noise. However,ourblock-levelcharacterizationmethod, The depolarizing error model reproduces error patterns remainsrobustunderfluctuatingnoiseenvironmentsand similar to those observed in real quantum processor. We isexpectedt"
Kim et al. - 2025 - Enhanced Extrapolation-Based Quantum Error Mitigation Using Repetitive Structure in Quantum Algorith.pdf,Kim et al. (enhanced),partial,yes,strong,error-rate-value,6,"≈0.66 Second, we evaluate the performance of the 6-qubit and initial state fidelity c≈0.49. This result approaches Grover search algorithm under the error rate of 0.005, thetheoreticalsuccessprobabilityanddemonstratesthat 0.001, 0.0005. The results are shown in Fig.X and Table block-levelerrorcharacterizationrema"
Kim et al. - 2025 - Enhanced Extrapolation-Based Quantum Error Mitigation Using Repetitive Structure in Quantum Algorith.pdf,Kim et al. (enhanced),partial,yes,strong,error-rate-value,6,"ion-based First, we evaluate the performance of the 5-qubit error mitigation technique for structured quantum algo- Grover search algorithm under the error rate of 0.005. rithms. Repeated core operational block is assembled The theoretical success probability is 99.9%, but the un- intotheidentityoperationblock, an"
Kim et al. - 2025 - Enhanced Extrapolation-Based Quantum Error Mitigation Using Repetitive Structure in Quantum Algorith.pdf,Kim et al. (enhanced),partial,yes,weak,noise-model-mention,4,"ysis. This times to ensure statistical confidence. In the IBM Aer- demonstratesthattheexponentialdecaymodelassumed simulator, we apply a depolarizing noise model with er- bytheproposedmethodiswellmatchedtobothGrover’s ror probability p = 10−4 on every single-qubit gate and algorithm and the Aersimulator."
Kim et al. - 2025 - Enhanced Extrapolation-Based Quantum Error Mitigation Using Repetitive Structure in Quantum Algorith.pdf,Kim et al. (enhanced),partial,yes,weak,error-model-mention,1,"n performance and efficiency by leveraging circuit structure, but meth- ods that directly use the repeated block structure for ∗ boseon12@kisti.re.kr error modeling remain relatively less explored. † wysong@kisti.re.kr ‡ kibae@kisti.re.kr This paper proposes a lightweight extrapolation-based § livezone@kisti.r"
Kim et al. - 2025 - Enhanced Extrapolation-Based Quantum Error Mitigation Using Repetitive Structure in Quantum Algorith.pdf,Kim et al. (enhanced),partial,yes,weak,error-model-mention,6,"noise, it fails under high evaluate the proposed method under these conditions. noise. However,ourblock-levelcharacterizationmethod, The depolarizing error model reproduces error patterns remainsrobustunderfluctuatingnoiseenvironmentsand similar to those observed in real quantum processor. We isexpectedtoperfo"
Kim et al. - 2025 - Enhanced Extrapolation-Based Quantum Error Mitigation Using Repetitive Structure in Quantum Algorith.pdf,Kim et al. (enhanced),partial,yes,weak,noise-parameter,3,"causing the fidelity to decay exponentially. The quantumcircuitswheretheexpectationvaluerapidlyde- model is expressed as follows: creases under high noise levels. Based on the structured algorithms and ZNE tech- F I (2k)=cf2k. (10) niques introduced in this section, the following section presents the proposed"
Kim et al. - 2025 - Enhanced Extrapolation-Based Quantum Error Mitigation Using Repetitive Structure in Quantum Algorith.pdf,Kim et al. (enhanced),partial,yes,weak,gate-error,1,"ting during the extrapolation process, which may significantlylimitedbyvarioussourcesofnoise,including degrade the estimated ideal expectation value. gate infidelity and measurement errors [3, 4]. Quantum Toaddresstheaboveissues,variousZNE-relatedtech- error mitigation (QEM) techniques are regarded as im- niques h"
Kim et al. - 2025 - Enhanced Extrapolation-Based Quantum Error Mitigation Using Repetitive Structure in Quantum Algorith.pdf,Kim et al. (enhanced),partial,yes,weak,gate-error,4,"tates, the success probability after six iterations is sis yields an estimate of f converging to 0.8696±0.002. approximately 99.7%. By characterizing gate errors at the block level and ap- Each circuit is executed with N = 4000 shots per plyingthismodeltoGrover’ssearchontheAersimulator, shots run, and this pr"
Kim et al. - 2025 - Enhanced Extrapolation-Based Quantum Error Mitigation Using Repetitive Structure in Quantum Algorith.pdf,Kim et al. (enhanced),partial,yes,weak,gate-error,6,"lower rates of 0.001 and 0.00005, C. Performance Analysis of the 5,6-Qubit Grover standardZNEincreasestheerror-mitigatedsuccessprob- Algorithm under gate error rates Using the ability close to the theoretical value, but under the high Aersimulator noise of 0.005 it remains near the unmitigated value. In cont"
Kim et al. - 2025 - Enhanced Extrapolation-Based Quantum Error Mitigation Using Repetitive Structure in Quantum Algorith.pdf,Kim et al. (enhanced),partial,yes,weak,gate-error,6,"t 0.005, demonstrating strong we simulate enhanced quantum processor performance robustness. Therefore, although standard ZNE can re- by reducing the gate error rate in the Aersimulator and liably mitigate errors at low noise, it fails under high evaluate the proposed method under these conditions. noise. How"
Kim et al. - 2025 - Enhanced Extrapolation-Based Quantum Error Mitigation Using Repetitive Structure in Quantum Algorith.pdf,Kim et al. (enhanced),partial,yes,weak,gate-error,6,"atingnoiseenvironmentsand similar to those observed in real quantum processor. We isexpectedtoperformeffectivelyonfuturequantumpro- set the two-qubit gate error rates to 0.005, 0.001, and cessors with high error rates. 0.0005,withsingle-qubitgateerrorat0.0005,0.0001,and 0.00005, respectively. Under these cond"
Kim et al. - 2025 - Enhanced Extrapolation-Based Quantum Error Mitigation Using Repetitive Structure in Quantum Algorith.pdf,Kim et al. (enhanced),partial,yes,weak,gate-error,6,"s to evaluate the proposedmethod’srobustnesstonoisevariationsandthe V. CONCLUSION consistencyofitsmitigationeffect. Hereafter,wereferto the two-qubit gate error rate simply as the error rate. Thispaperproposesalightweight,extrapolation-based First, we evaluate the performance of the 5-qubit error mitigation t"
Kim et al. - 2025 - Enhanced Extrapolation-Based Quantum Error Mitigation Using Repetitive Structure in Quantum Algorith.pdf,Kim et al. (enhanced),partial,yes,weak,gate-error,7,"[7] A. He, B. Nachman, W. A. de Jong, and C. W. Bauer, [14] T. Proctor, K. Rudinger, K. Young, E. Nielsen, and “Zero-noise extrapolation for quantum-gate error mit- R. Blume-Kohout, “Measuring the capabilities of quan-"
Kim et al. - 2025 - Error mitigation with stabilized noise in superconducting quantum processors.pdf,Kim et al. (enhanced),partial,yes,strong,Pauli-channel,3,"elmaybecompletelydif- 1 protocolsdescribedinref.8andreferencestherein.First,byapplying ferent.Figure2cexperimentallyshowsthatthisislargelynotthecase. Paulitwirling30–34,weensurethatthenoisecanbedescribedbyaPauli Aside from the relatively smaller aberrations associated with short- channel.Wethenmodelthenoiseas"
Kim et al. - 2025 - Error mitigation with stabilized noise in superconducting quantum processors.pdf,Kim et al. (enhanced),partial,yes,strong,Pauli-channel,6,"cterizingthemodelparameters ByapplyingPaulitwirling,wePcanassumethenoisechanneltobea wherethesymplecticinnerproducthk,k0i sp iszeroifPaulisP kandP k0 Pauli channel; that is E i ðρÞ= k α k,i P k ðρÞPy k where the α k,i ≥0 terms commute, and one otherwise. As described in more detail in8 and sumuptoone.SamplingTLS"
Kim et al. - 2025 - Error mitigation with stabilized noise in superconducting quantum processors.pdf,Kim et al. (enhanced),partial,yes,strong,Pauli-channel,6,"s the fidelities ciatedwithtwolayersofconcurrentCZgates. appearing in each pair is therefore imposed. Given the fidelities, a Learning a full n-qubit Pauli noise channel requires the char- nonnegativeleast-squaresproblembasedonEq.(4)canthenbeused acterizationof4nparametersα k,andisthereforefeasibleonlyfora too"
Kim et al. - 2025 - Error mitigation with stabilized noise in superconducting quantum processors.pdf,Kim et al. (enhanced),partial,yes,strong,Pauli-channel,6,"dbladnoisemodelpro- The sparse PL noise model can equivalently be expressed as a posedin8providesascalablealternativeobtainedbyimposingmore series of Pauli channels of the form Λ k ðρÞ=ðw k ρ+ð1(cid:3)w k ÞP k ρPy k Þ, structureonthenoise.Inparticular,thenoiseisassumedtobeofthe wherew k= 2 1ð1+expð(cid:3)2λ k ÞÞ"
Kim et al. - 2025 - Error mitigation with stabilized noise in superconducting quantum processors.pdf,Kim et al. (enhanced),partial,yes,weak,noise-model-mention,3,"theopti- describedintheMethodssection.ThefactthattheindividualP kterms mizedandaveragednoisechannelsremainconsistentovertime.We in L commute make the noise model ideal for probabilistic error nowstudytheirimpactontheerrormitigationofabenchmarkcircuit. cancellation3,8,sincethechannelsgeneratedbyeachoftheseterms"
Kim et al. - 2025 - Error mitigation with stabilized noise in superconducting quantum processors.pdf,Kim et al. (enhanced),partial,yes,weak,noise-model-mention,5,",assumingthe averagedstrategysmoothsoutsmallfluctuationsandproducesamore bestcoherencecanbeachievedbyminimizingthequbit–TLSinteraction. stable device noise model, albeit at the cost of a slightly increased However,thequbitisstillexposedtorandomfluctuationsinqubit–TLS sampling overhead forerror mitigation and p"
Kim et al. - 2025 - Error mitigation with stabilized noise in superconducting quantum processors.pdf,Kim et al. (enhanced),partial,yes,weak,noise-model-mention,6,"of4nparametersα k,andisthereforefeasibleonlyfora toobtainthemodelparametersλ. smallnumberofqubits.ThesparsePauli-Lindbladnoisemodelpro- The sparse PL noise model can equivalently be expressed as a posedin8providesascalablealternativeobtainedbyimposingmore series of Pauli channels of the form Λ k ðρÞ=ðw k ρ+ð1("
Kim et al. - 2025 - Error mitigation with stabilized noise in superconducting quantum processors.pdf,Kim et al. (enhanced),partial,yes,weak,noise-model-mention,6,"edtobeofthe wherew k= 2 1ð1+expð(cid:3)2λ k ÞÞ.ThefactthatthesePaulichannelscom- formEðρÞ=exp½L(cid:2)ðρÞ,whereLrepresentsaLindbladian mute makes the noise model ideal for probabilistic error cancellation3,8, since each channel can be inverted independently. X Here, the inverse channel is non-physical, and the"
Kim et al. - 2025 - Error mitigation with stabilized noise in superconducting quantum processors.pdf,Kim et al. (enhanced),partial,yes,weak,noise-parameter,7,"rconductingquantum overhead.The sampling overheadis ausefulmetricconnectingthe devicesduetotrappedquasiparticles.Sci.Adv.6,eabc5055(2020). underlying noise strength to an experimental overhead for error 15. Carroll,M.,Rosenblatt,S.,Jurcevic,P.,Lauer,I.&Kandala,A. mitigation.Forinstance,wetrackthesamplingoverheadt"
Kiss et al. - 2025 - Quantum error mitigation for Fourier moment computation.pdf,Kiss et al.,yes,yes,strong,depolarizing,4,"t the same time 1 ≡p ðj0¯ i⊗j0iþjϕi⊗j1iÞ; ð16Þ removing part of the errors [43,73]. One can see this ffi2ffiffi directly by considering the effect of depolarizing noise, described by the channel whereBisthegroundstatepreparationcircuitjΨ 0i¼Bj0i andj0¯ i¼j0i ⊗n.Weremarkthatjϕicanalwaysbewritten p in the basis spanned"
Kiss et al. - 2025 - Quantum error mitigation for Fourier moment computation.pdf,Kiss et al.,yes,yes,strong,depolarizing,5,"¯ i; ð32Þ sample complexity due to the need to estimate the post- selectednoisyexpectationvaluewithanerrorP 0 ϵ,withP 0 which becomes (1−p) under the depolarizing channel. the probability of measuring the j0¯ i state (see [43] for a Thus, we can correct an even number of Trotter steps more detailed discussion). This pr"
Kiss et al. - 2025 - Quantum error mitigation for Fourier moment computation.pdf,Kiss et al.,yes,yes,strong,depolarizing,5,"Sincethisschemeassumesdepolarizingnoise,wemight Even if we only discussed the robustness of PEV for wonderhowitcanstillbeusefulonarealdevice,wherethe depolarizing noiseonecanshow that this strategycorrects noise is more complicated. In fact, it is important to make also different noise models. For instance Ref. [73]"
Kiss et al. - 2025 - Quantum error mitigation for Fourier moment computation.pdf,Kiss et al.,yes,yes,strong,depolarizing,8,"tationoperatorused Figure 1 displaysthe absolute error againstthe strength of in this work takes the form (cf. [17]) the noise model in the case of a depolarizing channel in panel(a)andascaledfakebackendfromqiskitinpanel(b). Oˆ ðq⃗ Þ¼Z 1þZ 3 : ð52Þ In the first case, the circuit consist of a single double Trotter step"
Kiss et al. - 2025 - Quantum error mitigation for Fourier moment computation.pdf,Kiss et al.,yes,yes,strong,depolarizing,18,"l ;l−Þ and ðν¯ l ;lþÞ Pascuzzi, Andre He, Christian W. Bauer, and Wibe A. inclusive scattering in 12C: Confronting the MiniBooNE de Jong, Mitigating depolarizing noise on quantum com- and T2K CCQE data, Phys. Rev. X 10, 031068 (2020). puterswithnoise-estimationcircuits,Phys.Rev.Lett.127, [27] J.CarlsonandR.Schiavill"
Kiss et al. - 2025 - Quantum error mitigation for Fourier moment computation.pdf,Kiss et al.,yes,yes,strong,Pauli-channel,5,"noise models. For instance Ref. [73] shows thenoiselookmoredepolarizing,usingtechniquessuchas that an orthogonal error channel is corrected from p to Pauli twirling and randomized compiling [49,50,77]. p2=ðMð1−p2 ÞÞ,wherepistheprobabilityofendinginto a subspace spanned by M orthogonal states. On the other D. C"
Kiss et al. - 2025 - Quantum error mitigation for Fourier moment computation.pdf,Kiss et al.,yes,yes,strong,Pauli-channel,9,"r step with τ ¼0.125. Error suppression and calibration techniques such as XY-8 dynamical decoupling [46,98–101], pulse efficient transpilation [47], Pauli twirling [49,50] with 16 samples, control mitigation [43] and readout error mitigation [102] are always included, except explicitly stated otherwise. Every"
Kiss et al. - 2025 - Quantum error mitigation for Fourier moment computation.pdf,Kiss et al.,yes,yes,strong,Pauli-channel,9,n important benefit of this strategy. can see a marginal improvement for the ODR strategy We asses the statistical compatibility of the noise- due to Pauli twirling. Note that twirling has no effect mitigated moments m with the noise-free expected values when the noise is depolarizing and only a negligible one
Kiss et al. - 2025 - Quantum error mitigation for Fourier moment computation.pdf,Kiss et al.,yes,yes,strong,Pauli-channel,12,"ained by the fluctuations of the device. TheODRstrategyislessreliable,asitbreaksdownonly aftertwodoublesteps,andhasalargervariance,especially without Pauli twirling. This is expected since, when the noise level is high, the division with (1−p) becomes unstable. To better understand this, we show the renorm- al"
Kiss et al. - 2025 - Quantum error mitigation for Fourier moment computation.pdf,Kiss et al.,yes,yes,strong,Pauli-channel,12,"the success of the protocol. The panel becomesunstableafter90CNOTgates,particularlywithout (b) shows the success probability Pð0¯ Þ of ending in the Paulitwirling,highlightinganinherentchallengerelatedto 034504-12"
Kiss et al. - 2025 - Quantum error mitigation for Fourier moment computation.pdf,Kiss et al.,yes,yes,strong,Pauli-channel,13,"was twirling, where the random single-qubit gates are taken obtained throughthe IBM QuantumHubat CERN. from the set of Pauli strings. In a nutshell, Pauli twirling effectively turns the noisy channel into a Pauli channel Views and opinions expressed are however those o th f os t e he of a C u E th R o N rs ,"
Kiss et al. - 2025 - Quantum error mitigation for Fourier moment computation.pdf,Kiss et al.,yes,yes,strong,Pauli-channel,13,"en obtained throughthe IBM QuantumHubat CERN. from the set of Pauli strings. In a nutshell, Pauli twirling effectively turns the noisy channel into a Pauli channel Views and opinions expressed are however those o th f os t e he of a C u E th R o N rs , I o B n M ly , t a h n e d Eu d r o ope n a o n t U n n e i"
Kiss et al. - 2025 - Quantum error mitigation for Fourier moment computation.pdf,Kiss et al.,yes,yes,strong,Pauli-channel,13,"note that ways to compute smaller Pauli sets have been proposed in Ref. [50]. APPENDIX A: ERROR SUPPRESSION Tailoring coherent errors into stochastic Pauli noise has several significant advantages, as explored in Ref. [49]: In this section, we provide more details on the error (i) The off-diagonal terms in the"
Kiss et al. - 2025 - Quantum error mitigation for Fourier moment computation.pdf,Kiss et al.,yes,yes,strong,Pauli-channel,13,"ng suppression strategies used to enhance the results of the fromcoherenterrorsissuppressed,leadingtosmaller experiments. error rate. (ii) Stochastic Pauli error only grows linearly with the 1. Control noise mitigation circuit depth, in contrast to coherent noise accumu- Classicalcontrol,includingmeasurements,"
Kiss et al. - 2025 - Quantum error mitigation for Fourier moment computation.pdf,Kiss et al.,yes,yes,strong,phase-damping,5,"anned by M orthogonal states. On the other D. Control reversal gates hand, Ref. [43] provides numerical experiments for depo- larizing, amplitude and phase damping channel, demon- Even if the CNOToverhead from the control operations stratingthattheerrordecreasesquadraticallywithp,inthe only scales linearly with"
Kiss et al. - 2025 - Quantum error mitigation for Fourier moment computation.pdf,Kiss et al.,yes,yes,strong,stochastic-noise,13,Randomized compiling Randomized compiling (RC) is a protocol aiming at We acknowledge useful conversations about the ODR turning coherent noise into stochastic noise by averaging schemewithR.Lewisintheearlydevelopmentstagesofthe over random equivalent circuits [49]. Stochasticity can present work. O.K. and M.G. ar
Kiss et al. - 2025 - Quantum error mitigation for Fourier moment computation.pdf,Kiss et al.,yes,yes,strong,stochastic-noise,13,"e to P. We note that ways to compute smaller Pauli sets have been proposed in Ref. [50]. APPENDIX A: ERROR SUPPRESSION Tailoring coherent errors into stochastic Pauli noise has several significant advantages, as explored in Ref. [49]: In this section, we provide more details on the error (i) The off-diagonal terms"
Kiss et al. - 2025 - Quantum error mitigation for Fourier moment computation.pdf,Kiss et al.,yes,yes,strong,stochastic-noise,13,"hannel coming suppression strategies used to enhance the results of the fromcoherenterrorsissuppressed,leadingtosmaller experiments. error rate. (ii) Stochastic Pauli error only grows linearly with the 1. Control noise mitigation circuit depth, in contrast to coherent noise accumu- Classicalcontrol,includingmeasure"
Kiss et al. - 2025 - Quantum error mitigation for Fourier moment computation.pdf,Kiss et al.,yes,yes,strong,noise-model-spec,9,"same quantities but using instead noisemodelfordifferenterrormitigationstrategy.Adepolarizing the operator decoherence renormalization strategy. ODR noise model is used in the upper panel (a), while in the bottom seems to be as effective as PEV in this case, even if the (b) we have a scaled fake backend from qis"
Kiss et al. - 2025 - Quantum error mitigation for Fourier moment computation.pdf,Kiss et al.,yes,yes,weak,noise-model-mention,5,"d d ec t o o he a r s en se c l e f-m re it n ig o a rm tio a n liz [ a 4 ti 5 o ] n , es s t t i r m at a e t g e y s the parameters of the assumed noise model and used it to hg X ai 0 ¼ T T rf r X fρ a ˜ 0 ρ˜ g 0g ¼ 1− 2 ð p 1 ð1 − þ pÞ jα R j e 2 f Þ α þ g 2 p n ð28Þ r P E e a q v u . e l r ( i t 2 o 3 t b"
Kiss et al. - 2025 - Quantum error mitigation for Fourier moment computation.pdf,Kiss et al.,yes,yes,weak,noise-model-mention,8,"nucleon f, ρ fðq⃗ kÞ the scheme. nucleondensitiesinmomentumspaceandr⃗ ithepositionof site i on the spatial lattice. The results shown in the next A. Noise model sections are obtained for only one possible momentum Before going to the real quantum computer, we test (P) transfer equal to q⃗ ¼π=ðLaÞð0;1Þ and usi"
Kiss et al. - 2025 - Quantum error mitigation for Fourier moment computation.pdf,Kiss et al.,yes,yes,weak,noise-model-mention,8,"e ↓ ¼1.InthePaulibasistheexcitationoperatorused Figure 1 displaysthe absolute error againstthe strength of in this work takes the form (cf. [17]) the noise model in the case of a depolarizing channel in panel(a)andascaledfakebackendfromqiskitinpanel(b). Oˆ ðq⃗ Þ¼Z 1þZ 3 : ð52Þ In the first case, the circuit co"
Kiss et al. - 2025 - Quantum error mitigation for Fourier moment computation.pdf,Kiss et al.,yes,yes,weak,noise-model-mention,9,"same quantities but using instead noisemodelfordifferenterrormitigationstrategy.Adepolarizing the operator decoherence renormalization strategy. ODR noise model is used in the upper panel (a), while in the bottom seems to be as effective as PEV in this case, even if the (b) we have a scaled fake backend from"
Kiss et al. - 2025 - Quantum error mitigation for Fourier moment computation.pdf,Kiss et al.,yes,yes,weak,noise-model-mention,13,"redresources,asboth (iii) RC is expected to work in symbiosis with ODR, circuit only requires half of the shot budget. This scheme since it turns the noise model into a depolarizing effectively mitigates classical control errors. channel, which can be mitigated using ODR. 034504-13"
Kiss et al. - 2025 - Quantum error mitigation for Fourier moment computation.pdf,Kiss et al.,yes,yes,weak,error-model-mention,5,"is important to make also different noise models. For instance Ref. [73] shows thenoiselookmoredepolarizing,usingtechniquessuchas that an orthogonal error channel is corrected from p to Pauli twirling and randomized compiling [49,50,77]. p2=ðMð1−p2 ÞÞ,wherepistheprobabilityofendinginto a subspace spanned by M o"
Kiss et al. - 2025 - Quantum error mitigation for Fourier moment computation.pdf,Kiss et al.,yes,yes,weak,error-model-mention,13,"has several significant advantages, as explored in Ref. [49]: In this section, we provide more details on the error (i) The off-diagonal terms in the error channel coming suppression strategies used to enhance the results of the fromcoherenterrorsissuppressed,leadingtosmaller experiments. error rate. (ii) Stocha"
Kiss et al. - 2025 - Quantum error mitigation for Fourier moment computation.pdf,Kiss et al.,yes,yes,weak,error-model-mention,18,"l nucleon-nucleon inter- [50] Z. Cai and S. Benjamin, Constructing smaller pauli actions, Phys. Rev. C 90, 064619 (2014). twirling sets for arbitrary error channels, Sci. Rep. 9, [34] J.E. Sobczyk, B. Acharya, S. Bacca, and G. Hagen, 1128 (2019). Abinitiocomputationofthelongitudinalresponsefunction [51] A.Rogger"
Kiss et al. - 2025 - Quantum error mitigation for Fourier moment computation.pdf,Kiss et al.,yes,yes,weak,fake-backend,9,"y. ODR noise model is used in the upper panel (a), while in the bottom seems to be as effective as PEV in this case, even if the (b) we have a scaled fake backend from qiskit, with noise off-diagonal terms have a larger variance. This can be parametersp∈½p 0×10−4;p 0(cid:2),p 0beingtherealisticcoefficient. expl"
Kiss et al. - 2025 - Quantum error mitigation for Fourier moment computation.pdf,Kiss et al.,yes,yes,weak,noise-parameter,5,"; ð29Þ which can be corrected by dividing by (1−p). The main 1þhg Z ai 0 2n idea is then to run a circuit with known expectation value and infer the noise parameter. For instance, since a back- where now the bias has been reduced by a factor Oð2−n Þ ward step cancels a forward step, we have depending on the main"
Kiss et al. - 2025 - Quantum error mitigation for Fourier moment computation.pdf,Kiss et al.,yes,yes,weak,noise-parameter,5,"nal noise-estimating circuit, with a reference initial state jψi, 1−p p 1−p P 0 ¼ 2 ð1þjαj 2 Þþ 2n > 2 ; ð30Þ ð33Þ which can become small for a large noise level. However, we empirically show that this probability remains above 0.08 for the experiments performed in this work. as Inthenoise-freeregime,theancill"
Kiss et al. - 2025 - Quantum error mitigation for Fourier moment computation.pdf,Kiss et al.,yes,yes,weak,noise-parameter,12,"rategyislessreliable,asitbreaksdownonly aftertwodoublesteps,andhasalargervariance,especially without Pauli twirling. This is expected since, when the noise level is high, the division with (1−p) becomes unstable. To better understand this, we show the renorm- alizationfactorasafunctionoftime(andofthenumberof T"
Krebsbach et al. - 2022 - Optimization of Richardson extrapolation for quantum error mitigation.pdf,Krebsbach et al.,partial,partial,weak,noise-model-mention,6,"0.5 1.0 1.5 2.0 0 |]n R[saiB| 1 Λ 4 0.100 0.010 Λ 32 0.001 Λ 256 10-4 10-5 10-6 0 2 4 6 8 10 n FIG. 5. Richardson extrapolation used on the Markovian noise model in Eq. (19). The bias is shown over the mini- mal noise strength λ for Λ = 8 and 64 and n = 5. The 0 spacingmethodsare: tiltedChebyshev(blue,solid),e"
Krebsbach et al. - 2022 - Optimization of Richardson extrapolation for quantum error mitigation.pdf,Krebsbach et al.,partial,partial,weak,noise-model-mention,6,"ly of n. We can observe that the bias can be significantly reduced by increasing n for all spacing methods except for the equidistant nodes. For this noise model, increasing n reduces the error by more than an order in magnitude. Interestingly, this is the case even if λ ≥ 1, (which is not shown here) 0 such t"
Krebsbach et al. - 2022 - Optimization of Richardson extrapolation for quantum error mitigation.pdf,Krebsbach et al.,partial,partial,weak,noise-model-mention,6,"vian noise (η = 0) andhighlynon-Markoviannoise(η =1). Amoredetailed descriptionofthisnoisemodelcanbefoundinAppendix B. Notice that, for this specific noise model, we have E∗ =cos(2)≈−0.416. In Fig. 7, we consider the presence of a small non- Markovian component, η = 0.1, and plot the bias of Rˆ n over n. In th"
Krebsbach et al. - 2022 - Optimization of Richardson extrapolation for quantum error mitigation.pdf,Krebsbach et al.,partial,partial,weak,noise-model-mention,7,"0-7 10-9 0 2 4 6 8 10 n  |]n R[saiB| 0.100 0.001 10-5 10-7 0.0 0.2 0.4 0.6 0.8 1.0 FIG. 7. Comparison of the bias of Richardson extrapolation on the noise model in Eq. (20) with η=0.1 and λ =0.4 for 0 different n. The overhead in measurements is Λ2 = 42,322 and 2562, respectively. Note that the smaller the bi"
Krebsbach et al. - 2022 - Optimization of Richardson extrapolation for quantum error mitigation.pdf,Krebsbach et al.,partial,partial,weak,noise-model-mention,7,"thout mitigation |Bias[Rˆ ]|. 0 toalowerbiasthann=4(solidlines). Forη →1thisis not true anymore, especially for small Λ. For the highly non-Markovian noise model, the derivatives |E(n+1)(ξ)| λ0 do not decrease (on average) when increasing n. From theconsiderationsinSectionIICwethereforeexpectthe mitigation res"
Krebsbach et al. - 2022 - Optimization of Richardson extrapolation for quantum error mitigation.pdf,Krebsbach et al.,partial,partial,weak,noise-model-mention,7,"ionIICwethereforeexpectthe mitigation result to worsen when n (cid:29) nˆ which is what can be observed in the plot. This confirms, that for a simple noise model, n should be chosen larger than nˆ whereas for more complex noise n should be chosen in proximity to nˆ. The full dependency of the bias on n for the"
Krebsbach et al. - 2022 - Optimization of Richardson extrapolation for quantum error mitigation.pdf,Krebsbach et al.,partial,partial,weak,noise-model-mention,11,") leading to a lower larger n. For Λ = 4 this is the case once n > 3 and for 0 n Λ = 32 for n > 6. This confirms, that for a complex minimum of C . n noise model, n should not be chosen too large. From Fig. 3 we can estimate that nˆ for Λ = 4, 32 and 256, are nˆ = 1, 2-3 and 5-6, respectively. For this specifi"
Krebsbach et al. - 2022 - Optimization of Richardson extrapolation for quantum error mitigation.pdf,Krebsbach et al.,partial,partial,weak,noise-model-mention,11,"large. From Fig. 3 we can estimate that nˆ for Λ = 4, 32 and 256, are nˆ = 1, 2-3 and 5-6, respectively. For this specific Appendix B: Non-Markovian noise model noise model it seems, that n ≈ 2nˆ is a good choice for n. The parameter Λ, on the other hand, should still be Thenon-Markoviannoisemodelwasderivedus"
Krebsbach et al. - 2022 - Optimization of Richardson extrapolation for quantum error mitigation.pdf,Krebsbach et al.,partial,partial,weak,noise-model-mention,11,"Fig. 3 we can estimate that nˆ for Λ = 4, 32 and 256, are nˆ = 1, 2-3 and 5-6, respectively. For this specific Appendix B: Non-Markovian noise model noise model it seems, that n ≈ 2nˆ is a good choice for n. The parameter Λ, on the other hand, should still be Thenon-Markoviannoisemodelwasderivedusingthe chose"
Krebsbach et al. - 2022 - Optimization of Richardson extrapolation for quantum error mitigation.pdf,Krebsbach et al.,partial,partial,weak,noise-model-mention,11,"λ (cid:17) + N ω M sin(τλ NM )sin(τω) (B2) 10-5 0 2 4 6 8 10 √ n where ω = 4+λ . For simplicity we chose τ = 1 NM which results in E∗ =cos(2) and the noise model in Eq. (20). Appendix C: Highly non-Markovian noise In the highly non-Markovian case, the mitigation be- havior can be more complex than for purely M"
Krebsbach et al. - 2022 - Optimization of Richardson extrapolation for quantum error mitigation.pdf,Krebsbach et al.,partial,partial,weak,noise-model-mention,11,"mitigation be- havior can be more complex than for purely Markovian  |]n R[saiB| FIG. 9. Comparison of the bias of Richardson extrapo- lation on the noise model in Eq. (20) with η = 0.9 and λ = 0.4 for different n. The overhead in measurements is 0 Λ2 = 42,322 and 2562, respectively. The different spacing met"
Krebsbach et al. - 2022 - Optimization of Richardson extrapolation for quantum error mitigation.pdf,Krebsbach et al.,partial,partial,weak,error-model-mention,1,"atedlyrunningthecircuit i 0 [9, 18]. We numerically verify our predictions on differ- at different boosted noise strengths λ ≥λ , we can thus i 0 ent error models, ranging from purely Markovian noise sample the noisy expectation value of a given observable tonon-Markoviannoise,whichcanplayasignificantrole as a"
Krebsbach et al. - 2022 - Optimization of Richardson extrapolation for quantum error mitigation.pdf,Krebsbach et al.,partial,partial,weak,noise-parameter,1,"itivity to er- fectiveness, however, depends non-trivially on the choice rorsandnoise. Whilefaulttolerancecanbetheoretically of the different boosted noise strengths λ [27, 28]. i achieved via quantum error correction (QEC) [1–5], its practical implementation comes with a large hardware overhead [6–8] that is out"
Krebsbach et al. - 2022 - Optimization of Richardson extrapolation for quantum error mitigation.pdf,Krebsbach et al.,partial,partial,weak,noise-parameter,1,"y resource for the realization of practi- theirnumber[29],thiswasonlyfeasiblefornomorethan cal applications in the present noisy intermediate-scale 4 noise levels, strongly limiting the mitigation capabili- quantum (NISQ) era [16]. tiesofRichardsonextrapolation. Weresolvethisissueby To date, a wide spectrum of"
Krebsbach et al. - 2022 - Optimization of Richardson extrapolation for quantum error mitigation.pdf,Krebsbach et al.,partial,partial,weak,noise-parameter,1,"hese discoveries nicely comple- popular approaches and relies on the possibility to tune ment the current literature, which mainly focuses on the the noise level λ of the quantum circuit above the small- linearspacingoftheλ andasmallnumberofnoiselevels estachievablevalueλ . Byrepeatedlyrunningthecircuit i 0 [9"
Krebsbach et al. - 2022 - Optimization of Richardson extrapolation for quantum error mitigation.pdf,Krebsbach et al.,partial,partial,weak,noise-parameter,1,"rofnoiselevels estachievablevalueλ . Byrepeatedlyrunningthecircuit i 0 [9, 18]. We numerically verify our predictions on differ- at different boosted noise strengths λ ≥λ , we can thus i 0 ent error models, ranging from purely Markovian noise sample the noisy expectation value of a given observable tonon-Markovia"
Krebsbach et al. - 2022 - Optimization of Richardson extrapolation for quantum error mitigation.pdf,Krebsbach et al.,partial,partial,weak,noise-parameter,2,"mial ap- Assume that ρ λ is the output state of an imperfect proximation. If E λ0 (x) is n+1 times continuously dif- QC, where λ is the dimensionless noise parameter that ferentiable on [0,x n ] then there exists a ξ ∈ [0,x n ] such indicates the level of noise in the QC. For this state the that expectation value"
Krebsbach et al. - 2022 - Optimization of Richardson extrapolation for quantum error mitigation.pdf,Krebsbach et al.,partial,partial,weak,noise-parameter,2,"n by C Bias[Rˆ ]=(−1)nE(n+1)(ξ) n . (7) n λ0 (n+1)! E =tr(ρ A). (1) λ λ E(n+1)(x)denotesthe(n+1)thderivativeofE (x)and Since the QC is imperfect, the noise level λ cannot be C λ0 = (cid:81)n x (see, e.g., Refs. [30, 38, 39]). λ0 decreased below some finite value λ >0 and the limit n j=0 j 0 Besides the error d"
Krebsbach et al. - 2022 - Optimization of Richardson extrapolation for quantum error mitigation.pdf,Krebsbach et al.,partial,partial,weak,noise-parameter,2,"he observable A as well as on the expected value Inthefollowing,weassumethatwecanarbitrarilychoose E (x ) and the density matrix ρ of the quantum the noise parameter λ=λ x where x∈[1,∞). λ0 j λ0xj 0 state. They are unknown quantities before the experi- TheideabehindRichardsonextrapolationistosample ment has been c"
Krebsbach et al. - 2022 - Optimization of Richardson extrapolation for quantum error mitigation.pdf,Krebsbach et al.,partial,partial,weak,noise-parameter,3,"fx thatleadstothe 1 Intheliterature,ithasbeennotedthatthenumbersof chosen Λ. Importantly, this can be done independently measurements N j for a given noise level λ 0 x j should be of n. The variance Var[Rˆ n ] is therefore independent of adjustedaccordingtotheirweightsγ inEq.(9)[18,28]. the number of nodes n a"
Krebsbach et al. - 2022 - Optimization of Richardson extrapolation for quantum error mitigation.pdf,Krebsbach et al.,partial,partial,weak,noise-parameter,6,"56 10-4 10-5 10-6 0 2 4 6 8 10 n FIG. 5. Richardson extrapolation used on the Markovian noise model in Eq. (19). The bias is shown over the mini- mal noise strength λ for Λ = 8 and 64 and n = 5. The 0 spacingmethodsare: tiltedChebyshev(blue,solid),extremal Chebyshev (yellow, dotted), exponential (green, dashed) a"
Krebsbach et al. - 2022 - Optimization of Richardson extrapolation for quantum error mitigation.pdf,Krebsbach et al.,partial,partial,weak,noise-parameter,6,"shown here) 0 such that this effect is not solely caused by a decrease of |E(n+1)(ξ)| with n. It seems that increasing n is advan- λ0 tageous for any noise strength if the noise is given by an exponentialdecay. Inpractice,thelimitationsmentioned inSectionIICrendern(cid:29)10impracticalformanyQEM applications. If"
Krebsbach et al. - 2022 - Optimization of Richardson extrapolation for quantum error mitigation.pdf,Krebsbach et al.,partial,partial,weak,gate-error,9,"am McArdle, Xiao Yuan, and Simon Ben- and Christian W. Bauer. Zero-noise extrapolation jamin. Error-mitigated digital quantum simulation. for quantum-gate error mitigation with identity inser- Phys. Rev. Lett., 122(18):180501, May 2019. doi: tions. Phys. Rev. A, 102:012426, July 2020. doi: 10.1103/PhysRevLett"
Kurita et al. - 2023 - Synergetic quantum error mitigation by randomized compiling and zero-noise extrapolation for the var.pdf,Kurita et al.,yes,yes,strong,Pauli-channel,1,"randomized compiling (RC) and zero-noise extrapolation (ZNE). Intuitively, randomized compiling turns coherent errors in the circuit into stochastic Pauli errors, which facilitates extrapolation to the zero-noise limit when evaluating the cost function. Our numerical simulation of VQE for small molecules show"
Kurita et al. - 2023 - Synergetic quantum error mitigation by randomized compiling and zero-noise extrapolation for the var.pdf,Kurita et al.,yes,yes,strong,Pauli-channel,5,"errors in our simulations [22]), or by twirling the noise on each noisy clock-cycle, which transforms it to an effective noise process described by a Pauli channel [21]. The latter method has the same effect as performing an exact average of 4nk circuits, where n is the number of qubits and k is the number of cl"
Kurita et al. - 2023 - Synergetic quantum error mitigation by randomized compiling and zero-noise extrapolation for the var.pdf,Kurita et al.,yes,yes,strong,Pauli-channel,8,"tivity is greatly reduced in our simulation of the infinite-randomization, infinite-shot limit, where each noise source is replaced by its associated Pauli channel under twirling, and the expected energy is computed exactly, see Figure 15 in the appendix. In this latter figure the variance is almost entirely eli"
Kurita et al. - 2023 - Synergetic quantum error mitigation by randomized compiling and zero-noise extrapolation for the var.pdf,Kurita et al.,yes,yes,strong,Pauli-channel,15,"e accuracy 2 2 1 1 2 1 of E∗(0). A.3 Randomized compiling As briefly described in Section 1, RC is a quantum error mitigation technique that utilizes Paulitwirling. Toexecuterandomizedcompilingproperly,wedescribetheoverallquantum operation U as Uρ = C D C D C ···C D C ρ (8) n n n−1 n−1 n−2 1 1 0 byemployingPa"
Kurita et al. - 2023 - Synergetic quantum error mitigation by randomized compiling and zero-noise extrapolation for the var.pdf,Kurita et al.,yes,yes,strong,Pauli-channel,15,"and compensation operation T′ posterior to D so that D = T D T′. When k k k k k k k we make a new quantum circuit equivalent to the original one with Pauli twirling, we can describe it as Uρ = C T D T′C T T D T′ C ···C T D T′C ρ n n n n n−1 n−1 n−1 n−1 n−1 n−2 1 1 1 1 0 = C′D C′ D C′ ···C′D C′ρ, (9) n n n−1 n−"
Kurita et al. - 2023 - Synergetic quantum error mitigation by randomized compiling and zero-noise extrapolation for the var.pdf,Kurita et al.,yes,yes,strong,Pauli-channel,16,"tude fluctuations among C ∈ C are k k negligible compared to the noise amplitudes of N ,··· ,N . D1 Dn We can similarly describe the noisy version of Pauli-twirled circuit (eq. (9)) as U˜PTρ = C′N N D C′ N ···C′N N D C′N ρ n C Dn n n−1 C 1 C D1 1 0 C = C T N N D T′C T N ···C T N N D T′C N ρ. (11) n n C Dn n n"
Kurita et al. - 2023 - Synergetic quantum error mitigation by randomized compiling and zero-noise extrapolation for the var.pdf,Kurita et al.,yes,yes,strong,Pauli-channel,16,"T k=n,...,1 T k ∈T This means that every noisy operator N N is twirled by T so that the noise corre- C D k k sponding to D is converted to stochastic Pauli noise. Although eq. (12) means applying k RC requires |T|n compiled circuits, we can obtain such effect with fewer compiled circuits [22, 23, 24] by sacrif"
Kurita et al. - 2023 - Synergetic quantum error mitigation by randomized compiling and zero-noise extrapolation for the var.pdf,Kurita et al.,yes,yes,strong,Pauli-channel,23,ion curve of LiH under over-rotation noise. Here randomized compiling is performed with infinite randomizations by replacing noise sources with their Pauli channel counterparts under twirling [21]. Reddiamonds(Greenstars)indicatethemedian(minimum)amongst35VQEtrialswithrandominitial points. Quantum 23 Accepted in
Kurita et al. - 2023 - Synergetic quantum error mitigation by randomized compiling and zero-noise extrapolation for the var.pdf,Kurita et al.,yes,yes,strong,Pauli-Lindblad,13,"[39] Ewout van den Berg, Zlatko K Minev, Abhinav Kandala, and Kristan Temme. “Prob- abilistic error cancellation with sparse Pauli-Lindblad models on noisy quantum pro- cessors”. Nature Physics 19, 1116–1121 (2023). Quantum 13 Accepted in 2023-10-04, click title to verify. Published under"
Kurita et al. - 2023 - Synergetic quantum error mitigation by randomized compiling and zero-noise extrapolation for the var.pdf,Kurita et al.,yes,yes,strong,stochastic-noise,1,"ues, namely randomized compiling (RC) and zero-noise extrapolation (ZNE). Intuitively, randomized compiling turns coherent errors in the circuit into stochastic Pauli errors, which facilitates extrapolation to the zero-noise limit when evaluating the cost function. Our numerical simulation of VQE for small molecule"
Kurita et al. - 2023 - Synergetic quantum error mitigation by randomized compiling and zero-noise extrapolation for the var.pdf,Kurita et al.,yes,yes,strong,stochastic-noise,2,"example, zero-noise extrapolation (ZNE) [10, 16, 17, 18] and prob- abilistic error cancellation (PEC) [17, 18, 19] are effective for mitigating Pauli-stochastic noise. The quantum subspace expansion (QSE) [9, 20] was suggested to mitigate errors in VQE, and was argued to be especially effective for mitigating the e"
Kurita et al. - 2023 - Synergetic quantum error mitigation by randomized compiling and zero-noise extrapolation for the var.pdf,Kurita et al.,yes,yes,strong,stochastic-noise,5,"omized compilations (we set N = 20 in our experiments, because we rand rand find this number to be sufficient for converting coherent errors to Pauli stochastic errors in our simulations [22]), or by twirling the noise on each noisy clock-cycle, which transforms it to an effective noise process described by a Pauli"
Kurita et al. - 2023 - Synergetic quantum error mitigation by randomized compiling and zero-noise extrapolation for the var.pdf,Kurita et al.,yes,yes,strong,stochastic-noise,10,"twirling effect of RC, in which coherent noise is converted to stochastic noise, resulting in a more linearized dependence of expectation values with gate infidelities, enabling ZNE to successfully extrapolate to the zero-noise l"
Kurita et al. - 2023 - Synergetic quantum error mitigation by randomized compiling and zero-noise extrapolation for the var.pdf,Kurita et al.,yes,yes,strong,stochastic-noise,16,"T1,...,Tn∈T k=n,...,1 T k ∈T This means that every noisy operator N N is twirled by T so that the noise corre- C D k k sponding to D is converted to stochastic Pauli noise. Although eq. (12) means applying k RC requires |T|n compiled circuits, we can obtain such effect with fewer compiled circuits [22, 23, 24] by"
Kurita et al. - 2023 - Synergetic quantum error mitigation by randomized compiling and zero-noise extrapolation for the var.pdf,Kurita et al.,yes,yes,strong,noise-model-spec,6,"tion interaction (FCI) method. The experimental curves are generated by classical simulation of a VQE algorithm on a noisy quantum computer. Here the noise model is the over-rotation model discussed in the main text, and the classical optimizer used is BOBYQA. of our numerical simulations, such as simulating meas"
Kurita et al. - 2023 - Synergetic quantum error mitigation by randomized compiling and zero-noise extrapolation for the var.pdf,Kurita et al.,yes,yes,strong,twirling,5,"nts, because we rand rand find this number to be sufficient for converting coherent errors to Pauli stochastic errors in our simulations [22]), or by twirling the noise on each noisy clock-cycle, which transforms it to an effective noise process described by a Pauli channel [21]. The latter method has the same"
Kurita et al. - 2023 - Synergetic quantum error mitigation by randomized compiling and zero-noise extrapolation for the var.pdf,Kurita et al.,yes,yes,strong,twirling,5,"more details. In our simulations noise affects only two-qubit gates, which are non-parameterized in our circuit ansatz. Hence we can pre-compute the twirled noise operators outside of the VQE loop, which significantly improves the runtime of the simulation. We present results using both methods and show that th"
Kurita et al. - 2023 - Synergetic quantum error mitigation by randomized compiling and zero-noise extrapolation for the var.pdf,Kurita et al.,yes,yes,strong,error-rate-value,18,"oth single-qubit gates and two-qubit gates. We assume four cases: (i) No single-qubit gate noise, (ii-iv) existance of single-qubit gate noises whose error rate is 1/10, 1/2, and 1/1 of that of entangling gate noises, respectively. We fixed the error rate of entangling gates to 10−3. We apply four error mitigation"
Kurita et al. - 2023 - Synergetic quantum error mitigation by randomized compiling and zero-noise extrapolation for the var.pdf,Kurita et al.,yes,yes,weak,noise-model-mention,4,"ted energy, ⟨ψ(θ)|H|ψ(θ)⟩, which can be computed efficiently on the quantum computer. See Appendix A.1 for more details. 2.2 Noise models We choose a noise model in which entangling gates are noisy and single-qubit gates are perfect. The motivation is that we are mainly concerned with simulating residual calib"
Kurita et al. - 2023 - Synergetic quantum error mitigation by randomized compiling and zero-noise extrapolation for the var.pdf,Kurita et al.,yes,yes,weak,noise-model-mention,6,"tion interaction (FCI) method. The experimental curves are generated by classical simulation of a VQE algorithm on a noisy quantum computer. Here the noise model is the over-rotation model discussed in the main text, and the classical optimizer used is BOBYQA. of our numerical simulations, such as simulating m"
Kurita et al. - 2023 - Synergetic quantum error mitigation by randomized compiling and zero-noise extrapolation for the var.pdf,Kurita et al.,yes,yes,weak,noise-model-mention,6,"e can be significantly mitigated by combining randomized compiling with zero-noise extrapolation. The magnitude of the error reduction depends on the noise model and strength. In our simulation, the energy error can be reduced by 1 – 2 orders of magnitude. In the simulations in Figures 4 and 5, the cost functi"
Kurita et al. - 2023 - Synergetic quantum error mitigation by randomized compiling and zero-noise extrapolation for the var.pdf,Kurita et al.,yes,yes,weak,noise-model-mention,17,"noise models In the main text, the simulation data with only coherent noises which are affected on entangling gates are shown. However, the realistic noise model can be including (i) single- qubit gate noise and (ii) incoherent noise. In this section, we examine how our error- mitigation protocol works in the"
Kurita et al. - 2023 - Synergetic quantum error mitigation by randomized compiling and zero-noise extrapolation for the var.pdf,Kurita et al.,yes,yes,weak,error-model-mention,2,"t critically, the accuracy of these methods depends on very strong, physically unmotivated or difficult-to-verify assumptions about the nature of the error model affecting the computation. Overcoming the latter limitation is another major motivation of the current work. Afewvariantsofquantumerrormitigationarek"
Kurita et al. - 2023 - Synergetic quantum error mitigation by randomized compiling and zero-noise extrapolation for the var.pdf,Kurita et al.,yes,yes,weak,error-model-mention,2,"hus it requires fewer circuit parameters and is less likely to exhibit a vanishing gradient in the error-free case [29]. In our simulations we use an error model in which single-qubit gates are perfect and two-qubit gates are noisy, where the noise is described by a small unitary error, possibly entangling the"
Kurita et al. - 2023 - Synergetic quantum error mitigation by randomized compiling and zero-noise extrapolation for the var.pdf,Kurita et al.,yes,yes,weak,error-model-mention,7,QE simulation results for the H molecule with the Powell optimizer. The figure shows the 2 energy errors for the energy errors for the four different error models and error mitigation strategies discussed in the text. The energy error is defined as E −E . Red diamonds (green stars) denote vqe exact median(mini
Kurita et al. - 2023 - Synergetic quantum error mitigation by randomized compiling and zero-noise extrapolation for the var.pdf,Kurita et al.,yes,yes,weak,error-model-mention,7,"ise suppression effect of RC. Adding ZNE to the simulations unleashes the full benefit of our error mitigation strategy, as shown for three different error models in Figures 6, 10 and 11, which demonstrate a remarkable restoration of the energy landscape by combining RC and ZNE. Our main results show significa"
Kurita et al. - 2023 - Synergetic quantum error mitigation by randomized compiling and zero-noise extrapolation for the var.pdf,Kurita et al.,yes,yes,weak,error-model-mention,19,"rs with the relaxation noise as well as the coherent crosstalk, both affected on entangling gates. We assume various ratios of contributions of these error models: (i) 100%-0%, (ii) 36%-64%, (iii) 10%-90%, (iv) 5%-95%. We fixed the overall error rate of entangling gates to 10−3. We apply four error mitigation"
Kurita et al. - 2023 - Synergetic quantum error mitigation by randomized compiling and zero-noise extrapolation for the var.pdf,Kurita et al.,yes,yes,weak,error-model-mention,20,on results Figure 9: VQE simulation results for the H molecule with the Powell optimizer. The figure shows the 2 energy errors for the four different error models and error mitigation strategies discussed in the text. The energy error is defined as E −E . Red diamonds (green stars) denote median (minimum) vqe
Kurita et al. - 2023 - Synergetic quantum error mitigation by randomized compiling and zero-noise extrapolation for the var.pdf,Kurita et al.,yes,yes,weak,gate-error,11,"ical review letters 119, 180509 (2017). [18] Andre He, Benjamin Nachman, Wibe A de Jong, and Christian W Bauer. “Zero-noise extrapolation for quantum-gate error mitigation with identity insertions”. Physical Review A 102, 012426 (2020). [19] Shuaining Zhang, Yao Lu, Kuan Zhang, Wentao Chen, Ying Li, Jing-Ning"
Kurita et al. - 2023 - Synergetic quantum error mitigation by randomized compiling and zero-noise extrapolation for the var.pdf,Kurita et al.,yes,yes,weak,gate-error,15,"Hamiltonian evolution eT−T† as a quantum operation circuit. A.2 Zero-noise extrapolation Here we provide an overview of ZNE [16, 17, 18]. Suppose the gate error rate is ϵ, and the expectation value calculated with the gate error ϵ is E(ϵ). We can magnify such gate error to rϵ (where r > 1) by lengthening the"
Kurita et al. - 2023 - Synergetic quantum error mitigation by randomized compiling and zero-noise extrapolation for the var.pdf,Kurita et al.,yes,yes,weak,gate-error,15,"-noise extrapolation Here we provide an overview of ZNE [16, 17, 18]. Suppose the gate error rate is ϵ, and the expectation value calculated with the gate error ϵ is E(ϵ). We can magnify such gate error to rϵ (where r > 1) by lengthening the duration of target operation or inserting operations equivalent to i"
Kurita et al. - 2023 - Synergetic quantum error mitigation by randomized compiling and zero-noise extrapolation for the var.pdf,Kurita et al.,yes,yes,weak,gate-error,15,"erview of ZNE [16, 17, 18]. Suppose the gate error rate is ϵ, and the expectation value calculated with the gate error ϵ is E(ϵ). We can magnify such gate error to rϵ (where r > 1) by lengthening the duration of target operation or inserting operations equivalent to identities (U†U) prior to the target operat"
LaRose et al. - 2022 - Error mitigation increases the effective quantum volume of quantum computers.pdf,LaRose et al.,partial,yes,strong,Pauli-Lindblad,3,", https://quantum-computing.ibm.com/. K. Temme, Probabilistic error cancellation with sparse [7] Y. Kim, C. J. Wood, T. J. Yoder, S. T. Merkel, J. M. Pauli-Lindblad models on noisy quantum processors, Gambetta, K. Temme, and A. Kandala, Scalable er- arXiv:2201.09866 [quant-ph] (2022), arXiv: 2201.09866. ror mitig"
LaRose et al. - 2022 - Error mitigation increases the effective quantum volume of quantum computers.pdf,LaRose et al.,partial,yes,weak,gate-error,4,") , (cid:15) de- 1Q CX M n √ ote, respectively, averages (over all qubits) of single-qubit Because of shot noise, each noisy expectation value E˜ j X gate errors, two-qubit CNOT gate errors, and readout can only be measured up to a statistical variance σ2 = j errors (p(0|1)+p(1|0))/2 accessed from [6]. E(E˜2)"
LaRose et al. - 2022 - Error mitigation increases the effective quantum volume of quantum computers.pdf,LaRose et al.,partial,yes,weak,gate-error,4,"ote, respectively, averages (over all qubits) of single-qubit Because of shot noise, each noisy expectation value E˜ j X gate errors, two-qubit CNOT gate errors, and readout can only be measured up to a statistical variance σ2 = j errors (p(0|1)+p(1|0))/2 accessed from [6]. E(E˜2)−[E(E˜ )]2, where E represen"
LaRose et al. - 2022 - Mitiq A software package for error mitigation on noisy quantum computers.pdf,LaRose et al.,partial,yes,strong,depolarizing,7,"rent values of the atomic distance (bond length). We simulate the experiment with and without error mitigation, assuming the presence of single-qubit depolarizing noise with error probability p = 0.05 (acting after each layer of gates). (a) Unmitigated (b) Mitigated (c) Noise strength p Figure 4: Unmitigated (a) and"
LaRose et al. - 2022 - Mitiq A software package for error mitigation on noisy quantum computers.pdf,LaRose et al.,partial,yes,strong,depolarizing,7,"section 4.2). Panel (c) quantifies the relative error of potential energy surfaces as the L distance kE (r)−E (r)k /kE (r)k for different (simulated) depolarizing noise strengths p. In 2 0 p 2 0 2 the previous formula, E is the ideal noiseless (p = 0) expectation value of the Hamiltonian, and r 0 denotes the inter-at"
LaRose et al. - 2022 - Mitiq A software package for error mitigation on noisy quantum computers.pdf,LaRose et al.,partial,yes,strong,depolarizing,8,"f O = |00ih00|, whose exact theo- retical value is zero. We also assume that each gate of the (simulated) backend is followed by local (single-qubit) depolarizing noise with error probability p = 0.1. Because of such noise, theunmitigatedexpectationvalueisnonzero(0.0622). However, afterusingMitiqto implement PEC, one"
LaRose et al. - 2022 - Mitiq A software package for error mitigation on noisy quantum computers.pdf,LaRose et al.,partial,yes,strong,depolarizing,9,"an ideal (noiseless) quantum computer, but there is a base noise level γ which prevents us from 0 doing so. For example, γ could be the strength of a depolarizing channel in the circuit. 0 The idea of zero-noise extrapolation is to compute hE(γ )i = hE(λ γ )i (2) i i 0 where(real)coefficientsλ ≥ 1scalethebasenoiseγ oft"
LaRose et al. - 2022 - Mitiq A software package for error mitigation on noisy quantum computers.pdf,LaRose et al.,partial,yes,strong,depolarizing,23,"servable (e.g., the blue curves in fig. 3) is known, then ZNE can produce good zero-noise estimates. This is the case for simple noise models such as depolarizing noise, but noise in actual quantum systems is more complicated and can produce different behavior than expected, e.g. fig. 3(b). In this case the performan"
LaRose et al. - 2022 - Mitiq A software package for error mitigation on noisy quantum computers.pdf,LaRose et al.,partial,yes,strong,depolarizing,32,"sityMatrixSimulator() 4 5 def executor( 6 circ: Circuit, 7 obs: cirq.PauliString, 8 noise: float = 0.01, 9 shots: int = 1024, 10 ) -> float: 11 # Add depolarizing noise to the circuit 12 noisy = circ.with_noise(cirq.depolarize(p=noise)) 13 14 # Do the sampling 15 psum = cirq.PauliSumCollector( 16 noisy, 17 obs, 18 sa"
LaRose et al. - 2022 - Mitiq A software package for error mitigation on noisy quantum computers.pdf,LaRose et al.,partial,yes,strong,depolarizing,32,21 22 # Return the expectation value 23 return psum.estimated_energy() Codeblock 32: Cirq executor function based on a density matrix simulation with depolarizing noise and sampling. The observable is defined via cirq.PauliString. Other noise models can be easily substituted into this executor by changing the channel
LaRose et al. - 2022 - Mitiq A software package for error mitigation on noisy quantum computers.pdf,LaRose et al.,partial,yes,strong,amplitude-damping,18,"Method 1: If the hardware noise model is well approximated by a simplified theoreti- cal quantum channel (e.g. depolarizing or amplitude damping), one can typically apply known analytical expressions to compute the quasi-probability representations of arbitrary gates [2]. Method 2: Assuming an"
LaRose et al. - 2022 - Mitiq A software package for error mitigation on noisy quantum computers.pdf,LaRose et al.,partial,yes,strong,noise-model-spec,11,"caling them. In principle this would require the detailed knowledge of the platform-dependent pulses and Hamiltonians, however, in Mitiq a simplified noise model is used instead. The simplified model is based on the fact that any unitary gate G can always be expressed as G = exp(−iH), for some constant Hamiltonia"
LaRose et al. - 2022 - Mitiq A software package for error mitigation on noisy quantum computers.pdf,LaRose et al.,partial,yes,strong,noise-model-spec,18,"Method 1: If the hardware noise model is well approximated by a simplified theoreti- cal quantum channel (e.g. depolarizing or amplitude damping), one can typically apply known analytical ex"
LaRose et al. - 2022 - Mitiq A software package for error mitigation on noisy quantum computers.pdf,LaRose et al.,partial,yes,weak,noise-model-mention,6,"bservable values obtained from dif- ferent inference techniques. Error bars show the standard deviation over fifty independent runs. Depending on the noise model as well as base noise level, different inference techniques can provide better zero-noise estimates. The aim of the experiments shown in fig. 3 is to"
LaRose et al. - 2022 - Mitiq A software package for error mitigation on noisy quantum computers.pdf,LaRose et al.,partial,yes,weak,noise-model-mention,11,"caling them. In principle this would require the detailed knowledge of the platform-dependent pulses and Hamiltonians, however, in Mitiq a simplified noise model is used instead. The simplified model is based on the fact that any unitary gate G can always be expressed as G = exp(−iH), for some constant Hamilto"
LaRose et al. - 2022 - Mitiq A software package for error mitigation on noisy quantum computers.pdf,LaRose et al.,partial,yes,weak,noise-model-mention,12,"o mention that gates are often directly defined in the parametric form of Eq. (4) as, for example, in the case of Pauli rotations. In this setting, a noise model approximately modeling calibration and control errors can be expressed with respect to the classical parameter θ. We can assume that the actual gate"
LaRose et al. - 2022 - Mitiq A software package for error mitigation on noisy quantum computers.pdf,LaRose et al.,partial,yes,weak,noise-model-mention,13,"ationwithglobalfoldingbypassingfold_globalasanoptional argument to execute_with_zne. The circuit and executor are as in section 2.2. Depending on the noise model of the quantum processor, using a different folding method may better scale the noise and lead to better results. To end the discussion on noise scal"
LaRose et al. - 2022 - Mitiq A software package for error mitigation on noisy quantum computers.pdf,LaRose et al.,partial,yes,weak,noise-model-mention,18,"Method 1: If the hardware noise model is well approximated by a simplified theoreti- cal quantum channel (e.g. depolarizing or amplitude damping), one can typically apply known analytical"
LaRose et al. - 2022 - Mitiq A software package for error mitigation on noisy quantum computers.pdf,LaRose et al.,partial,yes,weak,noise-model-mention,18,"lly apply known analytical expressions to compute the quasi-probability representations of arbitrary gates [2]. Method 2: Assuming an over-simplified noise model may be a bad approximation. In this case, the suggested approach is to perform the complete process tomography of a basis set of implementable noisy"
LaRose et al. - 2022 - Mitiq A software package for error mitigation on noisy quantum computers.pdf,LaRose et al.,partial,yes,weak,noisy-device-mention,4,ion which inputs a quantum circuit and returns the expectation value of an observable. Mitiq uses this function as an abstract interface of a generic noisy backend and we refer to it as an executor because it executes a quantum circuit. The signature of this function should be as follows: 1 def executor(circuit:
LaRose et al. - 2022 - Mitiq A software package for error mitigation on noisy quantum computers.pdf,LaRose et al.,partial,yes,weak,noisy-device-mention,16,"s available in Mitiq. Its workflow is schematically represented in fig. 6: a set of auxiliary cir- cuits are probabilistically sampled, executed on a noisy backend and, eventually, the noisy results are post-processed to infer an error-mitigated expectation value. In principle, this method can probabilistically"
LaRose et al. - 2022 - Mitiq A software package for error mitigation on noisy quantum computers.pdf,LaRose et al.,partial,yes,weak,noise-parameter,4,"ich executes the circuit and returns an expectation value. The execute_with_zne function uses the executor to evaluate the input circuit at different noise levels, extrapolates back to the zero-noise limit and then returns this value as an estimate of the noiseless observable. Figure 2 shows a high-level workf"
LaRose et al. - 2022 - Mitiq A software package for error mitigation on noisy quantum computers.pdf,LaRose et al.,partial,yes,weak,noise-parameter,6,"ry similar to the previous case of ZNE (shown in fig. 2) but, in this case, the noisy circuits are sampled probabilistically and executed at the base noise level of the underlying hardware (noise scaling is not used). The code examples shown in codeblock 4 to 7 demonstrate the main usage of Mitiq. Alternatives"
LaRose et al. - 2022 - Mitiq A software package for error mitigation on noisy quantum computers.pdf,LaRose et al.,partial,yes,weak,noise-parameter,6,"BM and Rigetti quantum computers. The blue curve shows theexpectationvalueh00|ρ|00i(whichshouldbe1foranoiselesscircuitwhereρ = |00ih00|) at different noise levels, and markers show mitigated observable values obtained from dif- ferent inference techniques. Error bars show the standard deviation over fifty inde"
LaRose et al. - 2022 - Mitiq A software package for error mitigation on noisy quantum computers.pdf,LaRose et al.,partial,yes,weak,noise-parameter,6,"om dif- ferent inference techniques. Error bars show the standard deviation over fifty independent runs. Depending on the noise model as well as base noise level, different inference techniques can provide better zero-noise estimates. The aim of the experiments shown in fig. 3 is to demonstrate how Mitiq can b"
LaRose et al. - 2022 - Mitiq A software package for error mitigation on noisy quantum computers.pdf,LaRose et al.,partial,yes,weak,noise-parameter,7,the presence of single-qubit depolarizing noise with error probability p = 0.05 (acting after each layer of gates). (a) Unmitigated (b) Mitigated (c) Noise strength p Figure 4: Unmitigated (a) and mitigated (b) energy surfaces of H . The mitigated energy surfaces use 2 zero-noise extrapolation with random local u
LaRose et al. - 2022 - Mitiq A software package for error mitigation on noisy quantum computers.pdf,LaRose et al.,partial,yes,weak,noise-parameter,7,"Panel (c) quantifies the relative error of potential energy surfaces as the L distance kE (r)−E (r)k /kE (r)k for different (simulated) depolarizing noise strengths p. In 2 0 p 2 0 2 the previous formula, E is the ideal noiseless (p = 0) expectation value of the Hamiltonian, and r 0 denotes the inter-atomic dist"
LaRose et al. - 2022 - Mitiq A software package for error mitigation on noisy quantum computers.pdf,LaRose et al.,partial,yes,weak,noise-parameter,8,"ed as a vertical green line. The circuit used in this example is shown in the inset. Figure 4(a) shows unmitigated energy surfaces at three different noise levels while fig. 4(b) shows the mitigated energy surfaces. To compute the mitigated curves, we use zero-noise extrapolation with random local unitary fold"
LaRose et al. - 2022 - Mitiq A software package for error mitigation on noisy quantum computers.pdf,LaRose et al.,partial,yes,weak,noise-parameter,9,"tum circuit and E† = E be an observable. We wish to estimate Tr[ρE] ≡ hEi as though we had an ideal (noiseless) quantum computer, but there is a base noise level γ which prevents us from 0 doing so. For example, γ could be the strength of a depolarizing channel in the circuit. 0 The idea of zero-noise extrapol"
LaRose et al. - 2022 - Mitiq A software package for error mitigation on noisy quantum computers.pdf,LaRose et al.,partial,yes,weak,noise-parameter,11,"counts equally in the folded circuit depth. However, this may not be a reasonable assumption for realistic hardware as different gates have different noise levels. Because of this, each folding function in Mitiq supports “folding by fidelity.” This works by passing an input dictionary of gate fidelities (eithe"
LaRose et al. - 2022 - Mitiq A software package for error mitigation on noisy quantum computers.pdf,LaRose et al.,partial,yes,weak,noise-parameter,13,"utput of a noisy computation. The main tasks of a factory are as follows: 1. Compute the expectation value by running an executor function at a given noise level, and record the result; 2. Determine the next noise level at which the expectation value should be computed; 3. Perform classical inference using the"
LaRose et al. - 2022 - Mitiq A software package for error mitigation on noisy quantum computers.pdf,LaRose et al.,partial,yes,weak,noise-parameter,13,"are as follows: 1. Compute the expectation value by running an executor function at a given noise level, and record the result; 2. Determine the next noise level at which the expectation value should be computed; 3. Perform classical inference using the history of noise levels and expectation values to compute"
LaRose et al. - 2022 - Mitiq A software package for error mitigation on noisy quantum computers.pdf,LaRose et al.,partial,yes,weak,noise-parameter,13,the result; 2. Determine the next noise level at which the expectation value should be computed; 3. Perform classical inference using the history of noise levels and expectation values to compute the zero-noise extrapolated value. The structure of a Factory is designed to account for adaptive fitting techniqu
LaRose et al. - 2022 - Mitiq A software package for error mitigation on noisy quantum computers.pdf,LaRose et al.,partial,yes,weak,noise-parameter,13,"ues to compute the zero-noise extrapolated value. The structure of a Factory is designed to account for adaptive fitting techniques in which the next noise level depends on the history of previous noise levels and expectation values. In Mitiq, (adaptive) fitting techniques in zero-noise extrapolation are repre"
LaRose et al. - 2022 - Mitiq A software package for error mitigation on noisy quantum computers.pdf,LaRose et al.,partial,yes,weak,noise-parameter,13,"e. The structure of a Factory is designed to account for adaptive fitting techniques in which the next noise level depends on the history of previous noise levels and expectation values. In Mitiq, (adaptive) fitting techniques in zero-noise extrapolation are represented by specific factory objects. All built-i"
LaRose et al. - 2022 - Mitiq A software package for error mitigation on noisy quantum computers.pdf,LaRose et al.,partial,yes,weak,noise-parameter,14,"tory 2 3 linear_factory = LinearFactory(scale_factors=[1.0, 2.0, 3.0]) Codeblock 15: Initializing a factory object. Here the scale_factors define the noise levels at which to compute expectation val- ues during zero-noise extrapolation. This factory can now be used as an argument in execute_with_zne as follows"
LaRose et al. - 2022 - Mitiq A software package for error mitigation on noisy quantum computers.pdf,LaRose et al.,partial,yes,weak,noise-parameter,19,antum circuit of interest. The learned model is used to mitigate the noisy expectation value hE(γ )i obtained with a quantum computer 0 with the base noise level γ . The mitigated expectation value hEimitigated is obtained using 0 the following procedure: 1. Construct the training circuits corresponding to sta
LaRose et al. - 2022 - Mitiq A software package for error mitigation on noisy quantum computers.pdf,LaRose et al.,partial,yes,weak,noise-parameter,19,"ord data regression (vnCDR) CDR can be generalized to enable learning the noise effects from near-Clifford training cir- cuits simulated at different noise levels λ . This approach is called variable noise Clifford l Accepted in Quantum 2022-07-17, click title to verify. Published under CC-BY 4.0. 19"
LaRose et al. - 2022 - Mitiq A software package for error mitigation on noisy quantum computers.pdf,LaRose et al.,partial,yes,weak,noise-parameter,20,"uit preparing the state ρ. The vnCDR procedure to obtain hEimitigated includes evaluation of the training circuits on a quantum computer at different noise rates λ γ and fitting a extrapolation model: l 0 1. Prepare the training circuits {ρtrain,i = 1,...,n} using Clifford substitutions, follow- i ing the sam"
LaRose et al. - 2022 - Mitiq A software package for error mitigation on noisy quantum computers.pdf,LaRose et al.,partial,yes,weak,noise-parameter,20,"valuate classically a noiseless expectation value of E, i y = Trρ E, and its noisy expectation values x using a quantum computer with i i i,l several noise rates λ γ , λ ≥ 1,l = 1,...,m. l 0 l 3. Fit the expectation values of the training circuits with a linear ansatz given by y = f(x ,x ,...,x ). Where 1 2 m"
Liao et al. - 2024 - Machine Learning for Practical Quantum Error Mitigation.pdf,Liao et al.,yes,yes,strong,depolarizing,12,12 SUPPLEMENTARY INFORMATION Appendix A: Depolarizing Noise We show here that the ideal expectation values of an observable Oˆ linearly depend on its noisy expectation values when the noisy channel of the circ
Liao et al. - 2024 - Machine Learning for Practical Quantum Error Mitigation.pdf,Liao et al.,yes,yes,strong,depolarizing,12,ion values of an observable Oˆ linearly depend on its noisy expectation values when the noisy channel of the circuit consists of successive layers of depolarizing channels. This is more general than the result shown in [16]. Consider l successive layers of unitaries each associated with a depolarizing channel with some
Liao et al. - 2024 - Machine Learning for Practical Quantum Error Mitigation.pdf,Liao et al.,yes,yes,strong,depolarizing,12,"layers of depolarizing channels. This is more general than the result shown in [16]. Consider l successive layers of unitaries each associated with a depolarizing channel with some rate p , the noisy l circuit acting on the input ρ, C˜(ρ), is written as C˜(ρ) = E (U E (U ...E (U ρU†)...U† )U†), where E (ρ) = l l l−1 l−"
Liao et al. - 2024 - Machine Learning for Practical Quantum Error Mitigation.pdf,Liao et al.,yes,yes,strong,Pauli-channel,17,"nducted to characterize the device’s noise profile for the given gate layer configuration. This characterization process hinges on the application of Pauli twirling [27, 28, 45], which simplifies the noise into a more manageable form, known as a stochastic Pauli channel. The same twirling procedure is also use"
Liao et al. - 2024 - Machine Learning for Practical Quantum Error Mitigation.pdf,Liao et al.,yes,yes,strong,Pauli-channel,17,"ation process hinges on the application of Pauli twirling [27, 28, 45], which simplifies the noise into a more manageable form, known as a stochastic Pauli channel. The same twirling procedure is also used in the mitigation stage of PEC to keep the noise in the learning and the mitigation as similar as possible."
Liao et al. - 2024 - Machine Learning for Practical Quantum Error Mitigation.pdf,Liao et al.,yes,yes,strong,Pauli-channel,18,"18 assumed to be of the form U˜ :=U Λ , with the ideal channel U (ρ)=U ρU†, and the stochastic Pauli noise channel i i i i i i Λ . The data of the learning experiments is used to fit a sparse model of Λ that is most likely to produce the data. i i The foll"
Liao et al. - 2024 - Machine Learning for Practical Quantum Error Mitigation.pdf,Liao et al.,yes,yes,strong,Pauli-channel,22,"learning,” Physical Review A 103 (2021). [42] Michael R. Geller and Zhongyuan Zhou, “Efficient error models for fault-tolerant architectures and the pauli twirling approximation,” Physical Review A 88, 012314 (2013). [43] AlexKendallandYarinGal,“Whatuncertaintiesdoweneedinbayesiandeeplearningforcomputervision"
Liao et al. - 2024 - Machine Learning for Practical Quantum Error Mitigation.pdf,Liao et al.,yes,yes,strong,Pauli-channel,22,"ntum noise - twirling 101,” (2022). [46] Senrui Chen, Yunchao Liu, Matthew Otten, Alireza Seif, Bill Fefferman, and Liang Jiang, “The learnability of pauli noise,” Nature Communications 14 (2023). [47] Andrew Wack, Hanhee Paik, Ali Javadi-Abhari, Petar Jurcevic, Ismael Faro, Jay M. Gambetta, and Blake R. John-"
Liao et al. - 2024 - Machine Learning for Practical Quantum Error Mitigation.pdf,Liao et al.,yes,yes,strong,Pauli-Lindblad,18,"el i i i i i i Λ . The data of the learning experiments is used to fit a sparse model of Λ that is most likely to produce the data. i i The following Pauli-Lindblad form is assumed: Λ (ρ):=exp[L ](ρ), (E1) i i which is sparse in the Lindblad L generator terms, defined according to the following canonical Lindblad"
Liao et al. - 2024 - Machine Learning for Practical Quantum Error Mitigation.pdf,Liao et al.,yes,yes,strong,Pauli-Lindblad,21,"ature 567, 491–495 (2019). [7] Ewout van den Berg, Zlatko K. Minev, Abhinav Kandala, and Kristan Temme, “Probabilistic error cancellation with sparse pauli-lindblad models on noisy quantum processors,” Nature Physics (2023). [8] Youngseok Kim, Christopher J. Wood, Theodore J. Yoder, Seth T. Merkel, Jay M. Gambett"
Liao et al. - 2024 - Machine Learning for Practical Quantum Error Mitigation.pdf,Liao et al.,yes,yes,strong,stochastic-noise,17,"characterization process hinges on the application of Pauli twirling [27, 28, 45], which simplifies the noise into a more manageable form, known as a stochastic Pauli channel. The same twirling procedure is also used in the mitigation stage of PEC to keep the noise in the learning and the mitigation as similar as p"
Liao et al. - 2024 - Machine Learning for Practical Quantum Error Mitigation.pdf,Liao et al.,yes,yes,strong,stochastic-noise,18,"18 assumed to be of the form U˜ :=U Λ , with the ideal channel U (ρ)=U ρU†, and the stochastic Pauli noise channel i i i i i i Λ . The data of the learning experiments is used to fit a sparse model of Λ that is most likely to produce the data. i i Th"
Liao et al. - 2024 - Machine Learning for Practical Quantum Error Mitigation.pdf,Liao et al.,yes,yes,strong,noise-model-spec,17,"by employing an error amplification sequence—reminiscent of those utilized in conventional device benchmarking—the required data for constructing the noise model is gathered. These learning circuits are iterated across various preparation and measurement bases, as well as different amplification factors, to ensur"
Liao et al. - 2024 - Machine Learning for Practical Quantum Error Mitigation.pdf,Liao et al.,yes,yes,strong,noise-model-spec,20,"ntallybycombiningZNEwiththenoiselearninganderrorinjectionofPECinto a method known as probabilistic error amplification (PEA) [9, 11]. The PEC–learned noise model is well suited for amplifying the noise in ZNE in a well-controlled and calibrated manner. Using the PEC notation introduced above, the scaled the i-th"
Liao et al. - 2024 - Machine Learning for Practical Quantum Error Mitigation.pdf,Liao et al.,yes,yes,weak,noise-model-mention,7,"First, better encoding strategies that incorporate other the focus of ML-QEM and its future developments is to information about the circuit and the noise model, such mimic the quality of state-of-the-art QEM approaches aspulseshapesandoutputcounts,mayleadtoevenmore butwithsubstantiallylessoverheadinbothtrain"
Liao et al. - 2024 - Machine Learning for Practical Quantum Error Mitigation.pdf,Liao et al.,yes,yes,weak,noise-model-mention,15,"anML-QEMmodeltrainedoncircuitsrunonadevice at one point in time may not perform well at another point in time and may require adaption to the drifted noise model on the device. Therefore, we explore whether an ML-QEM model can be fine-tuned for a different noise model and show that similar performance can be a"
Liao et al. - 2024 - Machine Learning for Practical Quantum Error Mitigation.pdf,Liao et al.,yes,yes,weak,noise-model-mention,15,"me and may require adaption to the drifted noise model on the device. Therefore, we explore whether an ML-QEM model can be fine-tuned for a different noise model and show that similar performance can be achieved with substantially less training data. In particular, we fine-tune an MLP and compare its learning"
Liao et al. - 2024 - Machine Learning for Practical Quantum Error Mitigation.pdf,Liao et al.,yes,yes,weak,noise-model-mention,15,"bstantially less training data. In particular, we fine-tune an MLP and compare its learning rate against RF. The MLP can be fine-tuned on a different noise model after they have been originally trained on a noise model. The fine-tuning is expected to require only a small number of additional samples—this is de"
Liao et al. - 2024 - Machine Learning for Practical Quantum Error Mitigation.pdf,Liao et al.,yes,yes,weak,noise-model-mention,15,ne an MLP and compare its learning rate against RF. The MLP can be fine-tuned on a different noise model after they have been originally trained on a noise model. The fine-tuning is expected to require only a small number of additional samples—this is demonstrated in Fig. 10 with the MLP trained on noise model
Liao et al. - 2024 - Machine Learning for Practical Quantum Error Mitigation.pdf,Liao et al.,yes,yes,weak,noise-model-mention,15,"noise model. The fine-tuning is expected to require only a small number of additional samples—this is demonstrated in Fig. 10 with the MLP trained on noise model A (FakeLima) and fine-tuned on noise model B (FakeBelem) which converges after ∼300 fine-tuning circuits. On the other hand, an MLP trained from scra"
Liao et al. - 2024 - Machine Learning for Practical Quantum Error Mitigation.pdf,Liao et al.,yes,yes,weak,noise-model-mention,15,"require only a small number of additional samples—this is demonstrated in Fig. 10 with the MLP trained on noise model A (FakeLima) and fine-tuned on noise model B (FakeBelem) which converges after ∼300 fine-tuning circuits. On the other hand, an MLP trained from scratch and tested on a noise model B shows a s"
Liao et al. - 2024 - Machine Learning for Practical Quantum Error Mitigation.pdf,Liao et al.,yes,yes,weak,noise-model-mention,15,"ne-tuned on noise model B (FakeBelem) which converges after ∼300 fine-tuning circuits. On the other hand, an MLP trained from scratch and tested on a noise model B shows a slower convergence after ∼ 500 training circuits, though both fine-tuning and training from scratch produce the same testing performance. W"
Liao et al. - 2024 - Machine Learning for Practical Quantum Error Mitigation.pdf,Liao et al.,yes,yes,weak,noise-model-mention,16,16 0.5 0.4 0.3 0.2 0.1 0.0 0 500 1000 1500 2000 Samples from noise model B B ledom esion no rorrE MLP trained on noise model A and fine-tuned on B RF trained (from scratch) on noise model B MLP trained (from scratch) on no
Liao et al. - 2024 - Machine Learning for Practical Quantum Error Mitigation.pdf,Liao et al.,yes,yes,weak,noise-model-mention,16,16 0.5 0.4 0.3 0.2 0.1 0.0 0 500 1000 1500 2000 Samples from noise model B B ledom esion no rorrE MLP trained on noise model A and fine-tuned on B RF trained (from scratch) on noise model B MLP trained (from scratch) on noise model B Fig. 10. Updating the ML-QEM models on t
Liao et al. - 2024 - Machine Learning for Practical Quantum Error Mitigation.pdf,Liao et al.,yes,yes,weak,noise-model-mention,16,"0 500 1000 1500 2000 Samples from noise model B B ledom esion no rorrE MLP trained on noise model A and fine-tuned on B RF trained (from scratch) on noise model B MLP trained (from scratch) on noise model B Fig. 10. Updating the ML-QEM models on the fly. Comparing the efficiency and performance of ML models,"
Liao et al. - 2024 - Machine Learning for Practical Quantum Error Mitigation.pdf,Liao et al.,yes,yes,weak,noise-model-mention,16,"el B B ledom esion no rorrE MLP trained on noise model A and fine-tuned on B RF trained (from scratch) on noise model B MLP trained (from scratch) on noise model B Fig. 10. Updating the ML-QEM models on the fly. Comparing the efficiency and performance of ML models, fine- tuned or trained from scratch, on a di"
Liao et al. - 2024 - Machine Learning for Practical Quantum Error Mitigation.pdf,Liao et al.,yes,yes,weak,noise-model-mention,16,"10. Updating the ML-QEM models on the fly. Comparing the efficiency and performance of ML models, fine- tuned or trained from scratch, on a different noise model. Noise model A represents FakeLima and noise model B represents FakeBelem. All training, fine-tuning, and testing circuits are 4-qubit 1D TFIM measur"
Liao et al. - 2024 - Machine Learning for Practical Quantum Error Mitigation.pdf,Liao et al.,yes,yes,weak,noise-model-mention,16,"the ML-QEM models on the fly. Comparing the efficiency and performance of ML models, fine- tuned or trained from scratch, on a different noise model. Noise model A represents FakeLima and noise model B represents FakeBelem. All training, fine-tuning, and testing circuits are 4-qubit 1D TFIM measured in a rando"
Liao et al. - 2024 - Machine Learning for Practical Quantum Error Mitigation.pdf,Liao et al.,yes,yes,weak,noise-model-mention,16,"g the efficiency and performance of ML models, fine- tuned or trained from scratch, on a different noise model. Noise model A represents FakeLima and noise model B represents FakeBelem. All training, fine-tuning, and testing circuits are 4-qubit 1D TFIM measured in a random Pauli basis for four weight-one obse"
Liao et al. - 2024 - Machine Learning for Practical Quantum Error Mitigation.pdf,Liao et al.,yes,yes,weak,noise-model-mention,16,"ting circuits are 4-qubit 1D TFIM measured in a random Pauli basis for four weight-one observables. The solid purple curve shows the testing error on noise model B of an MLP model originally trained on 2,200 circuits run on noise model A and fine-tuned incrementally with circuits run on noise model B. The dash"
Liao et al. - 2024 - Machine Learning for Practical Quantum Error Mitigation.pdf,Liao et al.,yes,yes,weak,noise-model-mention,16,"r weight-one observables. The solid purple curve shows the testing error on noise model B of an MLP model originally trained on 2,200 circuits run on noise model A and fine-tuned incrementally with circuits run on noise model B. The dashed purple curve shows the testing error on noise model B of another MLP mo"
Liao et al. - 2024 - Machine Learning for Practical Quantum Error Mitigation.pdf,Liao et al.,yes,yes,weak,noise-model-mention,16,"ng error on noise model B of an MLP model originally trained on 2,200 circuits run on noise model A and fine-tuned incrementally with circuits run on noise model B. The dashed purple curve shows the testing error on noise model B of another MLP model trained only on circuits from noise model B. The red curvesh"
Liao et al. - 2024 - Machine Learning for Practical Quantum Error Mitigation.pdf,Liao et al.,yes,yes,weak,noise-model-mention,16,200 circuits run on noise model A and fine-tuned incrementally with circuits run on noise model B. The dashed purple curve shows the testing error on noise model B of another MLP model trained only on circuits from noise model B. The red curveshowsthetestingerroronnoisemodelBofanRFmodeltrainedonlyoncircuitsfro
Liao et al. - 2024 - Machine Learning for Practical Quantum Error Mitigation.pdf,Liao et al.,yes,yes,weak,noise-model-mention,16,th circuits run on noise model B. The dashed purple curve shows the testing error on noise model B of another MLP model trained only on circuits from noise model B. The red curveshowsthetestingerroronnoisemodelBofanRFmodeltrainedonlyoncircuitsfromnoisemodelB.Allthreemethods converge with a small number of trai
Liao et al. - 2024 - Machine Learning for Practical Quantum Error Mitigation.pdf,Liao et al.,yes,yes,weak,noise-model-mention,16,"ngerroronnoisemodelBofanRFmodeltrainedonlyoncircuitsfromnoisemodelB.Allthreemethods converge with a small number of training/fine-tuning samples from noise model B. While the testing error of the fine-tuned andtrained-from-scratchMLPmodelsconverged,bothwereoutperformedbyatrained-from-scratchRFmodel. Thisprovid"
Liao et al. - 2024 - Machine Learning for Practical Quantum Error Mitigation.pdf,Liao et al.,yes,yes,weak,noise-model-mention,17,"by employing an error amplification sequence—reminiscent of those utilized in conventional device benchmarking—the required data for constructing the noise model is gathered. These learning circuits are iterated across various preparation and measurement bases, as well as different amplification factors, to en"
Liao et al. - 2024 - Machine Learning for Practical Quantum Error Mitigation.pdf,Liao et al.,yes,yes,weak,noise-model-mention,20,"ntallybycombiningZNEwiththenoiselearninganderrorinjectionofPECinto a method known as probabilistic error amplification (PEA) [9, 11]. The PEC–learned noise model is well suited for amplifying the noise in ZNE in a well-controlled and calibrated manner. Using the PEC notation introduced above, the scaled the i-"
Liao et al. - 2024 - Machine Learning for Practical Quantum Error Mitigation.pdf,Liao et al.,yes,yes,weak,error-model-mention,5,"it and better estimate the ground-state en- the fact that ML-QEM, without any knowledge of the ergy. This workflow is shown at the top of Fig. 5(b). error model, can outperform a popular error mitigation Error-mitigated VQE with traditional methods can be method used naively."
Liao et al. - 2024 - Machine Learning for Practical Quantum Error Mitigation.pdf,Liao et al.,yes,yes,weak,error-model-mention,22,"st in practice: Adversarial attacks on quantum machine learning,” Physical Review A 103 (2021). [42] Michael R. Geller and Zhongyuan Zhou, “Efficient error models for fault-tolerant architectures and the pauli twirling approximation,” Physical Review A 88, 012314 (2013). [43] AlexKendallandYarinGal,“Whatuncert"
Liao et al. - 2024 - Machine Learning for Practical Quantum Error Mitigation.pdf,Liao et al.,yes,yes,weak,noisy-device-mention,8,8 hope that the models in this work provide a sufficient starting point for practitioners of quantum computation with noisy devices to make informed decisions about the most suitable approach for their application. 1. Linear Regression Linearregressionisasimpleandinterpretablemet
Liao et al. - 2024 - Machine Learning for Practical Quantum Error Mitigation.pdf,Liao et al.,yes,yes,weak,fake-backend,12,"ab.I.Theyrepresenttypicaltohigh-enderrorstrengths in devices. The coherent CNOT error, injected as a CNOT over-rotational angle, is not native to the fake backends (representative of real devices using measured and calibrated model and noise parameters), and was added in cases where we tried to investigate the"
Liao et al. - 2024 - Machine Learning for Practical Quantum Error Mitigation.pdf,Liao et al.,yes,yes,weak,fake-backend,13,13 TABLE I. Average error parameters used in simulations. The error properties of the two fake backends used in the paper are averaged over the five qubits in each fake backend. Gate errors are reported in terms of average gate infidelity. For CNOT gat
Liao et al. - 2024 - Machine Learning for Practical Quantum Error Mitigation.pdf,Liao et al.,yes,yes,weak,fake-backend,13,"erage error parameters used in simulations. The error properties of the two fake backends used in the paper are averaged over the five qubits in each fake backend. Gate errors are reported in terms of average gate infidelity. For CNOT gates, we report contributions to the total average gate infidelity from inco"
Liao et al. - 2024 - Machine Learning for Practical Quantum Error Mitigation.pdf,Liao et al.,yes,yes,weak,noise-parameter,9,"s a robust, interpretable, in sparse Pauli operator representation, and optional non-linear decision tree-based model to perform QEM. device-specific noise parameters. We train a linear re- As an ensemble learning method, it employs bootstrap gression model that takes in these circuit-level features aggregating to"
Liao et al. - 2024 - Machine Learning for Practical Quantum Error Mitigation.pdf,Liao et al.,yes,yes,weak,noise-parameter,10,"rmance in ues from different noise models, it is interesting to inves- mitigating noisy expectation values, as evidenced by our tigate if setting the noise parameters encoded in GNN, experiments. However,itshouldbenotedthatMLPsare to the low-noise regime (e.g., setting encoded gate error also susceptible to overfi"
Liao et al. - 2024 - Machine Learning for Practical Quantum Error Mitigation.pdf,Liao et al.,yes,yes,weak,noise-parameter,10,"and interpret. A core aspect of our ML-QEM with GNN lies in data encoding, which consists of encoding quantum circuits, DATA AVAILABILITY and device noise parameters into graph structures suit- able for GNNs. Before data encoding, each quantum circuit is first transpiled into hardware-native gates that We make th"
Liao et al. - 2024 - Machine Learning for Practical Quantum Error Mitigation.pdf,Liao et al.,yes,yes,weak,noise-parameter,12,"injected as a CNOT over-rotational angle, is not native to the fake backends (representative of real devices using measured and calibrated model and noise parameters), and was added in cases where we tried to investigate the performance of the ML models under relatively strong coherent errors."
Liao et al. - 2024 - Machine Learning for Practical Quantum Error Mitigation.pdf,Liao et al.,yes,yes,weak,noise-parameter,17,"elativetothenumberofgateswithintheeffectivelightconeofthetargetobservable. Crucially,theexponent of this relationship is intricately dependent on the noise level and the effective operator velocity. In the following, we provide a more quantitative analysis. TABLE II. Comparison of quantum error mitigation meth"
Liao et al. - 2024 - Machine Learning for Practical Quantum Error Mitigation.pdf,Liao et al.,yes,yes,weak,noise-parameter,18,"learning protocol circuits, substantially reducing the cost of the learning per layer. Still, achieving satisfactory multiplicative precision for the noise parameters λ necessitates multiple points of noise amplification and the PEC k learningcircuitsareanon-negligiblecostingeneral. Moreover, itisworthnotingthatth"
Liao et al. - 2024 - Machine Learning for Practical Quantum Error Mitigation.pdf,Liao et al.,yes,yes,weak,noise-parameter,19,tion technique designed to infer noise-free ex- pectation values from data obtained from variations of a quantum circuit under deliberately increased noise levels. The method extrapolates these data to the (noise-free) zero-noise limit by assuming a relationship between the noise amplification factor applied t
Liao et al. - 2024 - Machine Learning for Practical Quantum Error Mitigation.pdf,Liao et al.,yes,yes,weak,noise-parameter,19,"n or calibration, operating under the primary assumption that the impact of the noise on the expectation values scales predictably with the amplified noise level. While the exact form of the dependence is not known, it is typically assumed to have an analytical form. In practice, one attempts a linear, polynom"
Liao et al. - 2024 - Machine Learning for Practical Quantum Error Mitigation.pdf,Liao et al.,yes,yes,weak,noise-parameter,19,"to what we observed more closely with PEC. This complexity arises from both the indeterminate functional form of the expectation value under unknown noise levels and the challenge of calibrating the M experimental noise amplification factors {λ }. Generally, the cost of ZNE is i anticipated to scale exponenti"
Liao et al. - 2024 - Machine Learning for Practical Quantum Error Mitigation.pdf,Liao et al.,yes,yes,weak,noise-parameter,19,"ical cost expression can be derived [48]. Consider the exponential extrapolation based on two noise amplification factors {ϵ,rϵ}, where ϵ is the base noise level of the target circuit and r is the amplification scale for a single noise amplification circuit. For an observable of interest Oˆ, the ZNE mitigated"
Liao et al. - 2024 - Machine Learning for Practical Quantum Error Mitigation.pdf,Liao et al.,yes,yes,weak,gate-error,3,"ate a diverse set of four-qubit ran- piling [7, 27–29]. Specific types of noise include incoher- domcircuitswithvaryingtwo-qubitgatedepths, uptoa ent gate errors, qubit decoherence, and readout errors. maximum of 18 with a step size of 2, as shown in the in- We train the ML-QEM models to mitigate the noisy ex"
Liao et al. - 2024 - Machine Learning for Practical Quantum Error Mitigation.pdf,Liao et al.,yes,yes,weak,gate-error,9,"0.81 5 7 Features X 0.81 5 7 Average ... d)GNN Circuit on device as a graph *Blue indicates rules or parameters that are fitted or trained Reset H SX Gate Error q 0 q 0 SX 0.001 Message RZ Zoom in Passing MLP q 0 Reset q 1 H q 1 CX q 1 Encode , T1 (us) T2 (us) c and q 200 150 0 X Fig. 7. Overview of the four"
Liao et al. - 2024 - Machine Learning for Practical Quantum Error Mitigation.pdf,Liao et al.,yes,yes,weak,gate-error,10,"tigate if setting the noise parameters encoded in GNN, experiments. However,itshouldbenotedthatMLPsare to the low-noise regime (e.g., setting encoded gate error also susceptible to overfitting in this context. close to zero and the encoded coherence times to some largevalue)allowstheGNNtoextrapolatetonearnois"
Liao et al. - 2024 - Machine Learning for Practical Quantum Error Mitigation.pdf,Liao et al.,yes,yes,weak,gate-error,10,"each node corresponds to an operation such as a gate. These CODE AVAILABILITY nodes are assigned vectors containing information about the gate type, gate errors, as well as the coherence times and readout errors of the qubits on which the gate oper- We make the source code for simulations and hard- ates. Add"
Liao et al. - 2024 - Machine Learning for Practical Quantum Error Mitigation.pdf,Liao et al.,yes,yes,weak,gate-error,13,"rameters used in simulations. The error properties of the two fake backends used in the paper are averaged over the five qubits in each fake backend. Gate errors are reported in terms of average gate infidelity. For CNOT gates, we report contributions to the total average gate infidelity from incoherent and c"
Liao et al. - 2024 - Machine Learning for Practical Quantum Error Mitigation.pdf,Liao et al.,yes,yes,weak,gate-error,13,"rties of the two fake backends used in the paper are averaged over the five qubits in each fake backend. Gate errors are reported in terms of average gate infidelity. For CNOT gates, we report contributions to the total average gate infidelity from incoherent and coherent errors. FakeLima FakeBelem T 61µs 80µs 1 Q"
Liao et al. - 2024 - Machine Learning for Practical Quantum Error Mitigation.pdf,Liao et al.,yes,yes,weak,gate-error,13,"bits in each fake backend. Gate errors are reported in terms of average gate infidelity. For CNOT gates, we report contributions to the total average gate infidelity from incoherent and coherent errors. FakeLima FakeBelem T 61µs 80µs 1 Qubit T 73µs 79µs 2 Readout 3.4×10−2 3.0×10−2 SX 4.4×10−4 4.1×10−4 Incoherent X"
Liu and Cai - 2025 - Quantum Error Mitigation for Sampling Algorithms.pdf,Liu & Cai,partial,partial,weak,noisy-device-mention,10,"f qubits energyE byrunningQPEmanytimesandselectingthe 0 smallest string. After that, the ground state property of It is resource-intensive to perform noisy simulations of some observable O can be obtained by simply measuring qubit numbers beyond the main text due to the limited |E ⟩⟨E |⊗O on the |ψ⟩ state after the"
Liu and Cai - 2025 - Quantum Error Mitigation for Sampling Algorithms.pdf,Liu & Cai,partial,partial,weak,gate-error,4,"a similar overhead as esti- rate), which is the product of the number of noisy gate matingthedistribution. Intheprocess,wealsoformalise M and the per gate error rate p, is given by Mp = 0.6. relations between post-selection QEM and other QEM, As discussed in [2], O(1) circuit fault rate is the regime highligh"
Lorenz et al. - 2025 - Systematic benchmarking of quantum computers status and recommendations.pdf,Lorenz et al.,partial,partial,weak,gate-error,14,"control hardware used with metrics such as the quantum volume, the may and likely will result in increasing system size. As such, coherence time, the gate fidelity etc. to estimating the re- volume per qubit may be an interesting number to track for sourcesusedbythealgorithmssuchase.g.,thelearningsteps the years"
Majumdar et al. - 2023 - Best Practices for Quantum Error Mitigation with Digital Zero-Noise Extrapolation.pdf,Majumdar et al.,yes,yes,strong,depolarizing,2,"ˆ†Uˆ )(Uˆ Uˆ†Uˆ ); see Fig. 3. For 1 1 1 2 2 2 3 3 3 fold in UˆUˆ†Uˆ, where Uˆ†Uˆ resolve to identity. Amplifying simple noise models, such as global depolarizing noise, these the noise digitally in this fashion, however, requires several two approaches should result in identical noise amplification. assumptions to h"
Majumdar et al. - 2023 - Best Practices for Quantum Error Mitigation with Digital Zero-Noise Extrapolation.pdf,Majumdar et al.,yes,yes,strong,depolarizing,3,"ndarddeviationof⟨Z⟩withnumberofshotsscalesas √ a partially folded circuits at each noise factor [17]. Here, we do Nshots (fitted curve) for different depolarization error probabilities. Although the sowiththeQiskitPrototypeforZNE[10],althoughadditional order of the scaling remains invariant with the error probability,"
Majumdar et al. - 2023 - Best Practices for Quantum Error Mitigation with Digital Zero-Noise Extrapolation.pdf,Majumdar et al.,yes,yes,strong,depolarizing,5,"Fig. 7, we demonstrate the importance of augmenting dZNE with readout error mitigation by comparing the performance of dZNE on a noisy simulator with depolarizing error and either with mitigated or unmitigated readout errors. For this experiment, we considered a depolarization noise with proba- bility 0.01 on each CN"
Majumdar et al. - 2023 - Best Practices for Quantum Error Mitigation with Digital Zero-Noise Extrapolation.pdf,Majumdar et al.,yes,yes,strong,depolarizing,5,"ce of dZNE on a noisy simulator with depolarizing error and either with mitigated or unmitigated readout errors. For this experiment, we considered a depolarization noise with proba- bility 0.01 on each CNOT gate, and a measurement error with p(0|1) = 0.02 and p(1|0) = 0.01; here p(i|j) denotes the probability of measu"
Majumdar et al. - 2023 - Best Practices for Quantum Error Mitigation with Digital Zero-Noise Extrapolation.pdf,Majumdar et al.,yes,yes,strong,depolarizing,5,"e outcome was actually j. At low depths, dZNE without readout mitigation performs comparatively worse for circuits run on a noisy simulator with both depolarizing noise and readout errors, and the gap between the readout mitigated and unmitigated cases shrinks with increasing depth as gate errors become the major sou"
Majumdar et al. - 2023 - Best Practices for Quantum Error Mitigation with Digital Zero-Noise Extrapolation.pdf,Majumdar et al.,yes,yes,strong,Pauli-channel,2,"eturns expectation values. Depicted QEM methods include digital zero-noise extrapolation (stages {B,I}), readout error mitigation (stages {C,H}), and Pauli twirling(stages{D,F}).Stages{A,E,G}comprisetheunmitigatedbasepipelinetowhichadditionalmitigationtechniquescanbeinjected.Arrowssignify functionalrequirement"
Majumdar et al. - 2023 - Best Practices for Quantum Error Mitigation with Digital Zero-Noise Extrapolation.pdf,Majumdar et al.,yes,yes,weak,noise-model-mention,2,"ext-dependent—our conclusions areagoodstartingpointandexpectedtobewidelyapplicable, but they are subject to change based on differences in the device noise model, the structure of the target circuit, the software implementation, and advancements in the theory of dZNE. Nonetheless, we anticipate that this effor"
Majumdar et al. - 2023 - Best Practices for Quantum Error Mitigation with Digital Zero-Noise Extrapolation.pdf,Majumdar et al.,yes,yes,weak,noise-model-mention,5,"pthincreasesandnoisygatesdominatethetotalerror. Z 0.10 0.08 0.06 Ideal 0.04 Noisy 1 5 10 15 20 ZNE w/o twirl Twirls ZNE w/ 20 twirls ESMR Fig. 8. The noise model of the device can be shaped to more closely adheretoassumptionsunderlyingzero-noiseextrapolationasatechniquefor quantumerrormitigation.Inparticular,c"
Majumdar et al. - 2023 - Best Practices for Quantum Error Mitigation with Digital Zero-Noise Extrapolation.pdf,Majumdar et al.,yes,yes,weak,noise-model-mention,6,"that a modest number of twirls are sufficient for the circuit and noise model considered here to converge. For instance, in the inset of Fig. 8, we find that only 10 twirls are sufficient. 0.5 Twirling also does not require a d"
Majumdar et al. - 2023 - Best Practices for Quantum Error Mitigation with Digital Zero-Noise Extrapolation.pdf,Majumdar et al.,yes,yes,weak,noise-parameter,2,"1 2 3 that the noise can be amplified digitally by “folding” each we refer to global folding (to a noise factor of 3 in this gate to reach a desired noise level. For instance, in the ideal case) as UˆUˆ†Uˆ = (Uˆ Uˆ Uˆ )(Uˆ†Uˆ†Uˆ†)(Uˆ Uˆ Uˆ ) and local 1 2 3 3 2 1 1 2 3 case, the noise of a target circuit Uˆ w"
Majumdar et al. - 2023 - Best Practices for Quantum Error Mitigation with Digital Zero-Noise Extrapolation.pdf,Majumdar et al.,yes,yes,weak,gate-error,2,"decomposingthegates to mitigate other sources of noise, such as measurement and into hardware-native digital gates. If amplification were to coherent gate errors. occurbeforetranspilation,thenitispossiblethatfoldingwould We benchmark with circuits for spin dynamics and run under- or over-represent the noise,"
Majumdar et al. - 2023 - Best Practices for Quantum Error Mitigation with Digital Zero-Noise Extrapolation.pdf,Majumdar et al.,yes,yes,weak,gate-error,4,"ts, we systematically find the best combination for 6-qubit brickwork circuits for spin dynamics with varying two-qubit depth (0 to 40), depolarizing gate error (0.1% to 4%), and 8,000 shots per noise factor. In Fig. 6 we plot the results as a “calibration phase diagram”. In (a), the noise- factors are 1, 3,"
Majumdar et al. - 2023 - Best Practices for Quantum Error Mitigation with Digital Zero-Noise Extrapolation.pdf,Majumdar et al.,yes,yes,weak,gate-error,4,"polator for 6-qubit brickwork circuits with increasing two-qubit gate depth and An important region of this calibration phase diagram is depolarizing gate error. The regions are linear (“L”), quadratic (“Q”), and toward the upper-right corner, marked as NF (no fit) in Fig. 6, mono-exponential (“E”) extrapolat"
Majumdar et al. - 2023 - Best Practices for Quantum Error Mitigation with Digital Zero-Noise Extrapolation.pdf,Majumdar et al.,yes,yes,weak,gate-error,5,"tor with both depolarizing noise and readout errors, and the gap between the readout mitigated and unmitigated cases shrinks with increasing depth as gate errors become the major source of error. Fig. 7. Readout error mitigation can be straightforward concatenated with dZNE. We plot the expectation value ⟨Z⟩"
Majumdar et al. - 2023 - Best Practices for Quantum Error Mitigation with Digital Zero-Noise Extrapolation.pdf,Majumdar et al.,yes,yes,weak,gate-error,5,"in the asymptotic removal of coherent error. InFig.8,wecomparetheresultsofdZNEwithandwithout twirling on a device with both depolarizing and coherent gate errors for the same circuit described in Fig. 7. Without twirling,themitigatedvaluesarehardlyimprovedwithdZNE, but with twirling, dZNE performs much better"
Majumdar et al. - 2023 - Best Practices for Quantum Error Mitigation with Digital Zero-Noise Extrapolation.pdf,Majumdar et al.,yes,yes,weak,gate-error,7,"e: [17] A. He, B. Nachman, W. A. de Jong, and C. W. https://link.aps.org/doi/10.1103/PhysRevA.105.022427 Bauer, “Zero-noise extrapolation for quantum-gate error [5] Y.LiandS.C.Benjamin,“Efficientvariationalquantum mitigation with identity insertions,” Physical Review simulator incorporating active error minim"
Mamedaliev et al. - 2026 - A framework to evaluate the performance of Variational Quantum Algorithms.pdf,Mamedaliev et al.,partial,no,none,,,
"Maupin et al. - 2024 - Error mitigation, optimization, and extrapolation on a trapped ion testbed.pdf",Maupin et al.,yes,yes,strong,depolarizing,3,"fit to the data using least-squares regression or some- rows to obtain an estimate of the expectation value of thing similar. In the case of a purely depolarizing noise each term in the Hamiltonian. These estimates are then model, the data will be best fit by an exponential decay combined with the coefficients of the"
"Maupin et al. - 2024 - Error mitigation, optimization, and extrapolation on a trapped ion testbed.pdf",Maupin et al.,yes,yes,strong,depolarizing,3,"iltonian to ob- [23]. As we generally expect that most noise models will tain an estimate of the energy expectation value for the have some amount of depolarizing noise, an exponential Hamiltonian [22]. The error on this estimate is obtained extrapolationisagoodstartingpointformostnoisescal- by standard error propaga"
"Maupin et al. - 2024 - Error mitigation, optimization, and extrapolation on a trapped ion testbed.pdf",Maupin et al.,yes,yes,strong,depolarizing,7,"is a bit more (cid:88) 1 (cid:18) n¯ (cid:19)n ρ(0)=ρ |n⟩⟨n|, (15) general, and can be applied to a wide variety of noise spin 1+n¯ 1+n¯ n including depolarizing noise and certain kinds of coher- ent gate errors, but may be ineffective for others such as where ρ describes the initial spin state, and |n⟩ is a spin ov"
"Maupin et al. - 2024 - Error mitigation, optimization, and extrapolation on a trapped ion testbed.pdf",Maupin et al.,yes,yes,strong,depolarizing,9,"achieve ideal MS gate performance in the noise-free ourdeviceexperiencesthesimplestnoisechannelofpure model,theRabirateΩisheldconstantandthedetuning depolarizing noise. This sort of noise is most amenable δ needs to be scaled by c i as well, δ′ = c i ∗δ. Although toextrapolationandismosteasilyscaledthroughsimple the"
"Maupin et al. - 2024 - Error mitigation, optimization, and extrapolation on a trapped ion testbed.pdf",Maupin et al.,yes,yes,strong,depolarizing,16,"ubit drift due to heating between Section VIA that the gates would primarily be subject experiments that would shift the noisy energy estimates. to a depolarizing channel. As a result, the noise scale These residuals (relative to the theoretical linear noise factor for gate insertion methods would scale exponen- scalin"
"Maupin et al. - 2024 - Error mitigation, optimization, and extrapolation on a trapped ion testbed.pdf",Maupin et al.,yes,yes,strong,depolarizing,17,"e the resulting noisy energies in the presence of finite sampling. We contend this is true in general for qubits with long coherence times and little depolarizing noise, such that they maintain the prepared state over the time scales of lengthened gate operations. This also showsthatdifferentnoisemitigationtechniques"
"Maupin et al. - 2024 - Error mitigation, optimization, and extrapolation on a trapped ion testbed.pdf",Maupin et al.,yes,yes,strong,depolarizing,18,"atzcir- Our time-stretching results will be relevant for other cuit, as we believe that the typical noise in the circuit trapped-ion systems, wherein depolarizing noise due to doesnotmeaningfullychangethelocationoftheoptimal interactions with an environment is not the dominant parameterforthisproblem. Limitingtheopti"
"Maupin et al. - 2024 - Error mitigation, optimization, and extrapolation on a trapped ion testbed.pdf",Maupin et al.,yes,yes,strong,noise-model-spec,7,"ecarriertransitionbetweenthe from variations in our laser parameters. One such error ground (|g⟩) and excited (|e⟩) spin states with splitting in our noise model is the expected variation of the laser ω , j indexes the two ions, η is the Lamb-Dicke pa- power parameter, modeled as a consistent 5% increase eg j ram"
"Maupin et al. - 2024 - Error mitigation, optimization, and extrapolation on a trapped ion testbed.pdf",Maupin et al.,yes,yes,weak,noise-model-mention,2,"grate extrapolation into a classical optimization routine. work. The fidelity is estimated as an upper bound by Then, in Section III, we discuss our noise model. The performing two MS(θ = π) gates and measuring the 2 following three Sections IV, V, VI outline different noise resulting probability of the |11⟩"
"Maupin et al. - 2024 - Error mitigation, optimization, and extrapolation on a trapped ion testbed.pdf",Maupin et al.,yes,yes,weak,noise-model-mention,6,"cy of Lastly are all the errors thought to be present in the de- method c first optimizing and then extrapolating. For a vice but not captured by our noise model, such as non- more complicated chemical system with a more complex Markovian effects or context-dependent errors which are energy landscape, we might"
"Maupin et al. - 2024 - Error mitigation, optimization, and extrapolation on a trapped ion testbed.pdf",Maupin et al.,yes,yes,weak,noise-model-mention,7,"ecarriertransitionbetweenthe from variations in our laser parameters. One such error ground (|g⟩) and excited (|e⟩) spin states with splitting in our noise model is the expected variation of the laser ω , j indexes the two ions, η is the Lamb-Dicke pa- power parameter, modeled as a consistent 5% increase eg j"
"Maupin et al. - 2024 - Error mitigation, optimization, and extrapolation on a trapped ion testbed.pdf",Maupin et al.,yes,yes,weak,noise-model-mention,8,"ligible C. Other Experimental Noise compared to the uncertainty in other model parameters. Forthetime-stretchedMS gates,weimplementdiffer- The IonSim noise model still leaves out other known entgatesbasedonthevalueofanoise-scalingparameter, sources of noise that are present in the physical device. c τ , which"
"Maupin et al. - 2024 - Error mitigation, optimization, and extrapolation on a trapped ion testbed.pdf",Maupin et al.,yes,yes,weak,noise-model-mention,8,"event leads and θ =−π/2 without errors, which we define as MS†. to coherent under rotations of gates within circuits. In We then construct the IonSim noise model by in- addition, fluctuations in the radio frequencies used to troducing errors into the R and MS gate simulations. create the potential well to trap"
"Maupin et al. - 2024 - Error mitigation, optimization, and extrapolation on a trapped ion testbed.pdf",Maupin et al.,yes,yes,weak,noise-model-mention,8,"sult in typical gate fi- the execution of gates. This error is not taken into ac- delities. Throughout this paper, we use the same error count in our noise model, and as such our experiments model for each gate in a quantum circuit, without in- ontheQSCOUTdevicemaydifferfromoursimulations. cluding non-Markovia"
"Maupin et al. - 2024 - Error mitigation, optimization, and extrapolation on a trapped ion testbed.pdf",Maupin et al.,yes,yes,weak,noise-model-mention,9,"e the time-stretch factor does not modify the magnitude techniques such as increasing the duration of our gates, of the physical errors in the IonSim noise model, this which will be the focus of this section. factor increases the sensitivity of the gate performance to errors due to the side effects it has on t"
"Maupin et al. - 2024 - Error mitigation, optimization, and extrapolation on a trapped ion testbed.pdf",Maupin et al.,yes,yes,weak,noise-model-mention,9,cuit useless. B. Time Stretch Simulation C. Time Stretch Experiment Webeginourinvestigationofthisnoisescalingmethod with simulations using the IonSim noise model. Though We began our experiments by similarly testing the ef- these simulations may not match the performance of the fectiveness of time-stretching v
"Maupin et al. - 2024 - Error mitigation, optimization, and extrapolation on a trapped ion testbed.pdf",Maupin et al.,yes,yes,weak,noise-model-mention,10,"t, but preliminary simulations with shorter durations showed increases in the energy FIG. 4. Simulation and Experiment — Comparison of error. For the noise model we used, this is equivalent to time-stretched extrapolation. Curves are shown in color, la- decreasing a second gate parameter called the motional be"
"Maupin et al. - 2024 - Error mitigation, optimization, and extrapolation on a trapped ion testbed.pdf",Maupin et al.,yes,yes,weak,noise-model-mention,16,"d extrapolation at that minimum is an artifact of zooming in on this particular region of parameter. The energy was estimated again using five θ. Our noise model includes a ∼ 5% over-rotation error noise scalings, again using 2000 samples per measure- in the angles of our MS gates, which is dramatically ment."
"Maupin et al. - 2024 - Error mitigation, optimization, and extrapolation on a trapped ion testbed.pdf",Maupin et al.,yes,yes,weak,noise-model-mention,16,"urements insofaraswearecapturingthatkindofnoiseinourscaled werethenextrapolatedtotwozeronoiseestimates,corre- circuit, but this coherent error in the noise model also spondingtoalinear(bluedashed)andquadratic(orange has the effect of changing the location of the minimum dot-dashed) least-squares fit to the dat"
"Maupin et al. - 2024 - Error mitigation, optimization, and extrapolation on a trapped ion testbed.pdf",Maupin et al.,yes,yes,weak,noise-model-mention,17,trapola- understandingofthekindsofnoisepresentinthesystem tion does not have a large effect on the resulting error in than we have access to with our noise model. A naive simulation. These different techniques all obtain energy application of a given noise scaling method may not im- estimateswithin2−5%ofthetru
"Maupin et al. - 2024 - Error mitigation, optimization, and extrapolation on a trapped ion testbed.pdf",Maupin et al.,yes,yes,weak,error-model-mention,6,"xtrapolated estimates. However, we are also interested duresasthetotalsamplingbudgetisincreased. Eachmethod in inverse modeling through our simulated error model, extrapolatedthefinalzeronoiseenergyestimateusingalinear which is tailored to match current observed properties fit from m = 4 noisy energies using C"
"Maupin et al. - 2024 - Error mitigation, optimization, and extrapolation on a trapped ion testbed.pdf",Maupin et al.,yes,yes,weak,error-model-mention,17,"of too many with34%errorsuppressioncomparedtotheunalteredcircuit. cancellingcoherenterrors,gate-basednoisescalingworks best. For devices with unknown error models or compli- Fit Linear Quadratic cated relationships between gate parameters and noise, Absolute Error −0.004±0.009 −0.085±0.017 this method may be b"
"Maupin et al. - 2024 - Error mitigation, optimization, and extrapolation on a trapped ion testbed.pdf",Maupin et al.,yes,yes,weak,noisy-device-mention,4,"e used in VQE. Extrapolation can increase the accu- a similar approach to extrapolating over optimized ener- racy of expectation values measured on a noisy device, gies, though it is further simplified. Instead of optimiz-"
"Maupin et al. - 2024 - Error mitigation, optimization, and extrapolation on a trapped ion testbed.pdf",Maupin et al.,yes,yes,weak,gate-error,1,"te performance through repeated calibration, wherein Such errors can dramatically impact the performance of gate parameters are optimized to maximize gate fidelity NISQalgorithmsifleftunchecked,astheycanpropagate or some other quality metric. This approach can greatly and compound throughout a circuit’s run-time"
"Maupin et al. - 2024 - Error mitigation, optimization, and extrapolation on a trapped ion testbed.pdf",Maupin et al.,yes,yes,weak,gate-error,2,ch Data Detuning Data Gate Insertion Data Two-Qubit Gate Estimated State Fidelity 98.62 ± 0.37 % 98.86 ± 1.11 % 98.79 ± 0.66 % Single-Qubit Estimated Gate Fidelity 99.24 ± 0.56 % 99.42 ± 0.96% 99.75 ± 0.68 % Qubit Frequency 12.643 GHz [11] Counterprop Coherence Time 22.2 ± 0.9 ms [11] Microwave Coherence Time 12
"Maupin et al. - 2024 - Error mitigation, optimization, and extrapolation on a trapped ion testbed.pdf",Maupin et al.,yes,yes,weak,gate-error,6,"ize each of them sep- rorsthatournoisemodelingtakesintoaccount. Weonly arately before extrapolating using their respective minima. focus on two-qubit gate errors, as our single qubit gates (c) Optimize an unstretched circuit to find a minimum and haveveryhighfidelities. Webelievethation-trapdevices thenextrap"
"Maupin et al. - 2024 - Error mitigation, optimization, and extrapolation on a trapped ion testbed.pdf",Maupin et al.,yes,yes,weak,gate-error,7,")=ρ |n⟩⟨n|, (15) general, and can be applied to a wide variety of noise spin 1+n¯ 1+n¯ n including depolarizing noise and certain kinds of coher- ent gate errors, but may be ineffective for others such as where ρ describes the initial spin state, and |n⟩ is a spin over-rotation. This discussion is expanded in"
"Maupin et al. - 2024 - Error mitigation, optimization, and extrapolation on a trapped ion testbed.pdf",Maupin et al.,yes,yes,weak,gate-error,8,"(i.e. γ = 0 and γ = π) to produce a spatiallyoutoftheindividualaddressingbeams, causing 0 1 ‘−XX’ interaction and achieve an MS gate with ϕ = π more gate errors. In particular, this kind of event leads and θ =−π/2 without errors, which we define as MS†. to coherent under rotations of gates within circuits. I"
"Maupin et al. - 2024 - Error mitigation, optimization, and extrapolation on a trapped ion testbed.pdf",Maupin et al.,yes,yes,weak,gate-error,11,"in the noisy energies themselves, as well as the x-error that operation, two MS gates are stacked to yield a |11⟩ derived from our uncertainty of the gate fidelity for dif- state; the square root of |11⟩ population then becomes ferent values of the detuning parameter. anestimatedupperboundforthefidelityofasingle"
"Maupin et al. - 2024 - Error mitigation, optimization, and extrapolation on a trapped ion testbed.pdf",Maupin et al.,yes,yes,weak,gate-error,11,"away each data point is from -15kHz and -7.5kHz. For larger detunings outside this the fit compared to the error bars of that point, also range, the gate fidelity asymptotes to the experimental known as the residual sum-of-squares: ideal of ∼ 98.5%, with little change in gate fidelity. On t a h s e a o fu th n"
"Maupin et al. - 2024 - Error mitigation, optimization, and extrapolation on a trapped ion testbed.pdf",Maupin et al.,yes,yes,weak,gate-error,11,"hat point, also range, the gate fidelity asymptotes to the experimental known as the residual sum-of-squares: ideal of ∼ 98.5%, with little change in gate fidelity. On t a h s e a o fu th n e c r tio si n de of o d f e t t h u i n s in r g an a g n e d , a t p h p e r g o a a t c e he fi s d t e h li e ty fid d"
"Maupin et al. - 2024 - Error mitigation, optimization, and extrapolation on a trapped ion testbed.pdf",Maupin et al.,yes,yes,weak,gate-error,11,"kHz gate, as this is where (17) 1 gate performance begins to noticeably suffer. A plot of Where n is the total number of data points, x i and y i the gate fidelity estimate versus detuning parameter is are the x and y-positions of the data points respectively, shown in FIG. 5. each with error σ xi or σ yi , and"
"Maupin et al. - 2024 - Error mitigation, optimization, and extrapolation on a trapped ion testbed.pdf",Maupin et al.,yes,yes,weak,gate-error,20,", Stanislaw A Kucharski, and Jozef and Christian W. Bauer. Zero-noise extrapolation Noga. Alternativecoupled-clusteransa¨tzeii.theunitary for quantum-gate error mitigation with identity inser- coupled-clustermethod.Chemicalphysicsletters,155(1): tions. Phys. Rev. A, 102:012426, Jul 2020. doi: 133–140, 1989. 1"
"Maupin et al. - 2024 - Error mitigation, optimization, and extrapolation on a trapped ion testbed.pdf",Maupin et al.,yes,yes,weak,gate-error,21,"ation val- ues. Nature Physics, pages 1–8, 2023. [45] Leanghok Hour, Myeongseong Go, and Youngsun Han. Improving Zero-noise Extrapolation for Quantum-gate Error Mitigation using a Noise-aware Folding Method. arXiv preprint arXiv:2401.12495, 1 2024. Appendix A: VQE Convergence In Figure 13, we show plots of th"
McDonough et al. - 2022 - Automated quantum error mitigation based on probabilistic error reduction.pdf,McDonough et al.,yes,yes,strong,depolarizing,5,"nt a software package to automate the On the other hand, when ξ → ∞, Λ(ξ) approaches maximal implementation of PER, from tomography to extrapolation. depolarizing noise, which maps every density matrix to the Our first attempt at such an automated framework is an identity.Lastly,theproductformofthispartialinverseensu"
McDonough et al. - 2022 - Automated quantum error mitigation based on probabilistic error reduction.pdf,McDonough et al.,yes,yes,strong,Pauli-channel,1,"timplementsarecentlydevelopedPaulinoise the noise. Using the linearity of the expectation value, one tomography (PNT) technique for learning a sparse Pauli noise can then express any ideal value without bias in terms of model and exploits a Pauli noise scaling method to carry out PER. We also provide software"
McDonough et al. - 2022 - Automated quantum error mitigation based on probabilistic error reduction.pdf,McDonough et al.,yes,yes,strong,Pauli-channel,1,"alue, one tomography (PNT) technique for learning a sparse Pauli noise can then express any ideal value without bias in terms of model and exploits a Pauli noise scaling method to carry out PER. We also provide software tools that leverage a previously values obtained from instances of circuits with noisy gate"
McDonough et al. - 2022 - Automated quantum error mitigation based on probabilistic error reduction.pdf,McDonough et al.,yes,yes,strong,Pauli-channel,2,"]. volving PNT or GST, whose results are used to generate The second method we implement is a recently proposed sampled PER circuits via canonical or Pauli noise scaling. scheme for efficient benchmarking of a Pauli-twirled noise The circuits are executed with a user-specified interface to channel and a techni"
McDonough et al. - 2022 - Automated quantum error mitigation based on probabilistic error reduction.pdf,McDonough et al.,yes,yes,strong,Pauli-channel,2,"e second method we implement is a recently proposed sampled PER circuits via canonical or Pauli noise scaling. scheme for efficient benchmarking of a Pauli-twirled noise The circuits are executed with a user-specified interface to channel and a technique for sampling from the noise inverse, a quantum backend,"
McDonough et al. - 2022 - Automated quantum error mitigation based on probabilistic error reduction.pdf,McDonough et al.,yes,yes,strong,Pauli-channel,2,"ome this restriction, 2) We provide a Python package implementing the combined Mari et al. developed probabilistic error reduction (PER) [5], PNT and Pauli noise scaling method as part of the general wherein the noise is only partially mitigated rather than automated PER framework. The software automates all s"
McDonough et al. - 2022 - Automated quantum error mitigation based on probabilistic error reduction.pdf,McDonough et al.,yes,yes,strong,Pauli-channel,2,"rking technique for extracting a sparse Pauli detail the developed software package for automated quantum noise model [9], [10], which we refer to as Pauli noise errormitigationbasedonPNTandPaulinoisescalingtoapply tomography (PNT). GST is implemented using the software PER combined with vZNE for mitigation. F"
McDonough et al. - 2022 - Automated quantum error mitigation based on probabilistic error reduction.pdf,McDonough et al.,yes,yes,strong,Pauli-channel,2,"ticerrorcancellation noiseless unitary superoperators G as i PER Probabilisticerrorreduction (cid:88) GST Gatesettomography G i = η α,i O α . (1) PNT Paulinoisetomography vZNE virtualZero-NoiseExtrapolation α QPD Quasi-probabilitydistribution Using the previously developed technique of canonical noise TABLE I"
McDonough et al. - 2022 - Automated quantum error mitigation based on probabilistic error reduction.pdf,McDonough et al.,yes,yes,strong,Pauli-channel,3,"ate set to below three. An avenue for future work is to sampling costs (see Fig. 2). explore variants of GST protocols capable of characterizing III. PAULINOISETOMOGRAPHYANDPROBABILISTIC noiseinlargerdevices[8],[14].Thisistypicallymadepossible ERRORREDUCTION by placing stronger assumptions on the locality of"
McDonough et al. - 2022 - Automated quantum error mitigation based on probabilistic error reduction.pdf,McDonough et al.,yes,yes,strong,Pauli-channel,3,"noise char- duetotheuntrackedlevelofcrosstalkinthedevice[15],[16]. acterization protocol based on cycle benchmarking [9], [10], which we refer to as Pauli noise tomography (PNT). This technique involves applying a Pauli twirl surrounding the B. Canonical noise scaling and vZNE Clifford entangling gates contai"
McDonough et al. - 2022 - Automated quantum error mitigation based on probabilistic error reduction.pdf,McDonough et al.,yes,yes,strong,Pauli-channel,3,"]. acterization protocol based on cycle benchmarking [9], [10], which we refer to as Pauli noise tomography (PNT). This technique involves applying a Pauli twirl surrounding the B. Canonical noise scaling and vZNE Clifford entangling gates contained in layers of the circuit. Noise characterization is only the"
McDonough et al. - 2022 - Automated quantum error mitigation based on probabilistic error reduction.pdf,McDonough et al.,yes,yes,strong,Pauli-channel,3,"first step for noise- This has been shown to convert an arbitrary noise channel sensitive quantum error mitigation. To proceed, we first con- into a Pauli channel [9], [10], [17]. The resulting Pauli vert the PTMs of the noisy gate operations obtained from fidelitiescharacterizethetwirlednoise.PNTisabletoachiev"
McDonough et al. - 2022 - Automated quantum error mitigation based on probabilistic error reduction.pdf,McDonough et al.,yes,yes,strong,Pauli-channel,4,A. Pauli noise tomography The advantage of PNT is its ability to capture correlated noise with low algorithmic complexity. The method works by decomposing circuits
McDonough et al. - 2022 - Automated quantum error mitigation based on probabilistic error reduction.pdf,McDonough et al.,yes,yes,strong,Pauli-channel,4,"ized by the fidelities f , which are the diagonal elements of the Pauli a transfer matrix: 1 (cid:16) (cid:17) Pn f = Tr P Λ (P ) . (5) a d a a For a Pauli channel, these fidelities can be easily measured. If |+⟩ is a +1 eigenstate of P , then we observe a a 1 (cid:16) (cid:17) (cid:16) (cid:17) Pn Pn Tr P Λ (P"
McDonough et al. - 2022 - Automated quantum error mitigation based on probabilistic error reduction.pdf,McDonough et al.,yes,yes,strong,Pauli-channel,4,"In ⟨Z⟩ after application of a noisy X gate to |0⟩. This was a a a a the most general case, there are still exponentially many simulated for a random Pauli noise model chosen to have fidelities f requiring measurement. Under the assumption a an overhead matching that obtained from GST on the Rigetti that noise"
McDonough et al. - 2022 - Automated quantum error mitigation based on probabilistic error reduction.pdf,McDonough et al.,yes,yes,strong,Pauli-channel,4,"√ representation algorithm and applying canonical noise scaling λ P arechosentobeonlythosePauliswhichhavesupport k k or from partially inverting the Pauli noise model Λ obtained on neighboring qubits [10]. It can be shown that the noise from PNT (discussed in detail in Sec. III-A). channel, written as a super"
McDonough et al. - 2022 - Automated quantum error mitigation based on probabilistic error reduction.pdf,McDonough et al.,yes,yes,strong,Pauli-channel,4,"(discussed in detail in Sec. III-A). channel, written as a superoperator, assumes the following form: (cid:89) Λ= (w I+(1−w )P ), (8) k k k a sparse Pauli noise model, PEC circuits can be generated k using an efficient procedure to sample from the inverse of the noise channel [10]. We here extend this approac"
McDonough et al. - 2022 - Automated quantum error mitigation based on probabilistic error reduction.pdf,McDonough et al.,yes,yes,strong,Pauli-channel,5,"etitionofidentical circuit layers also exhibit a constant scaling in the depth of the circuit. In Fig. 3 we show PNT results for a randomly generated Pauli noise model. Since Pauli twirling is shown to convert arbitrary noise into Pauli noise, this efficacy extends to more realisticnoisemodelsaswell.Weobservee"
McDonough et al. - 2022 - Automated quantum error mitigation based on probabilistic error reduction.pdf,McDonough et al.,yes,yes,strong,Pauli-channel,5,"t layers also exhibit a constant scaling in the depth of the circuit. In Fig. 3 we show PNT results for a randomly generated Pauli noise model. Since Pauli twirling is shown to convert arbitrary noise into Pauli noise, this efficacy extends to more realisticnoisemodelsaswell.Weobserveexcellentagreement between"
McDonough et al. - 2022 - Automated quantum error mitigation based on probabilistic error reduction.pdf,McDonough et al.,yes,yes,strong,Pauli-channel,5,"the circuit. In Fig. 3 we show PNT results for a randomly generated Pauli noise model. Since Pauli twirling is shown to convert arbitrary noise into Pauli noise, this efficacy extends to more realisticnoisemodelsaswell.Weobserveexcellentagreement between the simulated fidelities and the fidelities obtained vi"
McDonough et al. - 2022 - Automated quantum error mitigation based on probabilistic error reduction.pdf,McDonough et al.,yes,yes,strong,Pauli-channel,5,"generatedPaulinoisemodelcomposedwith usinganon-negativeleastsquaresalgorithm,yieldingasparse an amplitude damping noise channel with p = 0.01. We use Pauli noise model parametrized by λ (or equivalently w ). k k 32samplesforthePaulitwirlandrundifferentcircuitsdepths for250shotseach.Panel(a)showsthatthefidelity"
McDonough et al. - 2022 - Automated quantum error mitigation based on probabilistic error reduction.pdf,McDonough et al.,yes,yes,strong,Pauli-channel,5,y λ (or equivalently w ). k k 32samplesforthePaulitwirlandrundifferentcircuitsdepths for250shotseach.Panel(a)showsthatthefidelitypairsf f′ B. Partial Pauli noise inversion a a of all Pauli operators on two qubits decay exponentially with We incorporate PNT into the PER error mitigation frame- circuit depth. Th
McDonough et al. - 2022 - Automated quantum error mitigation based on probabilistic error reduction.pdf,McDonough et al.,yes,yes,strong,Pauli-channel,5,fthispartialinverseensures object-oriented interface written in Python automating the thatthismethodretainstheefficientsamplingfromtheinverse PNT and Pauli noise scaling process. The chief goal of this 87 Authorized licensed use limited to: Ostbayerische Technische Hochschule Regensburg. Downloaded on February
McDonough et al. - 2022 - Automated quantum error mitigation based on probabilistic error reduction.pdf,McDonough et al.,yes,yes,strong,Pauli-channel,6,t any conversion. Currently 6: Multiply α by γ(ξ) only the Qiskit interface has been implemented. l 7: if P k was sampled then 8: Multiply α by −1 A. Pauli Noise Tomography software tools 9: end if 10: Compose sampled operator into circuit ThemethodusedforPNTisdescribedinRef.[10].Tobegin 11: end for the proces
McDonough et al. - 2022 - Automated quantum error mitigation based on probabilistic error reduction.pdf,McDonough et al.,yes,yes,strong,Pauli-channel,7,B gates change from the computational basis into the Pauli a the expected data for each term in the sparse model. The basis P being benchmarked. The Pauli twirl operator P is a get_expectation(pauli) method is called on each sampled at random from the Pauli group. C is the Clifford BenchmarkInstance and used
McDonough et al. - 2022 - Automated quantum error mitigation based on probabilistic error reduction.pdf,McDonough et al.,yes,yes,strong,Pauli-channel,7,"nchmarkInstance generates [M ] =⟨F ,F ⟩ and [M ] =⟨F ,F ⟩ . 1 ab 1a 1b sp 2 ab 2a 1b sp the circuit corresponding to this instance. This includes The Pauli noise model coefficients λ are obtained from a readout twirling, following the method described in [19], numerical solution of [cf. Eq. (10)] where gates a"
McDonough et al. - 2022 - Automated quantum error mitigation based on probabilistic error reduction.pdf,McDonough et al.,yes,yes,strong,Pauli-channel,8,"er of samples to take from the combined distribution to believe that this ansatz is at least approximately accurate of the partial noise inverse, the Pauli twirl, and the readout for any circuit, but this merits future exploration. twirl, and finally, the different noise strengths at which to The principal plo"
McDonough et al. - 2022 - Automated quantum error mitigation based on probabilistic error reduction.pdf,McDonough et al.,yes,yes,strong,amplitude-damping,5,"oximated from the measurements of f k a underarandomlygeneratedPaulinoisemodelcomposedwith usinganon-negativeleastsquaresalgorithm,yieldingasparse an amplitude damping noise channel with p = 0.01. We use Pauli noise model parametrized by λ (or equivalently w ). k k 32samplesforthePaulitwirlandrundifferentcircuitsdep"
McDonough et al. - 2022 - Automated quantum error mitigation based on probabilistic error reduction.pdf,McDonough et al.,yes,yes,strong,amplitude-damping,5,nversion a a of all Pauli operators on two qubits decay exponentially with We incorporate PNT into the PER error mitigation frame- circuit depth. The amplitude damping noise was included to work by generalizing the noise inversion through sampling show that the twirling properly diagonalizes the channel as from a QP
McDonough et al. - 2022 - Automated quantum error mitigation based on probabilistic error reduction.pdf,McDonough et al.,yes,yes,strong,twirling,2,"nd method we implement is a recently proposed sampled PER circuits via canonical or Pauli noise scaling. scheme for efficient benchmarking of a Pauli-twirled noise The circuits are executed with a user-specified interface to channel and a technique for sampling from the noise inverse, a quantum backend, and the"
McDonough et al. - 2022 - Automated quantum error mitigation based on probabilistic error reduction.pdf,McDonough et al.,yes,yes,strong,twirling,4,"ngle- qubit rotations and the CNOT or CZ gate, any circuit can be decomposed into this form. This reduction in complexity is achieved by first Pauli- twirling the noise channel Λ associated with a layer l. The l twirl is implemented by sampling random Pauli operators aroundthenoisylayersuchthattheyhavenological"
McDonough et al. - 2022 - Automated quantum error mitigation based on probabilistic error reduction.pdf,McDonough et al.,yes,yes,strong,twirling,4,"noise correlations are strongest when there exist physical QPU. The decomposition of the noise reduced operator G(ξ) connections between qubits, the twirled noise is modeled in Eq. (2) can be obtained from GST using Mitiq’s optimal using a master equation where the quantum jump operators √ representation algori"
McDonough et al. - 2022 - Automated quantum error mitigation based on probabilistic error reduction.pdf,McDonough et al.,yes,yes,strong,twirling,5,erse of the noise channel can be Panel (b) compares the measured fidelity pairs to the products constructed with the form of diagonal elements of the twirled channel transfer matrix. Λ(ξ) =γ(ξ) (cid:89)(cid:16) w(ξ)I+sgn(ξ−1)(1−w(ξ))P (cid:17) . (11) The agreement between the measured and ideal values shows k k k
McDonough et al. - 2022 - Automated quantum error mitigation based on probabilistic error reduction.pdf,McDonough et al.,yes,yes,weak,noise-model-mention,2,"was suggested that tomography circuits, collecting and analyzing tomography noiseless observables can be approximated at an accuracy data to obtain a noise model, generating noise-scaled circuit similartothatofPEC,butwithsignificantlyreducedsampling representations for PER, and running extrapolation to obtain"
McDonough et al. - 2022 - Automated quantum error mitigation based on probabilistic error reduction.pdf,McDonough et al.,yes,yes,weak,noise-model-mention,2,"th PER and vZNE. We discuss in cycle benchmarking technique for extracting a sparse Pauli detail the developed software package for automated quantum noise model [9], [10], which we refer to as Pauli noise errormitigationbasedonPNTandPaulinoisescalingtoapply tomography (PNT). GST is implemented using the softw"
McDonough et al. - 2022 - Automated quantum error mitigation based on probabilistic error reduction.pdf,McDonough et al.,yes,yes,weak,noise-model-mention,4,"⟩ after application of a noisy X gate to |0⟩. This was a a a a the most general case, there are still exponentially many simulated for a random Pauli noise model chosen to have fidelities f requiring measurement. Under the assumption a an overhead matching that obtained from GST on the Rigetti that noise corre"
McDonough et al. - 2022 - Automated quantum error mitigation based on probabilistic error reduction.pdf,McDonough et al.,yes,yes,weak,noise-model-mention,4,"resentation algorithm and applying canonical noise scaling λ P arechosentobeonlythosePauliswhichhavesupport k k or from partially inverting the Pauli noise model Λ obtained on neighboring qubits [10]. It can be shown that the noise from PNT (discussed in detail in Sec. III-A). channel, written as a superoperat"
McDonough et al. - 2022 - Automated quantum error mitigation based on probabilistic error reduction.pdf,McDonough et al.,yes,yes,weak,noise-model-mention,4,"ussed in detail in Sec. III-A). channel, written as a superoperator, assumes the following form: (cid:89) Λ= (w I+(1−w )P ), (8) k k k a sparse Pauli noise model, PEC circuits can be generated k using an efficient procedure to sample from the inverse of the noise channel [10]. We here extend this approach to P"
McDonough et al. - 2022 - Automated quantum error mitigation based on probabilistic error reduction.pdf,McDonough et al.,yes,yes,weak,noise-model-mention,5,"nofidentical circuit layers also exhibit a constant scaling in the depth of the circuit. In Fig. 3 we show PNT results for a randomly generated Pauli noise model. Since Pauli twirling is shown to convert arbitrary noise into Pauli noise, this efficacy extends to more realisticnoisemodelsaswell.Weobserveexcelle"
McDonough et al. - 2022 - Automated quantum error mitigation based on probabilistic error reduction.pdf,McDonough et al.,yes,yes,weak,noise-model-mention,5,"rs to the symplectic ab a b sp sp innerproduct,whichiszeroif[P ,P ]=0andoneotherwise. a b The vector of fidelities f is then related to the vector of noise model parameters λ via 2Mλ+ln(f)=0. (10) Fig. 3: PNT results for a layer consisting of a CNOT gate The λ can be approximated from the measurements of f k a"
McDonough et al. - 2022 - Automated quantum error mitigation based on probabilistic error reduction.pdf,McDonough et al.,yes,yes,weak,noise-model-mention,5,"tedPaulinoisemodelcomposedwith usinganon-negativeleastsquaresalgorithm,yieldingasparse an amplitude damping noise channel with p = 0.01. We use Pauli noise model parametrized by λ (or equivalently w ). k k 32samplesforthePaulitwirlandrundifferentcircuitsdepths for250shotseach.Panel(a)showsthatthefidelitypairsf"
McDonough et al. - 2022 - Automated quantum error mitigation based on probabilistic error reduction.pdf,McDonough et al.,yes,yes,weak,noise-model-mention,7,"single and pair fidelities have been de- resistant to state preparation errors. In addition to the nine termined, each layer can be fit to the sparse noise model to Pauli bases chosen for the pair measurements, there are at determine the layer coefficients. This is done as described in most six bases that are"
McDonough et al. - 2022 - Automated quantum error mitigation based on probabilistic error reduction.pdf,McDonough et al.,yes,yes,weak,noise-model-mention,7,"kInstance generates [M ] =⟨F ,F ⟩ and [M ] =⟨F ,F ⟩ . 1 ab 1a 1b sp 2 ab 2a 1b sp the circuit corresponding to this instance. This includes The Pauli noise model coefficients λ are obtained from a readout twirling, following the method described in [19], numerical solution of [cf. Eq. (10)] where gates are ran"
McDonough et al. - 2022 - Automated quantum error mitigation based on probabilistic error reduction.pdf,McDonough et al.,yes,yes,weak,noise-model-mention,8,"sing circuit depth. This can i layer C for each layer i in the circuit. Each layer is assigned beusedtoseeifenoughsamplesweretakingfromthetwirlto i a noise model produced by the tomography. B represents properlydiagonalizethechannel.Next,theinfidelitiesofPauli a the gates used to change from the computational"
McDonough et al. - 2022 - Automated quantum error mitigation based on probabilistic error reduction.pdf,McDonough et al.,yes,yes,weak,noisy-device-mention,4,"ng   (cid:89) (cid:88) tutorial notebook, where it is applied to a Trotter dynamics f a = (1−2w k )=exp−2 λ k. (9) simulation of four qubits on a noisy backend emulator [13]. {Pa,Pk}=0 {Pa,Pk}=0 86 Authorized licensed use limited to: Ostbayerische Technische Hochschule Regensburg. Downloaded on February 04,2"
McDonough et al. - 2022 - Automated quantum error mitigation based on probabilistic error reduction.pdf,McDonough et al.,yes,yes,weak,noise-parameter,1,"troduces a sampling overhead that increases exponentially with circuit depth, prohibiting high-depth circuits I. INTRODUCTIONANDOVERVIEW at realistic noise levels. Probabilistic error reduction (PER) is Hardware noise introduces unwanted bias into an expecta- a related quantum error mitigation method that syst"
McDonough et al. - 2022 - Automated quantum error mitigation based on probabilistic error reduction.pdf,McDonough et al.,yes,yes,weak,noise-parameter,2,"scaled representations of the channel, G(ξ), that depend on a i tunable noise level parameter ξ. Circuits are sampled from these representations to obtain several noise-mitigated ex- pectation values that are evaluated at different v"
McDonough et al. - 2022 - Automated quantum error mitigation based on probabilistic error reduction.pdf,McDonough et al.,yes,yes,weak,noise-parameter,2,"ng: 1) We combine the to reduce the variance below a desired threshold. At current advantages of PNT with the sampling overhead reduction of hardware noise levels, the sampling overhead limits PEC to PERandvZNEbyextendingthismethodtonoisescaling,and circuits of modest depth [4]. To overcome this restriction, 2"
McDonough et al. - 2022 - Automated quantum error mitigation based on probabilistic error reduction.pdf,McDonough et al.,yes,yes,weak,noise-parameter,3,"aluesconvergetotheiridealvaluesatξ =0. the measurement of expectation values, but it does affect the Several values obtained through PER at different noise levels decomposition of ideal gates in terms of noisy ones in Eq. (1) ξ can thus be used to extrapolate to the zero-noise limit. This and thus the sampling"
McDonough et al. - 2022 - Automated quantum error mitigation based on probabilistic error reduction.pdf,McDonough et al.,yes,yes,weak,noise-parameter,4,"a a a Fig. 2: (a) Sampling overhead γ(ξ) = (γ(ξ))l versus circuit Since the Pauli matrices P a are eigenvectors of the twirled depth l for different noise strength to s t ξ using a canonical noise noise channel (dropping the Pn superscript from here on), the scaled representation derived from GST. Here, γ = 1.73"
McDonough et al. - 2022 - Automated quantum error mitigation based on probabilistic error reduction.pdf,McDonough et al.,yes,yes,weak,noise-parameter,8,"cuit into dressed Finally, each PerData object performs vZNE on the layers of the form described in Sec. III-A. expectation values taken at different noise strengths to yield The generation of the PER circuits is initiated by calling a final PER estimate of the desired expectation values on the generate on the PE"
McDonough et al. - 2022 - Automated quantum error mitigation based on probabilistic error reduction.pdf,McDonough et al.,yes,yes,weak,noise-parameter,8,"of the partial noise inverse, the Pauli twirl, and the readout for any circuit, but this merits future exploration. twirl, and finally, the different noise strengths at which to The principal plotting tool in the PER module is the ability run the circuits. Then, the minimal set of measurements to show the converg"
McDonough et al. - 2022 - Automated quantum error mitigation based on probabilistic error reduction.pdf,McDonough et al.,yes,yes,weak,noise-parameter,8,"ng the collection of a simultaneous subset of the desiredcircuit.Thisobjectcontainsthedataandplottingtools desired expectation values at a particular noise strength. The for this run. sampling procedure is described in Sec. III-B. Oncethecircuitshavebeengenerated,theycanbeexecuted using the same executor method u"
McDonough et al. - 2022 - Automated quantum error mitigation based on probabilistic error reduction.pdf,McDonough et al.,yes,yes,weak,noise-parameter,10,"Fig. 9: Pauli Z expectation values of individual qubits at n=15 Trotter steps as a function of noise strength ξ. We use 1000 PER circuits, each evaluated with 1024 shots. Variance increases and bias decreases for smaller ξ. vZNE with expo- nential fit using ξ"
McDonough et al. - 2022 - Automated quantum error mitigation based on probabilistic error reduction.pdf,McDonough et al.,yes,yes,weak,noise-parameter,10,"number 1000 PER circuits, each is evaluated with 1024 shots. Panel ofqubitsandthecircuitdepthforcircuitswithmanyrepeated (a) shows that vZNE with the noise levels ξ ∈ [0.5,1,2] layers, this approach can be applied for larger systems. We yields excellent agreement with the noiseless Trotter result. provideatuto"
McDonough et al. - 2022 - Automated quantum error mitigation based on probabilistic error reduction.pdf,McDonough et al.,yes,yes,weak,noise-parameter,10,s excellent agreement with the noiseless Trotter result. provideatutorialnotebookshowcasingtheuseofthismethod Readout error mitigation is used at all noise levels. Panel (b) in a Trotter simulation of four qubits over 15 Trotter steps. shows the individual estimators (blue) and their average with Our results d
Moguel et al. - 2024 - Quantum software experiments A reporting and laboratory package structure guidelines.pdf,Moguel et al.,na,no,none,,,
Niroula et al. - 2025 - Error Mitigation Thresholds in Noisy Random Quantum Circuits.pdf,Niroula et al.,yes,yes,strong,depolarizing,2,"m chaotic dynamics40. the effects of the noise we apply a uniform “antinoise” Forthenoisechannel, wefocusonthecaseofdepolar- channel that inverts the depolarizing noise on average. izing noise and its inverse channel as the antinoise We show that a replica statistical mechanics description (ρ)=(1 q )ρ+q tr [ρ] I/2, ("
Niroula et al. - 2025 - Error Mitigation Thresholds in Noisy Random Quantum Circuits.pdf,Niroula et al.,yes,yes,strong,depolarizing,7,"ial sam- purely classical post-processing. After circuit averaging, plingcostintheworstcase29,31–33,althoughinnear-term one can quickly show that for depolarizing noise and its devices the added cost can be reasonably overcome on antinoise partner, the mitigated fidelity is equivalent to relevant system sizes65. One"
Niroula et al. - 2025 - Error Mitigation Thresholds in Noisy Random Quantum Circuits.pdf,Niroula et al.,yes,yes,strong,depolarizing,9,"matrices corre- U of an initial input state is, thus, given by sponding to the noise and antinoise channel. The single- ρ⊗2 =C C C [ρ ρ ], (B2) qubit depolarization channel with error rate q, given by C s ◦ s−1 ◦···◦ 1 0 ⊗ 0 the following map where the elementary single-qubit or two-qubit channels 1 are indexed using int"
Niroula et al. - 2025 - Error Mitigation Thresholds in Noisy Random Quantum Circuits.pdf,Niroula et al.,yes,yes,strong,Pauli-channel,1,"of a sharply defined phase transition. In the case error mitigation threshold in random circuits in spatial of many-body tomographic problems (e.g., Pauli noise dimensions D 2 when the noise is imperfectly char- ≥ estimation25,26 or Hamiltonian learning27,28), thresholds acterized, i.e., there is uncertainty"
Niroula et al. - 2025 - Error Mitigation Thresholds in Noisy Random Quantum Circuits.pdf,Niroula et al.,yes,yes,strong,Pauli-Lindblad,11,"ss- 29 E. v. d. Berg, Z. K. Minev, A. Kandala, and K. Temme, Entropy as a Measure for Quantum Advantage, Probabilistic error cancellation with sparse Pauli-Lindblad arXiv:2112.01657 (2021). models on noisy quantum processors, arXiv:2201.09866 50 M. Aizenman and J. Wehr, Rounding of first-order phase (2022). trans"
Niroula et al. - 2025 - Error Mitigation Thresholds in Noisy Random Quantum Circuits.pdf,Niroula et al.,yes,yes,strong,local-noise,11,"ntlearningofquantumnoise,NaturePhysics332,1059 47 A. M. Dalzell, N. Hunter-Jones, and F. G. S. L. Branda˜o, (2020). Random quantum circuits transform local noise into global 27 E. Bairey, I. Arad, and N. H. Lindner, Learning a Local white noise (2021), 2111.14907. Hamiltonian from Local Measurements, Physical"
Niroula et al. - 2025 - Error Mitigation Thresholds in Noisy Random Quantum Circuits.pdf,Niroula et al.,yes,yes,weak,noise-model-mention,1,"an learning27,28), thresholds acterized, i.e., there is uncertainty in the parameters of in learnability are possible and likely arise under some the noise model that have random fluctuations in space circumstances. However, toourknowledge, thresholdre- and/or time. We consider a model of random unitary sultsf"
Niroula et al. - 2025 - Error Mitigation Thresholds in Noisy Random Quantum Circuits.pdf,Niroula et al.,yes,yes,weak,error-model-mention,1,"/purification17–19,andlearning uitously employed in quantum process tomography to based methods20,21. We show in the case of PEC and reliably extract error models in the presence of noisy operations22–24. TEM,thatthemitigationthresholdisrelatedtothefun- damental behavior of disordered Ising models in statis- A"
Niroula et al. - 2025 - Error Mitigation Thresholds in Noisy Random Quantum Circuits.pdf,Niroula et al.,yes,yes,weak,error-model-mention,9,"[1,s]. For noiseless gates, (1)(ρ)=(1 q)ρ+qtr(ρ) , (B10) C [ρ ρ ] = (C C )ρ(C† C†). We can model a E − 2 i 0 ⊗ 0 i ⊗ i i ⊗ i noisy circuit by adding error channel after each noise- acts on two copies of a qubit such that E less gate: [I]= [I I ]= (1)[I ] (1)[I ]=I I =I, ρ⊗ C 2 = E s ◦ C s−1 ◦E s−1 C s−1 ◦···◦E"
Niroula et al. - 2025 - Error Mitigation Thresholds in Noisy Random Quantum Circuits.pdf,Niroula et al.,yes,yes,weak,error-model-mention,9,"2 2 ⊗ 2 (B11) Ingeneral,theerrorchannelmayactonanysetofqubits. where I 2 is a 2 2 identity matrix. Similarly, × For our purposes, we assume that the error channel i E [S] acts on the qubit or the pair of qubits acted on by the E noiseless gate C i . Since we draw each gate from the =( (1) )[I 2 I 2 +X X+Y Y +Z"
Niroula et al. - 2025 - Error Mitigation Thresholds in Noisy Random Quantum Circuits.pdf,Niroula et al.,yes,yes,weak,noisy-device-mention,7,"as (Nd), whereas using error mit- benchmarking and verification of random circuit sam- O igation this scaling can be improved to (√Nd), rep- pling in noisy devices54,55,58–60,66. In Sec. VIII, we O resenting an exponential improvement in the score that demonstratedanexponentialimprovementinamitigated brings it"
Niroula et al. - 2025 - Error Mitigation Thresholds in Noisy Random Quantum Circuits.pdf,Niroula et al.,yes,yes,weak,noise-parameter,2,"culationsand the statistical mechanics mapping. FIG. 1. Model and phase diagram: (a) Noisy random cir- cuit for qubits with spacetime disorder in the noise rate and II. MODEL errormitigation. State-preparationandmeasurementarerep- resented by semicircles at the beginning and end of the cir- cuit,respectively."
Niroula et al. - 2025 - Error Mitigation Thresholds in Noisy Random Quantum Circuits.pdf,Niroula et al.,yes,yes,weak,noise-parameter,3,"hich is un- whereH(t)isatime-dependentHamiltonianthatsetsthe stableatweakdisorder. Atacriticaldisorderstrengthof unitary evolution, γ i is the random noise rate on site i, | ∆ 1 | = 3J (see App. A), however, the δ i = 0 fixed point andγ istheantinoiserate. Weseethatantinoisesimply becomes unstable. The dynami"
Niroula et al. - 2025 - Error Mitigation Thresholds in Noisy Random Quantum Circuits.pdf,Niroula et al.,yes,yes,weak,noise-parameter,3,"density a j noise. matrix to unphysical states. We focus on the disordered case, however, where the Torigorouslycharacterizethethresholdbehavior,par- noise rates are not known perfectly to the antinoise. In ticularly in finite-dimensional systems, we need a more particular, γ = γ is drawn randomly with probab"
Niroula et al. - 2025 - Error Mitigation Thresholds in Noisy Random Quantum Circuits.pdf,Niroula et al.,yes,yes,weak,noise-parameter,4,"noise, and antinoise. In in Fig. 1(a) with Haar random two-qubit gates and spa- this paper, we focus on the two-replica case where the tially random noise rates that are constant in time. We (cid:112) two operators are I and S (the SWAP gate). We expect define σ = p(1 p)(q 2 q 1 ) as the standard deviation −"
Niroula et al. - 2025 - Error Mitigation Thresholds in Noisy Random Quantum Circuits.pdf,Niroula et al.,yes,yes,weak,noise-parameter,4,ecause it favors withhighprobability(whp)therewillbeacontiguou → sr ∞ e- the identity configuration and damps out configurations gion of sites A with noise rate q of size A = (logN). 1 withS operators45. Antinoiseactsasafieldintheoppo- For sufficiently large N there will be a r | eg | ion O satisfying site di
Niroula et al. - 2025 - Error Mitigation Thresholds in Noisy Random Quantum Circuits.pdf,Niroula et al.,yes,yes,weak,noise-parameter,5,"ing system size is consistent with the lack of a below-threshold phase in this model. In all the plots, we took a Haar random initial pure state with noise parameters q¯=0.1 and p=0.9 and ran to depth d=4N. VI. MUTUAL INFORMATION PROBE aryconditions. Eachlayerofunitarygatesisfollowedby the noise-antinoise channel"
Niroula et al. - 2025 - Error Mitigation Thresholds in Noisy Random Quantum Circuits.pdf,Niroula et al.,yes,yes,weak,noise-parameter,7,harac- developed for unmitigated fidelity benchmarks in noisy terization in the presence of random spacetime fluctu- random circuits49. ations in the noise parameters can lead to thresholds These results also have implications for measurement- in the robustness of error mitigation. We established induced phase tra
Niroula et al. - 2025 - Error Mitigation Thresholds in Noisy Random Quantum Circuits.pdf,Niroula et al.,yes,yes,weak,noise-parameter,8,"3+4G + )G + + 4 | ∆ 1 | [G − (2p 1)G + ], − 4 − i i − 2(1 p) − − i µ − 4∆ G˙ = 4J(3+4G )G + | 1 | [G (2p 1)G ]. − + − + − where γ is the local random noise rate and γ is the − 2(1 p) − − i a − antinoise rate. To analyze the dynamics we derive an effective master Setting p = 1/2, these equations reduce to the"
Noel et al. - 2022 - Observation of measurement-induced quantum phases in a trapped-ion quantum computer.pdf,Noel et al.,partial,yes,strong,depolarizing,3,"s (18). We also note related experimental results showing symmetry resolved dynamical purification of spin chains in a long-range XX model with local depolarizing noise (12,19). By contrast, in our study, we employ a “digital” model ofcomputingwithtwo-siteunitariesandprojectivemeasurementswithatemporalrandomness toth"
Noel et al. - 2022 - Observation of measurement-induced quantum phases in a trapped-ion quantum computer.pdf,Noel et al.,partial,yes,strong,local-noise,3,"rements (18). We also note related experimental results showing symmetry resolved dynamical purification of spin chains in a long-range XX model with local depolarizing noise (12,19). By contrast, in our study, we employ a “digital” model ofcomputingwithtwo-siteunitariesandprojectivemeasurementswithatemporalrandomnes"
Noel et al. - 2022 - Observation of measurement-induced quantum phases in a trapped-ion quantum computer.pdf,Noel et al.,partial,yes,weak,noise-model-mention,7,"average over many shots to determine the classical entropy, S , of each C circuit. The majority of experimental noise can be explained with a simple noise model using XX-gatecrosstalk. (SeeSupplementaryMaterials,wherewealsodescribetechniquestofurther mitigate errors). We assume a Gaussian distribution of expe"
Noel et al. - 2022 - Observation of measurement-induced quantum phases in a trapped-ion quantum computer.pdf,Noel et al.,partial,yes,weak,noise-model-mention,20,"isthatthesimulationsdonotincludenoise. Whenincludingrealisticnoisesourcesinthesimu- lations (see Noise Model section in Supplementary Text), such as dephasing or gate amplitude errors, we find that the entropy outcomes are pushed to higher values. Neverthele"
Noel et al. - 2022 - Observation of measurement-induced quantum phases in a trapped-ion quantum computer.pdf,Noel et al.,partial,yes,weak,noise-model-mention,23,"p = 0.15. We can x estimate p and extract z by looking for the inflection point in this family of curves and fitting xc theslope. Supplementary Text Noise Model For the noisy simulation, we assume a simple model of XX-gate crosstalk, which is the dominant error mechanism in this work. The crosstalk value is p"
Noel et al. - 2022 - Observation of measurement-induced quantum phases in a trapped-ion quantum computer.pdf,Noel et al.,partial,yes,weak,noisy-device-mention,23,"estimate p and extract z by looking for the inflection point in this family of curves and fitting xc theslope. Supplementary Text Noise Model For the noisy simulation, we assume a simple model of XX-gate crosstalk, which is the dominant error mechanism in this work. The crosstalk value is predicted from the measure"
Noel et al. - 2022 - Observation of measurement-induced quantum phases in a trapped-ion quantum computer.pdf,Noel et al.,partial,yes,weak,noisy-device-mention,23,"e-qubit Rabi crosstalk and the participation matrix for each gate (21). With an increase of 50% above the predicted crosstalk value, we find that the noisy simulation is qualitatively similar to the experimental results. Such an increase could easily be caused by a shift in the ion positions relative to the individ"
Noel et al. - 2022 - Observation of measurement-induced quantum phases in a trapped-ion quantum computer.pdf,Noel et al.,partial,yes,weak,noisy-device-mention,23,"the individual-addressing beams, since the addressing crosstalk increases sharply for small ion displacements from their optimal positions. A sample noisy simulation is shown in Fig. S5 for the case of L = 8 and p = 1. Any additional noise x that decoheres the state of the reference or system will further shift th"
Noel et al. - 2022 - Observation of measurement-induced quantum phases in a trapped-ion quantum computer.pdf,Noel et al.,partial,yes,weak,noisy-device-mention,24,"chain,andSPAMerrors. 103 102 101 100 0.0 0.2 0.4 0.6 0.8 1.0 S C stiucriC fo rebmuN Noisy Simulation Experiment 0.0 0.2 0.4 0.6 0.8 1.0 S C FigureS5: ComparisonofNoisySimulationstoExperimentExampleresultsofanoisysim- ulation for all circuits correspo"
Pascuzzi et al. - 2022 - Computationally efficient zero-noise extrapolation for quantum-gate-error mitigation.pdf,Pascuzzi et al.,yes,yes,strong,depolarizing,2,"PHYSICAL REVIEW LETTERS 127, 270502 (2021) Mitigating Depolarizing Noise on Quantum Computers with Noise-Estimation Circuits Miroslav Urbanek ,1,* Benjamin Nachman ,2 Vincent R. Pascuzzi,2 Andre He,2,‡ Christian W. Bauer,2"
Pascuzzi et al. - 2022 - Computationally efficient zero-noise extrapolation for quantum-gate-error mitigation.pdf,Pascuzzi et al.,yes,yes,strong,depolarizing,2,"ber 2021; published 27 December 2021) A significant problem for current quantum computers is noise. While there are many distinct noise channels, the depolarizing noise model often appropriately describes average noise for large circuits involvingmanyqubitsandgates.Wepresentamethodtomitigatethedepolarizingnoisebyfirs"
Pascuzzi et al. - 2022 - Computationally efficient zero-noise extrapolation for quantum-gate-error mitigation.pdf,Pascuzzi et al.,yes,yes,strong,depolarizing,2,"ters output is extrapolated to the zero-noise limit. Recently, a that are not fault tolerant. The presence of noise and errors method to mitigate the depolarizing noise using random- limits their utility. Even quantum algorithms designed for ized measurements has been demonstrated [26]. Other NISQ devices, for exampl"
Pascuzzi et al. - 2022 - Computationally efficient zero-noise extrapolation for quantum-gate-error mitigation.pdf,Pascuzzi et al.,yes,yes,strong,depolarizing,2,t of effortto reduce noise we call an estimation circuit. We execute the estimation andmitigate errors presentonthese devices. circuit to measure the depolarizing noiserate andthen use An important class of errors are readout errors. They themeasuredratetocorrecttheoutputofthetargetcircuit. manifest themselves as rea
Pascuzzi et al. - 2022 - Computationally efficient zero-noise extrapolation for quantum-gate-error mitigation.pdf,Pascuzzi et al.,yes,yes,strong,depolarizing,2,circuit and lead to a systematic bias in the Methods.—A simple model of incoherent noise is the output. Incoherent errors can be understood as either depolarizing noise model given by [41] coherent errors with randomly varying control parameters or as processes that entangle the system with its environ- I ϵðρÞ¼ð1−pÞρ
Pascuzzi et al. - 2022 - Computationally efficient zero-noise extrapolation for quantum-gate-error mitigation.pdf,Pascuzzi et al.,yes,yes,strong,depolarizing,2,"em with its environ- I ϵðρÞ¼ð1−pÞρþp ; ð1Þ ment. Incoherent errors are easier to handle than coherent 2n errors, because they can often be modeled as depolarizing noise. A method for converting coherent errors into whereϵdenotesthenoisechannel,ρisthedensitymatrix, incoherent errors is randomized compiling [9–11]. Its"
Pascuzzi et al. - 2022 - Computationally efficient zero-noise extrapolation for quantum-gate-error mitigation.pdf,Pascuzzi et al.,yes,yes,strong,depolarizing,5,"e e h d σ6 z in i s e ta x n p c e e c s t . ation ≈hOi½1þrε h h O O t t i i 1 0 −N C ; ð7Þ value with estimation circuits. Ideally, hσ6 zi¼1, so the depolarizing noise rate is given by 1−p¼hσ6 zi. The whereristhenoisefactor,εisthedepolarizingnoiserateof mitigation was performed using Eq. (4) with c¼0. We asingleCNOT"
Pascuzzi et al. - 2022 - Computationally efficient zero-noise extrapolation for quantum-gate-error mitigation.pdf,Pascuzzi et al.,yes,yes,strong,depolarizing,5,have considered only a global depolarizing globaldepolarizingnoisewithratepisreplacedbyalocal noise channel that affects all qubits in a circuit. The depolarizing noise with rate ε. A local noise channel improvement obtained using zero-noise extrapolation on associated with a CNOT gate affects only the Hilbert top of
Pascuzzi et al. - 2022 - Computationally efficient zero-noise extrapolation for quantum-gate-error mitigation.pdf,Pascuzzi et al.,yes,yes,strong,depolarizing,5,t top of the mitigation with estimation circuits can be better subspace corresponding to the gate qubits. Maximally understood by considering a local depolarizing model. A mixed term I=2n in Eq. (1) is therefore replaced bya term localdepolarizingnoisechannelaffectsonlyqubitsagiven thatismaximallymixedonlyinthissubsp
Pascuzzi et al. - 2022 - Computationally efficient zero-noise extrapolation for quantum-gate-error mitigation.pdf,Pascuzzi et al.,yes,yes,strong,depolarizing,6,"Brien, I. Hincks, J.J. Wallman, J. Emerson, and I. andnoise onquantum computersthat are characterized by Siddiqi, Phys. Rev. X 11, 041039 (2021). the depolarizing noise model. The method prescribes a [13] J.-L.Ville,A.Morvan,A.Hashim,R.K.Naik,B.Mitchell, J.-M.Kreikebaum, K.P. O’Brien, J.J.Wallman,I.Hincks, constructi"
Pascuzzi et al. - 2022 - Computationally efficient zero-noise extrapolation for quantum-gate-error mitigation.pdf,Pascuzzi et al.,yes,yes,strong,depolarizing,6,",G.Ribeill,D.Riste`,C.A.Ryan,B.Johnson,and that ensures that gate errors can be modeled as incoherent M.P. da Silva, Phys. Rev. A 103, 042604 (2021). depolarizing noise. We demonstrated that the method [15] Y. Li and S.C. Benjamin, Phys. Rev. X 7, 021050 (2017). works well, especially in combination with readout-erro"
Pascuzzi et al. - 2022 - Computationally efficient zero-noise extrapolation for quantum-gate-error mitigation.pdf,Pascuzzi et al.,yes,yes,strong,local-noise,5,larizing globaldepolarizingnoisewithratepisreplacedbyalocal noise channel that affects all qubits in a circuit. The depolarizing noise with rate ε. A local noise channel improvement obtained using zero-noise extrapolation on associated with a CNOT gate affects only the Hilbert top of the mitigation with estima
Pascuzzi et al. - 2022 - Computationally efficient zero-noise extrapolation for quantum-gate-error mitigation.pdf,Pascuzzi et al.,yes,yes,strong,local-noise,5,Hilbert top of the mitigation with estimation circuits can be better subspace corresponding to the gate qubits. Maximally understood by considering a local depolarizing model. A mixed term I=2n in Eq. (1) is therefore replaced bya term localdepolarizingnoisechannelaffectsonlyqubitsagiven thatismaximallymixedonlyinthi
Pascuzzi et al. - 2022 - Computationally efficient zero-noise extrapolation for quantum-gate-error mitigation.pdf,Pascuzzi et al.,yes,yes,weak,noise-model-mention,2,"lished 27 December 2021) A significant problem for current quantum computers is noise. While there are many distinct noise channels, the depolarizing noise model often appropriately describes average noise for large circuits involvingmanyqubitsandgates.Wepresentamethodtomitigatethedepolarizingnoisebyfirstestim"
Pascuzzi et al. - 2022 - Computationally efficient zero-noise extrapolation for quantum-gate-error mitigation.pdf,Pascuzzi et al.,yes,yes,weak,noise-model-mention,2,ead to a systematic bias in the Methods.—A simple model of incoherent noise is the output. Incoherent errors can be understood as either depolarizing noise model given by [41] coherent errors with randomly varying control parameters or as processes that entangle the system with its environ- I ϵðρÞ¼ð1−pÞρþp ; ð
Pascuzzi et al. - 2022 - Computationally efficient zero-noise extrapolation for quantum-gate-error mitigation.pdf,Pascuzzi et al.,yes,yes,weak,noise-model-mention,6,"cks, J.J. Wallman, J. Emerson, and I. andnoise onquantum computersthat are characterized by Siddiqi, Phys. Rev. X 11, 041039 (2021). the depolarizing noise model. The method prescribes a [13] J.-L.Ville,A.Morvan,A.Hashim,R.K.Naik,B.Mitchell, J.-M.Kreikebaum, K.P. O’Brien, J.J.Wallman,I.Hincks, construction of"
Pascuzzi et al. - 2022 - Computationally efficient zero-noise extrapolation for quantum-gate-error mitigation.pdf,Pascuzzi et al.,yes,yes,weak,noise-parameter,5,"in i s e ta x n p c e e c s t . ation ≈hOi½1þrε h h O O t t i i 1 0 −N C ; ð7Þ value with estimation circuits. Ideally, hσ6 zi¼1, so the depolarizing noise rate is given by 1−p¼hσ6 zi. The whereristhenoisefactor,εisthedepolarizingnoiserateof mitigation was performed using Eq. (4) with c¼0. We asingleCNOTgate,"
Pascuzzi et al. - 2022 - Computationally efficient zero-noise extrapolation for quantum-gate-error mitigation.pdf,Pascuzzi et al.,yes,yes,weak,noise-parameter,5,"ntumgateisappliedto.Sinceerrorratesofsingle-qubit is then obtained by considering noise channels for all gates are typically significantly lower than noise rates of CNOT gates and collecting individual terms into hO ti i . A entanglinggates,itsufficestoconsideranoisechannelthat detailed discussion can be foun"
Pascuzzi et al. - 2022 - Computationally efficient zero-noise extrapolation for quantum-gate-error mitigation.pdf,Pascuzzi et al.,yes,yes,weak,gate-error,2,"emethod,introduceasimpleclassof have been developed [3–8]. estimationcircuits,andpresentourfullmitigationprotocol. Another large source of errors are gate errors. They can We then show improvements obtained for our test case, beclassifiedintocoherentandincoherenterrors.Coherent whichisasimulationoftheHeisenbe"
Pascuzzi et al. - 2022 - Computationally efficient zero-noise extrapolation for quantum-gate-error mitigation.pdf,Pascuzzi et al.,yes,yes,weak,gate-error,3,"n therefore decompose any observable O as the unfolding method [8,43]. O¼cIþO0, where c is a constant, I is the identity Coherent errors are dominant gate errors. They are not operator, and trðO0Þ¼0. Its expectation value is coveredwellbythedepolarizingnoisemodel.Randomized hOi¼cþhO0i.Ifweassumethatthesystemd"
Pascuzzi et al. - 2022 - Computationally efficient zero-noise extrapolation for quantum-gate-error mitigation.pdf,Pascuzzi et al.,yes,yes,weak,gate-error,6,"Siddiqi, arXiv:2104.08785. Acrucialpartofthisapproachistherandomizedcompiling [14] M.Ware,G.Ribeill,D.Riste`,C.A.Ryan,B.Johnson,and that ensures that gate errors can be modeled as incoherent M.P. da Silva, Phys. Rev. A 103, 042604 (2021). depolarizing noise. We demonstrated that the method [15] Y. Li and S.C."
Patil et al. - 2023 - Folding-Free ZNE A Comprehensive Quantum Zero-Noise Extrapolation Approach for Mitigating Depolariz.pdf,Patil et al.,yes,yes,strong,depolarizing,1,"varied. The noise scaling to mitigate depolarizing and/or decoherence noise. results of these multiple runs are post-processed to obtain To mitigate depolarizing noise, we propose leveraging the a noise-mitigated result. Popular error mitigation methods extreme/infinite noisy case, which allows us to avoid circuit i"
Patil et al. - 2023 - Folding-Free ZNE A Comprehensive Quantum Zero-Noise Extrapolation Approach for Mitigating Depolariz.pdf,Patil et al.,yes,yes,strong,depolarizing,1,"at using circuit- reliability metrics, simple linear extrapolation can effectively Regression (CDR) [7], etc. Machine learning-based quantum mitigate depolarizing noise. With decoherence noise, different errormitigationapproacheslikeQRAFT(QuantumcircuitRe- states decay into the all-zero state at a rate that depends o"
Patil et al. - 2023 - Folding-Free ZNE A Comprehensive Quantum Zero-Noise Extrapolation Approach for Mitigating Depolariz.pdf,Patil et al.,yes,yes,strong,depolarizing,1,"first introduced in [12] and [22]. The basic idea not involve folding or scaling. When dealing with a quantum system affected by both decoherence and depolarizing noise, we istodeliberatelyrunthecircuitwithdifferentnoiselevelsand propose to use our two mitigation techniques in sequence: first use the measured results"
Patil et al. - 2023 - Folding-Free ZNE A Comprehensive Quantum Zero-Noise Extrapolation Approach for Mitigating Depolariz.pdf,Patil et al.,yes,yes,strong,depolarizing,1,"are independent of the circuit structure but dependent on circuits to overcome this limitation. This way, the noise levels of the noise source. With depolarizing noise, the quantum state thesub-circuitsarelowerthantheoriginalcircuit,andZNEcan under extreme noise becomes the maximally mixed state. In become more effe"
Patil et al. - 2023 - Folding-Free ZNE A Comprehensive Quantum Zero-Noise Extrapolation Approach for Mitigating Depolariz.pdf,Patil et al.,yes,yes,strong,depolarizing,2,"ollows.Section numbers of CNOT pairs. With a quantum noise simulator, we II presents the background on quantum noises and discusses first only enable depolarizing noise, and the probabilities of the related work. Section III motivates our approach. Section themeasuredfinalstateareshowninFig1a.Inthefigure,the IV detai"
Patil et al. - 2023 - Folding-Free ZNE A Comprehensive Quantum Zero-Noise Extrapolation Approach for Mitigating Depolariz.pdf,Patil et al.,yes,yes,strong,depolarizing,2,"bility is computed as the estimated success Section VII concludes. probability (ESP) (Eq. 3). The figure shows that with more II. BACKGROUND and more depolarizing noise, the 3-qubit state |ψ(cid:105) decays to the maximally mixed state, where each 3-qubit state in A. Noise in Quantum Computers |000(cid:105),|001(cid:"
Patil et al. - 2023 - Folding-Free ZNE A Comprehensive Quantum Zero-Noise Extrapolation Approach for Mitigating Depolariz.pdf,Patil et al.,yes,yes,strong,depolarizing,2,"nd the state change patterns with respect to either the noise level decoherence noise. or latency are less obvious, as shown in Fig. 1c. Although The depolarizing error can be modeled by the following |000(cid:105)hasahigherprobabilityasaresultofdecoherencenoise, error channel, other states have non-trivial probabili"
Patil et al. - 2023 - Folding-Free ZNE A Comprehensive Quantum Zero-Noise Extrapolation Approach for Mitigating Depolariz.pdf,Patil et al.,yes,yes,strong,depolarizing,2,"led by the following |000(cid:105)hasahigherprobabilityasaresultofdecoherencenoise, error channel, other states have non-trivial probabilities due to depolarizing noise. I E(ρ)=(1−p)ρ+p (1) 2n B. Quantum Error Mitigation where ρ is the density matrix of a quantum state, p is There is a plethora of QEM protocols. ZNE"
Patil et al. - 2023 - Folding-Free ZNE A Comprehensive Quantum Zero-Noise Extrapolation Approach for Mitigating Depolariz.pdf,Patil et al.,yes,yes,strong,depolarizing,2,"hannel, I is the identity matrix, and n is the number of circuit’s noise and executing the circuits with different noise qubits [17]. Conceptually, a depolarizing error channel results scales.Thenitinfers/extrapolatesthezero-noisecasefromthe in a weighted mixture of the noise-free quantum state and measurement result"
Patil et al. - 2023 - Folding-Free ZNE A Comprehensive Quantum Zero-Noise Extrapolation Approach for Mitigating Depolariz.pdf,Patil et al.,yes,yes,strong,depolarizing,3,0.20 0.15 0.10 0.05 0.2 0.4 0.6 0.8 1.0 1 - Reliability ytilibaborP a) Effect of Depolarizing noise 0.6 000 0 0 0 1 1 0 0.5 011 100 101 0.4 110 111 0.3 0.2 0.1 0.0 0 20 40 60 80 100 Time (us) ytilibaborP b) Effect of Decoherence noise Approaching100
Patil et al. - 2023 - Folding-Free ZNE A Comprehensive Quantum Zero-Noise Extrapolation Approach for Mitigating Depolariz.pdf,Patil et al.,yes,yes,strong,depolarizing,3,"y try to mitigate, there are thereby making extrapolation useless. For example, when the QEM methods that aim to mitigate a particular type of error. depolarizing noise level is very high, the output is close to State Preparation and Measurement (SPAM) error mitigation the maximally mixed state. Further scaling up th"
Patil et al. - 2023 - Folding-Free ZNE A Comprehensive Quantum Zero-Noise Extrapolation Approach for Mitigating Depolariz.pdf,Patil et al.,yes,yes,strong,depolarizing,3,"break the original circuit into subcircuits. Then, depolarising noise [10]. Based on the assumption that errors for each subcircuit, we check whether depolarizing noise is in an operation are stochastic [12] [9], Li and Benjamin [12] dominant. If yes, we can skip the process of decoherence introduced Richardson extra"
Patil et al. - 2023 - Folding-Free ZNE A Comprehensive Quantum Zero-Noise Extrapolation Approach for Mitigating Depolariz.pdf,Patil et al.,yes,yes,strong,depolarizing,3,"al. [9] noise mitigation. Otherwise, we first apply decoherence noise introducedexponentialextrapolation.Giurgica-Tironetal.[10] mitigation and then depolarizing noise mitigation. In the last exploredvariousextrapolationmodels,suchasthepolynomial step,wecombinethemitigatedstateresultsofeachsubcircuit andthepoly-expo"
Patil et al. - 2023 - Folding-Free ZNE A Comprehensive Quantum Zero-Noise Extrapolation Approach for Mitigating Depolariz.pdf,Patil et al.,yes,yes,strong,depolarizing,4,"y estimation using noise, we propose different extrapolation schemes, linear ex- machinelearningmodels[13],[26]orthoseconsideringmore trapolation for depolarizing noise mitigation, and exponential comprehensive noise effects [5], can also be used for more extrapolation for decoherence noise mitigation. These two accu"
Patil et al. - 2023 - Folding-Free ZNE A Comprehensive Quantum Zero-Noise Extrapolation Approach for Mitigating Depolariz.pdf,Patil et al.,yes,yes,strong,depolarizing,4,"y case, which means scaling up the circuit by an infinite factor, i.e., λ=∞. With an infinite scale factor or noise, the B. Reliability-based ZNE for Depolarizing Noise Mitigation reliability becomes 0 and the noise scale µ = 1−r = 1. In We propose a novel reliability-based ZNE (RZNE) for comparison,suchaninfinitenum"
Patil et al. - 2023 - Folding-Free ZNE A Comprehensive Quantum Zero-Noise Extrapolation Approach for Mitigating Depolariz.pdf,Patil et al.,yes,yes,strong,depolarizing,4,"ecomes 0 and the noise scale µ = 1−r = 1. In We propose a novel reliability-based ZNE (RZNE) for comparison,suchaninfinitenumberorevenaverylargescale depolarizing noise mitigation. Existing ZNE schemes such as factor would be difficult to handle in curving-fitting based on digital ZNE [10] perform extrapolation based"
Patil et al. - 2023 - Folding-Free ZNE A Comprehensive Quantum Zero-Noise Extrapolation Approach for Mitigating Depolariz.pdf,Patil et al.,yes,yes,strong,depolarizing,4,"uit.Thereasonisthatinthisinfinitenoisecase,theoutput motivationistotakethecircuitcomplexityintoconsideration. state is the maximally mixed state when depolarizing noise is Since it is preferred to extrapolate to zero noise, we choose dominant,andthemeasuredstatevectorwouldfollowtheuni- to perform extrapolation using"
Patil et al. - 2023 - Folding-Free ZNE A Comprehensive Quantum Zero-Noise Extrapolation Approach for Mitigating Depolariz.pdf,Patil et al.,yes,yes,strong,depolarizing,4,"hecircuits, linear extrapolation would suffice, which we will prove next. including the original U and the folded ones U(U†U)(λ−1), As shown in Eq.1, depolarizing error leads to a linear run on a noise simulator using the noisy model of a 5-qubit combination of the state itself and the maximally mixed 4"
Patil et al. - 2023 - Folding-Free ZNE A Comprehensive Quantum Zero-Noise Extrapolation Approach for Mitigating Depolariz.pdf,Patil et al.,yes,yes,strong,depolarizing,5,"state. The factor p is the depolarizing probability. When the depolarizing noise is dominant, we can replace the term 1−p Z with the circuit reliability, r, and p becomes 1−r. O1 O2 Hence we will have, O3 I I E(ρ)=rρ+(1−r) =rρ+µ ("
Patil et al. - 2023 - Folding-Free ZNE A Comprehensive Quantum Zero-Noise Extrapolation Approach for Mitigating Depolariz.pdf,Patil et al.,yes,yes,strong,depolarizing,5,"we can replace the term 1−p Z with the circuit reliability, r, and p becomes 1−r. O1 O2 Hence we will have, O3 I I E(ρ)=rρ+(1−r) =rρ+µ (4) 2n 2n Thus depolarizing noise is linear with respect to r. At infinite I noise, r =ESP =0, the state is the maximally 0 0.2 0.4 0.6 0.8 1 ∞noise ∞noise Reliability-basedscalingfac"
Patil et al. - 2023 - Folding-Free ZNE A Comprehensive Quantum Zero-Noise Extrapolation Approach for Mitigating Depolariz.pdf,Patil et al.,yes,yes,strong,depolarizing,6,"uit, first SLZNE if the decoherence noise is value based on the noise-mitigated state. The second is to ap- significant, and then RZNE for mitigating depolarizing noise. ply ZNE directly upon the expectation value, which means to 6"
Patil et al. - 2023 - Folding-Free ZNE A Comprehensive Quantum Zero-Noise Extrapolation Approach for Mitigating Depolariz.pdf,Patil et al.,yes,yes,strong,depolarizing,7,"ehindourchoicetolimitcutsistheclassicalpost-processing, whichscaleswith4K withK beingthenumberofcuts.Given Fig. 5: The fidelity of the GHZ state with depolarizing noise the exponential scaling, 2 was chosen as the maximal number mitigated by RZNE and RZNE-Top 10 (Higher the better). ofallowablecutstodemonstratetheeff"
Patil et al. - 2023 - Folding-Free ZNE A Comprehensive Quantum Zero-Noise Extrapolation Approach for Mitigating Depolariz.pdf,Patil et al.,yes,yes,strong,depolarizing,7,ctivenessofCut-ZNE. We used methods provided by authors of CutQC [21] for circuit cutting and sub-circuit result recombination. We show A. Mitigating Depolarizing Noise the effectiveness of approaches proposed in Alg. 3 and Alg. 4 We first examine the effectiveness of RZNE in miti- on the aforementioned benchmarks. g
Patil et al. - 2023 - Folding-Free ZNE A Comprehensive Quantum Zero-Noise Extrapolation Approach for Mitigating Depolariz.pdf,Patil et al.,yes,yes,strong,depolarizing,7,oaches proposed in Alg. 3 and Alg. 4 We first examine the effectiveness of RZNE in miti- on the aforementioned benchmarks. gating errors arising from depolarizing noise. Depolarizing We also compare our approaches with the state-of-the-art noise is simulated using Qiskit [4] noise model. The noise noisemitigationsche
Patil et al. - 2023 - Folding-Free ZNE A Comprehensive Quantum Zero-Noise Extrapolation Approach for Mitigating Depolariz.pdf,Patil et al.,yes,yes,strong,depolarizing,7,"[2]. For disable the thermal relaxation error and readout error while DZNE, we also explore full state extrapolation, in which case keeping only the depolarizing error. We evaluate our method the parameters are the same as in II, but DZNE is applied for on Hamiltonian Simulation (HS), VQE, QAOA (QA), and every eleme"
Patil et al. - 2023 - Folding-Free ZNE A Comprehensive Quantum Zero-Noise Extrapolation Approach for Mitigating Depolariz.pdf,Patil et al.,yes,yes,strong,depolarizing,8,"ctly mitigated. Noisy SLZE SLZNE top 10 RZNE RZNE top 10 C. Mitigating both Depolarizing and Decoherence Noise 1.00 0.75 In this experiment, both the depolarizing error and thermal relaxation error were enabled within the noise model. The 0.50 results are presented in Figures 10 and 9, which include 0.25 the outcomes"
Patil et al. - 2023 - Folding-Free ZNE A Comprehensive Quantum Zero-Noise Extrapolation Approach for Mitigating Depolariz.pdf,Patil et al.,yes,yes,strong,depolarizing,10,A-5-0 QA-7-0 QA-6-1 QS-4-0 QS-5-0 QS-6-0 QS-7-0 Overall Fig. 10: Absolute Error Ratios for RZNE and SLZNE on various benchmarks under decoherence and depolarizing noise. Fig. 11: Comparison of RZNE and SLZNE with various State-of-Art mitigation methods. (Lower the better) ytilediF SubsequentlyapplyingRZNEinoneoftwowa
Patil et al. - 2023 - Folding-Free ZNE A Comprehensive Quantum Zero-Noise Extrapolation Approach for Mitigating Depolariz.pdf,Patil et al.,yes,yes,strong,depolarizing,10,"se levels/ESPs upon circuit reliability, simple linear extrapolation suffices for can be reduced/increased as demonstrated in Tables V and mitigating depolarizing noise; (c) we propose SLZNE, which VI. In these experiments, circuits were cut into 2 sub-circuits is an exponential extrapolation model based on circuit l"
Patil et al. - 2023 - Folding-Free ZNE A Comprehensive Quantum Zero-Noise Extrapolation Approach for Mitigating Depolariz.pdf,Patil et al.,yes,yes,weak,noise-model-mention,7,"ing errors arising from depolarizing noise. Depolarizing We also compare our approaches with the state-of-the-art noise is simulated using Qiskit [4] noise model. The noise noisemitigationschemesshowninTableII.ForDZNE,CDR, model is constructed from the backend information of the and vnCDR, we use the software"
Patil et al. - 2023 - Folding-Free ZNE A Comprehensive Quantum Zero-Noise Extrapolation Approach for Mitigating Depolariz.pdf,Patil et al.,yes,yes,weak,noise-model-mention,7,"R, model is constructed from the backend information of the and vnCDR, we use the software package Mitiq [11]. For ibmq_guadalupe machine. Within the noise model, we QRAFT, we used the code provided by the authors [2]. For disable the thermal relaxation error and readout error while DZNE, we also explore full"
Patil et al. - 2023 - Folding-Free ZNE A Comprehensive Quantum Zero-Noise Extrapolation Approach for Mitigating Depolariz.pdf,Patil et al.,yes,yes,weak,noise-model-mention,8,"oth Depolarizing and Decoherence Noise 1.00 0.75 In this experiment, both the depolarizing error and thermal relaxation error were enabled within the noise model. The 0.50 results are presented in Figures 10 and 9, which include 0.25 the outcomes of both RZNE and SLZNE+RZNE, as well as 0.00 their respective To"
Patil et al. - 2023 - Folding-Free ZNE A Comprehensive Quantum Zero-Noise Extrapolation Approach for Mitigating Depolariz.pdf,Patil et al.,yes,yes,weak,error-model-mention,2,", as shown in Fig. 1c. Although The depolarizing error can be modeled by the following |000(cid:105)hasahigherprobabilityasaresultofdecoherencenoise, error channel, other states have non-trivial probabilities due to depolarizing noise. I E(ρ)=(1−p)ρ+p (1) 2n B. Quantum Error Mitigation where ρ is the density mat"
Patil et al. - 2023 - Folding-Free ZNE A Comprehensive Quantum Zero-Noise Extrapolation Approach for Mitigating Depolariz.pdf,Patil et al.,yes,yes,weak,error-model-mention,2,"the identity matrix, and n is the number of circuit’s noise and executing the circuits with different noise qubits [17]. Conceptually, a depolarizing error channel results scales.Thenitinfers/extrapolatesthezero-noisecasefromthe in a weighted mixture of the noise-free quantum state and measurement results. the m"
Patil et al. - 2023 - Folding-Free ZNE A Comprehensive Quantum Zero-Noise Extrapolation Approach for Mitigating Depolariz.pdf,Patil et al.,yes,yes,weak,noisy-device-mention,8,"depolarizingnoise.(Lowerthebetter). with different ESP values. For each run, we calculate the expectation value from the ideal noise-free simulation, noisy simulation, RZNE-mitigated noisy simulation, and Top 10 RZNE-mitigated simulation. As discussed in Section V.C., the absolute error ratio (ABR) is used to quant"
Patil et al. - 2023 - Folding-Free ZNE A Comprehensive Quantum Zero-Noise Extrapolation Approach for Mitigating Depolariz.pdf,Patil et al.,yes,yes,weak,noisy-device-mention,8,"). with different ESP values. For each run, we calculate the expectation value from the ideal noise-free simulation, noisy simulation, RZNE-mitigated noisy simulation, and Top 10 RZNE-mitigated simulation. As discussed in Section V.C., the absolute error ratio (ABR) is used to quantify the error impact. Our experim"
Patil et al. - 2023 - Folding-Free ZNE A Comprehensive Quantum Zero-Noise Extrapolation Approach for Mitigating Depolariz.pdf,Patil et al.,yes,yes,weak,noise-parameter,1,"reakalargequantumcircuitintosmallersub- are independent of the circuit structure but dependent on circuits to overcome this limitation. This way, the noise levels of the noise source. With depolarizing noise, the quantum state thesub-circuitsarelowerthantheoriginalcircuit,andZNEcan under extreme noise becomes"
Patil et al. - 2023 - Folding-Free ZNE A Comprehensive Quantum Zero-Noise Extrapolation Approach for Mitigating Depolariz.pdf,Patil et al.,yes,yes,weak,noise-parameter,1,"eme noise becomes the maximally mixed state. In become more effective in mitigating their noises. existing ZNE schemes, the extrapolation is based on noise levels or circuit folding factors. As a result, it is impractical I. INTRODUCTION toincorporateextremenoisecases,whosenoiselevels/folding Recent years have"
Patil et al. - 2023 - Folding-Free ZNE A Comprehensive Quantum Zero-Noise Extrapolation Approach for Mitigating Depolariz.pdf,Patil et al.,yes,yes,weak,noise-parameter,1,"there is no need for circuit folding for extrapolation. computation have been proposed. Although the physical error Third, rather than scaling up the noise levels for extrapola- rates of quantum devices are approaching the critical thresh- tion, we propose to scale down the noise levels using circuit olds,wher"
Patil et al. - 2023 - Folding-Free ZNE A Comprehensive Quantum Zero-Noise Extrapolation Approach for Mitigating Depolariz.pdf,Patil et al.,yes,yes,weak,noise-parameter,1,"ther than scaling up the noise levels for extrapola- rates of quantum devices are approaching the critical thresh- tion, we propose to scale down the noise levels using circuit olds,whereQECcanachievelowerlogicalerrorratesthanthe cutting techniques, which break a large circuit into smaller 1 3202 yaM 1 ]hp-tna"
Patil et al. - 2023 - Folding-Free ZNE A Comprehensive Quantum Zero-Noise Extrapolation Approach for Mitigating Depolariz.pdf,Patil et al.,yes,yes,weak,noise-parameter,2,")=P |11(cid:105) (0)e − T 2 1 t schemes, which become ineffective for circuits with high To illustrate the noise impact, we use a circuit to prepare noise levels as further scaling up the noise fails to produce a 3-qubit state |ψ(cid:105) = 1|000(cid:105)+ 1|001(cid:105)+ 1|110(cid:105)+ 1|111(cid:105) meanin"
Patil et al. - 2023 - Folding-Free ZNE A Comprehensive Quantum Zero-Noise Extrapolation Approach for Mitigating Depolariz.pdf,Patil et al.,yes,yes,weak,noise-parameter,2,"ur approach. Section themeasuredfinalstateareshowninFig1a.Inthefigure,the IV details our proposed schemes. Sections V and VI discuss x-axis shows the noise level, quantified with 1−reliability, the experimental methodology and the results, respectively. where the reliability is computed as the estimated succes"
Patil et al. - 2023 - Folding-Free ZNE A Comprehensive Quantum Zero-Noise Extrapolation Approach for Mitigating Depolariz.pdf,Patil et al.,yes,yes,weak,noise-parameter,2,"zinganddecoherencenoiseareenabled, in a circuit [15]. In this work, we focus on depolarizing and the state change patterns with respect to either the noise level decoherence noise. or latency are less obvious, as shown in Fig. 1c. Although The depolarizing error can be modeled by the following |000(cid:105)has"
Patil et al. - 2023 - Folding-Free ZNE A Comprehensive Quantum Zero-Noise Extrapolation Approach for Mitigating Depolariz.pdf,Patil et al.,yes,yes,weak,noise-parameter,3,"gate, there are thereby making extrapolation useless. For example, when the QEM methods that aim to mitigate a particular type of error. depolarizing noise level is very high, the output is close to State Preparation and Measurement (SPAM) error mitigation the maximally mixed state. Further scaling up the nois"
Patil et al. - 2023 - Folding-Free ZNE A Comprehensive Quantum Zero-Noise Extrapolation Approach for Mitigating Depolariz.pdf,Patil et al.,yes,yes,weak,noise-parameter,3,"evel is very high, the output is close to State Preparation and Measurement (SPAM) error mitigation the maximally mixed state. Further scaling up the noise levels methods [16] are such an example. In addition, Dynamical would not have much impact on the output state anyway. decoupling (DD) [25] [28] is propose"
Patil et al. - 2023 - Folding-Free ZNE A Comprehensive Quantum Zero-Noise Extrapolation Approach for Mitigating Depolariz.pdf,Patil et al.,yes,yes,weak,noise-parameter,3,or any post-processing step. IV. ACOMPREHENSIVEAPPROACHFORZERONOISE EXTRAPOLATION III. MOTIVATION A. Overview The key idea of ZNE is to scale up the noise levels of a quantum circuit and then extrapolate to the zero-noise OurproposedZNEintegratesdifferentextrapolationmodels case based on the measurements of t
Patil et al. - 2023 - Folding-Free ZNE A Comprehensive Quantum Zero-Noise Extrapolation Approach for Mitigating Depolariz.pdf,Patil et al.,yes,yes,weak,noise-parameter,3,"a subcircuit or isshowninFig.2.Westartbycheckingthecircuitnoiselevel the complete circuit U with U(U†U)n [10], where n is the or reliability. If the noise level/reliability is higher/lower than circuit scale/folding factor. The underlying assumption is that a threshold θ, meaning that further scaling up noise"
Patil et al. - 2023 - Folding-Free ZNE A Comprehensive Quantum Zero-Noise Extrapolation Approach for Mitigating Depolariz.pdf,Patil et al.,yes,yes,weak,noise-parameter,3,"level/reliability is higher/lower than circuit scale/folding factor. The underlying assumption is that a threshold θ, meaning that further scaling up noise levels the noise level scales in proportion to the circuit scale/folding would not lead to meaningful results, we apply circuit cut factor, which is accura"
Patil et al. - 2023 - Folding-Free ZNE A Comprehensive Quantum Zero-Noise Extrapolation Approach for Mitigating Depolariz.pdf,Patil et al.,yes,yes,weak,noise-parameter,3,"is higher/lower than circuit scale/folding factor. The underlying assumption is that a threshold θ, meaning that further scaling up noise levels the noise level scales in proportion to the circuit scale/folding would not lead to meaningful results, we apply circuit cut factor, which is accurate if the circuit"
Patil et al. - 2023 - Folding-Free ZNE A Comprehensive Quantum Zero-Noise Extrapolation Approach for Mitigating Depolariz.pdf,Patil et al.,yes,yes,weak,noise-parameter,4,"eliability-based extrapolation respectively. Section IV.D discusses how we scale down the is that it readily enables extrapolation from the extremely noise level using the quantum circuit cut techniques. noisy case, which means scaling up the circuit by an infinite factor, i.e., λ=∞. With an infinite scale fac"
Patil et al. - 2023 - Folding-Free ZNE A Comprehensive Quantum Zero-Noise Extrapolation Approach for Mitigating Depolariz.pdf,Patil et al.,yes,yes,weak,noise-parameter,10,"classical processing to form the output folding the circuits; (b) we also show that with extrapolation state of the original circuit. This way, their noise levels/ESPs upon circuit reliability, simple linear extrapolation suffices for can be reduced/increased as demonstrated in Tables V and mitigating depolari"
Patil et al. - 2023 - Folding-Free ZNE A Comprehensive Quantum Zero-Noise Extrapolation Approach for Mitigating Depolariz.pdf,Patil et al.,yes,yes,weak,noise-parameter,10,rformance of Cut-ZNE (e) we propose to leverage quantum circuit cut techniques to methods.Wealsoshowtheeffectofsimplycuttingthecircuit scale down the noise level so as to make ZNE approaches and recombining the execution results of the sub-circuits (la- moreeffectiveforcircuitssufferingfromveryhighnoises.Our b
Patil et al. - 2023 - Folding-Free ZNE A Comprehensive Quantum Zero-Noise Extrapolation Approach for Mitigating Depolariz.pdf,Patil et al.,yes,yes,weak,gate-error,4,"ollows. N (cid:89) gates N (cid:89)meas ESP = (1−ge)∗ (1−me) (3) i j i=1 j=0 Fig. 2: Flowchart of our proposed ZNE scheme. In the equation, ge is the gate error rate, and me is the i i measurement error rate that are obtained from device cal- Duetothedifferentnaturesofdepolarizinganddecoherence ibration. Othe"
Patil et al. - 2023 - Folding-Free ZNE A Comprehensive Quantum Zero-Noise Extrapolation Approach for Mitigating Depolariz.pdf,Patil et al.,yes,yes,weak,gate-error,9,"benchmark compared to other ledtoexcessivewaitinthejobqueue.Finally,havingaccurate error mitigation methods. The performance gain of RZNE estimate of gate error is important for RZNE. At times, the over Digital ZNE (DZNE) is due to two reasons: 1) DZNE IBM backend may have CNOT errors equal to 1 which gives e"
Pelofske et al. - 2024 - Increasing the Measured Effective Quantum Volume with Zero Noise Extrapolation.pdf,Pelofske et al.,partial,yes,strong,Pauli-channel,10,"EC)[23, 42, 43], perform when applied to effective Quantum Volume is an open question. In general, other quantum error suppression mechanisms such as Pauli twirling (also known as randomized compiling) [44–47] and variants of dynamical decoupling should continue to be analyzed for their effectiveness at improv"
Pelofske et al. - 2024 - Increasing the Measured Effective Quantum Volume with Zero Noise Extrapolation.pdf,Pelofske et al.,partial,yes,strong,Pauli-channel,16,"ingdevices”.In:New Journal of Physics 21.11(2019),p.113038.doi:10.1088/1367- 2630/ab4fd6. [46] Zhenyu Cai and Simon C Benjamin. “Constructing smaller Pauli twirling sets for arbitrary error channels”. In: Scientific reports 9.1 (2019), p. 11281. doi: 10.1038/s41598-019-46722-7. [47] Aditya Jain et al. Improved"
Pelofske et al. - 2024 - Increasing the Measured Effective Quantum Volume with Zero Noise Extrapolation.pdf,Pelofske et al.,partial,yes,strong,error-rate-value,5,"nces inserted. Note that the rz gates in Figure 5 are virtual gates [33], meaning that they are performed at the software level and therefore have an error rate of 0 and a time cost within the circuit of 0. 2.4 Execution on hardware and extrapolation to the zero-noise limit Once the circuits have been compiled, al"
Pelofske et al. - 2024 - Increasing the Measured Effective Quantum Volume with Zero Noise Extrapolation.pdf,Pelofske et al.,partial,yes,weak,error-model-mention,16,"ics 21.11(2019),p.113038.doi:10.1088/1367- 2630/ab4fd6. [46] Zhenyu Cai and Simon C Benjamin. “Constructing smaller Pauli twirling sets for arbitrary error channels”. In: Scientific reports 9.1 (2019), p. 11281. doi: 10.1038/s41598-019-46722-7. [47] Aditya Jain et al. Improved quantum error correction with rando"
Pelofske et al. - 2024 - Increasing the Measured Effective Quantum Volume with Zero Noise Extrapolation.pdf,Pelofske et al.,partial,yes,weak,noise-parameter,3,"gation. Zero Noise Extrapolation (ZNE) [10, 19–28] is a general-purpose error mitigation algorithm that uses expectation values computed at different noise levels so as to extrapolate the computation to its zero noise limit. The different noise levels can be indirectly created by circuit folding operations tha"
Pelofske et al. - 2024 - Increasing the Measured Effective Quantum Volume with Zero Noise Extrapolation.pdf,Pelofske et al.,partial,yes,weak,noise-parameter,3,"algorithm that uses expectation values computed at different noise levels so as to extrapolate the computation to its zero noise limit. The different noise levels can be indirectly created by circuit folding operations that leave the circuit invariant in its theoretical expectationvalue, butpurposelyincreaseth"
Pelofske et al. - 2024 - Increasing the Measured Effective Quantum Volume with Zero Noise Extrapolation.pdf,Pelofske et al.,partial,yes,weak,noise-parameter,3,"uantum circuits – and this becomes prohibitive even for HPC clusters at qubit counts greater than ∼ 32. The second limitation comes from the inherent noise level in the quantum computer being benchmarked; this error rate is the limiting factor for arbitrarily increasing, and passing the test for, the effective"
Pelofske et al. - 2024 - Increasing the Measured Effective Quantum Volume with Zero Noise Extrapolation.pdf,Pelofske et al.,partial,yes,weak,gate-error,14,"um computers. 2022. doi: 10.48550/ARXIV.2203.05489. url: https://arxiv.org/abs/2203.05489. [19] Andre He et al. “Zero-noise extrapolation for quantum-gate error mitigation with identity insertions”. In: Phys. Rev. A 102 (1 2020), p. 012426. doi: 10.1103/PhysRevA.102.012426. url: https://link.aps.org/ doi/10.1"
Prodius et al. - 2025 - Robust design under uncertainty in quantum error mitigation.pdf,Prodius et al.,yes,yes,strong,depolarizing,1,"illustrate ourmethods,weapplythemtoCliffordDataRegressionandZeroNoiseExtrapolationintheground state of the XY model simulated using IBM’s Toronto and depolarizing noise models, respectively. Inparticular,weoptimizethedistributionofthetrainingcircuitsforCliffordDataRegression,while for Zero Noise Extrapolation we opti"
Prodius et al. - 2025 - Robust design under uncertainty in quantum error mitigation.pdf,Prodius et al.,yes,yes,strong,depolarizing,7,"density matrices, ρ, as 0.13 I (ρ)=(1 λ)ρ+λTr[ρ] , (9) N λ − 2nq with n = 2 and n = 1, respectively, where I denotes q q 0.11 identity. We choose the depolarizing error parameter λ as 3.2 10−3 for the CNOTs, and 3.2 10−4 for the √X · · gates. We assume that the R (α) gates are noiseless, Z which yields error rates fo"
Prodius et al. - 2025 - Robust design under uncertainty in quantum error mitigation.pdf,Prodius et al.,yes,yes,strong,depolarizing,9,"tal axis labels the cir- qubit one-dimensional XY model simulated with IBM’s cuits by their X X expected values. The circuits are ob- 0 3 Toronto and depolarizing noise models, respectively. In tained by modifying rotation angles of the ground state cir- particular, we estimate the expected value and tail value cuit"
Prodius et al. - 2025 - Robust design under uncertainty in quantum error mitigation.pdf,Prodius et al.,yes,yes,strong,depolarizing,11,"benchmark- Christopher Self, Myungshik S Kim, and Johannes ing of error mitigation with qermit,” arXiv preprint Knolle, “Simple mitigation of global depolarizing errors arXiv:2204.09725 (2022), 10.48550/ARXIV.2204.09725. inquantumsimulations,” PhysicalReviewE104,035309 [55] H. Owhadi, C. Scovel, T. Sullivan, M. McKe"
Prodius et al. - 2025 - Robust design under uncertainty in quantum error mitigation.pdf,Prodius et al.,yes,yes,weak,noise-model-mention,4,"respectively, stration, we performed noisy simulations using IBM’s indicating that they can be used in practice to quantify Toronto quantum computer noise model obtained using the uncertainty. In contrast, the maxima appear to a built-in Qiskit [65] function that creates a noise model diverge logarithmically"
Prodius et al. - 2025 - Robust design under uncertainty in quantum error mitigation.pdf,Prodius et al.,yes,yes,weak,noise-model-mention,4,"Toronto quantum computer noise model obtained using the uncertainty. In contrast, the maxima appear to a built-in Qiskit [65] function that creates a noise model diverge logarithmically with N. Therefore, the maxima based on the device calibration. are not suitable for quantifying the robustness of the In our"
Prodius et al. - 2025 - Robust design under uncertainty in quantum error mitigation.pdf,Prodius et al.,yes,yes,weak,noise-model-mention,5,"enote outliers. For each value of N, 1000 samples of size N were generated to plot the distribution. Error mitigation is performed for an IBM Toronto noise model with hyperparameters y =0.5 and a=1. max TVaRrightasthemeanofthesampleelementslargerthan 3. Robust design β or equal to TVaRright. β We note that in"
Prodius et al. - 2025 - Robust design under uncertainty in quantum error mitigation.pdf,Prodius et al.,yes,yes,weak,noise-model-mention,6,"0 3 relator of the ground state of a 6-qubit one-dimensional XY uncertaintyofyZNEdependsnotonlyontheshotnumber k model (Eq. (4)) and the IBM Toronto noise model. An es- but also on its expected value. Thus, a uniform distri- timate of the expected value of η obtained with N = 1000 bution of shots among the no"
Prodius et al. - 2025 - Robust design under uncertainty in quantum error mitigation.pdf,Prodius et al.,yes,yes,weak,noise-model-mention,12,"stributions were obtained using 1000 samples of size N for each value of N. Similarly as in Fig. 2, error mitigation was performed for an IBM Toronto noise model using y =0.5 and a=1 hyperparameters. max Appendix B: Maximization of the relative error expected value FIG. 8. Maximizing expected value of η. Optim"
Prodius et al. - 2025 - Robust design under uncertainty in quantum error mitigation.pdf,Prodius et al.,yes,yes,weak,noisy-device-mention,4,"the minima converge tained 60 CNOTs. For this proof-of-principle demon- with increasing N quickly to 0.22 and 0, respectively, stration, we performed noisy simulations using IBM’s indicating that they can be used in practice to quantify Toronto quantum computer noise model obtained using the uncertainty. In contras"
Prodius et al. - 2025 - Robust design under uncertainty in quantum error mitigation.pdf,Prodius et al.,yes,yes,weak,noise-parameter,1,"Inparticular,weoptimizethedistributionofthetrainingcircuitsforCliffordDataRegression,while for Zero Noise Extrapolation we optimize the choice of the noise levels and the allocation of shots. Whileourmethodsarereadilyapplicabletoanypost-processing-basederrormitigationapproach,in practice they must not be prohi"
Prodius et al. - 2025 - Robust design under uncertainty in quantum error mitigation.pdf,Prodius et al.,yes,yes,weak,noise-parameter,2,"D. mitigated outcomes with respect to key statistical quanti- ties, through optimization of error mitigation hyperparam- eters (such as choice of ZNE noise levels or learning-based error mitigation training circuits). Here we depict minimiza- II. ROBUST DESIGN UNDER UNCERTAINTY tion of (a) expected error, (b)"
Prodius et al. - 2025 - Robust design under uncertainty in quantum error mitigation.pdf,Prodius et al.,yes,yes,weak,noise-parameter,2,"ed is also a noise, it can introduce subtler biases. For example, ZNE random variable characterized by a probability distri- performed with imperfect noise strength control or im- bution, P(Omitigated). To reliably quantify the uncer- proper choice of extrapolation method can result in bi- tainty of Omitigated, o"
Prodius et al. - 2025 - Robust design under uncertainty in quantum error mitigation.pdf,Prodius et al.,yes,yes,weak,noise-parameter,6,"el. An es- but also on its expected value. Thus, a uniform distri- timate of the expected value of η obtained with N = 1000 bution of shots among the noise levels does not result samplesisplottedversusanumberofoptimizationiterations. in uniform shot uncertainty for the data points. There- Theinsetsshowthebesth"
Prodius et al. - 2025 - Robust design under uncertainty in quantum error mitigation.pdf,Prodius et al.,yes,yes,weak,noise-parameter,6,"location using a pa- the quality of CDR-mitigated observables, as argued in rameterized shot distribution that assigns N(k) shots to Ref. [61]. s the noise level k according to: BothhereandinApp.B,weperformouroptimizations using mystic’s [58, 66] implementation of a differential 2Ntot (cid:20) k (cid:21) evolu"
Prodius et al. - 2025 - Robust design under uncertainty in quantum error mitigation.pdf,Prodius et al.,yes,yes,weak,noise-parameter,6,"pair of y ,a, the ex- s k s s max of α = 0.5 produces shots distributed uniformly across pected value of η was estimated as the mean of a sample the noise levels. For α < 0.5, N(k) increases monotoni- of N =1000 error mitigation outcomes. s callywithincreasingk, whileforα>0.5, N(k) decreases s monotonically w"
Prodius et al. - 2025 - Robust design under uncertainty in quantum error mitigation.pdf,Prodius et al.,yes,yes,weak,noise-parameter,6,"o-site correlator X X — see 0 3 expected values of the observable of interest for multiple Sec. IIIA1 for a more detailed description of the circuit. noise strengths, also called noise levels. The mitigated Furthermore, to investigate dependence of the optimal α expected value is obtained by extrapolating from th"
Prodius et al. - 2025 - Robust design under uncertainty in quantum error mitigation.pdf,Prodius et al.,yes,yes,weak,noise-parameter,6,"3 expected values of the observable of interest for multiple Sec. IIIA1 for a more detailed description of the circuit. noise strengths, also called noise levels. The mitigated Furthermore, to investigate dependence of the optimal α expected value is obtained by extrapolating from these andnonthechoiceofcircu"
Prodius et al. - 2025 - Robust design under uncertainty in quantum error mitigation.pdf,Prodius et al.,yes,yes,weak,noise-parameter,6,"erform Z { } a widely-used gate identity insertions technique [19, 22]. numerical simulations, where we model the noisy CNOT More specifically, for a noise level k 1,2,...,n we and √X gates using two-qubit and single-qubit depolar- ∈ { } replace each CNOT gate in the circuit of interest by izing noise channels"
Prodius et al. - 2025 - Robust design under uncertainty in quantum error mitigation.pdf,Prodius et al.,yes,yes,weak,noise-parameter,7,"bservableto theshotnoise. ForeachvalueofN,1000samplesofTVaRright 0.9 with size N were generated to plot the distribution. ZNE is performed with n = 8 noise levels and the shot allocation is determined by a distribution from Eq. (8) with α=0.8. runs, where we start each run from 10 evaluations of TVaRright for"
Prodius et al. - 2025 - Robust design under uncertainty in quantum error mitigation.pdf,Prodius et al.,yes,yes,weak,noise-parameter,8,"t oftherelativeerrorofthemitigatedobservable,η, 0.9 find that the minimal tail value at risk values strongly with respect to the n (the number of the noise levels) and α depend on X X , while the optimal n and α remain (a hyperparameter defining the shot distribution across the 0 3 ⟨ ⟩ noise levels, see Eq. (8"
Prodius et al. - 2025 - Robust design under uncertainty in quantum error mitigation.pdf,Prodius et al.,yes,yes,weak,noise-parameter,8,"umber of the noise levels) and α depend on X X , while the optimal n and α remain (a hyperparameter defining the shot distribution across the 0 3 ⟨ ⟩ noise levels, see Eq. (8)). We mitigate ⟨X X ⟩ for a circuit similar across all the circuits, as can be seen in Fig. 6. 0 3 preparing the ground state of the 6-q"
Prodius et al. - 2025 - Robust design under uncertainty in quantum error mitigation.pdf,Prodius et al.,yes,yes,weak,noise-parameter,9,"ntheinsets. Theerrorbars risk of the relative error with respect to the choice of denote standard deviations of the estimates. Both the opti- the ZNE noise levels and the distribution of shots across mizationrunsandthehypeparametertransfertypicallyresult the noise levels. Additionally, for the ZNE example, we"
Prodius et al. - 2025 - Robust design under uncertainty in quantum error mitigation.pdf,Prodius et al.,yes,yes,weak,noise-parameter,9,"of the estimates. Both the opti- the ZNE noise levels and the distribution of shots across mizationrunsandthehypeparametertransfertypicallyresult the noise levels. Additionally, for the ZNE example, we in very similar tail value at risk distributions. An exception demonstrate the potential for the efficient op"
Prodius et al. - 2025 - Robust design under uncertainty in quantum error mitigation.pdf,Prodius et al.,yes,yes,weak,noise-parameter,13,"o W un e d div st id at e e d t c h ir e cu s i h t ot a s n e d qu k all ∈ y tion with x i hyperparameters. We created a set of data { between the } noise levels (106 shots per a noise level). (cid:8) (cid:9) points = (x ,y ), i 1,2,...,m . Then we re- Then, we used these estimates to model distributions of i"
Prodius et al. - 2025 - Robust design under uncertainty in quantum error mitigation.pdf,Prodius et al.,yes,yes,weak,noise-parameter,13,"t c h ir e cu s i h t ot a s n e d qu k all ∈ y tion with x i hyperparameters. We created a set of data { between the } noise levels (106 shots per a noise level). (cid:8) (cid:9) points = (x ,y ), i 1,2,...,m . Then we re- Then, we used these estimates to model distributions of i i init D ∈ { } peated m =20 o"
Prodius et al. - 2025 - Robust design under uncertainty in quantum error mitigation.pdf,Prodius et al.,yes,yes,weak,gate-error,7,"for the √X · · gates. We assume that the R (α) gates are noiseless, Z which yields error rates for the gates that are similar to 0.09 the real-world gate error rates. 0.07 2. Uncertainty quantification Inthedemonstrationofouruncertaintyquantification 10 30 100 300 1000 3000 method for ZNE, we begin with a fi"
Prodius et al. - 2025 - Robust design under uncertainty in quantum error mitigation.pdf,Prodius et al.,yes,yes,weak,gate-error,10,"preprint arXiv:2210.00921 (2022). and Christian W. Bauer, “Zero-noise extrapolation for [10] LorenzaViola,EmanuelKnill, andSethLloyd,“Dynam- quantum-gate error mitigation with identity insertions,” ical decoupling of open quantum systems,” Phys. Rev. Physical Review A 102, 012426 (2020). Lett. 82, 2417–2421"
Qin et al. - 2023 - Error statistics and scalability of quantum error mitigation formulas.pdf,Qin et al.,yes,yes,strong,depolarizing,13,"11. McClean,J.R.,Schwartz,M.E.,Carter,J.&deJong,W.A.Hybridquantum-classical Phys.B31,090306(2022). 47. Vovrosh, J. et al. Simple mitigation of global depolarizing errors in quantum hierarchy for mitigation of decoherence and determination of excited states. simulations.Phys.Rev.E104,035309(2021). Phys.Rev.A95,042308("
Qin et al. - 2023 - Error statistics and scalability of quantum error mitigation formulas.pdf,Qin et al.,yes,yes,strong,depolarizing,13,"decoherence and determination of excited states. simulations.Phys.Rev.E104,035309(2021). Phys.Rev.A95,042308(2017). 48. Urbanek, M. et al. Mitigating depolarizing noise on quantum computers with 12. Colless,J.I.etal.Computationofmolecularspectraonaquantumprocessorwith noise-estimationcircuits.Phys.Rev.Lett.127,270502"
Qin et al. - 2023 - Error statistics and scalability of quantum error mitigation formulas.pdf,Qin et al.,yes,yes,strong,Pauli-channel,5,"variable single-qubit gates. Clifford gates in the yellow regionwithdashedbordersformacompositeCliffordgate. twirling, we convert general errors into Pauli errors by randomly applying Pauli gates before and after each Clifford gate. We can correct a Pauli error by applying a Pauli gate to undo the error. Fig."
Qin et al. - 2023 - Error statistics and scalability of quantum error mitigation formulas.pdf,Qin et al.,yes,yes,strong,Pauli-channel,5,"ordgate. twirling, we convert general errors into Pauli errors by randomly applying Pauli gates before and after each Clifford gate. We can correct a Pauli error by applying a Pauli gate to undo the error. Fig. 3 Error-sensitive circuit generation. We compose an error- Relevantdiscussions canbe foundinref. 36."
Qin et al. - 2023 - Error statistics and scalability of quantum error mitigation formulas.pdf,Qin et al.,yes,yes,strong,Pauli-channel,5,"ms implementingPaulitwirlingandprobabilisticerrorcancellationfor We give two algorithms for sampling error-sensitive Clifford general error models. A Pauli error is an unwanted Pauli circuits in Algorithms 2 and 3. For clarity, we use the following transformation stochastically occurring in the circuit. In Pau"
Qin et al. - 2023 - Error statistics and scalability of quantum error mitigation formulas.pdf,Qin et al.,yes,yes,strong,Pauli-channel,7,"D.Qinetal. 7 depolarising error, we capnffiffirffiffieduce the bias caused by realistic PaulitwirlingtoconvertthemintoPaulierrors.Iferrormitigation errors by afactor of Oð1= NÞ. is concatenated with error correction, logical errors after correc- Be"
Qin et al. - 2023 - Error statistics and scalability of quantum error mitigation formulas.pdf,Qin et al.,yes,yes,strong,Pauli-channel,7,"n(cid:4)2Þ(cid:3): (21) ϵ 0 ¼ q hϵ ffi C ffiffi i ffiffi C ffiffiffi E ffi S ffiffi ; ffiffiffiffiffiffi (29) Δ¼ hδϵ2i : (30) We call this particular Pauli error model the gate depolarising C CES model,inwhichprobabilitiesofPaulierrorsarethesame.Wecan These relations allow us to study ϵ and Δ with error-sensit"
Qin et al. - 2023 - Error statistics and scalability of quantum error mitigation formulas.pdf,Qin et al.,yes,yes,strong,Pauli-channel,7,"5.Intheproductform,thenoisemapisaproductof gates and measurement are perfect. In a two-qubit gate, we 15 independent maps, and we call each of them a Pauli error assume that the probability of Pauli errors are the same, i.e. the channel. gatedepolarisingmodel.WeuseN0todenotethenumberoftwo- Theglobaldepolarisin"
Qin et al. - 2023 - Error statistics and scalability of quantum error mitigation formulas.pdf,Qin et al.,yes,yes,strong,Pauli-channel,7,"gates and measurement are perfect. In a two-qubit gate, we 15 independent maps, and we call each of them a Pauli error assume that the probability of Pauli errors are the same, i.e. the channel. gatedepolarisingmodel.WeuseN0todenotethenumberoftwo- Theglobaldepolarisingmodelwithfluctuationcancharacterise qubitg"
Qin et al. - 2023 - Error statistics and scalability of quantum error mitigation formulas.pdf,Qin et al.,yes,yes,strong,Pauli-channel,7,"Theglobaldepolarisingmodelwithfluctuationcancharacterise qubitgates. theimpactofrealisticerrorsinlargecircuits.GivenacircuitC,the The effect of local Pauli errors is equivalent to that of global error-free final state is ρ 0 ¼Uj0ih0j(cid:2)nUy. In our error model, the depolarising errors in error-sensitive cir"
Qin et al. - 2023 - Error statistics and scalability of quantum error mitigation formulas.pdf,Qin et al.,yes,yes,strong,Pauli-channel,7,"ρ m , where ϵ C is the transformation of a circuit with N gates is U=U N ⋯U 1 . If a circuit-dependent depolarising rate. According to this model, we Pauli error σ occurs after the ith gate, the transformation have yC =(1−ϵ C)fC. If we allow ϵ C to be any value (rather than becomes U0 ¼U N (cid:6)(cid:6)(cid:6"
Qin et al. - 2023 - Error statistics and scalability of quantum error mitigation formulas.pdf,Qin et al.,yes,yes,strong,Pauli-channel,7,"6)U 1 ¼σ0 C U, where σ0 C ¼ limited in the interval [0,1]), this error model is a general U (cid:6)(cid:6)(cid:6)U σUy (cid:6)(cid:6)(cid:6)Uy is the Pauli error propagated to the end N iþ1 iþ1 N p co h r e r n es o p m o e n n d o in lo g gi d c e al p -e o r la ro ri r sin m g o r d a e te l. is G ϵ iv C e ="
Qin et al. - 2023 - Error statistics and scalability of quantum error mitigation formulas.pdf,Qin et al.,yes,yes,strong,Pauli-channel,7,rate depends on the number of Pauli circuit-dependentfluctuation.Wecharacterisethefluctuationwith error channels. Each two-qubit gate contributes 15 Pauli error theweighted standard deviation channelsaccordingtotheproductformofthePaulierrormodel.For sffiffiffiffiffiffiffiffiffiffiffiffiffiffiffiffiffiffiffi a
Qin et al. - 2023 - Error statistics and scalability of quantum error mitigation formulas.pdf,Qin et al.,yes,yes,strong,Pauli-channel,7,"ervedin rootofthegatenumber.Wecanunderstandthisphenomenonas alltheerrormodels. follows.Ifwechoosethecircuitrandomlyfromthecircuitset,each We focus on Pauli errors to analyse the fluctuation in the errorchannelisswitchedonandoffrandomly,i.e.eacht takesa k phenomenological-error model. For general errors, we can"
Qin et al. - 2023 - Error statistics and scalability of quantum error mitigation formulas.pdf,Qin et al.,yes,yes,strong,Pauli-channel,10,", effective noise in the gate is consistent with the scaling behaviour predicted by the e(cid:4)1 phenomenological-error model. Ni Ni . We consider a Pauli error model with gate depolarising errors Theorem1.ConsiderthegeneralextrapolationformulainEq.(2), and dephasing errors as an example. For a two-qubit gate"
Qin et al. - 2023 - Error statistics and scalability of quantum error mitigation formulas.pdf,Qin et al.,yes,yes,strong,Pauli-channel,12,"and qubit-j,see Supplementary Figure 1(c). proposeICSasanefficientmethodofgeneratingtrainingcircuits, where only those Clifford circuits sensitive to Pauli errors are Errormodels selected. The optimised formula removes the average cponffiffitffiffiribu- Severalerrormodels are used inthenumerical simulations. t"
Qin et al. - 2023 - Error statistics and scalability of quantum error mitigation formulas.pdf,Qin et al.,yes,yes,strong,amplitude-damping,7,"merical simulations of the gate depolarising model, composite error models involving Pauli, The average depolarising rate is proportional to the gate amplitude damping and coherent errporffisffiffiffi, and a model with number,andthestandarddeviationisproportionaltothesquare single-qubit-gate-dependenterrors.The Nsca"
Qin et al. - 2023 - Error statistics and scalability of quantum error mitigation formulas.pdf,Qin et al.,yes,yes,strong,amplitude-damping,8,"y generated error-sensitive composite error model involves gate depolarising, dephasing, circuitC2CES,anditislikelythattheerrormitigationformulastill amplitude damping and coherent errors, which are the typical npjQuantumInformation(2023) 35 PublishedinpartnershipwithTheUniversityofNewSouthWales"
Qin et al. - 2023 - Error statistics and scalability of quantum error mitigation formulas.pdf,Qin et al.,yes,yes,strong,amplitude-damping,12,"ϵ ffi 1 ffi i; ffi a ffi (cid:4) ffi Xþ ϵ 2 i i Y ;a(cid:4) 1(cid:4) 2 Z (39) the variance in calculating the expectation value of the result is the amplitude damping on qubit-i. This model is used to increases with the error rate. Another example is that, after the generatedatashowninFig.7(c)and(d).Foreachdatapoin"
Qin et al. - 2023 - Error statistics and scalability of quantum error mitigation formulas.pdf,Qin et al.,yes,yes,strong,amplitude-damping,12,"ubit-(2i−1) and process53,54,whicharethemaincontributionstonoiseinrealistic qubit-(2i−2),andqubit-0 andqubit-narethesamequbits.After quantum devices. Amplitude damping A refers to the infidelity eachtwo-qubitgate,asingle-qubitgateisappliedtoeachofthe caused by energy dissipation. Random rotations R refer to twoqubit"
Qin et al. - 2023 - Error statistics and scalability of quantum error mitigation formulas.pdf,Qin et al.,yes,yes,weak,error-model-mention,1,"t remains globaldepolarisingmodelwithcircuit-dependentfluctuationisan unexploredhowtheywillperformasweventureintotheregime effective phenomenological-error model, which describes the ofusefulapplications,wherethecomputationinvolvesmorethan impact of realistic error models. Using this phenomenological half a hu"
Qin et al. - 2023 - Error statistics and scalability of quantum error mitigation formulas.pdf,Qin et al.,yes,yes,weak,error-model-mention,1,"ntotheregime effective phenomenological-error model, which describes the ofusefulapplications,wherethecomputationinvolvesmorethan impact of realistic error models. Using this phenomenological half a hundred qubits and the device noise permits error model,weanalyse thescaling behaviour oftheresidualbias. We mit"
Qin et al. - 2023 - Error statistics and scalability of quantum error mitigation formulas.pdf,Qin et al.,yes,yes,weak,error-model-mention,1,",wherethecomputationinvolvesmorethan impact of realistic error models. Using this phenomenological half a hundred qubits and the device noise permits error model,weanalyse thescaling behaviour oftheresidualbias. We mitigationbutnot yet error correction. find that the bias in the computation result after p affi"
Qin et al. - 2023 - Error statistics and scalability of quantum error mitigation formulas.pdf,Qin et al.,yes,yes,weak,error-model-mention,2,"e been proposed. See will be validated subsequently as the effective phenomenological- Ref. 17 for a review. In this work, we take three protocols as error model. Then we propose the ICS protocol, followed by a examples: error extrapolation, probabilistic error cancellation and description of the important tra"
Qin et al. - 2023 - Error statistics and scalability of quantum error mitigation formulas.pdf,Qin et al.,yes,yes,weak,error-model-mention,3,"cid:4) (cid:4) nð ϵ 1 tÞ (cid:4) ϵ t ϵ þ tÞ 2 ϵ t (cid:4)nϵ2 t fC (11) Biasin the globaldepolarising model ¼ fCþOðϵ2N2Þ: Before considering realistic error models, we take the global Therefore,thebiasinthesecond-ordervirtualdistillationincreases depolarising model as an example to discuss the bias in error qua"
Qin et al. - 2023 - Error statistics and scalability of quantum error mitigation formulas.pdf,Qin et al.,yes,yes,weak,error-model-mention,5,"ampling algorithms implementingPaulitwirlingandprobabilisticerrorcancellationfor We give two algorithms for sampling error-sensitive Clifford general error models. A Pauli error is an unwanted Pauli circuits in Algorithms 2 and 3. For clarity, we use the following transformation stochastically occurring in the"
Qin et al. - 2023 - Error statistics and scalability of quantum error mitigation formulas.pdf,Qin et al.,yes,yes,weak,error-model-mention,6,"2.BecausethesetCislarge,weneedtousetheMonte Carlo methodto evaluateLC. There is a similar relation between ICS and unitary sampling. Phenomenological-error model Error-sensitivecircuitsareasubsetofallCliffordcircuits,denoted In this section, we introduce the phenomenological-error model by CES. According to Al"
Qin et al. - 2023 - Error statistics and scalability of quantum error mitigation formulas.pdf,Qin et al.,yes,yes,weak,error-model-mention,6,"pling. Phenomenological-error model Error-sensitivecircuitsareasubsetofallCliffordcircuits,denoted In this section, we introduce the phenomenological-error model by CES. According to Algorithm 1, given slot gates which quantifies the bias caused by realistic errors in a circuit. R¼ðR ;R ; ¼;R Þ, the number of"
Qin et al. - 2023 - Error statistics and scalability of quantum error mitigation formulas.pdf,Qin et al.,yes,yes,weak,error-model-mention,6,"the bias caused by realistic errors in a circuit. R¼ðR ;R ; ¼;R Þ, the number of error-sensitive circuits is Then, we show that the phenomenological-error model can be 8w(C)24 n n þ − 1 w(C n ). þ2 If P0 i ¼I N , R Ry i P0 i R i ¼I for all 24 single-qubit Clifford effectively represented by a globalpdffiffief"
Qin et al. - 2023 - Error statistics and scalability of quantum error mitigation formulas.pdf,Qin et al.,yes,yes,weak,error-model-mention,7,"noise associated with the gate. In i the global depolarising model, hy2 Ci U ¼hy2 Ci C ¼ηhy2 Ci CES ; (27) N i ¼ð1(cid:4)ϵÞ½1(cid:3)þϵD. In realistic error models, N i is usually where U, C and CES are circuit sets with the same frame. In the caused by local processes, such as dephasing, dissipation and above"
Qin et al. - 2023 - Error statistics and scalability of quantum error mitigation formulas.pdf,Qin et al.,yes,yes,weak,error-model-mention,7,"4)2Þ(cid:3): (21) ϵ 0 ¼ q hϵ ffi C ffiffi i ffiffi C ffiffiffi E ffi S ffiffi ; ffiffiffiffiffiffi (29) Δ¼ hδϵ2i : (30) We call this particular Pauli error model the gate depolarising C CES model,inwhichprobabilitiesofPaulierrorsarethesame.Wecan These relations allow us to study ϵ and Δ with error-sensitive re"
Qin et al. - 2023 - Error statistics and scalability of quantum error mitigation formulas.pdf,Qin et al.,yes,yes,weak,error-model-mention,7,"CES model,inwhichprobabilitiesofPaulierrorsarethesame.Wecan These relations allow us to study ϵ and Δ with error-sensitive rewritethis summation-form error modelinto theproduct form 0 Y h i circuits. N i ¼ ð1(cid:4)pÞ½I(cid:2)n(cid:3)þp½P 1 (cid:2)P 2 (cid:2)I(cid:2)ðn(cid:4)2Þ(cid:3) ; (22) ga F te o s r a si"
Qin et al. - 2023 - Error statistics and scalability of quantum error mitigation formulas.pdf,Qin et al.,yes,yes,weak,error-model-mention,7,"circuits.GivenacircuitC,the The effect of local Pauli errors is equivalent to that of global error-free final state is ρ 0 ¼Uj0ih0j(cid:2)nUy. In our error model, the depolarising errors in error-sensitive circuits. The unitary erroneous final state is ρ=(1−ϵ C)ρ 0 +ϵ C ρ m , where ϵ C is the transformation of"
Qin et al. - 2023 - Error statistics and scalability of quantum error mitigation formulas.pdf,Qin et al.,yes,yes,weak,error-model-mention,7,"alue (rather than becomes U0 ¼U N (cid:6)(cid:6)(cid:6)U iþ1 σU i (cid:6)(cid:6)(cid:6)U 1 ¼σ0 C U, where σ0 C ¼ limited in the interval [0,1]), this error model is a general U (cid:6)(cid:6)(cid:6)U σUy (cid:6)(cid:6)(cid:6)Uy is the Pauli error propagated to the end N iþ1 iþ1 N p co h r e r n es o p m o e n"
Qin et al. - 2023 - Error statistics and scalability of quantum error mitigation formulas.pdf,Qin et al.,yes,yes,weak,error-model-mention,7,"i bias is ϵ CfC, which is always finite even when fC =0 and ϵ C is errorattheendofthecircuit.IftheprobabilityofthePaulierror infinite. is p, i.e. the error channel is ð1(cid:4)pÞ½1(cid:3)þp½σ(cid:3), the final state of the W a e v w er r a it g e e t a h n e d ci fl rc u u c i t t u -d at e io p n en , d i.e e ."
Qin et al. - 2023 - Error statistics and scalability of quantum error mitigation formulas.pdf,Qin et al.,yes,yes,weak,error-model-mention,7,"heweightf2 C ,andδϵ Cisthe The overall depolarising rate depends on the number of Pauli circuit-dependentfluctuation.Wecharacterisethefluctuationwith error channels. Each two-qubit gate contributes 15 Pauli error theweighted standard deviation channelsaccordingtotheproductformofthePaulierrormodel.For sffiffiffif"
Qin et al. - 2023 - Error statistics and scalability of quantum error mitigation formulas.pdf,Qin et al.,yes,yes,weak,error-model-mention,7,"spiredbythephenomenological-errormodel,thenwe k¼1 k¼1 verify the scaling behaviour in numerical simulations of the gate depolarising model, composite error models involving Pauli, The average depolarising rate is proportional to the gate amplitude damping and coherent errporffisffiffiffi, and a model with numb"
Qin et al. - 2023 - Error statistics and scalability of quantum error mitigation formulas.pdf,Qin et al.,yes,yes,weak,error-model-mention,7,"circuitset,each We focus on Pauli errors to analyse the fluctuation in the errorchannelisswitchedonandoffrandomly,i.e.eacht takesa k phenomenological-error model. For general errors, we can use randomvalue.Undertheassumptionthatt areindependentand k PublishedinpartnershipwithTheUniversityofNewSouthWales npjQua"
Qin et al. - 2023 - Error statistics and scalability of quantum error mitigation formulas.pdf,Qin et al.,yes,yes,weak,error-model-mention,8,"edifferencebetween take the PEMI protocol as an example to verify the them decreases as 1= N. We leave the numerical result of error phenomenological-error model, because thebias ofthis protocol propagation toSupplementary Note2. isdirectly related to thefluctuation. Theanalysisinthissectionassumesasmalltotale"
Qin et al. - 2023 - Error statistics and scalability of quantum error mitigation formulas.pdf,Qin et al.,yes,yes,weak,error-model-mention,8,"rate the scaling behaviour, we generate three model familiesofcircuits.Inperiodic-cyclingcircuits,two-qubitgatesare According to the phenomenological-error model, the effective arrangedaccordingtoafixedpattern,andweincreasethecircuit depolarisingrateinlargecircuitsisϵ withasmallfluctuation.We depthbyrepeatingt"
Qin et al. - 2023 - Error statistics and scalability of quantum error mitigation formulas.pdf,Qin et al.,yes,yes,weak,error-model-mention,8,"r m ica ly l can reduce RMSE to hðy0 C(cid:4)fCÞ2iU¼ð1(cid:4)ϵ 0Þ(cid:4)1pηΔ’ pηΔ, which increases selected error rate, randomly generated composite error models sublinearlywiththegatenumber.Becauseϵ 0 ¼1(cid:4)hy C fCi CES ,we and a model with single-qubit-gate-dependent errors. The gate can measure ϵ 0 (and"
Qin et al. - 2023 - Error statistics and scalability of quantum error mitigation formulas.pdf,Qin et al.,yes,yes,weak,error-model-mention,8,"elisusedtoderivethephenomenological-error circuits. Actually, because the fluctuation is small, we can even model, but the conclusion holds for other error models. The take ^ϵ 0 ¼1(cid:4)y C fC for one randomly generated error-sensitive composite error model involves gate depolarising, dephasing, circuitC2CES,"
Qin et al. - 2023 - Error statistics and scalability of quantum error mitigation formulas.pdf,Qin et al.,yes,yes,weak,error-model-mention,8,"e can even model, but the conclusion holds for other error models. The take ^ϵ 0 ¼1(cid:4)y C fC for one randomly generated error-sensitive composite error model involves gate depolarising, dephasing, circuitC2CES,anditislikelythattheerrormitigationformulastill amplitude damping and coherent errors, which are"
Qin et al. - 2023 - Error statistics and scalability of quantum error mitigation formulas.pdf,Qin et al.,yes,yes,weak,error-model-mention,9,itstocomputeLandL0. error sources in actual devices. We generate different composite that the average error suppression ratio can be applied to these error models by randomly choosing the weight of each atypicalcircuits. pffiffiffiffi component and observe the same scaling behaviour as the gate Wenotethatthe N
Qin et al. - 2023 - Error statistics and scalability of quantum error mitigation formulas.pdf,Qin et al.,yes,yes,weak,error-model-mention,9,"r erf t e h c e t 0 control of noise in error extrapolation and inaccurate knowledge behavioursbyapplyingtheerrormitigationformulainEq.(33)to of the error model in probabilistic error cancellation. For virtual randomlygeneratedcircuitswithuptotenqubitsandmorethan distillation, theresult issimilar. athousandtw"
Qin et al. - 2023 - Error statistics and scalability of quantum error mitigation formulas.pdf,Qin et al.,yes,yes,weak,error-model-mention,9,"dplotted them, we can effectively characterise the impact of noise using inFigs.6and7.Forthemodelwithsingle-qubit-gate-dependent our phenomenological-error model. Taking the linear error errors,wedirectlycalculateandplotϵ 0 andΔinFig.8.Wecanfind extrapolation as an example, the two circuits C 1 and C 2 are the"
Qin et al. - 2023 - Error statistics and scalability of quantum error mitigation formulas.pdf,Qin et al.,yes,yes,weak,error-model-mention,9,"umerical results are consistent with scaling behaviours sameastheprimitivecircuitC,butthenoiselevelisdoubledinC . 2 predicted by the phenomenological-error model. In addition, we Inthephenomenological-errormodelofthecircuitC,theaverage i perform experiments on IBM quantum computers49 and observe depolarisingra"
Qin et al. - 2023 - Error statistics and scalability of quantum error mitigation formulas.pdf,Qin et al.,yes,yes,weak,error-model-mention,10,"te is completely removed; otherwise, effective noise in the gate is consistent with the scaling behaviour predicted by the e(cid:4)1 phenomenological-error model. Ni Ni . We consider a Pauli error model with gate depolarising errors Theorem1.ConsiderthegeneralextrapolationformulainEq.(2), and dephasing errors"
Qin et al. - 2023 - Error statistics and scalability of quantum error mitigation formulas.pdf,Qin et al.,yes,yes,weak,error-model-mention,10,"ctive noise in the gate is consistent with the scaling behaviour predicted by the e(cid:4)1 phenomenological-error model. Ni Ni . We consider a Pauli error model with gate depolarising errors Theorem1.ConsiderthegeneralextrapolationformulainEq.(2), and dephasing errors as an example. For a two-qubit gate on le"
Qin et al. - 2023 - Error statistics and scalability of quantum error mitigation formulas.pdf,Qin et al.,yes,yes,weak,error-model-mention,11,"r bar represents one standard deviation. Other depolarisingrateandexpectedvalueinthevirtualmachine.Then details such as the circuit configuration and error model are the theresidualbiasofy0 C 0 isdeterminedbythestandarddeviationΔ0 sameasFig.9. of the virtual machine. Actually, itis not necessary to modify the"
Qin et al. - 2023 - Error statistics and scalability of quantum error mitigation formulas.pdf,Qin et al.,yes,yes,weak,error-model-mention,12,"factor in larger Figure1(b).TheobservableisO=P ⊗P ⊗⋯⊗P ,whereP=I,Z 1 2 n circuits. istaken randomly. In the analysis, we introduce a phenomenological-error model All-to-all-network circuits. It is similar to linear-network circuits. characterisingerrorsastheglobaldepolarisationwithfluctuation, For each of the"
Qin et al. - 2023 - Error statistics and scalability of quantum error mitigation formulas.pdf,Qin et al.,yes,yes,weak,error-model-mention,12,"model is given in Eq. (20), and verifythisresultwiththenumericalsimulationofvariouscircuits, onlytwo-qubitgateshaveerrors.Thismodelisusedtogenerated error models and error mitigation formulas, from which we datashowninFigs.2,5and6.InFigs.2and5,wetakeϵ=0.001. observethat thescaling behaviour isuniversal. InFig"
Qin et al. - 2023 - Error statistics and scalability of quantum error mitigation formulas.pdf,Qin et al.,yes,yes,weak,error-model-mention,12,"er the generatedatashowninFig.7(c)and(d).Foreachdatapoint,we virtual distillation using two copies, the bias in the expectation randomly generate the error model parameters as follows. For a valuescalesquadraticallywiththeerrorrate.Oncethedevicecan circuitwithNtwo-qubitgates,wegeneratearandomrealnumber impleme"
Qin et al. - 2023 - Error statistics and scalability of quantum error mitigation formulas.pdf,Qin et al.,yes,yes,weak,error-model-mention,12,"terval i,a i,a amuch higheraccuracy (equivalent toquantum computingwith [−1,1]. fidelityof 0.99iftheerror isreduced bya factor often). Gate-dependent error model. In this model, both single-qubit In scalable quantum computers, we can adopt quantum error and two-qubit gates have errors. The error model is the g"
Qin et al. - 2023 - Error statistics and scalability of quantum error mitigation formulas.pdf,Qin et al.,yes,yes,weak,error-model-mention,12,"ependent error model. In this model, both single-qubit In scalable quantum computers, we can adopt quantum error and two-qubit gates have errors. The error model is the gate correction to increase the fidelity of logical qubits. Protocols depolarising model. For two-qubit gates, the noise map is given concaten"
Qin et al. - 2023 - Error statistics and scalability of quantum error mitigation formulas.pdf,Qin et al.,yes,yes,weak,error-model-mention,12,"s, linear- to generate data shown in Figs. 9 and 10. In the numerical networkcircuits and all-to-all-network circuits. simulation, we approximate the error model with Z Z N for 2 1 Periodic-cycling circuits. The qubit array has n qubits, and n is simplicityincoding,whichonlycausesasmalldifferenceandwill even.A"
Qin et al. - 2023 - Error statistics and scalability of quantum error mitigation formulas.pdf,Qin et al.,yes,yes,weak,error-model-mention,12,"sareinitialisedinthestatej0i.Afterinitialisation,a notchange theconclusion. layer of single-qubit gates is placed, see Supplementary Figure The above error models take into consideration kinds of 1(a).Thecircuitpatternisperiodic,andeachperiodhastwolayers physical noise processes and are able to simulate noises"
Qin et al. - 2023 - Error statistics and scalability of quantum error mitigation formulas.pdf,Qin et al.,yes,yes,weak,error-model-mention,12,"gates. For each of a superconducting quantum processor. The single-qubit-gate- them, we randomly generate an integer i∈[1,n] and apply the dependent error model S is the single-qubit depolarising error two-qubit gate on qubit-(i−1) and qubit-i, see Supplementary with an error rate depending on the gate parame"
Qin et al. - 2023 - Error statistics and scalability of quantum error mitigation formulas.pdf,Qin et al.,yes,yes,weak,gate-error,8,"i.e.theimpactofeachgateerror isarandomvariabledependentonthecircuitconfiguration. Ina certain regime, the total impact is the summation of individual gate errors. When the gate number is larger, the number of randomvariablesinthesummationislarger.Accordingtothelaw Fig. 5 Distributions of the bias for six-qubi"
Qin et al. - 2023 - Error statistics and scalability of quantum error mitigation formulas.pdf,Qin et al.,yes,yes,weak,gate-error,8,"bias is determined by the width of the two peaks. Because of the equivalence between the importance Clifford The analysis above has shown that local gate errors can be represented by a fluctuating global depolarising error, and the s s a ig m n p ifi l c in a g ntl a y n r d ed u u n ce it d ar a y fte sa r"
Qin et al. - 2023 - Error statistics and scalability of quantum error mitigation formulas.pdf,Qin et al.,yes,yes,weak,gate-error,8,"ropagationmodelusedintheaboveanalysis.Weshowthat protocols, the effective depolarising rate is measured in different the overall effect of propagated gate errors will become close to ways. Before considering general error mitigation formulas, we theglobal depolarising pffieffiffiffirrorandtherelativedifferenc"
Quek et al. - 2024 - Exponentially tighter bounds on limitations of quantum error mitigation.pdf,Quek et al.,yes,yes,strong,depolarizing,2,"uation (31) to equation (35)). b, The effect of applying one subsequent layer in the computational basis. This approach is used to mitigate errors of depolarizing noise on the output of the aforementioned circuit (compare in algorithms for hard combinatorial optimization problems, a class equation (35) to equation (3"
Quek et al. - 2024 - Exponentially tighter bounds on limitations of quantum error mitigation.pdf,Quek et al.,yes,yes,strong,depolarizing,2,"work, the authors take an information-theoretic approach to study the sample complexity of weak error mitigation Introduction to the technique under depolarizing noise (more generally, Pauli channels and thermal To establish the framework, we start off by defining what constitutes noise applied to the identity circu"
Quek et al. - 2024 - Exponentially tighter bounds on limitations of quantum error mitigation.pdf,Quek et al.,yes,yes,strong,depolarizing,2,sically quantum states being manipulated by noisy quantum circuits undergo- post-processing the results (Figs. 1–3). They then output either sam- ing depolarizing noise converge exponentially quickly (in depth) to ples from the would-be noiseless circuit or its expectation values on maximally mixed states19–21. This
Quek et al. - 2024 - Exponentially tighter bounds on limitations of quantum error mitigation.pdf,Quek et al.,yes,yes,strong,depolarizing,4,"–27. the rate at which noise spreads. We prove Theorems 1 and 2 in the setting of weak error mitigation, Theorem 1. (Number of samples for mitigating depolarizing noise and we assume that the error-mitigation algorithm does not use knowl- scales exponentially with the number of qubits and depth) Let 𝒜𝒜 be a edge of t"
Quek et al. - 2024 - Exponentially tighter bounds on limitations of quantum error mitigation.pdf,Quek et al.,yes,yes,strong,depolarizing,4,"tes the errors in an n-qubit, often used in practice, it does not cover all proposals in the literature. D-layer quantum circuit 𝒞𝒞 affected by local depolarizing noise 𝒩𝒩 of We now ask whether our results can be extended to close variants of parameter p. For some parameter s > 0 and depths D≥ Ω (log 2 (n𝕀s)), 𝒜𝒜 thi"
Quek et al. - 2024 - Exponentially tighter bounds on limitations of quantum error mitigation.pdf,Quek et al.,yes,yes,strong,depolarizing,6,"A great deal of our analysis is devoted to error mitigation on circuits relating to the state of interest, as we now show the following. affected by depolarizing noise. Depolarizing noise is an example of a Pauli channel, which are channels that act on Hilbert space operators as Lemma 1. (Purity controls relative en"
Quek et al. - 2024 - Exponentially tighter bounds on limitations of quantum error mitigation.pdf,Quek et al.,yes,yes,strong,depolarizing,6,"analysis is devoted to error mitigation on circuits relating to the state of interest, as we now show the following. affected by depolarizing noise. Depolarizing noise is an example of a Pauli channel, which are channels that act on Hilbert space operators as Lemma 1. (Purity controls relative entropy to the maximal"
Quek et al. - 2024 - Exponentially tighter bounds on limitations of quantum error mitigation.pdf,Quek et al.,yes,yes,strong,depolarizing,7,"Article https://doi.org/10.1038/s41567-024-02536-7 Depolarizing noise. Definition 2. (Depolarizing channels) For When the unitaries in a given ensemble are all Cliffords, the ensem- M∈L(ℂd), the d-dimensional depolarizi"
Quek et al. - 2024 - Exponentially tighter bounds on limitations of quantum error mitigation.pdf,Quek et al.,yes,yes,strong,depolarizing,7,"Article https://doi.org/10.1038/s41567-024-02536-7 Depolarizing noise. Definition 2. (Depolarizing channels) For When the unitaries in a given ensemble are all Cliffords, the ensem- M∈L(ℂd), the d-dimensional depolarizing channel 𝒟𝒟p 𝒪d), for d ≥ 2, is ble"
Quek et al. - 2024 - Exponentially tighter bounds on limitations of quantum error mitigation.pdf,Quek et al.,yes,yes,strong,depolarizing,7,"zing noise. Definition 2. (Depolarizing channels) For When the unitaries in a given ensemble are all Cliffords, the ensem- M∈L(ℂd), the d-dimensional depolarizing channel 𝒟𝒟p 𝒪d), for d ≥ 2, is ble additionally possesses the following property28, which will be cru- defined as cial to us. 𝒟𝒟p 𝒪d) (M)∶=pM+(1−p)Tr[M] 𝕀𝕀 ,"
Quek et al. - 2024 - Exponentially tighter bounds on limitations of quantum error mitigation.pdf,Quek et al.,yes,yes,strong,depolarizing,7,"e permutation When the superscript for the dimension is omitted, we implicitly refer of 𝒬𝒬n\{I} induced by conjugating P by U i . to the single-qubit depolarizing channel (with d = 2): The ensemble is a Clifford two-design (a unitary two-design whose 𝒟𝒟p(M)∶=𝒟𝒟p 𝒪2) (M)=pM+(1−p)Tr[M] 2 𝕀𝕀 , p∈[−1𝕀3,1]. (20) elements ar"
Quek et al. - 2024 - Exponentially tighter bounds on limitations of quantum error mitigation.pdf,Quek et al.,yes,yes,strong,depolarizing,7,") (M)=pM+(1−p)Tr[M] 2 𝕀𝕀 , p∈[−1𝕀3,1]. (20) elements are Cliffords) if and only if it is Pauli mixing42. Decay of purities Note that the single-qubit depolarizing channel has an alternative Consider that the n-fold Paulis are an orthogonal basis for ℋ⊗n, and 2 representation in terms of the Pauli operators: recall that"
Quek et al. - 2024 - Exponentially tighter bounds on limitations of quantum error mitigation.pdf,Quek et al.,yes,yes,strong,depolarizing,7,"cause the product of two non-identical qI= 4 . (23) Paulis is another Pauli, which is traceless. We will look at the contribu- tion In the context of depolarizing noise acting within an n-qubit circuit, a global depolarizing channel is simply a 2n-dimensional depolarizing Ck∶= ∑ c2 P 2n, (29) channel. Using (17), we"
Quek et al. - 2024 - Exponentially tighter bounds on limitations of quantum error mitigation.pdf,Quek et al.,yes,yes,strong,depolarizing,7,"another Pauli, which is traceless. We will look at the contribu- tion In the context of depolarizing noise acting within an n-qubit circuit, a global depolarizing channel is simply a 2n-dimensional depolarizing Ck∶= ∑ c2 P 2n, (29) channel. Using (17), we find that the global depolarizing channel on n P∈𝒫𝒫n w(P)=k qubi"
Quek et al. - 2024 - Exponentially tighter bounds on limitations of quantum error mitigation.pdf,Quek et al.,yes,yes,strong,depolarizing,7,"ubit circuit, a global depolarizing channel is simply a 2n-dimensional depolarizing Ck∶= ∑ c2 P 2n, (29) channel. Using (17), we find that the global depolarizing channel on n P∈𝒫𝒫n w(P)=k qubits can be written as and see how it is distributed over k, for different choices of ρ. These 𝒟𝒟p 𝒪2n) (P)=pP+(1−p)δP,𝕀𝕀𝕀𝕀, ∀P∈𝒫"
Quek et al. - 2024 - Exponentially tighter bounds on limitations of quantum error mitigation.pdf,Quek et al.,yes,yes,strong,depolarizing,7,"progressing through different layers of our circuit. Alternatively, one could also model the noise within a circuit as an n-fold local (single-qubit) depolarizing channel 𝒟𝒟p ⊗n. In particular, the • Computational basis state. For a ∈ {0, 1}n, let single-qubit depolarizing channel has the property that ρ=|a⟩⟨a|= 1 ∑ (−"
Quek et al. - 2024 - Exponentially tighter bounds on limitations of quantum error mitigation.pdf,Quek et al.,yes,yes,strong,depolarizing,7,"cuit as an n-fold local (single-qubit) depolarizing channel 𝒟𝒟p ⊗n. In particular, the • Computational basis state. For a ∈ {0, 1}n, let single-qubit depolarizing channel has the property that ρ=|a⟩⟨a|= 1 ∑ (−1) a⋅b Zb, (30) 𝒟𝒟p(X)=pX, 𝒟𝒟p(Y)=pY, 𝒟𝒟p(Z)=pZ and 𝒟𝒟p(𝕀𝕀)=𝕀𝕀. (25) 2n b∈{0,1} n The following lemma shows tha"
Quek et al. - 2024 - Exponentially tighter bounds on limitations of quantum error mitigation.pdf,Quek et al.,yes,yes,strong,depolarizing,7,"as the property that ρ=|a⟩⟨a|= 1 ∑ (−1) a⋅b Zb, (30) 𝒟𝒟p(X)=pX, 𝒟𝒟p(Y)=pY, 𝒟𝒟p(Z)=pZ and 𝒟𝒟p(𝕀𝕀)=𝕀𝕀. (25) 2n b∈{0,1} n The following lemma shows that depolarizing noise is particularly where a ⋅ b = a 1 b 1 + a 2 b 2 + … + a n b n (mod 2). Then amenable to analysis in the Pauli basis. 1 Tr(ρ2)= ∑ 1, (31) Lemma 2. (Ac"
Quek et al. - 2024 - Exponentially tighter bounds on limitations of quantum error mitigation.pdf,Quek et al.,yes,yes,strong,depolarizing,7,"icularly where a ⋅ b = a 1 b 1 + a 2 b 2 + … + a n b n (mod 2). Then amenable to analysis in the Pauli basis. 1 Tr(ρ2)= ∑ 1, (31) Lemma 2. (Action of depolarizing noise on a Pauli string depends on 2n n b∈{0,1} its weight) For all p ∈ [−1/3, 1] and P∈𝒫𝒫n , where we have invoked the orthogonality of Pauli operators gi"
Quek et al. - 2024 - Exponentially tighter bounds on limitations of quantum error mitigation.pdf,Quek et al.,yes,yes,strong,depolarizing,8,"not unital. For pedagogical reasons, scenarios, the contribution of weight-k Pauli strings to the purity our results are initially derived for local depolarizing noise and then Tr(𝔼𝔼𝒞𝒞∼𝒞[𝒞𝒞(ρ)] 2 ) is proportional to the number of weight-k Paulis there extended to other noise models. are, which is ( n )3k𝕀(4n−1). Hi"
Quek et al. - 2024 - Exponentially tighter bounds on limitations of quantum error mitigation.pdf,Quek et al.,yes,yes,strong,depolarizing,10,"higher-weight Paulis. Such Paulis, however, are damped 20. Müller-Hermes, A., Franca, D. S. & Wolf, M. M. Relative entropy more by the next layer of depolarizing noise, as depolarizing noise convergence for depolarizing channels. J. Math. Phys. 57, 2 causes the coefficient of the Pauli expansion to decay exponential"
Quek et al. - 2024 - Exponentially tighter bounds on limitations of quantum error mitigation.pdf,Quek et al.,yes,yes,strong,depolarizing,10,"Such Paulis, however, are damped 20. Müller-Hermes, A., Franca, D. S. & Wolf, M. M. Relative entropy more by the next layer of depolarizing noise, as depolarizing noise convergence for depolarizing channels. J. Math. Phys. 57, 2 causes the coefficient of the Pauli expansion to decay exponentially (2016). with its Ham"
Quek et al. - 2024 - Exponentially tighter bounds on limitations of quantum error mitigation.pdf,Quek et al.,yes,yes,strong,depolarizing,10,". Müller-Hermes, A., Franca, D. S. & Wolf, M. M. Relative entropy more by the next layer of depolarizing noise, as depolarizing noise convergence for depolarizing channels. J. Math. Phys. 57, 2 causes the coefficient of the Pauli expansion to decay exponentially (2016). with its Hamming weight. We then iterate the argu"
Quek et al. - 2024 - Exponentially tighter bounds on limitations of quantum error mitigation.pdf,Quek et al.,yes,yes,strong,Pauli-channel,2,"ction: the higher the weight of a of a noiseless circuit and specimens of the noisy circuit’s output state, Pauli string, the more sensitive it is to Pauli noise (see equation (26) in the on which it can perform arbitrary measurements. Supplementary Information). a–c, Whereas, for product pure states, there We"
Quek et al. - 2024 - Exponentially tighter bounds on limitations of quantum error mitigation.pdf,Quek et al.,yes,yes,strong,Pauli-channel,2,"on-theoretic approach to study the sample complexity of weak error mitigation Introduction to the technique under depolarizing noise (more generally, Pauli channels and thermal To establish the framework, we start off by defining what constitutes noise applied to the identity circuit) and show that it scales exp"
Quek et al. - 2024 - Exponentially tighter bounds on limitations of quantum error mitigation.pdf,Quek et al.,yes,yes,strong,Pauli-channel,4,"1 relies critically on the structure of depolarizing Our work defines and studies strong error mitigation. The relevance noise, namely, that it is a Pauli channel, and thus, it is unital. Moving of this notion is that, in some cases, weak error mitigation does not beyond this toy model, we are also able to show"
Quek et al. - 2024 - Exponentially tighter bounds on limitations of quantum error mitigation.pdf,Quek et al.,yes,yes,strong,Pauli-channel,6,"), where throughout the manuscript we take log to be base 2. as stated. Now we introduce distance measures on quantum states. The Pauli operators and Pauli channels primary such measure we will consider is quantum relative entropy, We denote the single-qubit Pauli operators by 𝕀𝕀,X,YandZ. Further- which can be u"
Quek et al. - 2024 - Exponentially tighter bounds on limitations of quantum error mitigation.pdf,Quek et al.,yes,yes,strong,Pauli-channel,6,"on on circuits relating to the state of interest, as we now show the following. affected by depolarizing noise. Depolarizing noise is an example of a Pauli channel, which are channels that act on Hilbert space operators as Lemma 1. (Purity controls relative entropy to the maximally mixed state) For any ρ on n qu"
Quek et al. - 2024 - Exponentially tighter bounds on limitations of quantum error mitigation.pdf,Quek et al.,yes,yes,strong,local-noise,3,"ection I therein). These protocols, for instance, run 𝒞𝒞 with varying levels of noise and then apply simple Sample complexity of error mitigation for local depolarizing post-processing to 𝒞𝒞 or modify the circuit based on the noise. This noise level of abstraction of error-mitigation protocols builds on those of Intu"
Quek et al. - 2024 - Exponentially tighter bounds on limitations of quantum error mitigation.pdf,Quek et al.,yes,yes,strong,local-noise,4,"mitigates the errors in an n-qubit, often used in practice, it does not cover all proposals in the literature. D-layer quantum circuit 𝒞𝒞 affected by local depolarizing noise 𝒩𝒩 of We now ask whether our results can be extended to close variants of parameter p. For some parameter s > 0 and depths D≥ Ω (log 2 (n𝕀s)),"
Quek et al. - 2024 - Exponentially tighter bounds on limitations of quantum error mitigation.pdf,Quek et al.,yes,yes,strong,local-noise,4,"o-design followed by a non-unital noise channel. We refer readers to Supplementary Information Theorem 9 for the Although this model of only applying local noise after a (global) unitary full, formal statement. The proof of this statement takes the perspec- is simplified, we study error mitigation under non-un"
Quek et al. - 2024 - Exponentially tighter bounds on limitations of quantum error mitigation.pdf,Quek et al.,yes,yes,strong,local-noise,8,"orm or not unital. For pedagogical reasons, scenarios, the contribution of weight-k Pauli strings to the purity our results are initially derived for local depolarizing noise and then Tr(𝔼𝔼𝒞𝒞∼𝒞[𝒞𝒞(ρ)] 2 ) is proportional to the number of weight-k Paulis there extended to other noise models. are, which is ( n )3k𝕀(4n−"
Quek et al. - 2024 - Exponentially tighter bounds on limitations of quantum error mitigation.pdf,Quek et al.,yes,yes,weak,noise-model-mention,3,"even to error-mitigation protocols ity of error mitigation. We use tools to precisely control the quantum that are given an exact description of the noise model affecting the relative entropies of unitary two-designs under unital and non-unital circuit. Naturally, this also means our bounds apply to those pro"
Quek et al. - 2024 - Exponentially tighter bounds on limitations of quantum error mitigation.pdf,Quek et al.,yes,yes,weak,noise-parameter,2,"eight of as the number of gates in the light cone of the observable of interest, Pauli string (k) Pauli string (k) with the exponent depending on the noise levels8. A similar exponential scaling besets probabilistic error cancellation under a sparse noise c Contribution of weight-k Pauli strings to Tr(ρ2) mode"
Quek et al. - 2024 - Exponentially tighter bounds on limitations of quantum error mitigation.pdf,Quek et al.,yes,yes,weak,noise-parameter,3,"d then apply simple Sample complexity of error mitigation for local depolarizing post-processing to 𝒞𝒞 or modify the circuit based on the noise. This noise level of abstraction of error-mitigation protocols builds on those of Intuitively, one would expect the sample complexity of error mitigation refs. 16–18."
Quek et al. - 2024 - Exponentially tighter bounds on limitations of quantum error mitigation.pdf,Quek et al.,yes,yes,weak,noise-parameter,5,"t our results do not rule out quantum error towards the maximally mixed state and show only that the distance to mitigation for tackling suitably low noise levels in existing quantum the maximally mixed state goes below constant order at logarithmic architectures, but they should be viewed as a clarion call fo"
Quek et al. - 2024 - Exponentially tighter bounds on limitations of quantum error mitigation.pdf,Quek et al.,yes,yes,weak,noise-parameter,9,"ferent circuits. In this case, we can always pling the circuit’s output. This leads us to a definition of strong identify a representative circuit or noise level in the class of circuits error mitigation. that may be run. It is this circuit whose parameters will determine the complexity of error mitigation. Th"
Roy et al. - 2024 - Simulating open quantum systems using noise models and NISQ devices with error mitigation.pdf,Roy et al.,partial,yes,strong,error-rate-value,4,mq peekskill at 13 of october of 2023. The 6 and 7). single-qubit gates’ error rates are approximately 10−4 ( ≈ 99.98%) and the two-qubit CNOT gate’s error rate is 10−3 ( ≈ 99.41%). This errors could change depending 1.0 on the day and the device. In the noise models used a simple model with errors from1and2qubitg
Roy et al. - 2024 - Simulating open quantum systems using noise models and NISQ devices with error mitigation.pdf,Roy et al.,partial,yes,weak,noise-model-mention,4,"4 noise model. It can be consider that some of the main 5. RESULTS errors in a QPU are decoherence and gate errors [12]. In this work, we focused on a noise model"
Roy et al. - 2024 - Simulating open quantum systems using noise models and NISQ devices with error mitigation.pdf,Roy et al.,partial,yes,weak,noise-model-mention,4,"noise model. It can be consider that some of the main 5. RESULTS errors in a QPU are decoherence and gate errors [12]. In this work, we focused on a noise model with different 5.1. Simulation Markovian reservoir fidelities of the CNOT gate and one qubit gates. De- creasing the fidelity will affect the results"
Roy et al. - 2024 - Simulating open quantum systems using noise models and NISQ devices with error mitigation.pdf,Roy et al.,partial,yes,weak,noise-model-mention,4,"igh level of abstraction from the physical hardware. Furthermore, this approach does not require knowledge of the intricate details of the underlying noise model. This makes it an attractive option for a reliable solution that is easy to implement. Readout Error Mitigation (REM) [14] was imple- mented as well."
Roy et al. - 2024 - Simulating open quantum systems using noise models and NISQ devices with error mitigation.pdf,Roy et al.,partial,yes,weak,noisy-device-mention,4,"bly. In figure 6 we can see the results of the Markovian Finding a reasonable fidelity in the simulations will give reservoir for the ZZ-XX pump with noisy simulations. us an estimate of the resources we will need for a perfect Also, we can observe the improvements at the moment outcomeofthecircuitsinrealQPU.ForQPU"
Roy et al. - 2024 - Simulating open quantum systems using noise models and NISQ devices with error mitigation.pdf,Roy et al.,partial,yes,weak,noisy-device-mention,5,"et- ical prediction. From figure 8, it is clear that Quadratic Extrapolation gives the results closest to the theoretical results. In the case of the noisy simulations, the best ex- noitalupoP Markovian reservoir engineering Theoretical values Unmitigated values Mitigated values (Richardson) Mitigated values (Linea"
Roy et al. - 2024 - Simulating open quantum systems using noise models and NISQ devices with error mitigation.pdf,Roy et al.,partial,yes,weak,noisy-device-mention,7,e results obtained are not consistent. 0.4 0.2 0.0 0.2 0.4 0.0 0.5 1.0 1.5 2.0 2.5 3.0 3.5 Time 21 5.2.2. Uncorrelated case Figure 16: Results of the noisy simulation of the collisional model for the uncorrelated case with different fidelities of CNOT gates and one fidelity of one qubit gates of 99.97 % using 1024
Roy et al. - 2024 - Simulating open quantum systems using noise models and NISQ devices with error mitigation.pdf,Roy et al.,partial,yes,weak,noisy-device-mention,7,"ties of CNOT gates and one fidelity of one qubit gates of 99.97 % using 1024 shots with 12 collisions. In figure 16 we can observe the results of the noisy simulationsoftheuncorrelatedcollisionalmodelbyvary- ing the fidelity associated with the two-qubit gates, the CNOT. In all cases we use 1024 shots with 12 colli"
Roy et al. - 2024 - Simulating open quantum systems using noise models and NISQ devices with error mitigation.pdf,Roy et al.,partial,yes,weak,gate-error,4,"4 noise model. It can be consider that some of the main 5. RESULTS errors in a QPU are decoherence and gate errors [12]. In this work, we focused on a noise model with different 5.1. Simulation Markovian reservoir fidelities of the CNOT gate and one qubit gates."
Roy et al. - 2024 - Simulating open quantum systems using noise models and NISQ devices with error mitigation.pdf,Roy et al.,partial,yes,weak,gate-error,8,"s in the performance of these devices and their cloud services by comparing with previous results. The noise simulations, which take into account the gate errors in both the CNOT and one-qubit gates, provide a simple way to study the circuit’s behavior in a real QPU before sending it to the cloud service. How"
Roy et al. - 2024 - Simulating open quantum systems using noise models and NISQ devices with error mitigation.pdf,Roy et al.,partial,yes,weak,gate-error,9,"f OQC Lucy Property Average Median T1 (µs) 36.460 34.469 T2 (µs) 33.401 37.972 Fidelity (RB) (%) 99.886 99.912 Readout Fidelity (%) 88.675 89.250 ECR gate fidelity (%) 94.672 95.589 Table V: Calibration data for OQC Lucy from AWS services [8] with gate basis [ect, i, rz, v, x]. Figure 19: Architecture of ibm osa"
Russo et al. - 2023 - Testing Platform-Independent Quantum Error Mitigation on Noisy Quantum Computers.pdf,Russo et al.,partial,yes,strong,depolarizing,4,"GPLATFORM-INDEPENDENTQEM B. QUANTUMERRORMITIGATIONTECHNIQUES where D (ρ)= (1−p)ρ+ p(XρX +YρY +ZρZ) p 3 1) ZERO-NOISEEXTRAPOLATION is the single-qubit depolarizing channel and p is the We apply zero-noise extrapolation (ZNE) [23], [25], [50] localerrorprobability. with both linear and Richardson extrapolation—which we,"
Russo et al. - 2023 - Testing Platform-Independent Quantum Error Mitigation on Noisy Quantum Computers.pdf,Russo et al.,partial,yes,strong,depolarizing,6,"randsoismeanttoclosely we were only able to perform n=3 qubit experiments on emulate that computer. The simple noise model we use is thiscomputer. 1% depolarizing noise after each two-qubit gate, i.e., each two-qubit gate (cnot) is replaced by (11) with p=0.01. 4) IBMQKOLKATA In addition to this simple noise model, w"
Russo et al. - 2023 - Testing Platform-Independent Quantum Error Mitigation on Noisy Quantum Computers.pdf,Russo et al.,partial,yes,strong,depolarizing,7,"cularexperiment We see again in these results that the improvement factors is shown in Fig. 2. Here, we show the result from apply- for the simple 1% depolarizing noise model are generally ing ZNE(R) to n=3 qubit RB circuits of various depths thelargest,asexpected.TheimprovementfactorsonIBMQ on IBMQ Lima. At each dep"
Russo et al. - 2023 - Testing Platform-Independent Quantum Error Mitigation on Noisy Quantum Computers.pdf,Russo et al.,partial,yes,strong,depolarizing,7,"fact that mirror circuits contain two-qubit lineforcomparison,weconsideraverysimplenoisemodel gatesacrossalledges.Thisissomewhatvisibleinn=3,5 of 1% depolarizing noise (see Section II-D5), and we find qubitexperimentsbutmoreaccentuatedhereduetothelarger asexpectedthatthissimplenoisemodelgenerallyproduces problemsize"
Russo et al. - 2023 - Testing Platform-Independent Quantum Error Mitigation on Noisy Quantum Computers.pdf,Russo et al.,partial,yes,weak,noise-model-mention,6,"ability, errorratesofaparticularcomputerandsoismeanttoclosely we were only able to perform n=3 qubit experiments on emulate that computer. The simple noise model we use is thiscomputer. 1% depolarizing noise after each two-qubit gate, i.e., each two-qubit gate (cnot) is replaced by (11) with p=0.01. 4) IBMQKOL"
Russo et al. - 2023 - Testing Platform-Independent Quantum Error Mitigation on Noisy Quantum Computers.pdf,Russo et al.,partial,yes,weak,noise-model-mention,6,"larizing noise after each two-qubit gate, i.e., each two-qubit gate (cnot) is replaced by (11) with p=0.01. 4) IBMQKOLKATA In addition to this simple noise model, we also use a noise To assess the performance of error mitigation on modelbasedontheerrorratesoftheIBMQLimacomputer larger benchmark problem sizes ("
Russo et al. - 2023 - Testing Platform-Independent Quantum Error Mitigation on Noisy Quantum Computers.pdf,Russo et al.,partial,yes,weak,noise-model-mention,7,"nt We see again in these results that the improvement factors is shown in Fig. 2. Here, we show the result from apply- for the simple 1% depolarizing noise model are generally ing ZNE(R) to n=3 qubit RB circuits of various depths thelargest,asexpected.TheimprovementfactorsonIBMQ on IBMQ Lima. At each depth, we"
Russo et al. - 2023 - Testing Platform-Independent Quantum Error Mitigation on Noisy Quantum Computers.pdf,Russo et al.,partial,yes,weak,noise-model-mention,11,"ationislikelytobe portanttoaccountforintheimprovementfactor.(Recallthat mostbeneficialwhenappliedtoproblemsthatareclassically we assumed a particular noise model for PEC and did not hard[1].Inthissetting,aquantumcomputerisusedtogeta perform gate characterization, so preprocessing cost is not rough solution to"
Régent - 2025 - Awesome Quantum Computing Experiments Benchmarking Experimental Progress Towards Fault-Tolerant Qua.pdf,Regent,na,yes,strong,phase-damping,7,"space spanned by many physical qubits. QEC codes are specifically designed such that common types of physical errors (e.g., single-qubit bit flips or phase flips) map the encoded logical state onto distinguishable, mutually orthogonal error subspaces. This structure enables to extract information about the er"
Régent - 2025 - Awesome Quantum Computing Experiments Benchmarking Experimental Progress Towards Fault-Tolerant Qua.pdf,Regent,na,yes,weak,gate-error,5,"on the available data, we consider both Bell state preparation error (the error associated with generating a maximally entangled state) and two-qubit gate error as equivalent metrics for quantifying entanglement error, as both provide a measure of the system’s ability to create and manipulate entangled states"
Régent - 2025 - Awesome Quantum Computing Experiments Benchmarking Experimental Progress Towards Fault-Tolerant Qua.pdf,Regent,na,yes,weak,gate-error,5,"antum computing platforms from 1998 to 2025. For each experiment, the dataset records the entanglement error rate (entangled state error or two-qubit gate error), corresponding research article title, publication year, and implementation platform. Figure 2 plots the reported entanglement error over time for l"
Régent - 2025 - Awesome Quantum Computing Experiments Benchmarking Experimental Progress Towards Fault-Tolerant Qua.pdf,Regent,na,yes,weak,gate-error,11,"relaxation and coherence times to higher-level ones like QEC code parameters. Our analysis reveals remarkable advances: physical-qubit coherence and gate fidelity have improved by orders of magnitude, while processor scale has grown exponentially, enabling access to hundreds and even thousands of qubits [68, 11"
Régent - 2025 - Awesome Quantum Computing Experiments Benchmarking Experimental Progress Towards Fault-Tolerant Qua.pdf,Regent,na,yes,weak,gate-error,24,"to reach but not impossible in near future and should be thought of as one possible scenario rather than the definition of utility. While individual gate errors (such as the two-qubit gate error) are commonly used to evaluate the distance to the accuracy threshold in QEC simulations, we use the entangled sta"
Régent - 2025 - Awesome Quantum Computing Experiments Benchmarking Experimental Progress Towards Fault-Tolerant Qua.pdf,Regent,na,yes,weak,gate-error,24,"r future and should be thought of as one possible scenario rather than the definition of utility. While individual gate errors (such as the two-qubit gate error) are commonly used to evaluate the distance to the accuracy threshold in QEC simulations, we use the entangled state error when it is the only availa"
Sahu and Gupta - 2024 - NAC-QFL Noise Aware Clustered Quantum Federated Learning.pdf,Sahu & Gupta,yes,yes,strong,Pauli-channel,2,"withthe helpof𝑛-pairsofKrausoperators({𝐴 𝑖 ,𝐴 𝑖 †}𝑛 𝑖=1 ),i.e., 𝑛 N(𝜌)= ∑︁ 𝐴 𝑖 𝜌𝐴 𝑖 †, (2) 𝑖=1 where,(cid:205)𝑛 𝑖=1 𝐴 𝑖 𝐴 𝑖 †=I,theidentitymatrix[20].Paulinoiseisdefined astheprobabilityofhappeningofoneofPauligates(X,Y,Z)after aquantumoperationisperformedonaqubit,i.e., 4 N 𝑃 𝑃𝑎𝑢𝑙𝑖 (𝜌)= ∑︁ 𝐴 𝑖 𝜌𝐴 𝑖 †, (3) 𝑖=1"
Sahu and Gupta - 2024 - NAC-QFL Noise Aware Clustered Quantum Federated Learning.pdf,Sahu & Gupta,yes,yes,strong,phase-damping,10,"rformanceundernoisychannel:Finally,weevalu- atedourproposedQFLmodelundernoisycommunicationchannels. Weconsiderfournoisecommunicationchannelsasbitflip,phase flip,depolarizingandamplitudedamping(Eq.4-Eq.7)withvary- ingnoiseintensitiesas0.01,0.05,0.1and0.25.Theresultspresented inTable5illustratetheimpactofnoisei"
Sahu and Gupta - 2024 - NAC-QFL Noise Aware Clustered Quantum Federated Learning.pdf,Sahu & Gupta,yes,yes,weak,noise-model-mention,5,"⟩when|0⟩ formstheclustersetC={𝐶1,𝐶2,........𝐶 𝑛}usingProcedure1and estimates the noise of each device of a given cluster using the proposed effective noise model N . Let a cluster𝐶 consist of Let𝑇1𝑗 givestherelaxationtimeof𝑗thqubitand𝑇2𝑗 givesthede- thedevicesetD𝑗 ,where1 ≤ 𝑗 ≤ e 𝑛 ff .Theestimatedn 𝑗 oiseofth"
Sahu and Gupta - 2024 - NAC-QFL Noise Aware Clustered Quantum Federated Learning.pdf,Sahu & Gupta,yes,yes,weak,fake-backend,7,"NAC-QFL:NoiseAwareClusteredQuantumFederatedLearning Conference’17,July2017,Washington,DC,USA withinthecluster.Procedure3requiresaQMLmodel,selectedde- fake_provider.TheDQNNisimplementedusingPennylane[23] vicelistandpartitiontypeasinputandprovidesthesub-circuitlist andKeraslibraries.ThequantumlayersareconvertedtoK"
Saki et al. - 2023 - Hypothesis Testing for Error Mitigation How to Evaluate Error Mitigation.pdf,Saki et al.,partial,partial,weak,noise-parameter,1,"ncellation(PEC)[20]. Inthefirstmethod,meanttocorrecttheexpectationvalueoftheoperatorE,theuserruns versions of the unmitigated circuit with increasing noise levels, which is done by stretching the gate times. This givesoneasetE ={(cid:104)E(cid:105) ,(cid:104)E(cid:105) ...(cid:104)E(cid:105) ...(cid:104)E(cid:"
Saki et al. - 2023 - Hypothesis Testing for Error Mitigation How to Evaluate Error Mitigation.pdf,Saki et al.,partial,partial,weak,noise-parameter,6,"operator)forthecircuitinFigure2 ZeroNoiseExtrapolation In zero noise extrapolation (ZNE), expectation values of an algorithm are computed at multiple noise levels. Next, theexpectationvaluesareregressedusingachoiceoffittingfunctions,suchaslinearandquadratic,toextrapolate the expectation values in the zero nois"
Saki et al. - 2023 - Hypothesis Testing for Error Mitigation How to Evaluate Error Mitigation.pdf,Saki et al.,partial,partial,weak,noise-parameter,6,"ngachoiceoffittingfunctions,suchaslinearandquadratic,toextrapolate the expectation values in the zero noise limit. We compute expectation values at 3 noise levels or scale factors in ourexperiments,[1.0, 3.0, 5.0]. Noiselevel=1.0correspondstotheoriginalcircuit,whereastoachievenoise levels3.0and5.0,thenoiseinth"
Schultz et al. - 2022 - Impact of time-correlated noise on zero-noise extrapolation.pdf,Schultz et al.,yes,yes,strong,stochastic-noise,3,"increasing the overall time duration of the circuit. More precisely, if we Equivalently, the scale factor can be absorbed into a redefinition of the stochastic noise amplitude: η(cid:48)(t) = define t(cid:48) = t/λ, the density operator ρ(t(cid:48)) of the system evolves with respect to the effective Hamiltonian:"
Schultz et al. - 2022 - Impact of time-correlated noise on zero-noise extrapolation.pdf,Schultz et al.,yes,yes,strong,local-noise,4,"e that the original spectrum e. Gate Trotterization In this work we also intro- is also stretched with respect to the frequency variable duce another local noise-scaling method, acting at the ω. This fact is a manifestation of the intuitive idea that level of individual gates, that we call gate Trotterization"
Schultz et al. - 2022 - Impact of time-correlated noise on zero-noise extrapolation.pdf,Schultz et al.,yes,yes,weak,noise-model-mention,3,"(see Fig. 2 for an overview) this work, we fix the inference method by assuming a in order to analyze their performance in the presence of particular noise model and focus on the effects of the time-correlated noise in Sec. III. noise-scaling method. b. Pulse stretching The intent of pulse stretching is to sca"
Schultz et al. - 2022 - Impact of time-correlated noise on zero-noise extrapolation.pdf,Schultz et al.,yes,yes,weak,noise-parameter,1,"show that, in contrast to white noise, time-correlated noise is harder to mitigate via zero-noise extrapolation because it is difficult to scale the noise level without also modifyingitsspectraldistribution. Thislimitationisparticularlystrongif“local”gate-levelmethods are applied for noise scaling. However, w"
Schultz et al. - 2022 - Impact of time-correlated noise on zero-noise extrapolation.pdf,Schultz et al.,yes,yes,weak,noise-parameter,12,"2, 135 (1973). techniqueinducestwoeffectivechangesonthenoisespec- [77] V. Cˇa´pek, Haken—strobl—reineker model: its limits of trum: (i) it scales the noise level by a constant λ, (ii) it validity and a possible extension, Chem. Phys. 171, 79 alsostretchesthenoisespectrumonthefrequencyaxisby (1993). thesamecons"
Schultz et al. - 2022 - Impact of time-correlated noise on zero-noise extrapolation.pdf,Schultz et al.,yes,yes,weak,gate-error,11,"uction, arXiv [52] A. He, B. Nachman, W. A. de Jong, and C. W. Bauer, preprint 10.48550/arxiv.2111.07051 (2021). Zero-noise extrapolation for quantum-gate error mitiga- [67] G. A. A´lvarez and D. Suter, Measuring the spectrum of tion with identity insertions, Phys. Rev. A 102, 012426 colored noise by dynamica"
Seif et al. - 2023 - Shadow Distillation Quantum Error Mitigation with Classical Shadows for Near-Term Quantum Processor.pdf,Seif et al.,partial,partial,weak,error-model-mention,5,"ces of N U and N S . In the bootstrapsamplinginSDandfromnormalapproximationinthe whiteregionoftheplot(cid:5)2 >0.1. directmethod. GHZ on the specific error channel and the purity of the experi- mentalstate.Moreover,foralarge-scaleexperiment,such caseswherethecontrolandquantumresourcesrequiredfor simulations may"
Seif et al. - 2023 - Shadow Distillation Quantum Error Mitigation with Classical Shadows for Near-Term Quantum Processor.pdf,Seif et al.,partial,partial,weak,error-model-mention,11,"otationsRα (θ)=exp(−iσ α θ/2)with α =x,y,z. 2.Errorchannelsandsimulation Inthissection,wedescribethedetailedimplementations for the simulation of the error channels. We simulate the circuitinFig.8onaclassicalcomputer. Tosimulatecoherenterrors,wereplacetheR (θ)gate XX by R (θ(1+δ )), where δ is the over-rotation"
Seif et al. - 2023 - Shadow Distillation Quantum Error Mitigation with Classical Shadows for Near-Term Quantum Processor.pdf,Seif et al.,partial,partial,weak,noise-parameter,1,"and circuit[3–9].Theseschemesworkbyacquiringtheexpec- classicalshadows[18–20].Roughlyspeaking,thesemeth- tation value of an observable for dieff rent noise strengths odsprovideawayforestimatingmanylinearfunctionsofa (e.g., by changing the gate time) and extrapolating them quantumstatewith(quantumandclassical)reso"
Senapati et al. - 2023 - Towards Redefining the Reproducibility in Quantum Computing A Data Analysis Approach on NISQ Device.pdf,Senapati et al. (2023),partial,partial,weak,noise-model-mention,3,chitecture point into a quantum data. The training is performed on a shouldyieldequivalentresults[28].Thisalsomeansconsecu- noisy simulator using the noise model of the 5-qubit machine tivealgorithmrunswithidenticalinputdatawillyieldidentical IBMQ Manila and Belem. MNIST dataset consist of images output data [
Senapati et al. - 2023 - Towards Redefining the Reproducibility in Quantum Computing A Data Analysis Approach on NISQ Device.pdf,Senapati et al. (2023),partial,partial,weak,noise-parameter,1,"since the noise is impressive, near-term quantum computers still suffer from levelsvaryondifferentquantumcomputers.Importantly,existing a much higher noise level than classical computers. This works largely ignore the fact that the noise of quantum devices significantly constrains the application of quantum co"
Senapati et al. - 2023 - Towards Redefining the Reproducibility in Quantum Computing A Data Analysis Approach on NISQ Device.pdf,Senapati et al. (2023),partial,partial,weak,noise-parameter,1,"een our QML models’ from the expectation and might lead to the wrong results. test accuracy and quantum computer hardware’s calibration Moreover, the noise level of quantum computers has time features.Wealsodemonstratethatnoisysimulatorsforquantum and space variations, i.e., the noise level of different quantu"
Senapati et al. - 2023 - Towards Redefining the Reproducibility in Quantum Computing A Data Analysis Approach on NISQ Device.pdf,Senapati et al. (2023),partial,partial,weak,noise-parameter,1,"ation Moreover, the noise level of quantum computers has time features.Wealsodemonstratethatnoisysimulatorsforquantum and space variations, i.e., the noise level of different quantum computers are not a reliable tool for quantum machine learning applications. computers is usually different and noise levels for"
Senapati et al. - 2023 - Towards Redefining the Reproducibility in Quantum Computing A Data Analysis Approach on NISQ Device.pdf,Senapati et al. (2023),partial,partial,weak,noise-parameter,1,"the noise level of different quantum computers are not a reliable tool for quantum machine learning applications. computers is usually different and noise levels for the same Index Terms—quantum computing, quantum machine learn- quantum computer can also vary as time goes by. And it ing, reproducibility, quan"
Senapati et al. - 2024 - PQML Enabling the Predictive Reproducibility on NISQ Machines for Quantum ML Applications.pdf,Senapati et al. (2024),partial,partial,weak,noise-parameter,1,"hree distinct quantum machines yields markedly tool. This tool is designed to predict outcomes when executing different outcomes. This variability in noise levels renders identical quantum machine learning applications—specifically, a critical suite of variational quantum algorithms—across various applications"
Senapati et al. - 2024 - PQML Enabling the Predictive Reproducibility on NISQ Machines for Quantum ML Applications.pdf,Senapati et al. (2024),partial,partial,weak,gate-error,1,"mplied warranties and expressly disclaimsalllegal,tax,andaccountingimplicationsrelatedtothisarticle. considering factors such as readout fidelity and gate error. 979-8-3315-4137-8/24/$31.00 ©2024 IEEE 1413 DOI 10.1109/QCE60285.2024.00168 86100.4202.58206ECQ/9011.01 :IOD | EEEI 4202© 00.13$/42/8-7314-5133-8-97"
Shi and Malaney - 2023 - Error-Mitigated Quantum Routing on Noisy Devices.pdf,Shi & Malaney,partial,yes,strong,depolarizing,4,"⟨Φ| is the “theoretical” density We assume that the two-qubit gates are followed by a global matrixofthequantumrouter’soutput,i.e.,thefinalstateofthe depolarizing noise. The transpiled circuit only has one type transpiled circuit executed on a noiseless quantum device. We of two-qubit gate, the CX gate. Based on assu"
Shi and Malaney - 2023 - Error-Mitigated Quantum Routing on Noisy Devices.pdf,Shi & Malaney,partial,yes,strong,depolarizing,4,"e noiseless situation, the probability D(ρˆ)=(1−ϵ)ρˆ+Iϵ/4, (7) of observing one of the |000⟩, |001⟩, |011⟩, and |100⟩ states represents the two-qubit depolarizing channel, where ρˆstands is 0.25, and the probability of observing one of the remaining fortheinputstateofthischannelandϵisthenoiselevelofthe statesis0.Weseet"
Shi and Malaney - 2023 - Error-Mitigated Quantum Routing on Noisy Devices.pdf,Shi & Malaney,partial,yes,weak,noisy-device-mention,1,"2023 IEEE Global Communications Conference: Selected Areas in Communications: Quantum Communications and Computing Error-Mitigated Quantum Routing on Noisy Devices Wenbo Shi and Robert Malaney University of New South Wales, Sydney, NSW, Australia. Abstract—With sub-threshold quantum error correction on an optic"
Shi and Malaney - 2023 - Error-Mitigated Quantum Routing on Noisy Devices.pdf,Shi & Malaney,partial,yes,weak,gate-error,3,"error rates to act as the three qubits of the transpiled circuit. devices since the U only require implementable gates. With ⃗n Note that the quantum gate error rates may change over time sufficient and a suitable linear combination of ⟨E ⟩ , one ⃗n noisy - the ibmq jakarta is calibrated daily. can obtain an"
Shi and Malaney - 2023 - Error-Mitigated Quantum Routing on Noisy Devices.pdf,Shi & Malaney,partial,yes,weak,gate-error,3,"ental Setups III. EXPERIMENTS The two quantum error mitigation methods, ZNE and PEC, A. Quantum Routing with Error Mitigation mainly focus on quantum gate errors, decoherence errors, and We now apply the mitigation methods to quantum routing cross-talk errors - they cannot mitigate measurement errors. realize"
Shi and Malaney - 2023 - Error-Mitigated Quantum Routing on Noisy Devices.pdf,Shi & Malaney,partial,yes,weak,gate-error,4,"y our experiments, we make two assumptions: (i) We assume we can neglect single-qubit gate C. Experimental Results errors and only focus on two-qubit gate errors since the two- qubit gate error rates are an order of magnitude higher. (ii) We define that ρ = |Φ⟩ f ⟨Φ| is the “theoretical” density We assume tha"
Shi and Malaney - 2023 - Error-Mitigated Quantum Routing on Noisy Devices.pdf,Shi & Malaney,partial,yes,weak,gate-error,4,sumptions: (i) We assume we can neglect single-qubit gate C. Experimental Results errors and only focus on two-qubit gate errors since the two- qubit gate error rates are an order of magnitude higher. (ii) We define that ρ = |Φ⟩ f ⟨Φ| is the “theoretical” density We assume that the two-qubit gates are followe
Takagi et al. - 2022 - Fundamental limits of quantum error mitigation.pdf,Takagi et al. (2022),yes,yes,strong,depolarizing,5,"k m ey . 1(cid:2) Q K F EðkÞðψÞ;EðkÞðϕÞ candidates forbenchmarking of error-mitigation protocols7,42,43. q¼1 k¼1 q q In particular, consider a local depolarizing noise25,44, in which Thisformonlyinvolvesthecomputationofthetracedistanceand the depolarizing channel DϵðρÞ:¼ð1(cid:2)ϵÞρþϵI=2 acts on each fidelity of sin"
Takagi et al. - 2022 - Fundamental limits of quantum error mitigation.pdf,Takagi et al. (2022),yes,yes,strong,depolarizing,5,"ols7,42,43. q¼1 k¼1 q q In particular, consider a local depolarizing noise25,44, in which Thisformonlyinvolvesthecomputationofthetracedistanceand the depolarizing channel DϵðρÞ:¼ð1(cid:2)ϵÞρþϵI=2 acts on each fidelity of single-copy states, both of which can be computed by qubit. A general approach to mitigate this err"
Takagi et al. - 2022 - Fundamental limits of quantum error mitigation.pdf,Takagi et al. (2022),yes,yes,strong,depolarizing,5,"rogramming36. (Q,K)-mitigation protocol for some Q and K, in which the kth Meanwhile,theneedfortomographicknowledgeofEð q kÞcanbe experiment involves depolarizing noise with noise strength ϵ k mitigated by usingsubfidelity37: (Fig.4). rffiffiffi h ffiffiffiffiffiffiffiffiffiffiffiffiffiffiffiffiffiffiffiffiffiffiffif"
Takagi et al. - 2022 - Fundamental limits of quantum error mitigation.pdf,Takagi et al. (2022),yes,yes,strong,depolarizing,5,"ower Theorem3Foranarbitrary(Q,K)-errormitigationwithmaximum boundsthe maximumspread: biasb max appliedton-qubitcircuitswithL-layerunitariesunderlocal depolarizing noise, the maximum spread is lower bounded as: Δe max (cid:5) m ψ; a ϕ xrffi 1 ffiffiffi (cid:2) ffiffiffiffiffi Q ffiffiffiffi Q q ffiffi ¼ ffi D ffiffi 1"
Takagi et al. - 2022 - Fundamental limits of quantum error mitigation.pdf,Takagi et al. (2022),yes,yes,strong,depolarizing,6,"ompletebasisofprocesses arbitraryqubit numbern. fBg such that E(cid:2)1¼ cB for some set of real (but possibly We can also consider the d-dimensional depolarizing noise j j j j j a n p e p g l a ie ti s ve B ) n t u o m t b h e e rs no f i c s j y g j . st S a e te ttin E g ðψ γ Þ : w = it ∑ h j ∣c p j ∣ r , o t b h"
Takagi et al. - 2022 - Fundamental limits of quantum error mitigation.pdf,Takagi et al. (2022),yes,yes,strong,local-noise,5,"re ste k m ey . 1(cid:2) Q K F EðkÞðψÞ;EðkÞðϕÞ candidates forbenchmarking of error-mitigation protocols7,42,43. q¼1 k¼1 q q In particular, consider a local depolarizing noise25,44, in which Thisformonlyinvolvesthecomputationofthetracedistanceand the depolarizing channel DϵðρÞ:¼ð1(cid:2)ϵÞρþϵI=2 acts on each fidelity"
Takagi et al. - 2022 - Fundamental limits of quantum error mitigation.pdf,Takagi et al. (2022),yes,yes,weak,noise-model-mention,6,"eststh m a a t x probab 1 i (cid:2) li ϵ sticerrorcancellation Meanwhile, M represents an A-measurement of the resulting A is nearly optimal for this noise model, while still leaving the quantum system combined with a measurement of the(cid:2) regis(cid:3)ter, possibility for abetter protocol toexist. resultin"
Takagi et al. - 2022 - Fundamental limits of quantum error mitigation.pdf,Takagi et al. (2022),yes,yes,weak,error-model-mention,5,its of error mitigation given a particular One potential means around this is to identify bounds on the set of imperfect quantum devices specified by error channels distinguishability measurespffitffiffihffiffiaffiffiffitffiffiffiffiffiaffiffiffilffilffieffiffivffiffiiate such hurdles. For fEðkÞg. We now illustr
Takagi et al. - 2022 - Fundamental limits of quantum error mitigation.pdf,Takagi et al. (2022),yes,yes,weak,noise-parameter,3,"tothecaseofQ=K=1.BRthordernoiseextrapolationassumes3,4the capacity to synthesize R+1 NISQ devices whose outputs represent distortions of ψ at various noise strengths. It then uses individual measurementsofanobservableAonthesedistortedstatestoestimatetheobservableexpectationvalueonthezero-noiselimit.Thusitisan exa"
Takagi et al. - 2022 - Fundamental limits of quantum error mitigation.pdf,Takagi et al. (2022),yes,yes,weak,noise-parameter,3,"This is manifested in the Rth order noise extrapolation in thaterror-mitigationprocesscanuseinitsstrategy.Theresultsin Fig. 3B, in which R different noise levels realized on a near-term Theorem1andCorollary2thengiveinformationabouttheround device are represented by the set fEgR of effective noise i i¼1 number"
Takagi et al. - 2022 - Fundamental limits of quantum error mitigation.pdf,Takagi et al. (2022),yes,yes,weak,noise-parameter,5,"gation protocol for some Q and K, in which the kth Meanwhile,theneedfortomographicknowledgeofEð q kÞcanbe experiment involves depolarizing noise with noise strength ϵ k mitigated by usingsubfidelity37: (Fig.4). rffiffiffi h ffiffiffiffiffiffiffiffiffiffiffiffiffiffiffiffiffiffiffiffiffiffiffiffiffiffiffiffiffiffi"
Takagi et al. - 2022 - Fundamental limits of quantum error mitigation.pdf,Takagi et al. (2022),yes,yes,weak,noise-parameter,5,"ffiffi K (cid:9) 1(cid:2) 1 ϵ min (cid:10) L ; (9) subfidelity between two unknown states can be measured by a where ϵ min :¼min k ϵ k is the minimum noise strength among K quantumcomputerusingacircuitofconstantdepth38,39(seealso experiments. Fig. 4 Noise mitigation in layered circuits. Layered circuits are used"
Takagi et al. - 2022 - Fundamental limits of quantum error mitigation.pdf,Takagi et al. (2022),yes,yes,weak,noise-parameter,5,"eachlayerofthecircuit.Thekthexperimentinageneral(Q,K)-protocolinvolvesrunningthiscircuitQtimesto produce a distorted state (cid:6)Q EðkÞðψÞ with some noise strength ϵ—which possibly varies over different experiments. The protocol then q¼1 q k measureseach(cid:6)Q EðkÞðψÞfork=1,…,KandoutputsanestimateE throughclas"
Takagi et al. - 2023 - Universal Sampling Lower Bounds for Quantum Error Mitigation.pdf,Takagi et al. (2023),yes,yes,strong,depolarizing,2,"get observables and target spread grows exponentially with the circuit depth to states respectively. We keep the choices of these sets mitigate local depolarizing noise. Reference [40] showed general, and they can be flexibly chosen depending on a related result where for the class of error-mitigation one’s interest."
Takagi et al. - 2023 - Universal Sampling Lower Bounds for Quantum Error Mitigation.pdf,Takagi et al. (2023),yes,yes,strong,depolarizing,4,"o- the circuits consisting of multiple layers of unitaries. cols, we consider the worst-case error among possible Although we here focus on the local depolarizing noise, ideal states and measurements. This motivates us to our results can be extended to a number of other noise consider the maximum standard deviation σ"
Takagi et al. - 2023 - Universal Sampling Lower Bounds for Quantum Error Mitigation.pdf,Takagi et al. (2023),yes,yes,strong,depolarizing,4,"at an M-qubit quantum circuit consists of maxA∈Omaxρ∈S b AðρÞ.Then,weobtainthefollowingsam- layers of unitaries, each of which is followed by a local depolarizing noise, i.e., a depolarizing noise of the form plinglowerboundintermsoftheseperformancequantifiers. (Proofin AppendixC of[53].) D p ¼ð1−pÞidþpI=2, where p i"
Takagi et al. - 2023 - Universal Sampling Lower Bounds for Quantum Error Mitigation.pdf,Takagi et al. (2023),yes,yes,strong,depolarizing,4,"t consists of maxA∈Omaxρ∈S b AðρÞ.Then,weobtainthefollowingsam- layers of unitaries, each of which is followed by a local depolarizing noise, i.e., a depolarizing noise of the form plinglowerboundintermsoftheseperformancequantifiers. (Proofin AppendixC of[53].) D p ¼ð1−pÞidþpI=2, where p is a noise strength, Theorem"
Takagi et al. - 2023 - Universal Sampling Lower Bounds for Quantum Error Mitigation.pdf,Takagi et al. (2023),yes,yes,strong,depolarizing,4,"h h , e u l n l ≤ o it c a L a r , l y n d l e a ≤ p y o e N r la . r U i T z l i h n i i g n s D Oðρ;σÞ−2b max ≥0 gives the expression of the local depolarizing noise after Thisresultrepresentsthetrade-offbetweenthestandard lth layer in the nth noisy circuit as ⊗M m¼1 D γ n;l;m , where deviation, bias, and the requ"
Takagi et al. - 2023 - Universal Sampling Lower Bounds for Quantum Error Mitigation.pdf,Takagi et al. (2023),yes,yes,strong,depolarizing,5,"nthefigure)is differencesbetweenthesettingsconsideredintheprevious produced by a circuit with L layers U 1 ;…;U L followed by a works and ours. local depolarizing noise with noise strength at least γ, i.e., Conclusions.—We established sampling lower bounds γ n;l;m ≥γ; ∀ n;l;m.Eachlayer U l canbe sandwichedbyaddi- imp"
Takagi et al. - 2023 - Universal Sampling Lower Bounds for Quantum Error Mitigation.pdf,Takagi et al. (2023),yes,yes,strong,depolarizing,5,"eperformancequantifiers—accuracy describedaboveisappliedtoanM-qubitcircuittomitigate and success probability, as well as the standard deviation local depolarizing channels with strength at least γ that andbias—eachofwhichhasitsownoperationalrelevance. follow L layers of unitaries, and achieves (1) with some Our bounds"
Takagi et al. - 2023 - Universal Sampling Lower Bounds for Quantum Error Mitigation.pdf,Takagi et al. (2023),yes,yes,strong,depolarizing,7,"sof [68] A. Müller-Hermes, D. Stilck França, and M.M. Wolf, the diamond norm and related measures in quantifying the Relative entropy convergence for depolarizing channels, non-physicalityofquantummaps,Quantum5,522(2021). J. Math. Phys. (N.Y.) 57, 022202 (2016). [50] J.Jiang,K.Wang,andX.Wang,Physicalimplementability [6"
Takagi et al. - 2023 - Universal Sampling Lower Bounds for Quantum Error Mitigation.pdf,Takagi et al. (2023),yes,yes,strong,Pauli-channel,1,"ms of layeredcircuits undervarious noise models—including the the Creative Commons Attribution 4.0 International license. depolarizing and stochastic Pauli noise—must grow expo- Further distribution of this work must maintain attribution to the author(s) and the published article’s title, journal citation, nen"
Takagi et al. - 2023 - Universal Sampling Lower Bounds for Quantum Error Mitigation.pdf,Takagi et al. (2023),yes,yes,strong,stochastic-noise,1,"der the terms of layeredcircuits undervarious noise models—including the the Creative Commons Attribution 4.0 International license. depolarizing and stochastic Pauli noise—must grow expo- Further distribution of this work must maintain attribution to the author(s) and the published article’s title, journal citatio"
Takagi et al. - 2023 - Universal Sampling Lower Bounds for Quantum Error Mitigation.pdf,Takagi et al. (2023),yes,yes,strong,stochastic-noise,5,"20 and intermediate operations, we extend these results to a wide No. RG77/22 (S), the No. NRF2021-QEP2- 02-P06 from class of noise models, including stochastic Pauli, global the Singapore Research Foundation and the Singapore depolarizing,andthermalnoise.Thecaseofthermalnoise MinistryofEducationTier2GrantNo.T2EP50"
Takagi et al. - 2023 - Universal Sampling Lower Bounds for Quantum Error Mitigation.pdf,Takagi et al. (2023),yes,yes,strong,local-noise,2,"ll target observables and target spread grows exponentially with the circuit depth to states respectively. We keep the choices of these sets mitigate local depolarizing noise. Reference [40] showed general, and they can be flexibly chosen depending on a related result where for the class of error-mitigation one’s int"
Takagi et al. - 2023 - Universal Sampling Lower Bounds for Quantum Error Mitigation.pdf,Takagi et al. (2023),yes,yes,strong,local-noise,4,"n proto- the circuits consisting of multiple layers of unitaries. cols, we consider the worst-case error among possible Although we here focus on the local depolarizing noise, ideal states and measurements. This motivates us to our results can be extended to a number of other noise consider the maximum standard devia"
Takagi et al. - 2023 - Universal Sampling Lower Bounds for Quantum Error Mitigation.pdf,Takagi et al. (2023),yes,yes,strong,local-noise,4,"ose that an M-qubit quantum circuit consists of maxA∈Omaxρ∈S b AðρÞ.Then,weobtainthefollowingsam- layers of unitaries, each of which is followed by a local depolarizing noise, i.e., a depolarizing noise of the form plinglowerboundintermsoftheseperformancequantifiers. (Proofin AppendixC of[53].) D p ¼ð1−pÞidþpI=2, whe"
Takagi et al. - 2023 - Universal Sampling Lower Bounds for Quantum Error Mitigation.pdf,Takagi et al. (2023),yes,yes,strong,local-noise,4,"M t t h h , e u l n l ≤ o it c a L a r , l y n d l e a ≤ p y o e N r la . r U i T z l i h n i i g n s D Oðρ;σÞ−2b max ≥0 gives the expression of the local depolarizing noise after Thisresultrepresentsthetrade-offbetweenthestandard lth layer in the nth noisy circuit as ⊗M m¼1 D γ n;l;m , where deviation, bias, and th"
Takagi et al. - 2023 - Universal Sampling Lower Bounds for Quantum Error Mitigation.pdf,Takagi et al. (2023),yes,yes,strong,local-noise,5,"ictedinthefigure)is differencesbetweenthesettingsconsideredintheprevious produced by a circuit with L layers U 1 ;…;U L followed by a works and ours. local depolarizing noise with noise strength at least γ, i.e., Conclusions.—We established sampling lower bounds γ n;l;m ≥γ; ∀ n;l;m.Eachlayer U l canbe sandwichedbyadd"
Takagi et al. - 2023 - Universal Sampling Lower Bounds for Quantum Error Mitigation.pdf,Takagi et al. (2023),yes,yes,strong,local-noise,5,"ultipleperformancequantifiers—accuracy describedaboveisappliedtoanM-qubitcircuittomitigate and success probability, as well as the standard deviation local depolarizing channels with strength at least γ that andbias—eachofwhichhasitsownoperationalrelevance. follow L layers of unitaries, and achieves (1) with some Our"
Takagi et al. - 2023 - Universal Sampling Lower Bounds for Quantum Error Mitigation.pdf,Takagi et al. (2023),yes,yes,weak,noise-model-mention,8,"5303 (2014). Markovprocesses,J.Math.Phys.(N.Y.)51,122201(2010). [77] K. Temme and M.J. Kastoryano, How fast do stabilizer [80] QISKIT: Device backend noise model simulations. Hamiltonians thermalize? arXiv:1505.07811. [81] K. Tsubouchi, T. Sagawa, and N. Yoshioka, preceding [78] Á. Capel, A. Lucia, and D. Pe´r"
Takagi et al. - 2023 - Universal Sampling Lower Bounds for Quantum Error Mitigation.pdf,Takagi et al. (2023),yes,yes,weak,noisy-device-mention,1,"ices,acentralprobleminquantuminformationscience samplingcost—computationaloverheadinhavingtosam- hasbeentopindownwhatcanandcannotbeaccomplished ple a noisy device many times. This sampling cost withnoisyintermediate-scalequantum(NISQ)devices[1]. represents the crucial quantity determining the feasibility One of"
Takagi et al. - 2023 - Universal Sampling Lower Bounds for Quantum Error Mitigation.pdf,Takagi et al. (2023),yes,yes,weak,noise-parameter,4,"d come with a small fluc- Appendix E [53] that the scaling of the lower bound in tuation in its outcome, the standard deviation of the Theorem 2 with noise strength can be achieved by the underlying distribution for the estimate can serve as a probabilistic error cancellation method in a certain sce- performance"
Takagi et al. - 2023 - Universal Sampling Lower Bounds for Quantum Error Mitigation.pdf,Takagi et al. (2023),yes,yes,weak,noise-parameter,4,"e., a depolarizing noise of the form plinglowerboundintermsoftheseperformancequantifiers. (Proofin AppendixC of[53].) D p ¼ð1−pÞidþpI=2, where p is a noise strength, Theorem 2.—The sampling cost for an error-mitigation appliestoeachqubit.Weaimtoestimateidealexpectation strategy with the maximum standard deviation"
Takagi et al. - 2023 - Universal Sampling Lower Bounds for Quantum Error Mitigation.pdf,Takagi et al. (2023),yes,yes,weak,noise-parameter,5,"sbetweenthesettingsconsideredintheprevious produced by a circuit with L layers U 1 ;…;U L followed by a works and ours. local depolarizing noise with noise strength at least γ, i.e., Conclusions.—We established sampling lower bounds γ n;l;m ≥γ; ∀ n;l;m.Eachlayer U l canbe sandwichedbyaddi- imposedonthegeneralquan"
Takagi et al. - 2023 - Universal Sampling Lower Bounds for Quantum Error Mitigation.pdf,Takagi et al. (2023),yes,yes,weak,noise-parameter,5,gationprotocols. tionalunitaloperationsΛ n;l andΞ n;l.Otherlayersanddepolariz- Ourresultsformalizetheideathatthereductioninthestate ing channels with noise strength smaller than γ are absorbed in distinguishability caused by noise and error-mitigation these operations as they are also unital. processesleadstotheu
Tindall et al. - 2024 - Efficient Tensor Network Simulation of IBM’s Eagle Kicked Ising Experiment.pdf,Tindall et al.,na,no,none,,,
Tran et al. - 2023 - Locality and Error Mitigation of Quantum Circuits.pdf,Tran et al.,yes,yes,strong,Pauli-channel,1,"desired output expectation values. The pri- eralized noise channels can always be transformed into marygoaloferrormitigationistomitigatethiseffectand Pauli channels via Pauli twirling [27–32]. A key pre- produce a better estimation of the expectation value, at requisite in many state-of-the-art error mitigation"
Tran et al. - 2023 - Locality and Error Mitigation of Quantum Circuits.pdf,Tran et al.,yes,yes,strong,Pauli-channel,1,"ctation values. The pri- eralized noise channels can always be transformed into marygoaloferrormitigationistomitigatethiseffectand Pauli channels via Pauli twirling [27–32]. A key pre- produce a better estimation of the expectation value, at requisite in many state-of-the-art error mitigation tech- the expense"
Tran et al. - 2023 - Locality and Error Mitigation of Quantum Circuits.pdf,Tran et al.,yes,yes,strong,Pauli-channel,1,"ng overhead and classi- niquesistheabilitytolearnthenoisechannelsN . Fully i cal post-processing. Based on this idea, numerous miti- characterizing a Pauli channel on n qubits generally re- gation techniques, such as Probabilistic Error Cancella- quires resources scaling exponentially with n, but it can tion (PE"
Tran et al. - 2023 - Locality and Error Mitigation of Quantum Circuits.pdf,Tran et al.,yes,yes,strong,Pauli-channel,1,"y bottleneck of PEC, the main So,forexample,qubitsthatarenotconnectedbyU can challengeinZNEistoconstrainthebiasthatremainsaf- i still have correlated Pauli noise. ter applying the Richardson extrapolation [3]. Here, we We note that, since two Pauli strings either commute proveaboundonthebiasinZNEusinglight-con"
Tran et al. - 2023 - Locality and Error Mitigation of Quantum Circuits.pdf,Tran et al.,yes,yes,strong,Pauli-channel,2,"(11). The noisy i version of the circuit consists of additional noise channels N ,N , and N , which can be further decomposed into a series of 1 2 3 Pauli channels in Eq. (3) (vertical lines). PEC cancels errors in the circuit by probabilistically applying the inverse N−1 at i each layer. We reduce the sampling"
Tran et al. - 2023 - Locality and Error Mitigation of Quantum Circuits.pdf,Tran et al.,yes,yes,strong,Pauli-channel,3,"ix A and illustrate its idea using a simple example. Consider anidealcircuitconsistingofasinglelayerU (d=1)and IV. ZNE FOR LOCAL OBSERVABLES a single Pauli noise channel N (J =1): The main idea of ZNE is to obtain expectation values N(ρ)=(1−p)ρ+pPρP†, (15) at several different error rates and, from these value"
Tran et al. - 2023 - Locality and Error Mitigation of Quantum Circuits.pdf,Tran et al.,yes,yes,strong,Pauli-channel,4,"1 Z 4 Z 10 (circles). pectation value f(g) = Tr U˜†(O)ρ , which can be rep- g resented as a polynomial function of g they should be small as long as Pauli error probabilities f(g)= (cid:88) K a gk+R (g) , (20) p i,j are sufficiently small. k K+1 To bound the bias in ZNE, we use Eq. (19) to expand k=0 (cid:16)"
Tran et al. - 2023 - Locality and Error Mitigation of Quantum Circuits.pdf,Tran et al.,yes,yes,strong,Pauli-Lindblad,1,"N on a particular device. To learn N , we make the as- i i symmetries and post-selection techniques have been in- sumption that it can be written in Pauli-Lindblad form: troducedanddemonstratedinrecentyears[5–24]. These N i =eLi, where the generator techniquesexploitonlythestructureofthenoisycircuits andareappli"
Tran et al. - 2023 - Locality and Error Mitigation of Quantum Circuits.pdf,Tran et al.,yes,yes,strong,Pauli-Lindblad,1,"rastically improved when i,j i,j i,j i,j i,j Paulistringsonnqubits. Thetaskoflearningageneral specialized to local observables. For PEC, we introduce Pauli-Lindblad channel N reduces to learning possibly an efficient estimator for the expectation valueof an ob- i O(4n) parameters λ . However, if U is a constant-"
Tran et al. - 2023 - Locality and Error Mitigation of Quantum Circuits.pdf,Tran et al.,yes,yes,strong,Pauli-Lindblad,1,"duretotheobserv- many parameters. Throughout this paper, we write the ables and, thus, can be retroactively applied to improve error channels in this Pauli-Lindblad form and assume estimates from past PEC experiments. they can be efficiently learned. Other than that, we do While PEC estimators are unbiased and sa"
Tran et al. - 2023 - Locality and Error Mitigation of Quantum Circuits.pdf,Tran et al.,yes,yes,strong,Pauli-Lindblad,6,". Minev, A. Kandala, and rormitigationwithCliffordquantum-circuitdata,Quan- K. Temme, Probabilistic error cancellation with sparse tum 5, 592 (2021). Pauli-Lindblad models on noisy quantum processors, arXiv:2201.09866."
Tran et al. - 2023 - Locality and Error Mitigation of Quantum Circuits.pdf,Tran et al.,yes,yes,weak,error-model-mention,1,"ingtheexperimentalproceduretotheobserv- many parameters. Throughout this paper, we write the ables and, thus, can be retroactively applied to improve error channels in this Pauli-Lindblad form and assume estimates from past PEC experiments. they can be efficiently learned. Other than that, we do While PEC estima"
Tran et al. - 2023 - Locality and Error Mitigation of Quantum Circuits.pdf,Tran et al.,yes,yes,weak,error-model-mention,2,"the circuit by probabilistically applying the inverse N−1 at i each layer. We reduce the sampling overhead of PEC by removing the contributions from error channels that lie outside the light cone (dashed vertical lines) in the construction of the local estimator [Eq. (12)]. and p i,j =(1−e−2λi,j)/2∈[0,1/2) is t"
Tran et al. - 2023 - Locality and Error Mitigation of Quantum Circuits.pdf,Tran et al.,yes,yes,weak,error-model-mention,8,"then choose each p uniformly i i,j i,j random between 0 and 8×10−4 so that the average error rate per CNOT gate is 4×10−3 (there are, on average, 10 error channels per CNOT gate)."
Urbanek et al. - 2021 - Mitigating Depolarizing Noise on Quantum Computers with Noise-Estimation Circuits.pdf,Urbanek et al.,yes,yes,strong,depolarizing,1,"Mitigating depolarizing noise on quantum computers with noise-estimation circuits Miroslav Urbanek,1,∗ Benjamin Nachman,2 Vincent R. Pascuzzi,2 Andre He,2,† Christian W. Bauer,2 a"
Urbanek et al. - 2021 - Mitigating Depolarizing Noise on Quantum Computers with Noise-Estimation Circuits.pdf,Urbanek et al.,yes,yes,strong,depolarizing,1,"l Laboratory, Berkeley, CA 94720, USA A significant problem for current quantum computers is noise. While there are many distinct noise channels, the depolarizing noise model often appropriately describes average noise for large circuits involving many qubits and gates. We present a method to mitigate the depolarizin"
Urbanek et al. - 2021 - Mitigating Depolarizing Noise on Quantum Computers with Noise-Estimation Circuits.pdf,Urbanek et al.,yes,yes,strong,depolarizing,1,izing noise model often appropriately describes average noise for large circuits involving many qubits and gates. We present a method to mitigate the depolarizing noise by first estimating its rate with a noise-estimation circuit and then correcting the output of the target circuit using the estimated rate. The metho
Urbanek et al. - 2021 - Mitigating Depolarizing Noise on Quantum Computers with Noise-Estimation Circuits.pdf,Urbanek et al.,yes,yes,strong,depolarizing,1,"nd errors that we call an estimation circuit. We execute the esti- limitstheirutility. Evenquantumalgorithmsdesignedfor mation circuit to measure the depolarizing noise rate and NISQ devices, for example the variational quantum eigen- then use the measured rate to correct the output of the solver [2], are hampered by"
Urbanek et al. - 2021 - Mitigating Depolarizing Noise on Quantum Computers with Noise-Estimation Circuits.pdf,Urbanek et al.,yes,yes,strong,depolarizing,2,"nvalueishOi=c+hO0i. If I X I X Y X Y I X X X I Z X Z X we assume that the system decoherence is well described I Y Z Y Y Y X Z X Y Y Z Z Y I Y by the depolarizing noise model and if we know p, we can I Z Z Z Y Z X Y X Z Y Y Z Z I Z correct a noisy expectation value by calculating hOi−c hOi= +c, (4) 1−p this property."
Urbanek et al. - 2021 - Mitigating Depolarizing Noise on Quantum Computers with Noise-Estimation Circuits.pdf,Urbanek et al.,yes,yes,strong,depolarizing,2,"trapolation. Readout-error correction is per- To correct the expectation value of any observable formed using the unfolding [8, 38] method. under the depolarizing noise model, we have to estimate Coherenterrorsaredominantgateerrors. Theyarenot the value of p. We do it by executing a circuit that is coveredwellbythede"
Urbanek et al. - 2021 - Mitigating Depolarizing Noise on Quantum Computers with Noise-Estimation Circuits.pdf,Urbanek et al.,yes,yes,strong,depolarizing,3,", or five consecutive CNOT gates, value with estimation circuits. Ideally, hσ6i = 1, so z and perform quadratic extrapolation to the limit corre- the depolarizing noise rate is given by 1 − p = hσ6i. z sponding to zero CNOT gates. The mitigation was performed using Eq. (4). We then applied zero-noise extrapolation. D"
Urbanek et al. - 2021 - Mitigating Depolarizing Noise on Quantum Computers with Noise-Estimation Circuits.pdf,Urbanek et al.,yes,yes,strong,depolarizing,4,"et circuits. We performed mitigation ensures that gate errors can be modeled as incoherent using the outputs of the estimation and target circuits to depolarizing noise. We demonstrated that the method obtain mitigated local magnetization shown in Fig. 6. [1] J. Preskill, Quantum 2, 79 (2018). [2] A. Peruzzo, J. McCl"
Urbanek et al. - 2021 - Mitigating Depolarizing Noise on Quantum Computers with Noise-Estimation Circuits.pdf,Urbanek et al.,yes,yes,weak,noise-model-mention,1,"Berkeley, CA 94720, USA A significant problem for current quantum computers is noise. While there are many distinct noise channels, the depolarizing noise model often appropriately describes average noise for large circuits involving many qubits and gates. We present a method to mitigate the depolarizing nois"
Urbanek et al. - 2021 - Mitigating Depolarizing Noise on Quantum Computers with Noise-Estimation Circuits.pdf,Urbanek et al.,yes,yes,weak,noise-model-mention,1,erent and incoherent errors. Coher- A simple model of incoherent noise is the depolarizing ent errors preserve state purity. They are typically small noise model given by [36] miscalibrations in control parameters. Coherent errors I usually produce similar errors in consecutive executions (cid:15)(ρ)=(1−p)ρ+p
Urbanek et al. - 2021 - Mitigating Depolarizing Noise on Quantum Computers with Noise-Estimation Circuits.pdf,Urbanek et al.,yes,yes,weak,noise-model-mention,2,"+hO0i. If I X I X Y X Y I X X X I Z X Z X we assume that the system decoherence is well described I Y Z Y Y Y X Z X Y Y Z Z Y I Y by the depolarizing noise model and if we know p, we can I Z Z Z Y Z X Y X Z Y Y Z Z I Z correct a noisy expectation value by calculating hOi−c hOi= +c, (4) 1−p this property. Our m"
Urbanek et al. - 2021 - Mitigating Depolarizing Noise on Quantum Computers with Noise-Estimation Circuits.pdf,Urbanek et al.,yes,yes,weak,noise-model-mention,2,"Readout-error correction is per- To correct the expectation value of any observable formed using the unfolding [8, 38] method. under the depolarizing noise model, we have to estimate Coherenterrorsaredominantgateerrors. Theyarenot the value of p. We do it by executing a circuit that is coveredwellbythedepolari"
Urbanek et al. - 2021 - Mitigating Depolarizing Noise on Quantum Computers with Noise-Estimation Circuits.pdf,Urbanek et al.,yes,yes,weak,noise-model-mention,3,atewerecreated. Wethenconstructedandexecuted448 quantumcomputersthataredescribedbythedepolarizing randomizedinstancesofeachcircuit. Readouterrorswere noise model. The method prescribes a construction of an
Urbanek et al. - 2021 - Mitigating Depolarizing Noise on Quantum Computers with Noise-Estimation Circuits.pdf,Urbanek et al.,yes,yes,weak,noise-parameter,1,"t we call an estimation circuit. We execute the esti- limitstheirutility. Evenquantumalgorithmsdesignedfor mation circuit to measure the depolarizing noise rate and NISQ devices, for example the variational quantum eigen- then use the measured rate to correct the output of the solver [2], are hampered by impe"
Urbanek et al. - 2021 - Mitigating Depolarizing Noise on Quantum Computers with Noise-Estimation Circuits.pdf,Urbanek et al.,yes,yes,weak,noise-parameter,3,"secutive CNOT gates, value with estimation circuits. Ideally, hσ6i = 1, so z and perform quadratic extrapolation to the limit corre- the depolarizing noise rate is given by 1 − p = hσ6i. z sponding to zero CNOT gates. The mitigation was performed using Eq. (4). We then applied zero-noise extrapolation. Data p"
Urbanek et al. - 2021 - Mitigating Depolarizing Noise on Quantum Computers with Noise-Estimation Circuits.pdf,Urbanek et al.,yes,yes,weak,noise-parameter,3,"icially increased noise can be approximated by n−1 H =−J X(cid:0) σjσj+1+σjσj+1(cid:1) , (5) hOi =(1−p )hOi≈e−anhOi, (7) x x y y n n i=1 where p is a noise rate, hOi is the exact expectation n where J > 0 is a coupling constant, and σi and σi are value, a is a constant that depends on the circuit, and x y Pau"
Urbanek et al. - 2021 - Mitigating Depolarizing Noise on Quantum Computers with Noise-Estimation Circuits.pdf,Urbanek et al.,yes,yes,weak,noise-parameter,4,OT gate on a noiseless quantum computer. Both the estimation and the target circuits were modified. Figure 4 shows estimation circuit to estimate the noise rate that is then the effect of extra CNOT gates on the output of the used to correct the output of a given circuit. A crucial estimation circuits. Figure
Urbanek et al. - 2021 - Mitigating Depolarizing Noise on Quantum Computers with Noise-Estimation Circuits.pdf,Urbanek et al.,yes,yes,weak,gate-error,2,nsider single-qubit gates being and CNOT gates only and that CNOT gates are the the easy gates and CNOT gates being the hard gates. leading source of gate errors. Our approach to construct We perform randomized compiling by inserting a layer of an estimation circuit is to remove all single-qubit gates randomi
Urbanek et al. - 2021 - Mitigating Depolarizing Noise on Quantum Computers with Noise-Estimation Circuits.pdf,Urbanek et al.,yes,yes,weak,gate-error,2,"tes to keep it similar to the tion [13, 16], the authors varied gate duration assuming target circuit. We add a layer of random rotations as the that gate errors increase with longer gates. They ran ex- first circuit layer and its inverse as the last circuit layer periments for several values of duration and"
Urbanek et al. - 2021 - Mitigating Depolarizing Noise on Quantum Computers with Noise-Estimation Circuits.pdf,Urbanek et al.,yes,yes,weak,gate-error,4,5 shows this effect on the part of this approach is the randomized compiling that output of the target circuits. We performed mitigation ensures that gate errors can be modeled as incoherent using the outputs of the estimation and target circuits to depolarizing noise. We demonstrated that the method obtain m
Venere et al. - 2024 - Characterizing the Effects of Zero-Noise Extrapolation on a QAOA Workflow.pdf,Venere et al.,partial,partial,weak,gate-error,2,"timiza- tion in the nisq era: A systematic mapping study. ACM Computing Surveys, 56(3):1–36, 2023. [5] AndreHeetal. Zero-noiseextrapolationforquantum-gate error mitigation with identity insertions. Physical Review A, 102(1):012426, 2020. [6] Ryan LaRose et al. Mitiq: A software package for error mitigationonn"
Wahl et al. - 2023 - Zero Noise Extrapolation on Logical Qubits by Scaling the Error Correction Code Distance.pdf,Wahl et al.,partial,yes,strong,Pauli-channel,2,"ure. The process of measuring the ancilla is compared against unitary folding ZNE under the constraint maps the errors of the data qubits to discrete Pauli errors, of a fixed number of executions of the quantum device, DS- which are often expressed in terms of X (bit-flip) and Z ZNE outperforms unitary folding"
Wahl et al. - 2023 - Zero Noise Extrapolation on Logical Qubits by Scaling the Error Correction Code Distance.pdf,Wahl et al.,partial,yes,strong,Pauli-channel,5,"cal qubits, instead of simulating the physical qubits directly. In a logical circuit with error correction, the errors remaining after correction are Pauli errors. We model these errors via single-qubit Pauli operations inserted with probability P after every correction L cycle, where we assume each cycle corr"
Wahl et al. - 2023 - Zero Noise Extrapolation on Logical Qubits by Scaling the Error Correction Code Distance.pdf,Wahl et al.,partial,yes,strong,Pauli-Lindblad,8,"v. d. Berg, Z. K. Minev, A. Kandala, and K. Temme, 2 respectively,andDS-ZNEreducesϵbyupto99.98%,99.96%, “Probabilistic error cancellation with sparse Pauli-Lindblad models on noisy quantum processors,” arXiv preprint arXiv:2201.09866, and 99.85% at m = 100, m = 1000 and m = 10,000 2022. [Online]. Available: https"
Wahl et al. - 2023 - Zero Noise Extrapolation on Logical Qubits by Scaling the Error Correction Code Distance.pdf,Wahl et al.,partial,yes,weak,noise-model-mention,2,"d qubit overheads to the case of ZNE. In selecting this QEM technique for our hybridized approach, we note that ZNE does not require knowledge of the noise model beyond estimation of the physical error rate, nor does it incur the sampling overhead associated with PEC. We abstract the level at which ZNE is appl"
Wahl et al. - 2023 - Zero Noise Extrapolation on Logical Qubits by Scaling the Error Correction Code Distance.pdf,Wahl et al.,partial,yes,weak,noise-parameter,2,"monstrate a new noise scaling technique for ZNE on logical qubits, which we refertoasdistancescaledZNE(DS-ZNE)inwhichthecircuit is executed at higher noise levels by scaling down the code distance. While our experiments and evaluation focus on the Fig. 1: Illustration of noise scaling by code distance as pro-"
Wahl et al. - 2023 - Zero Noise Extrapolation on Logical Qubits by Scaling the Error Correction Code Distance.pdf,Wahl et al.,partial,yes,weak,noise-parameter,3,"t is parameterized by the Since the logical error rate depends on the code distance, the error correction code distance, d. For a code distance of d, noise level of the computation can also be scaled by scaling error chains up to a length of (d−1)/2 can be detected and thecodedistance.Thisrelationshipbetweenco"
Wahl et al. - 2023 - Zero Noise Extrapolation on Logical Qubits by Scaling the Error Correction Code Distance.pdf,Wahl et al.,partial,yes,weak,noise-parameter,3,"gray and do not affect the final result, but in the presence of noise they blue circles represent the ancilla qubits used to measure the increase the noise level in thecalculation. Unitary folding can stabilizers. Gray squares measure the Z stabilizers and blue be performed on individual gates, layers of gates"
Wahl et al. - 2023 - Zero Noise Extrapolation on Logical Qubits by Scaling the Error Correction Code Distance.pdf,Wahl et al.,partial,yes,weak,noise-parameter,4,"ope of this work—here we primarily focus on the simple and very effective distance- scaled DS-ZNE approach. The DS-ZNE method consists of scaling the noise level of the computation by executing the quantum circuit on the log- ical qubits at successively lower code distances. Specifically, we parameterize the c"
Wahl et al. - 2023 - Zero Noise Extrapolation on Logical Qubits by Scaling the Error Correction Code Distance.pdf,Wahl et al.,partial,yes,weak,noise-parameter,7,it layers or groups of layers. We anticipate that using different code distances at different places in the circuit would result in an overall DS-ZNE noise level that is in between those of the uniformly applied Folding higher code distance and the uniformly applied lower code Unmitigated distance. In that cas
Wahl et al. - 2023 - Zero Noise Extrapolation on Logical Qubits by Scaling the Error Correction Code Distance.pdf,Wahl et al.,partial,yes,weak,gate-error,5,"edthetechniqueonalimited randomized benchmarking is characterizing quantum devices setofdeepercircuits,inwhichweusedStim[12]toperforma and estimating gate errors, it is well-suited to our purpose of set of stabilizer simulations on 10 circuits with Clifford depth demonstrating the DS-ZNE framework. Randomized"
Wahl et al. - 2023 - Zero Noise Extrapolation on Logical Qubits by Scaling the Error Correction Code Distance.pdf,Wahl et al.,partial,yes,weak,gate-error,9,"21. [Online]. and R. J. Schoelkopf, “Randomized benchmarking and process Available:https://link.aps.org/doi/10.1103/PhysRevX.11.031057 tomography for gate errors in a solid-state qubit,” Phys. Rev. [22] R.LaRose,A.Mari,S.Kaiser,P.J.Karalekas,A.A.Alves,P.Czarnik, Lett., vol. 102, p. 090502, Mar 2009. [Online]."
Wang et al. - 2021 - Noise-induced barren plateaus in variational quantum algorithms.pdf,Wang et al.,yes,yes,strong,depolarizing,2,"meters, and W denote unparametrized gates. We expand meterq<1.Weconsiderageneralclassoflocalnoisemodelsthat lm H and O in the Pauli basis as includes depolarizing noise and certain kinds of Pauli noise. lm Furthermore,weinvestigateageneral,abstractansatzthatallows H lm ¼η lm (cid:3)σ n ¼∑ηi lm σi n ; O¼ω(cid:3)σ n ¼∑"
Wang et al. - 2021 - Noise-induced barren plateaus in variational quantum algorithms.pdf,Wang et al.,yes,yes,strong,Pauli-channel,2,"s. We expand meterq<1.Weconsiderageneralclassoflocalnoisemodelsthat lm H and O in the Pauli basis as includes depolarizing noise and certain kinds of Pauli noise. lm Furthermore,weinvestigateageneral,abstractansatzthatallows H lm ¼η lm (cid:3)σ n ¼∑ηi lm σi n ; O¼ω(cid:3)σ n ¼∑ωiσi n ; ð4Þ ustoencompassmanyoft"
Wang et al. - 2021 - Noise-induced barren plateaus in variational quantum algorithms.pdf,Wang et al.,yes,yes,strong,Pauli-channel,3,fiffieffiffinoisestrength valueofanoperatorOasinEq.(2).Weconsideranoisemodelwherelocal withasingleparameterq¼ maxfjq X j;jq Y j;jq Z jg.LetU l denote PaulinoisechannelsN j actoneachqubitjbeforeandaftereachunitary. the channel that implements the unitary U l (θ l ) and let N ¼ N (cid:5)(cid:3)(cid:3)(cid:3)(ci
Wang et al. - 2021 - Noise-induced barren plateaus in variational quantum algorithms.pdf,Wang et al.,yes,yes,strong,local-noise,7,"impactofnoiseontheirscaling.Ourworkrepresentsa over 100 random parameter sets. We also plot averaged cost breakthrough in understanding the effect of local noise on VQA differences from the corresponding maximally mixed values, as scalability.Werigorouslyprovetwoimportantandcloselyrelated wellasthevarianceofbo"
Wang et al. - 2021 - Noise-induced barren plateaus in variational quantum algorithms.pdf,Wang et al.,yes,yes,weak,noise-model-mention,1,"tingOperatorAnsatzandtheUnitaryCoupledClusterAnsatz,amongothers.Forthe former,ournumericalheuristicsdemonstratetheNIBPphenomenonforarealistichardware noise model. 1TheoreticalDivision,LosAlamosNationalLaboratory,LosAlamos,NM87545,USA.2ImperialCollegeLondon,London,UK.3UniversityofStrathclyde, Glasgow,UK.4Nation"
Wang et al. - 2021 - Noise-induced barren plateaus in variational quantum algorithms.pdf,Wang et al.,yes,yes,weak,noise-model-mention,4,"tems one can have cross-talk errors or lm boundedeigenvalues,wenowstatethatF(n)decaysexponentially coherent errors. We address such extensions to our noise model in n, if L grows linearly in n. in the following remark. Corollary 1. (Noise-induced barren plateaus). Let N ;N 2 Remark 2. (Extensions to the noise"
Wang et al. - 2021 - Noise-induced barren plateaus in variational quantum algorithms.pdf,Wang et al.,yes,yes,weak,noise-model-mention,4,"model in n, if L grows linearly in n. in the following remark. Corollary 1. (Noise-induced barren plateaus). Let N ;N 2 Remark 2. (Extensions to the noise model). Consider a mod- lm O OðpolyðnÞÞandletηi ;ωj 2OðpolyðnÞÞforalli,j.Thentheupper ificationtoeachlayerofnoiseN inEq.(8)toincludeadditional lm bound F(n"
Wang et al. - 2021 - Noise-induced barren plateaus in variational quantum algorithms.pdf,Wang et al.,yes,yes,weak,noise-model-mention,4,") in Eq. (12) vanishes exponentially in n as k-localPaulinoiseandcorrelatedcoherent(unitary)noiseacross multiple qubits. Under such extensions to the noise model, we FðnÞ2Oð2(cid:2)αnÞ ; ð13Þ obtainthesamescalingresultsasthoseobtainedinLemma1and 4 NATURECOMMUNICATIONS| (2021) 12:6961 |https://doi.org/10.1038/s"
Wang et al. - 2021 - Noise-induced barren plateaus in variational quantum algorithms.pdf,Wang et al.,yes,yes,weak,noise-model-mention,5,"m 1, overhead could still result in an NIBP. respectively. Finally, we note that above we have assumed the contribution Proposition 1 goes beyond the noise model considered in ofk dominatesthatofk .However,itispossiblethatforchoice P M Theorem 1. It shows that in the presence of measurement noise ofmoreexoticm"
Wang et al. - 2021 - Noise-induced barren plateaus in variational quantum algorithms.pdf,Wang et al.,yes,yes,weak,noise-model-mention,6,"n superconducting qubit device. In the Methods we provide addi- polynomialtime:respectivelytheperformanceguaranteeoftheGoemans- tional details on the noise model and the optimization method Williamsonalgorithm77andtheboundaryofknownNP-hardness78,79.b em L p e l t o u ye s d fi . rstrecallthataMaxCutproblemissp"
Wang et al. - 2021 - Noise-induced barren plateaus in variational quantum algorithms.pdf,Wang et al.,yes,yes,weak,noise-model-mention,7,f NIBPs. evidenceofNoiseInducedBarrenPlateausonrealquantumhardware.b Our numerical results show that training the QAOA in the presence of a realistic noise model significantly affects the Thedeviationfromexponentialscalingcanbeunderstoodbyobservingthat itcoincideswiththepointthatthevarianceofthenoisypartialder
Wang et al. - 2021 - Noise-induced barren plateaus in variational quantum algorithms.pdf,Wang et al.,yes,yes,weak,noise-parameter,4,". We note that Eq. (14) is satisfied for all q<1. can view this as a phenomenon that naturally accompanies our That is, NIBPs occur regardless of the noise strength, it only maintheorem.Namely,inthefollowinglemma,weshowthatthe changes the severity of the exponential scaling. noisycostfunctionconcentratesaroundthe"
Wang et al. - 2021 - Noise-induced barren plateaus in variational quantum algorithms.pdf,Wang et al.,yes,yes,weak,noise-parameter,4,i a a t n lo H c l a m l i P n au th li e n u o n is it e ar o y f j∂ st C e j⩽ 8ln2 gN O kH lm k 1 kωk 1 n1=2qLþ1; ð16Þ l l the form in Eq. (7) with noise parameter q acts before and after at all points in the cost landscape. each layer as in Fig. 2. Then the following bound holds for the Remark 1 is especially i
Weaving et al. - 2023 - Benchmarking noisy intermediate scale quantum error mitigation strategies for ground state preparati.pdf,Weaving et al.,yes,partial,weak,noise-model-mention,1,"ii)non-Z symmetryverification(SV)—IVC, [1,2] or for learning-based approaches that aim to charac- 2 (iii)zero-noiseextrapolation(ZNE)—IVD, terize the noise model [3–5]. Others average over the effect (iv)dual-statepurification(DSP)—IVE, of noise by recompiling circuits at random [6–8] or make (v)tomographypuri"
Weaving et al. - 2023 - Benchmarking noisy intermediate scale quantum error mitigation strategies for ground state preparati.pdf,Weaving et al.,yes,partial,weak,gate-error,16,". Wiebe, [12] A.He,B.Nachman,W.A.deJong,andC.W.Bauer,Zero-noise J. R. McClean, S. Morley-Short, P. J. Shadbolt, D. Bonneau, extrapolation for quantum-gate error mitigation with identity J.W.Silverstone,D.P.Tew,X.Zhou,J.L.O’Brien,andM.G. insertions,Phys.Rev.A102,012426(2020). Thompson, Witnessing eigenstates f"
Weidinger et al. - 2023 - Error Mitigation for Quantum Approximate Optimization.pdf,Weidinger et al.,yes,yes,strong,depolarizing,5,"zes N scale with M is shown in S Fig. 2 (b). B. Noisy simulation In this section we investigate the performance with noisy gates, i.e. we introduce a depolarizing error on allcircuitgates. The1-qubitgateerrorratewillbefixed to 0.001, while the 2-qubit error will range from 0.001 to 0.1. Withnoiseappliedtothe2-qubitga"
Weidinger et al. - 2023 - Error Mitigation for Quantum Approximate Optimization.pdf,Weidinger et al.,yes,yes,weak,noisy-device-mention,5,"an advantage it is necessary to increaseM morethanlinearlywithN forparityQAOA. How P for different sizes N scale with M is shown in S Fig. 2 (b). B. Noisy simulation In this section we investigate the performance with noisy gates, i.e. we introduce a depolarizing error on allcircuitgates. The1-qubitgateerrorratewi"
Weidinger et al. - 2023 - Error Mitigation for Quantum Approximate Optimization.pdf,Weidinger et al.,yes,yes,weak,noisy-device-mention,8,"f possible edges, excluding cycles. This procedure is lem instances for the noiseless and 20 instances for the repeated until all nodes are included. noisy simulations, whereas the best run (lowest energy C(β∗,γ∗) or C˜(β∗,γ∗,Ω∗)) out of the 100 random ini- tialization is taken for latter statistics. For the sim- u"
Weidinger et al. - 2023 - Error Mitigation for Quantum Approximate Optimization.pdf,Weidinger et al.,yes,yes,weak,gate-error,6,"A FIG.4. SuccessprobabilityP fordifferent2-qubitgateerror S II Programme that has received funding from the Euro- rates for p = 2, N = 6. The 1-qubit gate error rate is fixed pean Union’s Horizon 2020 research and innovation pro- to 0.001. Parity QAOA is decoded by M =N =6 spanning gramme under Grant Agreemen"
Weidinger et al. - 2023 - Error Mitigation for Quantum Approximate Optimization.pdf,Weidinger et al.,yes,yes,weak,gate-error,9,"ional state by modifying the definitions of P S parity+ rerouting (r=1) FIG. 9. Noise on parity QAOA+ and QAOA with rerouting, N =5, p=1. The 1-qubit gate error rate is fixed to 0.001. U (β)andU (γ). InRef.[50]theauthorsproposeanovel x p approach for parity QAOA, which is based on QAOA+. Here, one starts with"
Weidinger et al. - 2023 - Error Mitigation for Quantum Approximate Optimization.pdf,Weidinger et al.,yes,yes,weak,gate-error,9,"r the success probabilityP forN =5andp=1areshown. Thesolid S bars on the right represent the results with no noise. As soon as a depolarizing 2-qubit gate error is applied, the simulation results between the different approaches dif- fer. Here, parity+ needs more CNOT gates than the rerouting layout. Neverthe"
White - 2025 - MANAGING ERRORS IN QUANTUM METROLOGY VIA QUANTUM ERROR MITIGATION.pdf,White,yes,yes,strong,depolarizing,47,"och sphere to shrink into an ellipsoid while leaving the states on the σ axis of the Bloch vector invariant. z A second useful quantum channel is the depolarizing channel. The depolarizing channel can be represented by the Kraus operators √ √︃p √︃p √︃p K = 1−pI, K = σ , K = σ , K = σ . (2.13) 0 1 x 2 y 3 z 3 3 3 The de"
White - 2025 - MANAGING ERRORS IN QUANTUM METROLOGY VIA QUANTUM ERROR MITIGATION.pdf,White,yes,yes,strong,depolarizing,47,"an ellipsoid while leaving the states on the σ axis of the Bloch vector invariant. z A second useful quantum channel is the depolarizing channel. The depolarizing channel can be represented by the Kraus operators √ √︃p √︃p √︃p K = 1−pI, K = σ , K = σ , K = σ . (2.13) 0 1 x 2 y 3 z 3 3 3 The depolarizing channel represe"
White - 2025 - MANAGING ERRORS IN QUANTUM METROLOGY VIA QUANTUM ERROR MITIGATION.pdf,White,yes,yes,strong,depolarizing,47,"el. The depolarizing channel can be represented by the Kraus operators √ √︃p √︃p √︃p K = 1−pI, K = σ , K = σ , K = σ . (2.13) 0 1 x 2 y 3 z 3 3 3 The depolarizing channel represents the uniform loss of information along all axes of the Bloch sphere simultaneously. Equivalently, in the Bloch vector representation, the d"
White - 2025 - MANAGING ERRORS IN QUANTUM METROLOGY VIA QUANTUM ERROR MITIGATION.pdf,White,yes,yes,strong,depolarizing,47,"l represents the uniform loss of information along all axes of the Bloch sphere simultaneously. Equivalently, in the Bloch vector representation, the depolarizing channel can be seen as an operation that shrinks the Bloch sphere uniformly towards its origin, the maximally-mixed state ρ = I/2. Finally, we provide the ex"
White - 2025 - MANAGING ERRORS IN QUANTUM METROLOGY VIA QUANTUM ERROR MITIGATION.pdf,White,yes,yes,strong,amplitude-damping,8,. . . . 54 3.3.1.1 Noise-agnostic method . . . . . . . . . . . . . . . . . 54 3.3.1.2 Noise-informed method . . . . . . . . . . . . . . . . 60 3.3.2 Amplitude Damping Channel . . . . . . . . . . . . . . . . . . 61 3.3.2.1 Noise-agnostic method . . . . . . . . . . . . . . . . . 62 3.3.2.2 Noise-informed method . . .
White - 2025 - MANAGING ERRORS IN QUANTUM METROLOGY VIA QUANTUM ERROR MITIGATION.pdf,White,yes,yes,strong,amplitude-damping,8,glement-Based Sensing . . . . . . . . . . . . . . . . . . . . . . 67 3.4.1 Phase Damping . . . . . . . . . . . . . . . . . . . . . . . . . . 67 3.4.2 Amplitude Damping . . . . . . . . . . . . . . . . . . . . . . . 69 3.5 Conclusions . . . . . . . . . . . . . . . . . . . . . . . . . . . . . . . . 70 Chapter 4 Mitigat
White - 2025 - MANAGING ERRORS IN QUANTUM METROLOGY VIA QUANTUM ERROR MITIGATION.pdf,White,yes,yes,strong,amplitude-damping,9,. . . . . . . . . . . . . . . 113 A.2 Zero Noise Extrapolation with Global Folding . . . . . . . . . . . . . 113 A.3 Analytical Results for Phase and Amplitude Damping . . . . . . . . . 116 A.3.1 Local folding . . . . . . . . . . . . . . . . . . . . . . . . . . . 116 A.3.1.1 Phase damping . . . . . . . . . . . . . .
White - 2025 - MANAGING ERRORS IN QUANTUM METROLOGY VIA QUANTUM ERROR MITIGATION.pdf,White,yes,yes,strong,amplitude-damping,9,1 Local folding . . . . . . . . . . . . . . . . . . . . . . . . . . . 116 A.3.1.1 Phase damping . . . . . . . . . . . . . . . . . . . . . 117 A.3.1.2 Amplitude damping . . . . . . . . . . . . . . . . . . 119 A.3.2 Global folding . . . . . . . . . . . . . . . . . . . . . . . . . . . 121 A.3.2.1 Phase damping . . . .
White - 2025 - MANAGING ERRORS IN QUANTUM METROLOGY VIA QUANTUM ERROR MITIGATION.pdf,White,yes,yes,strong,amplitude-damping,9,Global folding . . . . . . . . . . . . . . . . . . . . . . . . . . . 121 A.3.2.1 Phase damping . . . . . . . . . . . . . . . . . . . . . 123 A.3.2.2 Amplitude damping . . . . . . . . . . . . . . . . . . 125 Chapter B Non-Markovian Noise . . . . . . . . . . . . . . . . . . . . . . 127 B.1 Filter Function Formalism .
White - 2025 - MANAGING ERRORS IN QUANTUM METROLOGY VIA QUANTUM ERROR MITIGATION.pdf,White,yes,yes,strong,amplitude-damping,12,"elds. . . . . . . . . . . . . . . . . . . . . . . 61 Figure 3-7ZNE success probability as a function of (a) sensing time and (b) noise strength under amplitude damping noise, for unit B = 1. Each individual B estimate uses n = 104 shots, and three levels s of folding (m = 0,1,2) are used for the linear extrapolation"
White - 2025 - MANAGING ERRORS IN QUANTUM METROLOGY VIA QUANTUM ERROR MITIGATION.pdf,White,yes,yes,strong,amplitude-damping,13,". . . . . . . . . . . . . . . . 64 Figure 3-9Relative error in the estimated B for the ordinary Ramsey and ZNE protocols for noise-agnostic fits with amplitude damping noise. For both cases, the individual estimates at different noise scaling factors are obtained using n = 104 shots each. s The largest number of fol"
White - 2025 - MANAGING ERRORS IN QUANTUM METROLOGY VIA QUANTUM ERROR MITIGATION.pdf,White,yes,yes,strong,amplitude-damping,13,"rameters are γ = 0.01, t = 1, n = 5000. . . . . . . . 65 t Figure3-10Relative error in the estimated B for the ordinary Ramsey and ZNE protocols with amplitude damping noise. In this case, the extrapolation is performed as a two-parameter fit, using the exact expression for p . For both cases, the individual 1 estim"
White - 2025 - MANAGING ERRORS IN QUANTUM METROLOGY VIA QUANTUM ERROR MITIGATION.pdf,White,yes,yes,strong,amplitude-damping,14,"field strengths. . . . . . . . . . . . . . . . . . . . . . . . . . . . 68 Figure3-12Relative error comparison between GHZ Ramsey and ZNE sub- ject to amplitude damping. Numerical comparisons are per- formed using an error rate γ = 0.005 and 104 shots, with ZNE extrapolations utilizing up to M = 3 local foldings. Res"
White - 2025 - MANAGING ERRORS IN QUANTUM METROLOGY VIA QUANTUM ERROR MITIGATION.pdf,White,yes,yes,strong,amplitude-damping,18,"amsey and ZNE protocols, with and without phase damping noise during the sensing time, when the sensor gate noise is due to (a) phase damping and (b) amplitude damping. We equalize the total number of shots allowed for the two protocols. For the ZNE case, the individual estimates at different noise scaling factors a"
White - 2025 - MANAGING ERRORS IN QUANTUM METROLOGY VIA QUANTUM ERROR MITIGATION.pdf,White,yes,yes,strong,amplitude-damping,19,"probability p vs. number of foldings m for global 1 folding. (a) depicts the results for the phase damping channel, while (b) depicts results for the amplitude damping channel. The dots depict results of the numerical simulation, while the solid line shows the analytical results. In the case of phase damping, a firs"
White - 2025 - MANAGING ERRORS IN QUANTUM METROLOGY VIA QUANTUM ERROR MITIGATION.pdf,White,yes,yes,strong,amplitude-damping,47,"as an operation that shrinks the Bloch sphere uniformly towards its origin, the maximally-mixed state ρ = I/2. Finally, we provide the example of the amplitude damping channel. The amplitude damping channel physically models the process of spontaneous emission: a loss of energy by the system corresponding to a spont"
White - 2025 - MANAGING ERRORS IN QUANTUM METROLOGY VIA QUANTUM ERROR MITIGATION.pdf,White,yes,yes,strong,amplitude-damping,47,"e Bloch sphere uniformly towards its origin, the maximally-mixed state ρ = I/2. Finally, we provide the example of the amplitude damping channel. The amplitude damping channel physically models the process of spontaneous emission: a loss of energy by the system corresponding to a spontaneous drop from the excited st"
White - 2025 - MANAGING ERRORS IN QUANTUM METROLOGY VIA QUANTUM ERROR MITIGATION.pdf,White,yes,yes,strong,amplitude-damping,47,"of spontaneous emission: a loss of energy by the system corresponding to a spontaneous drop from the excited state into the ground state. Because the amplitude damping channel involves energy loss, it takes a slightly different form from the two previous channels. Mathematically, 28"
White - 2025 - MANAGING ERRORS IN QUANTUM METROLOGY VIA QUANTUM ERROR MITIGATION.pdf,White,yes,yes,strong,amplitude-damping,48,"the amplitude damping channel leaves the |0⟩ state invariant, while mapping |1⟩ → |0⟩ with probability γ. It is easy to see that one Kraus operator is therefore √ K = γ|0⟩"
White - 2025 - MANAGING ERRORS IN QUANTUM METROLOGY VIA QUANTUM ERROR MITIGATION.pdf,White,yes,yes,strong,amplitude-damping,48,"efore √ K = γ|0⟩⟨1| (2.14) 1 and with some work it can be shown that the other is (︄ )︄ 1 0 K = √ . (2.15) 0 0 1−γ The only invariant state under the amplitude damping channel is |0⟩, and therefore geometrically the channel can be envisioned as shrinking and deforming the Bloch sphere simultaneously, pushing it towa"
White - 2025 - MANAGING ERRORS IN QUANTUM METROLOGY VIA QUANTUM ERROR MITIGATION.pdf,White,yes,yes,strong,amplitude-damping,70,"ms. We find that including weak noise during the sensing period does not qualitatively change our results. Noise is modeled by the standard phase and amplitude damping channels discussed in Chapter 3. Here, we will denote the phase damping error channel via EP and the amplitude damping channel via EA. We further den"
White - 2025 - MANAGING ERRORS IN QUANTUM METROLOGY VIA QUANTUM ERROR MITIGATION.pdf,White,yes,yes,strong,amplitude-damping,70,"eled by the standard phase and amplitude damping channels discussed in Chapter 3. Here, we will denote the phase damping error channel via EP and the amplitude damping channel via EA. We further denote the phase damping channel Kraus operators via EP(λ) and the amplitude damping channel operators via EA(γ), α α wher"
White - 2025 - MANAGING ERRORS IN QUANTUM METROLOGY VIA QUANTUM ERROR MITIGATION.pdf,White,yes,yes,strong,amplitude-damping,70,"damping error channel via EP and the amplitude damping channel via EA. We further denote the phase damping channel Kraus operators via EP(λ) and the amplitude damping channel operators via EA(γ), α α where λ denotes the phase damping rate, and γ denotes the amplitude damping rate. Noise channels are applied locally"
White - 2025 - MANAGING ERRORS IN QUANTUM METROLOGY VIA QUANTUM ERROR MITIGATION.pdf,White,yes,yes,strong,amplitude-damping,70,"hannel Kraus operators via EP(λ) and the amplitude damping channel operators via EA(γ), α α where λ denotes the phase damping rate, and γ denotes the amplitude damping rate. Noise channels are applied locally to each qubit. Thus, in the multi-qubit case, the 51"
White - 2025 - MANAGING ERRORS IN QUANTUM METROLOGY VIA QUANTUM ERROR MITIGATION.pdf,White,yes,yes,strong,amplitude-damping,73,we elaborate on the fitting functions for both Ramsey and ZNE subject to dephasing and amplitude damping. 3.3 Single-qubit Sensing We now present analytical and numerical results for the performance of the ordinary Ramsey and ZNE-based protocols under Ma
White - 2025 - MANAGING ERRORS IN QUANTUM METROLOGY VIA QUANTUM ERROR MITIGATION.pdf,White,yes,yes,strong,amplitude-damping,73,"We now present analytical and numerical results for the performance of the ordinary Ramsey and ZNE-based protocols under Markovian phase damping and amplitude damping channels. We study the noise-agnostic and noise-informed methods described above, identifying the optimal regimes in which ZNE outperforms the simple"
White - 2025 - MANAGING ERRORS IN QUANTUM METROLOGY VIA QUANTUM ERROR MITIGATION.pdf,White,yes,yes,strong,amplitude-damping,80,"in the two-parameter fitting approach is essentially erased (not shown), suggesting that Ramsey fitting is superior in more noisy environments. 3.3.2 Amplitude Damping Channel In this subsection, we turn our attention to the noise that is not diagonal in the measurement basis and perform a similar analysis to Sec. 3"
White - 2025 - MANAGING ERRORS IN QUANTUM METROLOGY VIA QUANTUM ERROR MITIGATION.pdf,White,yes,yes,strong,amplitude-damping,80,"e turn our attention to the noise that is not diagonal in the measurement basis and perform a similar analysis to Sec. 3.3.1. We study the effects of amplitude damping using noise-agnostic and noise-informed fitting procedures. Through the former, ZNE is shown to demonstrate the ability to improve measurement outcom"
White - 2025 - MANAGING ERRORS IN QUANTUM METROLOGY VIA QUANTUM ERROR MITIGATION.pdf,White,yes,yes,strong,amplitude-damping,81,"3.3.2.1 Noise-agnostic method As in the case of phase damping, we begin our study of amplitude damping noise by considering a noise-agnostic approach, proceeding in a similar way to Sec. 3.3.1. For a given number of foldings, multiple shots are perform"
White - 2025 - MANAGING ERRORS IN QUANTUM METROLOGY VIA QUANTUM ERROR MITIGATION.pdf,White,yes,yes,strong,amplitude-damping,81,"estimates, we examine the case est of a standard Ramsey experiment, with no additional noise mitigation applied. The ZNE success probability for the amplitude damping channel is shown in Fig. 3-7. Here, the true value of of the magnetic field is B = 1. Each individual trial of B uses n = 104 shots, and three steps"
White - 2025 - MANAGING ERRORS IN QUANTUM METROLOGY VIA QUANTUM ERROR MITIGATION.pdf,White,yes,yes,strong,amplitude-damping,81,"E systematically fails to successfully estimate B. The overall success probability ν is calculated by averaging over n = 5000 trials. The dip for the amplitude damping channel is not t centered precisely around t = π/2, but instead localized more broadly around t ≈ 1, with the precise location of the minimum of the"
White - 2025 - MANAGING ERRORS IN QUANTUM METROLOGY VIA QUANTUM ERROR MITIGATION.pdf,White,yes,yes,strong,amplitude-damping,82,"(b) t=0.375 t=0.5 0.5 0.0 0.00 0.05 0.10 0.15 0.20 Figure 3-7: ZNE success probability as a function of (a) sensing time and (b) noise strength under amplitude damping noise, for unit B = 1. Each individual B estimate uses n = 104 shots, and three levels of folding (m = 0,1,2) are used for the linear s extrapolation"
White - 2025 - MANAGING ERRORS IN QUANTUM METROLOGY VIA QUANTUM ERROR MITIGATION.pdf,White,yes,yes,strong,amplitude-damping,82,"for each protocol is shown in Fig. 3-9. ZNE is performed using linear, exponential, or Richardson fitting on the B values, with n = 104 shots. In the amplitude damping s case, γ = 0.01 is needed in order to achieve relative errors of the same order of magnitude as the phase damping case. For comparison, unmitigated"
White - 2025 - MANAGING ERRORS IN QUANTUM METROLOGY VIA QUANTUM ERROR MITIGATION.pdf,White,yes,yes,strong,amplitude-damping,83,"0.25 0.20 0.15 0.10 0.05 0.00 0.0 0.2 0.4 0.6 0.8 1.0 p 1 m=0 m=1 m=2 Figure 3-8: Exact excited state probability p as a function of amplitude damping 1 strength γ, for different numbers of foldings m, with Bt = 1. the total number of shots, the total sensing time, both, or neither (in the last case"
White - 2025 - MANAGING ERRORS IN QUANTUM METROLOGY VIA QUANTUM ERROR MITIGATION.pdf,White,yes,yes,strong,amplitude-damping,84,"it ZNE: Richardson extrapolation Figure 3-9: Relative error in the estimated B for the ordinary Ramsey and ZNE protocols for noise-agnostic fits with amplitude damping noise. For both cases, the individual estimates at different noise scaling factors are obtained using n = 104 s shots each. The largest number of fol"
White - 2025 - MANAGING ERRORS IN QUANTUM METROLOGY VIA QUANTUM ERROR MITIGATION.pdf,White,yes,yes,strong,amplitude-damping,84,"n = 5000. t optimal results for ZNE while remaining more robust than alternative fitting methods. Similarly to the case of phase damping, we find for amplitude damping noise that Ramsey results with equalized number of shots and/or sensing time achieve greater sensitivity than any of the ZNE methods. However, we als"
White - 2025 - MANAGING ERRORS IN QUANTUM METROLOGY VIA QUANTUM ERROR MITIGATION.pdf,White,yes,yes,strong,amplitude-damping,84,"the Ramsey experiments. 3.3.2.2 Noise-informed method Similarly to the case of phase damping, we can consider a noise-informed approach to mitigated amplitude damping noise. Since there are other circumstances in which it is useful to learn more detailed information about the noise parameters of the system, it is w"
White - 2025 - MANAGING ERRORS IN QUANTUM METROLOGY VIA QUANTUM ERROR MITIGATION.pdf,White,yes,yes,strong,amplitude-damping,85,"tion Ramsey, variance detection ZNE, variance detection Figure 3-10: Relative error in the estimated B for the ordinary Ramsey and ZNE protocols with amplitude damping noise. In this case, the extrapolation is performed as a two-parameter fit, using the exact expression for p . For both cases, the individual 1 estim"
White - 2025 - MANAGING ERRORS IN QUANTUM METROLOGY VIA QUANTUM ERROR MITIGATION.pdf,White,yes,yes,strong,amplitude-damping,86,in GHZ-based DC magnetometry. The GHZ Ramsey protocol outlined in Sec. 3.2.1 is evaluated against local unitary folding in the presence of phase and amplitude damping errors resulting from faulty controls. We focus specifically on noise-agnostic fitting given that noise-informed approaches did not substantially imp
White - 2025 - MANAGING ERRORS IN QUANTUM METROLOGY VIA QUANTUM ERROR MITIGATION.pdf,White,yes,yes,strong,amplitude-damping,88,"ential fits. Minor changes in this behavior are observed for N = 8, where a preference towards Richardson extrapolation is found for Bt ≳ 0.11. 3.4.2 Amplitude Damping A similar analysis is performed for faulty controls subject to amplitude damping errors. Numerical comparisons of GHZ Ramsey and ZNE utilize equivale"
White - 2025 - MANAGING ERRORS IN QUANTUM METROLOGY VIA QUANTUM ERROR MITIGATION.pdf,White,yes,yes,strong,amplitude-damping,88,"rence towards Richardson extrapolation is found for Bt ≳ 0.11. 3.4.2 Amplitude Damping A similar analysis is performed for faulty controls subject to amplitude damping errors. Numerical comparisons of GHZ Ramsey and ZNE utilize equivalent parameters to the phase damping case. Similarly, extrapolations are completed"
White - 2025 - MANAGING ERRORS IN QUANTUM METROLOGY VIA QUANTUM ERROR MITIGATION.pdf,White,yes,yes,strong,amplitude-damping,88,"tting functions. A summary of the numerical results are shown in Fig. 3-12(a) and (b) for N = 4 and N = 8 qubits, respectively. Broadly, we find that amplitude damping is more detrimental to the GHZ Ramsey- based protocols than phase damping. The latter error channel remains diagonal in the GHZ subspace and only res"
White - 2025 - MANAGING ERRORS IN QUANTUM METROLOGY VIA QUANTUM ERROR MITIGATION.pdf,White,yes,yes,strong,amplitude-damping,88,"latter error channel remains diagonal in the GHZ subspace and only results in loss of coherence between the states |0···0⟩ and |1···1⟩. In contrast, amplitude damping enables evolution outside of subspace and thus, leads to further reductions in protocol performance. Despite deviations in estimation error, the qual"
White - 2025 - MANAGING ERRORS IN QUANTUM METROLOGY VIA QUANTUM ERROR MITIGATION.pdf,White,yes,yes,strong,amplitude-damping,89,".00 0.02 0.04 0.06 0.08 0.10 0.12 0.14 0.16 0.18 Bt |B/)B tseB(| (a) (b) Figure 3-12: Relative error comparison between GHZ Ramsey and ZNE subject to amplitude damping. Numerical comparisons are performed using an error rate γ = 0.005 and 104 shots, with ZNE extrapolations utilizing up to M = 3 local foldings. Resul"
White - 2025 - MANAGING ERRORS IN QUANTUM METROLOGY VIA QUANTUM ERROR MITIGATION.pdf,White,yes,yes,strong,amplitude-damping,90,"l to obtain higher-precision measurements, when the goal is not merely to sense the weakest possible signal. Similar results were also obtained under amplitude damping noise, and for entangled GHZ states. In the noise-informed approach to ZNE, in which p is calculated as a function 1 of noise strength, we find that"
White - 2025 - MANAGING ERRORS IN QUANTUM METROLOGY VIA QUANTUM ERROR MITIGATION.pdf,White,yes,yes,strong,amplitude-damping,133,"amsey and ZNE protocols, with and without phase damping noise during the sensing time, when the sensor gate noise is due to (a) phase damping and (b) amplitude damping. We equalize the total number of shots allowed for the two protocols. For the ZNE case, the individual estimates at different noise scaling factors a"
White - 2025 - MANAGING ERRORS IN QUANTUM METROLOGY VIA QUANTUM ERROR MITIGATION.pdf,White,yes,yes,strong,amplitude-damping,134,"ated B for the ordinary Ramsey and ZNE protocols using global folding with the slope detection method, subject to (a) phase damping (λ = 0.1) and (b) amplitude damping (γ = 0.01) noise. For the ZNE case, the individual estimates at different noise scaling factors are obtained using n = 104 s shots each. For the Rams"
White - 2025 - MANAGING ERRORS IN QUANTUM METROLOGY VIA QUANTUM ERROR MITIGATION.pdf,White,yes,yes,strong,amplitude-damping,134,with the most notable difference being the greater separation between the performance of the linear and exponential fits. Global folding results for amplitude damping are also qualitatively similar to the local folding ones [Fig. A-2(b)]. 115
White - 2025 - MANAGING ERRORS IN QUANTUM METROLOGY VIA QUANTUM ERROR MITIGATION.pdf,White,yes,yes,strong,amplitude-damping,135,"A.3 Analytical Results for Phase and Amplitude Damping A.3.1 Local folding In principle, exact analytical expressions for the excitation probability p can be 1 computed by simply applying successive quant"
White - 2025 - MANAGING ERRORS IN QUANTUM METROLOGY VIA QUANTUM ERROR MITIGATION.pdf,White,yes,yes,strong,amplitude-damping,135,") c k k k 2 k k k where the operators L are Lindbladians and γ is the decay rate for the k-th error K k channel. We denote phase damping by γ = Λ and amplitude damping by γ = Γ. k k We assume constant control such that the control Hamiltonian takes the form θ H = σx (A.2) c 2τ for θ ∈ {π/2,π}, and τ is the duration"
White - 2025 - MANAGING ERRORS IN QUANTUM METROLOGY VIA QUANTUM ERROR MITIGATION.pdf,White,yes,yes,strong,amplitude-damping,136,"sequence, rather than simultaneously. In practice, this means setting either ω or Λ (Γ) to zero when applying Eq. (A.7) to model either a dephasing (amplitude damping) noise channel or a rotation gate, respectively. In addition to the noise and control operators, we consider a noise-free rotation arising due to the"
White - 2025 - MANAGING ERRORS IN QUANTUM METROLOGY VIA QUANTUM ERROR MITIGATION.pdf,White,yes,yes,strong,amplitude-damping,138,"ulations. We note that this result can also be derived directly from the Kraus operator representation of the phase damping channel. However, for the amplitude damping case it is simpler to use the master equation approach and map to the discrete limit. A.3.1.2 Amplitude damping Here, we perform a similar analysis f"
White - 2025 - MANAGING ERRORS IN QUANTUM METROLOGY VIA QUANTUM ERROR MITIGATION.pdf,White,yes,yes,strong,amplitude-damping,138,"ase damping channel. However, for the amplitude damping case it is simpler to use the master equation approach and map to the discrete limit. A.3.1.2 Amplitude damping Here, we perform a similar analysis for the amplitude damping channel. To the initial state |0⟩, we first apply an R (π/2) rotation followed by a sin"
White - 2025 - MANAGING ERRORS IN QUANTUM METROLOGY VIA QUANTUM ERROR MITIGATION.pdf,White,yes,yes,strong,amplitude-damping,138,"t is simpler to use the master equation approach and map to the discrete limit. A.3.1.2 Amplitude damping Here, we perform a similar analysis for the amplitude damping channel. To the initial state |0⟩, we first apply an R (π/2) rotation followed by a single instance of the x amplitude damping channel EA. The result"
White - 2025 - MANAGING ERRORS IN QUANTUM METROLOGY VIA QUANTUM ERROR MITIGATION.pdf,White,yes,yes,strong,amplitude-damping,138,"milar analysis for the amplitude damping channel. To the initial state |0⟩, we first apply an R (π/2) rotation followed by a single instance of the x amplitude damping channel EA. The resulting nonzero components of the Bloch vector are y = −e−Γτ/2, z = 1−e−Γτ. (A.19) 0 0 The subscript 0 corresponds to the fact that"
White - 2025 - MANAGING ERRORS IN QUANTUM METROLOGY VIA QUANTUM ERROR MITIGATION.pdf,White,yes,yes,strong,amplitude-damping,140,")), (A.27) 1 z 2 where (︂ )︂(︂ )︂ A(Γ) = 1−e−Γτ e−3mΓτ/2 +g (A.28) m (︂ [︂ ]︂ )︂ B(Γ) = e−3(m+1)Γτ/2 e−3mΓτ/2 + e−Γτ −1 g . (A.29) m We implement the amplitude damping operations via an amplitude damping channel, which is given in terms of a decay probability γ. However, in the expression above, Γ corresponds to a d"
White - 2025 - MANAGING ERRORS IN QUANTUM METROLOGY VIA QUANTUM ERROR MITIGATION.pdf,White,yes,yes,strong,amplitude-damping,140,"Γ) = 1−e−Γτ e−3mΓτ/2 +g (A.28) m (︂ [︂ ]︂ )︂ B(Γ) = e−3(m+1)Γτ/2 e−3mΓτ/2 + e−Γτ −1 g . (A.29) m We implement the amplitude damping operations via an amplitude damping channel, which is given in terms of a decay probability γ. However, in the expression above, Γ corresponds to a decay probability rate, with units of"
White - 2025 - MANAGING ERRORS IN QUANTUM METROLOGY VIA QUANTUM ERROR MITIGATION.pdf,White,yes,yes,strong,amplitude-damping,140,"of inverse time. To relate these quantities, we use γ = 1−e−Γτ (A.30) This relationship can be derived by considering the application of a series of amplitude damping channels, each of which acts for time δt, and taking the limit δt → 0 [160]. A.3.2 Global folding The method discussed in the previous section gives"
White - 2025 - MANAGING ERRORS IN QUANTUM METROLOGY VIA QUANTUM ERROR MITIGATION.pdf,White,yes,yes,strong,amplitude-damping,141,"verage Liouvillian theory (ALT) [164, 165]. Here, we utilize ALT to obtain approximate analytical expressions for global folding under both phase and amplitude damping. ALT is particularly powerful when a sequence of control pulses is applied peri- odically. A generic solution to the Lindblad equation under this ass"
White - 2025 - MANAGING ERRORS IN QUANTUM METROLOGY VIA QUANTUM ERROR MITIGATION.pdf,White,yes,yes,strong,amplitude-damping,144,"probability p vs. number of foldings m for global folding. (a) 1 depicts the results for the phase damping channel, while (b) depicts results for the amplitude damping channel. The dots depict results of the numerical simulation, while the solid line shows the analytical results. In the case of phase damping, a firs"
White - 2025 - MANAGING ERRORS IN QUANTUM METROLOGY VIA QUANTUM ERROR MITIGATION.pdf,White,yes,yes,strong,amplitude-damping,144,"results. In the case of phase damping, a first-order average Liouvillian calculation is sufficient for the noise strength of λ = 0.05. In the case of amplitude damping, the second-order average Liouvillian contributions must be considered for a noise strength of γ = 0.05. In both panels, B = 1 and T = π/10 have been"
White - 2025 - MANAGING ERRORS IN QUANTUM METROLOGY VIA QUANTUM ERROR MITIGATION.pdf,White,yes,yes,strong,amplitude-damping,144,"Because the global folding procedure causes the sensing periods to repeat, the total sensing time at each level of folding m is equal to mT. A.3.2.2 Amplitude damping We approach amplitude damping noise in a similar fashion as phase damping noise. The LME takes the form ω (︃ 1 )︃ ρ̇(t) = −i [H ,ρ ]+Γ σ+ρσ− − {σ−σ+,"
White - 2025 - MANAGING ERRORS IN QUANTUM METROLOGY VIA QUANTUM ERROR MITIGATION.pdf,White,yes,yes,strong,amplitude-damping,144,"ocedure causes the sensing periods to repeat, the total sensing time at each level of folding m is equal to mT. A.3.2.2 Amplitude damping We approach amplitude damping noise in a similar fashion as phase damping noise. The LME takes the form ω (︃ 1 )︃ ρ̇(t) = −i [H ,ρ ]+Γ σ+ρσ− − {σ−σ+,ρ} . (A.46) c S 2 2 Clearly, t"
White - 2025 - MANAGING ERRORS IN QUANTUM METROLOGY VIA QUANTUM ERROR MITIGATION.pdf,White,yes,yes,strong,amplitude-damping,145,"1 ⎜−iBT −Γδt −5Γδt −Γδt iBT −Γδt ⎟ L(1)t = ⎜ 2 2 ⎟. (A.49) 2 ⎜ iBT −Γδt −Γδt −5Γδt −iBT −Γδt⎟ ⎝ 2 2 ⎠ Γδt iBT −iBT −5Γδt 2 2 For larger values of Γ, amplitude damping requires a second-order contribution, which can be computed as ⎛ Γ2δt2 iBTΓδt −iBTΓδt Γ2δt2 ⎞ 1 ⎜Γδtf 0 0 Γδtg ⎟ L(2)t = ⎜ + + ⎟, (A.50) 8 ⎜Γδtf 0 0"
White - 2025 - MANAGING ERRORS IN QUANTUM METROLOGY VIA QUANTUM ERROR MITIGATION.pdf,White,yes,yes,strong,amplitude-damping,145,he decay probability γ to the decay rate Γ using Eq. (A.30). Fig. A-3(b) illustrates the agreement between the analytic and numerical results for the amplitude damping case. 126
White - 2025 - MANAGING ERRORS IN QUANTUM METROLOGY VIA QUANTUM ERROR MITIGATION.pdf,White,yes,yes,strong,phase-damping,8,2 Fitting Procedures . . . . . . . . . . . . . . . . . . . 53 3.3 Single-qubit Sensing . . . . . . . . . . . . . . . . . . . . . . . . . . . 54 3.3.1 Phase Damping Channel . . . . . . . . . . . . . . . . . . . . . 54 3.3.1.1 Noise-agnostic method . . . . . . . . . . . . . . . . . 54 3.3.1.2 Noise-informed method
White - 2025 - MANAGING ERRORS IN QUANTUM METROLOGY VIA QUANTUM ERROR MITIGATION.pdf,White,yes,yes,strong,phase-damping,8,3.3.2.2 Noise-informed method . . . . . . . . . . . . . . . . 65 3.4 Entanglement-Based Sensing . . . . . . . . . . . . . . . . . . . . . . 67 3.4.1 Phase Damping . . . . . . . . . . . . . . . . . . . . . . . . . . 67 3.4.2 Amplitude Damping . . . . . . . . . . . . . . . . . . . . . . . 69 3.5 Conclusions . . .
White - 2025 - MANAGING ERRORS IN QUANTUM METROLOGY VIA QUANTUM ERROR MITIGATION.pdf,White,yes,yes,strong,phase-damping,9,l Results for Phase and Amplitude Damping . . . . . . . . . 116 A.3.1 Local folding . . . . . . . . . . . . . . . . . . . . . . . . . . . 116 A.3.1.1 Phase damping . . . . . . . . . . . . . . . . . . . . . 117 A.3.1.2 Amplitude damping . . . . . . . . . . . . . . . . . . 119 A.3.2 Global folding . . . . . . . .
White - 2025 - MANAGING ERRORS IN QUANTUM METROLOGY VIA QUANTUM ERROR MITIGATION.pdf,White,yes,yes,strong,phase-damping,9,.1.2 Amplitude damping . . . . . . . . . . . . . . . . . . 119 A.3.2 Global folding . . . . . . . . . . . . . . . . . . . . . . . . . . . 121 A.3.2.1 Phase damping . . . . . . . . . . . . . . . . . . . . . 123 A.3.2.2 Amplitude damping . . . . . . . . . . . . . . . . . . 125 Chapter B Non-Markovian Noise . . . .
White - 2025 - MANAGING ERRORS IN QUANTUM METROLOGY VIA QUANTUM ERROR MITIGATION.pdf,White,yes,yes,strong,phase-damping,11,". . . . . . . . . . . . . . . . . . . 48 Figure 3-2ZNE success probability ν as a function of (a) sensing time t and (b) noise strength λ, subject to phase damping noise, for unit B = 1. Each individual B estimate uses n = 104 shots, s and three levels of folding (m = 0,1,2) are used for the linear extrapolation"
White - 2025 - MANAGING ERRORS IN QUANTUM METROLOGY VIA QUANTUM ERROR MITIGATION.pdf,White,yes,yes,strong,phase-damping,12,"Figure 3-3ZNE extrapolation of the estimated B using a linear fit for (a) t = π/2; (b) t = π/4. The true value is B = 1, the phase damping noise strength is λ = 0.15, and the individual estimates at different noise scaling values η are obtained using n = 104 s shots each. . . . . . . . ."
White - 2025 - MANAGING ERRORS IN QUANTUM METROLOGY VIA QUANTUM ERROR MITIGATION.pdf,White,yes,yes,strong,phase-damping,12,". . . . . . . . . . . . . . . . . . . . . . . . . . 57 Figure 3-4(a) Relative error in the estimated B for the ordinary Ramsey and ZNE protocols with phase damping noise. For the ZNE case, the individual estimates at different noise scaling factors are obtained using n = 104 shots each. For the Ramsey protocol s"
White - 2025 - MANAGING ERRORS IN QUANTUM METROLOGY VIA QUANTUM ERROR MITIGATION.pdf,White,yes,yes,strong,phase-damping,12,"1, t = 1, n = 5000, and t three levels of folding are used for ZNE. . . . . . . . . . . . . 58 Figure 3-5Excited state probability p as a function of phase damping 1 strength λ, for different numbers of foldings m, with Bt = π/4. 59 Figure 3-6Relative error in the estimated B for Ramsey and ZNE versions of the n"
White - 2025 - MANAGING ERRORS IN QUANTUM METROLOGY VIA QUANTUM ERROR MITIGATION.pdf,White,yes,yes,strong,phase-damping,12,"h Bt = π/4. 59 Figure 3-6Relative error in the estimated B for Ramsey and ZNE versions of the noise-informed two-parameter fitting method, subject to phase damping noise. Parameters are λ = 0.05, t = 1, n = 20000, n = 5000. The Ramsey protocol outperforms ZNE s t except for weak fields. . . . . . . . . . . . . ."
White - 2025 - MANAGING ERRORS IN QUANTUM METROLOGY VIA QUANTUM ERROR MITIGATION.pdf,White,yes,yes,strong,phase-damping,14,"Figure3-11Relative error comparison between GHZ Ramsey and ZNE sub- ject to phase damping. Panels (a) and (b) display results for N = 4 and N = 8 qubits, respectively. Numerical comparisons are performed using an error rate λ = 0.005 and 1"
White - 2025 - MANAGING ERRORS IN QUANTUM METROLOGY VIA QUANTUM ERROR MITIGATION.pdf,White,yes,yes,strong,phase-damping,14,"lizing up to M = 3 local foldings. Results for N = 4 and N = 8 qubits are displayed in panels (a) and (b), respectively. Qualitatively similar to the phase damping case, GHZ Ramsey outperforms ZNE for small magnetic field strengths. 70 Figure 4-1A figure depicting the local and global folding protocols as we imp"
White - 2025 - MANAGING ERRORS IN QUANTUM METROLOGY VIA QUANTUM ERROR MITIGATION.pdf,White,yes,yes,strong,phase-damping,18,"Figure A-1Relativeerrorintheslope-detectionestimatedB fortheordinary Ramsey and ZNE protocols, with and without phase damping noise during the sensing time, when the sensor gate noise is due to (a) phase damping and (b) amplitude damping. We equalize the total number of shot"
White - 2025 - MANAGING ERRORS IN QUANTUM METROLOGY VIA QUANTUM ERROR MITIGATION.pdf,White,yes,yes,strong,phase-damping,18,"atedB fortheordinary Ramsey and ZNE protocols, with and without phase damping noise during the sensing time, when the sensor gate noise is due to (a) phase damping and (b) amplitude damping. We equalize the total number of shots allowed for the two protocols. For the ZNE case, the individual estimates at differe"
White - 2025 - MANAGING ERRORS IN QUANTUM METROLOGY VIA QUANTUM ERROR MITIGATION.pdf,White,yes,yes,strong,phase-damping,18,"2(a) Relative error in the estimated B for the ordinary Ramsey and ZNE protocols using global folding with the slope detection method, subject to (a) phase damping (λ = 0.1) and (b) ampli- tude damping (γ = 0.01) noise. For the ZNE case, the individual estimates at different noise scaling factors are obtained us"
White - 2025 - MANAGING ERRORS IN QUANTUM METROLOGY VIA QUANTUM ERROR MITIGATION.pdf,White,yes,yes,strong,phase-damping,19,"Figure A-3Transition probability p vs. number of foldings m for global 1 folding. (a) depicts the results for the phase damping channel, while (b) depicts results for the amplitude damping channel. The dots depict results of the numerical simulation, while the solid line shows"
White - 2025 - MANAGING ERRORS IN QUANTUM METROLOGY VIA QUANTUM ERROR MITIGATION.pdf,White,yes,yes,strong,phase-damping,19,"the amplitude damping channel. The dots depict results of the numerical simulation, while the solid line shows the analytical results. In the case of phase damping, a first-order average Liouvillian calculation is sufficient for the noise strength of λ = 0.05. In the case of amplitude damp- ing, the second-order"
White - 2025 - MANAGING ERRORS IN QUANTUM METROLOGY VIA QUANTUM ERROR MITIGATION.pdf,White,yes,yes,strong,phase-damping,47,"examine particular cases of quantum maps. One common quantum channel is the phase damping channel. The phase damping channel can be defined by two Kraus operators √ √ K = λI, K = 1−λσ , (2.11) 0 1 z where λ defines the strength of the nois"
White - 2025 - MANAGING ERRORS IN QUANTUM METROLOGY VIA QUANTUM ERROR MITIGATION.pdf,White,yes,yes,strong,phase-damping,47,"examine particular cases of quantum maps. One common quantum channel is the phase damping channel. The phase damping channel can be defined by two Kraus operators √ √ K = λI, K = 1−λσ , (2.11) 0 1 z where λ defines the strength of the noise channel. Physically, this"
White - 2025 - MANAGING ERRORS IN QUANTUM METROLOGY VIA QUANTUM ERROR MITIGATION.pdf,White,yes,yes,strong,phase-damping,47,"hannel leaves the state of the qubit invariant with a probability λ, and applies a σ rotation with z probability 1−λ. Over repeated applications, the phase damping channel has the effect of reducing the qubit’s coherence. It can be shown that the phase damping channel acts on the Bloch vector via the transformat"
White - 2025 - MANAGING ERRORS IN QUANTUM METROLOGY VIA QUANTUM ERROR MITIGATION.pdf,White,yes,yes,strong,phase-damping,47,"h z probability 1−λ. Over repeated applications, the phase damping channel has the effect of reducing the qubit’s coherence. It can be shown that the phase damping channel acts on the Bloch vector via the transformation ⃗v′ = M⃗v = ⟨(2λ−1)v ,(2λ−1)v ,v ⟩. (2.12) x y z In other words, it will cause the Bloch sphe"
White - 2025 - MANAGING ERRORS IN QUANTUM METROLOGY VIA QUANTUM ERROR MITIGATION.pdf,White,yes,yes,strong,phase-damping,70,"litatively change our results. Noise is modeled by the standard phase and amplitude damping channels discussed in Chapter 3. Here, we will denote the phase damping error channel via EP and the amplitude damping channel via EA. We further denote the phase damping channel Kraus operators via EP(λ) and the amplitud"
White - 2025 - MANAGING ERRORS IN QUANTUM METROLOGY VIA QUANTUM ERROR MITIGATION.pdf,White,yes,yes,strong,phase-damping,70,"s discussed in Chapter 3. Here, we will denote the phase damping error channel via EP and the amplitude damping channel via EA. We further denote the phase damping channel Kraus operators via EP(λ) and the amplitude damping channel operators via EA(γ), α α where λ denotes the phase damping rate, and γ denotes th"
White - 2025 - MANAGING ERRORS IN QUANTUM METROLOGY VIA QUANTUM ERROR MITIGATION.pdf,White,yes,yes,strong,phase-damping,70,"We further denote the phase damping channel Kraus operators via EP(λ) and the amplitude damping channel operators via EA(γ), α α where λ denotes the phase damping rate, and γ denotes the amplitude damping rate. Noise channels are applied locally to each qubit. Thus, in the multi-qubit case, the 51"
White - 2025 - MANAGING ERRORS IN QUANTUM METROLOGY VIA QUANTUM ERROR MITIGATION.pdf,White,yes,yes,strong,phase-damping,73,"ngle-qubit Sensing We now present analytical and numerical results for the performance of the ordinary Ramsey and ZNE-based protocols under Markovian phase damping and amplitude damping channels. We study the noise-agnostic and noise-informed methods described above, identifying the optimal regimes in which ZNE"
White - 2025 - MANAGING ERRORS IN QUANTUM METROLOGY VIA QUANTUM ERROR MITIGATION.pdf,White,yes,yes,strong,phase-damping,73,"ity is then taken to be est,ZNE est the number of trials for which this is the case divided by the total number of trials, ν = N /n . success t 3.3.1 Phase Damping Channel 3.3.1.1 Noise-agnostic method In the noise-agnostic method, magnetic field estimates are obtained from Eq. 3.2, which does not account for th"
White - 2025 - MANAGING ERRORS IN QUANTUM METROLOGY VIA QUANTUM ERROR MITIGATION.pdf,White,yes,yes,strong,phase-damping,74,"ity ν as a function of the sensing time t in Fig. 3-2(a). There is a striking dip in ν centered around t = π/2, such that ZNE fails regardless of the phase damping noise strength. In contrast, increasing the noise strength leads to better ZNE performance when operating away from t = π/2 [Fig. 3-2(b)]. The origin"
White - 2025 - MANAGING ERRORS IN QUANTUM METROLOGY VIA QUANTUM ERROR MITIGATION.pdf,White,yes,yes,strong,phase-damping,75,"5 0.4 0.2 0.0 0.00 0.05 0.10 0.15 0.20 Figure 3-2: ZNE success probability ν as a function of (a) sensing time t and (b) noise strength λ, subject to phase damping noise, for unit B = 1. Each individual B estimate uses n = 104 shots, and three levels of folding (m = 0,1,2) are used for s the linear extrapolation"
White - 2025 - MANAGING ERRORS IN QUANTUM METROLOGY VIA QUANTUM ERROR MITIGATION.pdf,White,yes,yes,strong,phase-damping,76,"2 3 4 5 B tse (a) (b) Figure 3-3: ZNE extrapolation of the estimated B using a linear fit for (a) t = π/2; (b) t = π/4. The true value is B = 1, the phase damping noise strength is λ = 0.15, and the individual estimates at different noise scaling values η are obtained using n = 104 shots each. s extrapolation."
White - 2025 - MANAGING ERRORS IN QUANTUM METROLOGY VIA QUANTUM ERROR MITIGATION.pdf,White,yes,yes,strong,phase-damping,77,"6000 8000 10000 12000 14000 n s B revossorC (a) (b) Figure 3-4: (a) Relative error in the estimated B for the ordinary Ramsey and ZNE protocols with phase damping noise. For the ZNE case, the individual estimates at different noise scaling factors are obtained using n = 104 shots each. For the Ramsey s protocol"
White - 2025 - MANAGING ERRORS IN QUANTUM METROLOGY VIA QUANTUM ERROR MITIGATION.pdf,White,yes,yes,strong,phase-damping,78,"0.50 0.45 0.40 0.35 0.30 0.25 0.20 0.15 0.0 0.2 0.4 0.6 0.8 1.0 p 1 m=0 1 2 Figure 3-5: Excited state probability p as a function of phase damping strength λ, 1 for different numbers of foldings m, with Bt = π/4. The results presented above can also be understood directly from the analytic expre"
White - 2025 - MANAGING ERRORS IN QUANTUM METROLOGY VIA QUANTUM ERROR MITIGATION.pdf,White,yes,yes,strong,phase-damping,78,"Although a linear extrapolation in the number of foldings appears reasonable at small λ, this function clearly breaks down at intermediate and large phase damping strengths. 59"
White - 2025 - MANAGING ERRORS IN QUANTUM METROLOGY VIA QUANTUM ERROR MITIGATION.pdf,White,yes,yes,strong,phase-damping,80,"ZNE, variance detection Figure3-6: RelativeerrorintheestimatedB forRamseyandZNEversionsofthenoise- informed two-parameter fitting method, subject to phase damping noise. Parameters are λ = 0.05, t = 1, n = 20000, n = 5000. The Ramsey protocol outperforms ZNE s t except for weak fields. detection for larger fiel"
White - 2025 - MANAGING ERRORS IN QUANTUM METROLOGY VIA QUANTUM ERROR MITIGATION.pdf,White,yes,yes,strong,phase-damping,80,"s at larger fields the two-parameter Ramsey variance detection scheme has significantly lower errors than all other approaches considered. At a large phase damping strength of λ = 0.2, the advantage of ZNE over Ramsey in the two-parameter fitting approach is essentially erased (not shown), suggesting that Ramsey"
White - 2025 - MANAGING ERRORS IN QUANTUM METROLOGY VIA QUANTUM ERROR MITIGATION.pdf,White,yes,yes,strong,phase-damping,81,"3.3.2.1 Noise-agnostic method As in the case of phase damping, we begin our study of amplitude damping noise by considering a noise-agnostic approach, proceeding in a similar way to Sec. 3.3.1. For a given numbe"
White - 2025 - MANAGING ERRORS IN QUANTUM METROLOGY VIA QUANTUM ERROR MITIGATION.pdf,White,yes,yes,strong,phase-damping,81,"e of of the magnetic field is B = 1. Each individual trial of B uses n = 104 shots, and three steps of folding are performed (m = 0,1,2). As in s the phase damping case, a dip can be seen in Fig. 3-7(a) in which ZNE systematically fails to successfully estimate B. The overall success probability ν is calculated"
White - 2025 - MANAGING ERRORS IN QUANTUM METROLOGY VIA QUANTUM ERROR MITIGATION.pdf,White,yes,yes,strong,phase-damping,82,"es, with n = 104 shots. In the amplitude damping s case, γ = 0.01 is needed in order to achieve relative errors of the same order of magnitude as the phase damping case. For comparison, unmitigated Ramsey experiments are also performed, equalizing 63"
White - 2025 - MANAGING ERRORS IN QUANTUM METROLOGY VIA QUANTUM ERROR MITIGATION.pdf,White,yes,yes,strong,phase-damping,83,"e total number of shots, the total sensing time, both, or neither (in the last case, the total number of shots for Ramsey is also n = 104). As in the phase damping case, s equalization of sensing time and/or shots is performed in order to ensure equivalent resources between Ramsey and ZNE. Once again, we take in"
White - 2025 - MANAGING ERRORS IN QUANTUM METROLOGY VIA QUANTUM ERROR MITIGATION.pdf,White,yes,yes,strong,phase-damping,83,"es for γ and B equal to 99% of their true values. For small values of Bt, unmitigated Ramsey sensing again outperforms any ZNE method. Also as in the phase damping case, we find that for larger values of the field, ZNE outperforms Ramsey sensing in terms of relative error in field strength. In particular, the li"
White - 2025 - MANAGING ERRORS IN QUANTUM METROLOGY VIA QUANTUM ERROR MITIGATION.pdf,White,yes,yes,strong,phase-damping,84,"eters are γ = 0.01, t = 1, n = 5000. t optimal results for ZNE while remaining more robust than alternative fitting methods. Similarly to the case of phase damping, we find for amplitude damping noise that Ramsey results with equalized number of shots and/or sensing time achieve greater sensitivity than any of t"
White - 2025 - MANAGING ERRORS IN QUANTUM METROLOGY VIA QUANTUM ERROR MITIGATION.pdf,White,yes,yes,strong,phase-damping,84,"E methods are capable of achieving smaller relative errors than any of the Ramsey experiments. 3.3.2.2 Noise-informed method Similarly to the case of phase damping, we can consider a noise-informed approach to mitigated amplitude damping noise. Since there are other circumstances in which it is useful to learn m"
White - 2025 - MANAGING ERRORS IN QUANTUM METROLOGY VIA QUANTUM ERROR MITIGATION.pdf,White,yes,yes,strong,phase-damping,85,"g performed. However, we also note that the variance detection Ramsey sequences generally outperform ZNE for almost all values of B, similarly to the phase damping case. At low B, the ZNE and Ramsey slope detection schemes perform similarly. This further highlights that sufficiently detailed knowledge of the noi"
White - 2025 - MANAGING ERRORS IN QUANTUM METROLOGY VIA QUANTUM ERROR MITIGATION.pdf,White,yes,yes,strong,phase-damping,86,"e focus specifically on noise-agnostic fitting given that noise-informed approaches did not substantially improve ZNE in the single-qubit case. 3.4.1 Phase Damping First, we investigate faulty gates characterized by phase damping. Each gate is followed by local phase damping error channels that are only applied"
White - 2025 - MANAGING ERRORS IN QUANTUM METROLOGY VIA QUANTUM ERROR MITIGATION.pdf,White,yes,yes,strong,phase-damping,86,"formed approaches did not substantially improve ZNE in the single-qubit case. 3.4.1 Phase Damping First, we investigate faulty gates characterized by phase damping. Each gate is followed by local phase damping error channels that are only applied to the qubits activated during the preceding gate operation. As su"
White - 2025 - MANAGING ERRORS IN QUANTUM METROLOGY VIA QUANTUM ERROR MITIGATION.pdf,White,yes,yes,strong,phase-damping,86,"e ZNE in the single-qubit case. 3.4.1 Phase Damping First, we investigate faulty gates characterized by phase damping. Each gate is followed by local phase damping error channels that are only applied to the qubits activated during the preceding gate operation. As such, the GHZ state encoding and decoding circui"
White - 2025 - MANAGING ERRORS IN QUANTUM METROLOGY VIA QUANTUM ERROR MITIGATION.pdf,White,yes,yes,strong,phase-damping,87,".00 0.02 0.04 0.06 0.08 0.10 0.12 0.14 0.16 0.18 Bt |B/)B tseB(| (a) (b) Figure 3-11: Relative error comparison between GHZ Ramsey and ZNE subject to phase damping. Panels (a) and (b) display results for N = 4 and N = 8 qubits, respectively. Numerical comparisons are performed using an error rate λ = 0.005 and 1"
White - 2025 - MANAGING ERRORS IN QUANTUM METROLOGY VIA QUANTUM ERROR MITIGATION.pdf,White,yes,yes,strong,phase-damping,88,"s performed for faulty controls subject to amplitude damping errors. Numerical comparisons of GHZ Ramsey and ZNE utilize equivalent parameters to the phase damping case. Similarly, extrapolations are completed using up to M = 3 foldings and for all three fitting functions. A summary of the numerical results are"
White - 2025 - MANAGING ERRORS IN QUANTUM METROLOGY VIA QUANTUM ERROR MITIGATION.pdf,White,yes,yes,strong,phase-damping,88,"and (b) for N = 4 and N = 8 qubits, respectively. Broadly, we find that amplitude damping is more detrimental to the GHZ Ramsey- based protocols than phase damping. The latter error channel remains diagonal in the GHZ subspace and only results in loss of coherence between the states |0···0⟩ and |1···1⟩. In contr"
White - 2025 - MANAGING ERRORS IN QUANTUM METROLOGY VIA QUANTUM ERROR MITIGATION.pdf,White,yes,yes,strong,phase-damping,89,"lizing up to M = 3 local foldings. Results for N = 4 and N = 8 qubits are displayed in panels (a) and (b), respectively. Qualitatively similar to the phase damping case, GHZ Ramsey outperforms ZNE for small magnetic field strengths. 3.5 Conclusions Rapid progress in quantum computing and quantum sensing has meri"
White - 2025 - MANAGING ERRORS IN QUANTUM METROLOGY VIA QUANTUM ERROR MITIGATION.pdf,White,yes,yes,strong,phase-damping,89,"the well-known Ramsey protocol, we found that the nature of the noisy gate operations has a significant impact on the performance of the method. For phase damping noise and single-qubit sensing, the noise-agnostic 70"
White - 2025 - MANAGING ERRORS IN QUANTUM METROLOGY VIA QUANTUM ERROR MITIGATION.pdf,White,yes,yes,strong,phase-damping,90,"a function 1 of noise strength, we find that the ordinary Ramsey protocol generally outperforms ZNE, with the exception of the weak field limit under phase damping noise, for which the performance is comparable. This further highlights that the primary virtues of ZNE are its simplicity and applicability in the a"
White - 2025 - MANAGING ERRORS IN QUANTUM METROLOGY VIA QUANTUM ERROR MITIGATION.pdf,White,yes,yes,strong,phase-damping,132,se arising from the operation of the sensor itself; here we consider the effects of dephasing during the sensing time. We model this as an additional phase damping channel λ which follows the U s sense operation. This approach is justified from the fact that phase damping arises from random fluctuations in the σ
White - 2025 - MANAGING ERRORS IN QUANTUM METROLOGY VIA QUANTUM ERROR MITIGATION.pdf,White,yes,yes,strong,phase-damping,132,"ing time. We model this as an additional phase damping channel λ which follows the U s sense operation. This approach is justified from the fact that phase damping arises from random fluctuations in the σz coupling, and so commutes with the signal that is being sensed. Fig. A-1 compares the relative B estimate e"
White - 2025 - MANAGING ERRORS IN QUANTUM METROLOGY VIA QUANTUM ERROR MITIGATION.pdf,White,yes,yes,strong,phase-damping,133,"0.7 Bt |B/)B tseB(| (a) (b) Figure A-1: Relative error in the slope-detection estimated B for the ordinary Ramsey and ZNE protocols, with and without phase damping noise during the sensing time, when the sensor gate noise is due to (a) phase damping and (b) amplitude damping. We equalize the total number of shot"
White - 2025 - MANAGING ERRORS IN QUANTUM METROLOGY VIA QUANTUM ERROR MITIGATION.pdf,White,yes,yes,strong,phase-damping,133,"d B for the ordinary Ramsey and ZNE protocols, with and without phase damping noise during the sensing time, when the sensor gate noise is due to (a) phase damping and (b) amplitude damping. We equalize the total number of shots allowed for the two protocols. For the ZNE case, the individual estimates at differe"
White - 2025 - MANAGING ERRORS IN QUANTUM METROLOGY VIA QUANTUM ERROR MITIGATION.pdf,White,yes,yes,strong,phase-damping,134,"(a) Relative error in the estimated B for the ordinary Ramsey and ZNE protocols using global folding with the slope detection method, subject to (a) phase damping (λ = 0.1) and (b) amplitude damping (γ = 0.01) noise. For the ZNE case, the individual estimates at different noise scaling factors are obtained usin"
White - 2025 - MANAGING ERRORS IN QUANTUM METROLOGY VIA QUANTUM ERROR MITIGATION.pdf,White,yes,yes,strong,phase-damping,134,"ces. Other parameters are t = 1 and n = 5000, t and three levels of folding are used for ZNE. relative error for the estimate of B in the presence of phase damping are shown in Fig. A-2(a). The results are qualitatively similar to those obtained from local folding, with the most notable difference being the grea"
White - 2025 - MANAGING ERRORS IN QUANTUM METROLOGY VIA QUANTUM ERROR MITIGATION.pdf,White,yes,yes,strong,phase-damping,135,"︂ γ L ρL† − {L†L ,ρ} , (A.1) c k k k 2 k k k where the operators L are Lindbladians and γ is the decay rate for the k-th error K k channel. We denote phase damping by γ = Λ and amplitude damping by γ = Γ. k k We assume constant control such that the control Hamiltonian takes the form θ H = σx (A.2) c 2τ for θ ∈"
White - 2025 - MANAGING ERRORS IN QUANTUM METROLOGY VIA QUANTUM ERROR MITIGATION.pdf,White,yes,yes,strong,phase-damping,136,"ll solution will involve alternating between z periods of control and noise governed by Eq.(A.7) and periods of sensing governed by Eq.(A.9). A.3.1.1 Phase damping For phase damping,⃗c = 0, such that the action of the gates, magnetic field, and noise operations are fully captured by the application of eGτ on the"
White - 2025 - MANAGING ERRORS IN QUANTUM METROLOGY VIA QUANTUM ERROR MITIGATION.pdf,White,yes,yes,strong,phase-damping,136,"nvolve alternating between z periods of control and noise governed by Eq.(A.7) and periods of sensing governed by Eq.(A.9). A.3.1.1 Phase damping For phase damping,⃗c = 0, such that the action of the gates, magnetic field, and noise operations are fully captured by the application of eGτ on the Bloch vector. Sta"
White - 2025 - MANAGING ERRORS IN QUANTUM METROLOGY VIA QUANTUM ERROR MITIGATION.pdf,White,yes,yes,strong,phase-damping,137,"from the initial state |0⟩ = (0, 0, 1)T, we first apply the R (π/2) gate, followed by x the phase damping operation. The only nonzero component of the resulting Bloch vector is y = −e−Λtp (A.10) 0 where the subscript “0” is given to denote that zero foldi"
White - 2025 - MANAGING ERRORS IN QUANTUM METROLOGY VIA QUANTUM ERROR MITIGATION.pdf,White,yes,yes,strong,phase-damping,137,"+1)Λtp (A.12) k for k foldings prior to the B sensing period. After the magnetic field is applied and the reverse rotation R (−π/2) (with susbsequent phase damping), the Bloch vector x components become x˜ = −e−Λtpsin(Bt)y (A.13) 0 k z˜ = −cos(Bt)y (A.14) 0 k A similar application of foldings after the reverse r"
White - 2025 - MANAGING ERRORS IN QUANTUM METROLOGY VIA QUANTUM ERROR MITIGATION.pdf,White,yes,yes,strong,phase-damping,138,"es with the results of the numerical simulations. We note that this result can also be derived directly from the Kraus operator representation of the phase damping channel. However, for the amplitude damping case it is simpler to use the master equation approach and map to the discrete limit. A.3.1.2 Amplitude d"
White - 2025 - MANAGING ERRORS IN QUANTUM METROLOGY VIA QUANTUM ERROR MITIGATION.pdf,White,yes,yes,strong,phase-damping,142,"= R−1LR 1 y y L′ = L (A.40) 2 L′ = R−1L R . H 1 H 1 We can immediately expand Eq. (A.39) according to Eq. (A.36) for any given type of noise. A.3.2.1 Phase damping In the case of phase damping, the LME is given by d Λ ρ = −i[H ,ρ ]+ (σzρσz −ρ) (A.41) S c S dt 2 where H = (ω/2)σy. Vectorizing this evolution gives"
White - 2025 - MANAGING ERRORS IN QUANTUM METROLOGY VIA QUANTUM ERROR MITIGATION.pdf,White,yes,yes,strong,phase-damping,142,"L′ = R−1L R . H 1 H 1 We can immediately expand Eq. (A.39) according to Eq. (A.36) for any given type of noise. A.3.2.1 Phase damping In the case of phase damping, the LME is given by d Λ ρ = −i[H ,ρ ]+ (σzρσz −ρ) (A.41) S c S dt 2 where H = (ω/2)σy. Vectorizing this evolution gives rise to the corresponding c"
White - 2025 - MANAGING ERRORS IN QUANTUM METROLOGY VIA QUANTUM ERROR MITIGATION.pdf,White,yes,yes,strong,phase-damping,143,"f number of foldings m for the numerical simulation and the first-order average Liouvillian theory calculation, demonstrating excellent agreement for phase damping noise. 124"
White - 2025 - MANAGING ERRORS IN QUANTUM METROLOGY VIA QUANTUM ERROR MITIGATION.pdf,White,yes,yes,strong,phase-damping,144,".1 0 10 20 30 40 50 m p 1 (a) (b) Figure A-3: Transition probability p vs. number of foldings m for global folding. (a) 1 depicts the results for the phase damping channel, while (b) depicts results for the amplitude damping channel. The dots depict results of the numerical simulation, while the solid line shows"
White - 2025 - MANAGING ERRORS IN QUANTUM METROLOGY VIA QUANTUM ERROR MITIGATION.pdf,White,yes,yes,strong,phase-damping,144,"the amplitude damping channel. The dots depict results of the numerical simulation, while the solid line shows the analytical results. In the case of phase damping, a first-order average Liouvillian calculation is sufficient for the noise strength of λ = 0.05. In the case of amplitude damping, the second-order a"
White - 2025 - MANAGING ERRORS IN QUANTUM METROLOGY VIA QUANTUM ERROR MITIGATION.pdf,White,yes,yes,strong,phase-damping,144,"e total sensing time at each level of folding m is equal to mT. A.3.2.2 Amplitude damping We approach amplitude damping noise in a similar fashion as phase damping noise. The LME takes the form ω (︃ 1 )︃ ρ̇(t) = −i [H ,ρ ]+Γ σ+ρσ− − {σ−σ+,ρ} . (A.46) c S 2 2 Clearly, the non-dissipative term is identical to the"
White - 2025 - MANAGING ERRORS IN QUANTUM METROLOGY VIA QUANTUM ERROR MITIGATION.pdf,White,yes,yes,strong,phase-damping,144,"noise. The LME takes the form ω (︃ 1 )︃ ρ̇(t) = −i [H ,ρ ]+Γ σ+ρσ− − {σ−σ+,ρ} . (A.46) c S 2 2 Clearly, the non-dissipative term is identical to the phase damping case. For the dissipative terms, we have ⎛0 0 0 Γ ⎞ ⎜0 −Γ 0 0 ⎟ L = ⎜ 2 ⎟ (A.47) ⎜0 0 −Γ 0 ⎟ ⎝ 2 ⎠ 0 0 0 −Γ 125"
White - 2025 - MANAGING ERRORS IN QUANTUM METROLOGY VIA QUANTUM ERROR MITIGATION.pdf,White,yes,yes,strong,phase-damping,145,"ain, the transition probabilities are computed by acting on [︂ ]︂ the state |0⟩ with the operation exp (2m+1)(L(1)t+L(2)t) . Similarly to the case of phase damping, we relate the decay probability γ to the decay rate Γ using Eq. (A.30). Fig. A-3(b) illustrates the agreement between the analytic and numerical res"
White - 2025 - MANAGING ERRORS IN QUANTUM METROLOGY VIA QUANTUM ERROR MITIGATION.pdf,White,yes,yes,strong,stochastic-noise,91,"duction We have so far discussed the implementation of ZNE in the case of Markovian noise, as ZNE is often used under the assumption of uncorrelated, stochastic noise models. However, these models do not capture the full range of relevant noise processes. Time- correlated noise, e.g., 1/f noise, is a significant ch"
White - 2025 - MANAGING ERRORS IN QUANTUM METROLOGY VIA QUANTUM ERROR MITIGATION.pdf,White,yes,yes,weak,noise-model-mention,7,3.2.1.1 Single Qubit Sensing . . . . . . . . . . . . . . . . . 49 3.2.1.2 GHZ Sensing . . . . . . . . . . . . . . . . . . . . . . 50 3.2.2 Markovian Noise Model . . . . . . . . . . . . . . . . . . . . . 51 3.2.3 Zero-Noise Extrapolation for DC Sensing . . . . . . . . . . . . 52 3.2.3.1 Unitary Folding Protoco
White - 2025 - MANAGING ERRORS IN QUANTUM METROLOGY VIA QUANTUM ERROR MITIGATION.pdf,White,yes,yes,weak,noise-model-mention,8,. . . 73 4.2.1.1 Control Hamiltonian . . . . . . . . . . . . . . . . . . 74 4.2.1.2 Signal Hamiltonian . . . . . . . . . . . . . . . . . . . 74 4.2.2 Noise Model . . . . . . . . . . . . . . . . . . . . . . . . . . . . 76 4.2.2.1 Correlated noise . . . . . . . . . . . . . . . . . . . . 76 4.2.2.2 Noise Hamilton
White - 2025 - MANAGING ERRORS IN QUANTUM METROLOGY VIA QUANTUM ERROR MITIGATION.pdf,White,yes,yes,weak,noise-model-mention,63,"ng because, in principle, it can exactly correct the bias introduced by known noise. However, it is limited by the necessity of learning the system’s noise model. The noise characterization process can be very resource-intensive, and is often difficult to achieve at the level of precision that is necessary for"
White - 2025 - MANAGING ERRORS IN QUANTUM METROLOGY VIA QUANTUM ERROR MITIGATION.pdf,White,yes,yes,weak,noise-model-mention,70,"Below, we will investigate ways of leveraging noise as a resource for improving estimates of static magnetic field strengths via ZNE. 3.2.2 Markovian Noise Model In this work, errors in the sensing protocol are modeled as Markovian noise using the quantum channel formalism. We focus on errors generated during"
White - 2025 - MANAGING ERRORS IN QUANTUM METROLOGY VIA QUANTUM ERROR MITIGATION.pdf,White,yes,yes,weak,noise-model-mention,72,"ting δp(λ ,t) m as a function of m, where the sensing time is equivalent for all m. Explicit expressions for δp are dependent upon the experiment and noise model. In the subsequent section, 53"
White - 2025 - MANAGING ERRORS IN QUANTUM METROLOGY VIA QUANTUM ERROR MITIGATION.pdf,White,yes,yes,weak,noise-model-mention,79,"eful in the absence of knowledge of the noise processes in the sensor, in the present theoretical study we are able to go further and incorporate the noise model directly into the protocols. This can be expected to further improve the performance of both the Ramsey and ZNE protocols, as the effect of noise on"
White - 2025 - MANAGING ERRORS IN QUANTUM METROLOGY VIA QUANTUM ERROR MITIGATION.pdf,White,yes,yes,weak,noise-model-mention,90,"comparable. This further highlights that the primary virtues of ZNE are its simplicity and applicability in the absence of detailed knowledge of the noise model for the system. Apart from the experimental demonstration of ZNE-enhanced DC magnetometry, future research directions include the analysis of ZNE app"
White - 2025 - MANAGING ERRORS IN QUANTUM METROLOGY VIA QUANTUM ERROR MITIGATION.pdf,White,yes,yes,weak,noise-model-mention,92,"ey. The rest of the chapter is organized as follows. In Section 4.2 we describe the setup of the Ramsey problem that we will consider, the associated noise model, and the ZNE and FFF tools that we make use of. In Section 4.3, we present the results of our simulations and provide explanations of them in terms o"
White - 2025 - MANAGING ERRORS IN QUANTUM METROLOGY VIA QUANTUM ERROR MITIGATION.pdf,White,yes,yes,weak,noise-model-mention,92,"e an outlook for future work. 4.2 Background In this section, we describe the basic components of the physical model that we study. This includes the noise model, the FFF, and concepts related to ZNE via unitary folding. 4.2.1 System Hamiltonian We consider a model of the form H(t) = H (t)+H (t)+H (t) (4.1) c"
White - 2025 - MANAGING ERRORS IN QUANTUM METROLOGY VIA QUANTUM ERROR MITIGATION.pdf,White,yes,yes,weak,noise-model-mention,95,our analysis to achieve the same qualitative results. Therefore we opt for the standard treatment in order to eliminate unnecessary complexity. 4.2.2 Noise Model In this section we describe the noise model for this chapter. 4.2.2.1 Correlated noise We consider correlated noise processes characterized by their
White - 2025 - MANAGING ERRORS IN QUANTUM METROLOGY VIA QUANTUM ERROR MITIGATION.pdf,White,yes,yes,weak,noise-model-mention,95,"results. Therefore we opt for the standard treatment in order to eliminate unnecessary complexity. 4.2.2 Noise Model In this section we describe the noise model for this chapter. 4.2.2.1 Correlated noise We consider correlated noise processes characterized by their power spectra. In partic- ular, we will cons"
White - 2025 - MANAGING ERRORS IN QUANTUM METROLOGY VIA QUANTUM ERROR MITIGATION.pdf,White,yes,yes,weak,error-model-mention,70,"nge our results. Noise is modeled by the standard phase and amplitude damping channels discussed in Chapter 3. Here, we will denote the phase damping error channel via EP and the amplitude damping channel via EA. We further denote the phase damping channel Kraus operators via EP(λ) and the amplitude damping chan"
White - 2025 - MANAGING ERRORS IN QUANTUM METROLOGY VIA QUANTUM ERROR MITIGATION.pdf,White,yes,yes,weak,error-model-mention,71,"error channel is given by the composition Eα = Eα ◦···◦Eα, with Eα denoting the 1:N N 1 i channel applied to the ith qubit. Below, each error model is independentl"
White - 2025 - MANAGING ERRORS IN QUANTUM METROLOGY VIA QUANTUM ERROR MITIGATION.pdf,White,yes,yes,weak,error-model-mention,71,"error channel is given by the composition Eα = Eα ◦···◦Eα, with Eα denoting the 1:N N 1 i channel applied to the ith qubit. Below, each error model is independently studied for Ramsey and various ZNE protocols. 3.2.3 Zero-Noise Extrapolation for DC Sensing ZNE aims to reduce noise biasing in expe"
White - 2025 - MANAGING ERRORS IN QUANTUM METROLOGY VIA QUANTUM ERROR MITIGATION.pdf,White,yes,yes,weak,error-model-mention,86,"ingle-qubit case. 3.4.1 Phase Damping First, we investigate faulty gates characterized by phase damping. Each gate is followed by local phase damping error channels that are only applied to the qubits activated during the preceding gate operation. As such, the GHZ state encoding and decoding circuits are subject"
White - 2025 - MANAGING ERRORS IN QUANTUM METROLOGY VIA QUANTUM ERROR MITIGATION.pdf,White,yes,yes,weak,error-model-mention,88,"8 qubits, respectively. Broadly, we find that amplitude damping is more detrimental to the GHZ Ramsey- based protocols than phase damping. The latter error channel remains diagonal in the GHZ subspace and only results in loss of coherence between the states |0···0⟩ and |1···1⟩. In contrast, amplitude damping ena"
White - 2025 - MANAGING ERRORS IN QUANTUM METROLOGY VIA QUANTUM ERROR MITIGATION.pdf,White,yes,yes,weak,noise-parameter,11,"ength. . . . . . . . . . . . . . . . . . . . . . . . . . . . . . . 48 Figure 3-2ZNE success probability ν as a function of (a) sensing time t and (b) noise strength λ, subject to phase damping noise, for unit B = 1. Each individual B estimate uses n = 104 shots, s and three levels of folding (m = 0,1,2) are used"
White - 2025 - MANAGING ERRORS IN QUANTUM METROLOGY VIA QUANTUM ERROR MITIGATION.pdf,White,yes,yes,weak,noise-parameter,12,"Figure 3-3ZNE extrapolation of the estimated B using a linear fit for (a) t = π/2; (b) t = π/4. The true value is B = 1, the phase damping noise strength is λ = 0.15, and the individual estimates at different noise scaling values η are obtained using n = 104 s shots each. . . . . . . . . . . . . . . ."
White - 2025 - MANAGING ERRORS IN QUANTUM METROLOGY VIA QUANTUM ERROR MITIGATION.pdf,White,yes,yes,weak,noise-parameter,12,"t except for weak fields. . . . . . . . . . . . . . . . . . . . . . . 61 Figure 3-7ZNE success probability as a function of (a) sensing time and (b) noise strength under amplitude damping noise, for unit B = 1. Each individual B estimate uses n = 104 shots, and three levels s of folding (m = 0,1,2) are used for"
White - 2025 - MANAGING ERRORS IN QUANTUM METROLOGY VIA QUANTUM ERROR MITIGATION.pdf,White,yes,yes,weak,noise-parameter,19,"while the solid line shows the analytical results. In the case of phase damping, a first-order average Liouvillian calculation is sufficient for the noise strength of λ = 0.05. In the case of amplitude damp- ing, the second-order average Liouvillian contributions must be considered for a noise strength of γ = 0."
White - 2025 - MANAGING ERRORS IN QUANTUM METROLOGY VIA QUANTUM ERROR MITIGATION.pdf,White,yes,yes,weak,noise-parameter,19,"t for the noise strength of λ = 0.05. In the case of amplitude damp- ing, the second-order average Liouvillian contributions must be considered for a noise strength of γ = 0.05. In both panels, B = 1 and T = π/10 have been chosen for illustrative purposes. Because the global folding procedure causes the sensing p"
White - 2025 - MANAGING ERRORS IN QUANTUM METROLOGY VIA QUANTUM ERROR MITIGATION.pdf,White,yes,yes,weak,noise-parameter,72,"3.2.3.2 Fitting Procedures Noise scaling in ZNE is typically performed on an ensemble of circuits, each at a different noise level. Measurement outcomes of the ensemble are used to estimate expectation values of a desired observable. The resulting estimates are then fit to a func"
White - 2025 - MANAGING ERRORS IN QUANTUM METROLOGY VIA QUANTUM ERROR MITIGATION.pdf,White,yes,yes,weak,noise-parameter,72,"e-agnostic and noise-informed fitting procedures. Noise agnostic approaches rely on fitting to the estimated magnetic field strength as a function of noise level. That is, we collect M estimates of the deviation in probability {δp(λ ,t),...,δp(λ ,t)} for different noise levels λ = (2m+1)λ. Note that we utilize"
White - 2025 - MANAGING ERRORS IN QUANTUM METROLOGY VIA QUANTUM ERROR MITIGATION.pdf,White,yes,yes,weak,noise-parameter,72,"ic field strength as a function of noise level. That is, we collect M estimates of the deviation in probability {δp(λ ,t),...,δp(λ ,t)} for different noise levels λ = (2m+1)λ. Note that we utilize 1 M m the noiseless expressions for δp(t) given in Sec. 3.2.1.1. The magnetic field strength is then estimated for"
White - 2025 - MANAGING ERRORS IN QUANTUM METROLOGY VIA QUANTUM ERROR MITIGATION.pdf,White,yes,yes,weak,noise-parameter,74,"ction of the sensing time t in Fig. 3-2(a). There is a striking dip in ν centered around t = π/2, such that ZNE fails regardless of the phase damping noise strength. In contrast, increasing the noise strength leads to better ZNE performance when operating away from t = π/2 [Fig. 3-2(b)]. The origin of this effect"
White - 2025 - MANAGING ERRORS IN QUANTUM METROLOGY VIA QUANTUM ERROR MITIGATION.pdf,White,yes,yes,weak,noise-parameter,74,"There is a striking dip in ν centered around t = π/2, such that ZNE fails regardless of the phase damping noise strength. In contrast, increasing the noise strength leads to better ZNE performance when operating away from t = π/2 [Fig. 3-2(b)]. The origin of this effect can be understood by looking at representat"
White - 2025 - MANAGING ERRORS IN QUANTUM METROLOGY VIA QUANTUM ERROR MITIGATION.pdf,White,yes,yes,weak,noise-parameter,74,"of true value of B = 1. On the other hand, when t = π/4 [Fig. 3-3(b)], there is a systematic overestimation of B, which becomes worse with increasing noise strength (similarly, t > π/2 leads to a systematic underestimation). Therefore, linear extrapolation tends to fail near the optimal t, while leading to improv"
White - 2025 - MANAGING ERRORS IN QUANTUM METROLOGY VIA QUANTUM ERROR MITIGATION.pdf,White,yes,yes,weak,noise-parameter,75,"0 (b) 0.8 t=0.25 0.375 0.6 0.5 0.4 0.2 0.0 0.00 0.05 0.10 0.15 0.20 Figure 3-2: ZNE success probability ν as a function of (a) sensing time t and (b) noise strength λ, subject to phase damping noise, for unit B = 1. Each individual B estimate uses n = 104 shots, and three levels of folding (m = 0,1,2) are used fo"
White - 2025 - MANAGING ERRORS IN QUANTUM METROLOGY VIA QUANTUM ERROR MITIGATION.pdf,White,yes,yes,weak,noise-parameter,76,"(a) (b) Figure 3-3: ZNE extrapolation of the estimated B using a linear fit for (a) t = π/2; (b) t = π/4. The true value is B = 1, the phase damping noise strength is λ = 0.15, and the individual estimates at different noise scaling values η are obtained using n = 104 shots each. s extrapolation. This indicates"
White - 2025 - MANAGING ERRORS IN QUANTUM METROLOGY VIA QUANTUM ERROR MITIGATION.pdf,White,yes,yes,weak,noise-parameter,80,"t = 1, n = 20000, n = 5000. The Ramsey protocol outperforms ZNE s t except for weak fields. detection for larger fields. For low fields and the same noise strength as in Fig. 3-4, the present two-parameter methods do not provide an advantage over the noise-agnostic approach used earlier, whereas at larger fields"
White - 2025 - MANAGING ERRORS IN QUANTUM METROLOGY VIA QUANTUM ERROR MITIGATION.pdf,White,yes,yes,weak,noise-parameter,81,"the functional forms of A(γ) and B(γ) can be found in Appendix A.3. In Fig. 3-8, we plot this expression for several values of m as a function of the noise strength. We use Bt = 1 and consider m = {0,1,2} foldings separately. It can be seen that higher levels of foldings produce a peak in p . This peak can be 1 6"
White - 2025 - MANAGING ERRORS IN QUANTUM METROLOGY VIA QUANTUM ERROR MITIGATION.pdf,White,yes,yes,weak,noise-parameter,82,".0 0 /2 t 1.0 t=0.25 (b) t=0.375 t=0.5 0.5 0.0 0.00 0.05 0.10 0.15 0.20 Figure 3-7: ZNE success probability as a function of (a) sensing time and (b) noise strength under amplitude damping noise, for unit B = 1. Each individual B estimate uses n = 104 shots, and three levels of folding (m = 0,1,2) are used for th"
White - 2025 - MANAGING ERRORS IN QUANTUM METROLOGY VIA QUANTUM ERROR MITIGATION.pdf,White,yes,yes,weak,noise-parameter,84,"approach to mitigated amplitude damping noise. Since there are other circumstances in which it is useful to learn more detailed information about the noise parameters of the system, it is worthwhile to consider whether this information could be used to increase the effectiveness of ZNE in mitigating this noise. 65"
White - 2025 - MANAGING ERRORS IN QUANTUM METROLOGY VIA QUANTUM ERROR MITIGATION.pdf,White,yes,yes,weak,noise-parameter,85,"es. Other parameters are γ = 0.01, t = 1, n = 5000. t In this case, we make use of Eq. (3.7) to perform a two-parameter fit for both the value of the noise strength γ and the best-estimated value of B. We once again consider n = 104 shots, with M = 3 as the maximum number of foldings. As before, s we compare ZNE"
White - 2025 - MANAGING ERRORS IN QUANTUM METROLOGY VIA QUANTUM ERROR MITIGATION.pdf,White,yes,yes,weak,noise-parameter,87,"ld strengths as the number of qubits increases. ZNE fitting procedures vary in performance depending upon the number of qubits due to the increase in noise strength. In the case of N = 4, the noise remains relatively weak such that the linear and exponential fits are nearly equivalent. Doubling the 68"
White - 2025 - MANAGING ERRORS IN QUANTUM METROLOGY VIA QUANTUM ERROR MITIGATION.pdf,White,yes,yes,weak,noise-parameter,90,"ained under amplitude damping noise, and for entangled GHZ states. In the noise-informed approach to ZNE, in which p is calculated as a function 1 of noise strength, we find that the ordinary Ramsey protocol generally outperforms ZNE, with the exception of the weak field limit under phase damping noise, for which"
White - 2025 - MANAGING ERRORS IN QUANTUM METROLOGY VIA QUANTUM ERROR MITIGATION.pdf,White,yes,yes,weak,noise-parameter,96,"Hamiltonian is the noise Hamiltonian H (t). We n consider two types of noise processes. One such process acts during the Y control ±π/2 pulses, with noise strength proportional to their amplitude (i.e., multiplicative control noise). The other consists of an additive dephasing term which does not commute with th"
White - 2025 - MANAGING ERRORS IN QUANTUM METROLOGY VIA QUANTUM ERROR MITIGATION.pdf,White,yes,yes,weak,noise-parameter,102,"the case of linear and quadratic fitting, Ramsey performs substantially better, while for the exponential fit, Ramsey is entirely better. For larger noise strengths, we note that linear and quadratic ZNE both have a range of σ values for which they outperform Ramsey, with the quadratic fit having a smaller regio"
White - 2025 - MANAGING ERRORS IN QUANTUM METROLOGY VIA QUANTUM ERROR MITIGATION.pdf,White,yes,yes,weak,noise-parameter,106,"in to outperform it for larger values. However, there is a band of under-performance that arises for very correlated noise and intermediate values of noise strength (in the case of linear and exponential fits) or high noise strength (for the quadratic fits). It is less clear why these large bands of poor performa"
White - 2025 - MANAGING ERRORS IN QUANTUM METROLOGY VIA QUANTUM ERROR MITIGATION.pdf,White,yes,yes,weak,noise-parameter,106,nder-performance that arises for very correlated noise and intermediate values of noise strength (in the case of linear and exponential fits) or high noise strength (for the quadratic fits). It is less clear why these large bands of poor performance exist; they most likely arise due to numerical coincidence assoc
White - 2025 - MANAGING ERRORS IN QUANTUM METROLOGY VIA QUANTUM ERROR MITIGATION.pdf,White,yes,yes,weak,noise-parameter,144,"while the solid line shows the analytical results. In the case of phase damping, a first-order average Liouvillian calculation is sufficient for the noise strength of λ = 0.05. In the case of amplitude damping, the second-order average Liouvillian contributions must be considered for a noise strength of γ = 0.05"
White - 2025 - MANAGING ERRORS IN QUANTUM METROLOGY VIA QUANTUM ERROR MITIGATION.pdf,White,yes,yes,weak,noise-parameter,144,"ent for the noise strength of λ = 0.05. In the case of amplitude damping, the second-order average Liouvillian contributions must be considered for a noise strength of γ = 0.05. In both panels, B = 1 and T = π/10 have been chosen for illustrative purposes. Because the global folding procedure causes the sensing p"
White - 2025 - MANAGING ERRORS IN QUANTUM METROLOGY VIA QUANTUM ERROR MITIGATION.pdf,White,yes,yes,weak,gate-error,130,f single atoms to Rydberg states.” In: Phys. Rev. A 97.053803 (2019). doi: 10.1103 /PhysRevA.97.053803. [146] X. Jiang et al. “Sensitivity of quantum gate fidelity to laser phase and intensity noise.” In: Phys. Rev. A 107.042611 (2023). doi: 10.1103/PhysRevA.107.042611. [147] Adam L. Shaw et al. “Benchmarking hi
Wu et al. - 2022 - Erasure conversion for fault-tolerant quantum computing in alkaline earth Rydberg atom arrays.pdf,Wu et al.,yes,yes,strong,depolarizing,1,"sical qubit While many codes have been studied in the context of the operations make errors unavoidable in any quantum computation. abstract model of depolarizing noise arising from the action of Quantumerrorcorrection2–4allowsmultiplephysicalqubitstorepre- randomPaulioperatorsonthequbit,therealisticerrormodelfor sen"
Wu et al. - 2022 - Erasure conversion for fault-tolerant quantum computing in alkaline earth Rydberg atom arrays.pdf,Wu et al.,yes,yes,strong,Pauli-channel,3,"we present the simulation results for R =0 and R = e e (subspaceBinFig.1c).Astheionscanberemovedaftereacherasure 0.98. The former corresponds to pure Paulierrors, while the latter detection round with a smallelectric field, this approach also elim- correspondstotheleveloferasureconversionanticipatedin171Yb.Th"
Wu et al. - 2022 - Erasure conversion for fault-tolerant quantum computing in alkaline earth Rydberg atom arrays.pdf,Wu et al.,yes,yes,strong,Pauli-channel,4,"einFig.4.Forverysmallp,theexponentwilleventually e of the surface code performance with mixed erasure and Pauli returntoν ,asthelowestweightfailure(ν Paulierrors)willbecome p p errors20,48,51. dominant.Theonsetofthisbehaviorisbarelyvisibleford=5inFig.3a. Inadditiontoincreasingthethreshold,thehighfractionofera"
Wu et al. - 2022 - Erasure conversion for fault-tolerant quantum computing in alkaline earth Rydberg atom arrays.pdf,Wu et al.,yes,yes,strong,Pauli-channel,4,",orfivelogicalqubitswithd=5. threshold).ForR =0.98,ν=4.35(2).Achievingthisexponentwithpure Whileweanalyzethesurfacecodeinthisworkbecauseoftheavail- e Paulierrorswouldrequired=7,usingnearlytwiceasmanyqubitsas abilityofsimple,accuratedecoders,weexpecterasureconversionto NatureCommunications|( 2022)1 3:4657 4"
Wu et al. - 2022 - Erasure conversion for fault-tolerant quantum computing in alkaline earth Rydberg atom arrays.pdf,Wu et al.,yes,yes,strong,Pauli-channel,5,"wever,withveryeffi- Ancillainitialization(measurement)arehandledinasimilarway, cienterasureconversionfortwo-qubitgateerrors,theeffectofsingle- with a Pauli error following (preceding) a perfect operation, with qubiterrors,initializationandmeasurementerrors,andatomlossmay probabilityp (p =0inFigs.3and4,butresul"
Wu et al. - 2022 - Erasure conversion for fault-tolerant quantum computing in alkaline earth Rydberg atom arrays.pdf,Wu et al.,yes,yes,strong,Pauli-channel,5,"top/η13.FortheCZgateweusep =p, =pwiththeprobabilityof 0 ZI pIZ glinggatefidelitiesandasuppressionoftechnicalnoise.Wenotethat other non-pure-dephasing Pauli errorsset to p/η. For the threshold the highest reported Rydberg entanglement fidelity was achieved quotedinthemaintextnosingle-qubitpreparationandmeasurem"
Wu et al. - 2022 - Erasure conversion for fault-tolerant quantum computing in alkaline earth Rydberg atom arrays.pdf,Wu et al.,yes,yes,weak,error-model-mention,5,"adegateshavewell- qubitsarere-initializedinacompletelymixedstatewhichismodeled definedbehaviorwithregardtolostatoms(i.e.,thelostatomsactasif using an error channel (IρI+XρX+YρY+ZρZ)/4 on each qubit. We theyarein∣0i),theseeventscanbehandledfault-tolerantlywithno choosethismodelforsimplicity,butintheexperiment,bet"
Wu et al. - 2022 - Erasure conversion for fault-tolerant quantum computing in alkaline earth Rydberg atom arrays.pdf,Wu et al.,yes,yes,weak,gate-error,3,"easurementsanddecodingareequivalenttoadepolarizing onclosedcyclingtransitionsthatdonotdisturbatomsinQ.Popula- error). We do not consider single-qubit gate errors or ancilla initi- tioninthe1S levelcanbeefficientlydetectedusingfluorescenceon alizationormeasurementerrorsatthisstage. 0 the1P transitionat399nm39,"
Younis et al. - 2024 - Progress and Challenges in Quantum Computing Algorithms for NP-Hard Problems.pdf,Younis et al.,na,partial,weak,error-model-mention,4,"id:3407)𝜏 for large 𝑠. where ℎ𝑖𝑗 are the problem-specific coefficients, and 𝜎(cid:3548)𝑖 are (cid:3002) the Pauli matrices. E. Error Analysis Quantum Error Model: Adopt a quantum error model 𝜀(cid:4666)𝜌,𝜖(cid:4667), where 𝜌 is the quantum state and 𝜖 represents the error I. Quantum Approximate Optimization Al"
Younis et al. - 2024 - Progress and Challenges in Quantum Computing Algorithms for NP-Hard Problems.pdf,Younis et al.,na,partial,weak,error-model-mention,4,"ℎ𝑖𝑗 are the problem-specific coefficients, and 𝜎(cid:3548)𝑖 are (cid:3002) the Pauli matrices. E. Error Analysis Quantum Error Model: Adopt a quantum error model 𝜀(cid:4666)𝜌,𝜖(cid:4667), where 𝜌 is the quantum state and 𝜖 represents the error I. Quantum Approximate Optimization Algorithm (QAOA) rates. Evaluat"
Younis et al. - 2024 - Progress and Challenges in Quantum Computing Algorithms for NP-Hard Problems.pdf,Younis et al.,na,partial,weak,gate-error,3,"(cid:4667), where 𝑞 is the qubit count, 𝑐 represents qubit on superconducting qubits [13]. This research contributes to the connectivity, 𝑓 indicates gate fidelity. field of quantum computing by showcasing the versatility of quantum circuits in addressing many problem domains, hence Ensure that each algorithm 𝐴"
Zhang et al. - 2025 - Demonstrating quantum error mitigation on logical qubits.pdf,Zhang et al.,yes,yes,strong,depolarizing,6,"tly improves both the unmitigated present numerical simulations based on the single-qubit I and mitigated results (Fig. 3e–f). RTemarkably, these en- depolarizing model, where the depolarizing rate is cali- hancementsareachievedwhilethesamplingoverheadre- brated by matching the fidelity of the prepared logical R main"
Zhang et al. - 2025 - Demonstrating quantum error mitigation on logical qubits.pdf,Zhang et al.,yes,yes,strong,Pauli-channel,5,"as the code distance and L ideal this value. For illustrative purpose, we experimentally parity-check rounds increase, the performance of ZNE inject Pauli errors during the operational stage with the remains nearly unchanged; notice that multi-round par- unit probability set at p = 3.6%, as done in the previ-"
Zhang et al. - 2025 - Demonstrating quantum error mitigation on logical qubits.pdf,Zhang et al.,yes,yes,strong,Pauli-channel,8,rom the corre- Error rate sponding author. FIG. 5. Cumulative distributions of operation er- ror rates measured on Processor I and Processor II. Red: Pauli errors for simultaneous single-qubit gates. Black: Pauli errors for simultaneous CZ gates. Blue: average iden- ∗ These authors contributed equally. tificat
Zhang et al. - 2025 - Demonstrating quantum error mitigation on logical qubits.pdf,Zhang et al.,yes,yes,strong,Pauli-channel,8,tive distributions of operation er- ror rates measured on Processor I and Processor II. Red: Pauli errors for simultaneous single-qubit gates. Black: Pauli errors for simultaneous CZ gates. Blue: average iden- ∗ These authors contributed equally. tificationerrorsformeasurementwhereadditionalmicrowave † pfzhang
Zhang et al. - 2025 - Demonstrating quantum error mitigation on logical qubits.pdf,Zhang et al.,yes,yes,weak,noise-model-mention,6,"ilethesamplingoverheadre- brated by matching the fidelity of the prepared logical R mains nearly unchanged. state, |0 ⟩. As shown in Figs. 4b-c, this noise model L A agrees well with the experimental data, regardless of the Surface code experiment. As a final experiment, we initial states. Detailed results for"
Zhang et al. - 2025 - Demonstrating quantum error mitigation on logical qubits.pdf,Zhang et al.,yes,yes,weak,noisy-device-mention,8,"ereliablequantumcomputingonhardwarethat only permits limited error correction capabilities, mark- ingapivotalsteptowardlarge-scalequantumcomputing on noisy devices. IV. METHODS Device performance. Two quantum processors, namedProcessorIandProcessorII,areusedinthiswork for experiments of repetition code and surf"
Zhang et al. - 2025 - Demonstrating quantum error mitigation on logical qubits.pdf,Zhang et al.,yes,yes,weak,noise-parameter,2,"uits on superconducting processors. By amplifying the noise on phySsical qubits, the circuits yield outcomes that exhibit a predictable dependence on noise strength, following a polynomial function S determined by the code distance. This property enables the effective application of polynomial ex- trapolationtomi"
Zhang et al. - 2025 - Demonstrating quantum error mitigation on logical qubits.pdf,Zhang et al.,yes,yes,weak,noise-parameter,3,"um computing technologies. II. RESULTS The essential assumption made in ZNE is that the ex- pected value of an observable is a function ⟨O⟩(r) of the noise strength r, and this function can be fitted well by simple functions such as polynomials. This assump- tionholdsinNISQcircuits,whichhasbeenillustratedin many"
Zhang et al. - 2025 - Demonstrating quantum error mitigation on logical qubits.pdf,Zhang et al.,yes,yes,weak,noise-parameter,3,"ysical oper- ationsRor those causing most errors to mitigate correspond- ing imperfections. The expectation value of an observable OPchanges with the noise strength r, as shown by the three curves (gold: physical qubit; sky blue: low-distance logical Nqubit; purple: high-distance logical qubit). To implement a Kt"
Zhang et al. - 2025 - Demonstrating quantum error mitigation on logical qubits.pdf,Zhang et al.,yes,yes,weak,noise-parameter,3,"high-distance logical qubit). To implement a Kth-orderZNE,weamplifythenoiseinthecircuitandmea- I sure the observable expectation ⟨O⟩ at K+1 different noise strengths r ,r ,...,r (K = 1 in the figure). We always E 0 1 K taker =1correspondingtotherawnoisewithoutamplifica- 0 L tion. Schematicsalongsidethecurvesshowt"
Zhang et al. - 2025 - Demonstrating quantum error mitigation on logical qubits.pdf,Zhang et al.,yes,yes,weak,noise-parameter,4,"onto the syndrome qubits (Q and 0 0 1 parametrized by θ , all gradually approach zero as the Q ), followedbyoperationsforalgorithmicpurpose, and 0 3 noise strength r increases. In comparison, the data us- the next 4 CNOT gates serve to decode and identify the ing processed bit strings with error correction indic"
Zhang et al. - 2025 - Demonstrating quantum error mitigation on logical qubits.pdf,Zhang et al.,yes,yes,weak,noise-parameter,5,"error we apply ZNE to the results. Specifically, we select at r = 0 is comparable to the case without error correc- K +1 data points corresponding to noise strengths r = tion. Next, we resort to fault-tolerant circuits of repeti- r ,r ,··· ,r and perform polynomial extrapolation to 0 1 K tion and surface codes, w"
Zhang et al. - 2025 - Demonstrating quantum error mitigation on logical qubits.pdf,Zhang et al.,yes,yes,weak,gate-error,10,", Q. Guo, [30] A. He, B. Nachman, W. A. de Jong, and C. W. Bauer, C.Song,H.Wang,andD.-L.Deng,Digitalsimulationof Zero-noise extrapolation for quantum-gate error mitiga- projective non-abelian anyons with 68 superconducting tion with identity insertions, Phys. Rev. A 102, 012426 qubits, Chin. Phys. Lett. 40, 0"
Zheng et al. - 2023 - A Bayesian Approach for Characterizing and Mitigating Gate and Measurement Errors.pdf,Zheng et al.,yes,partial,weak,noise-model-mention,6,"ABayesianApproachforCharacterizingandMitigatingGateandMeasurementErrors 11:5 Fig. 2. Circuit illustration of a bit-flip noise model and its restricted equivalence under commutativity assumption. Sincex ands arebinarybits,therearefourpossiblecases: i i • s i =0,x i =0,then(1−ϵ д )("
Zheng et al. - 2023 - A Bayesian Approach for Characterizing and Mitigating Gate and Measurement Errors.pdf,Zheng et al.,yes,partial,weak,noise-model-mention,20,"it-fliperrorisassociated withtheratesofothertypesoferrors[21,p.379].Thus,theinferenceofbit-fliperrorratescould provide a connection to a more general noise model. We propose to use Bayesian approaches to infer parameters in the error models to characterize the propagation of the device noise in QCalgorithmsmor"
Zheng et al. - 2023 - A Bayesian Approach for Characterizing and Mitigating Gate and Measurement Errors.pdf,Zheng et al.,yes,partial,weak,error-model-mention,3,"tigationasastochasticinverse problem,weadoptanewBayesianalgorithmfrom[6]toconstructthedistributionsofmodelpa- rameters and use corresponding backward error models to filter errors from the outcomes of a quantum device. Note that our framework does not rely on the specific knowledge of the prob- lemsthatquantum"
Zheng et al. - 2023 - A Bayesian Approach for Characterizing and Mitigating Gate and Measurement Errors.pdf,Zheng et al.,yes,partial,weak,error-model-mention,5,11:4 M.Zhengetal. Fig. 1. Single bit-flip error model. U is a noisy-free gate and Xϵд represents a bit-flip error with probabilityϵд. approximation: r ∗ := argmin (cid:8)Ar −r˜(cid:8) . (3) (cid:5) 2 i 2
Zheng et al. - 2023 - A Bayesian Approach for Characterizing and Mitigating Gate and Measurement Errors.pdf,Zheng et al.,yes,partial,weak,error-model-mention,8,"anbesimplifiedas 2 ρˆ ∗ := argmin (cid:8)Gρˆ−ρ˜(cid:8) . 2 (11) ρˆ1 = 2 1,− 2 1≤ρˆ2 ≤1 2 3 ESTIMATINGDISTRIBUTIONSOFNOISEPARAMETERS The bit-flip gate error model in Equation (6) and the measurement error model in Equation (2) togetherprovideusforwardmodelstopropagatenoiseinQCalgorithms.Basedontheseforward mode"
Zheng et al. - 2023 - A Bayesian Approach for Characterizing and Mitigating Gate and Measurement Errors.pdf,Zheng et al.,yes,partial,weak,error-model-mention,8,"cid:8) . 2 (11) ρˆ1 = 2 1,− 2 1≤ρˆ2 ≤1 2 3 ESTIMATINGDISTRIBUTIONSOFNOISEPARAMETERS The bit-flip gate error model in Equation (6) and the measurement error model in Equation (2) togetherprovideusforwardmodelstopropagatenoiseinQCalgorithms.Basedontheseforward modelsandmeasurementresultsfromaQCdevice,wecanfilter"
Zheng et al. - 2023 - A Bayesian Approach for Characterizing and Mitigating Gate and Measurement Errors.pdf,Zheng et al.,yes,partial,weak,error-model-mention,11,"iswork,weusetheRStanpackageinR[24,27]toimplementthestandardBayesianinference, whichissummarizedinAlgorithm2. 4 EXPERIMENTS Because using our bit-flip error model only is not sufficient for analyzing gate errors in a com- plicatedalgorithmlikeGrover’ssearchorQAOA,theinferenceforgateerrorsisperformedfora fewprot"
Zheng et al. - 2023 - A Bayesian Approach for Characterizing and Mitigating Gate and Measurement Errors.pdf,Zheng et al.,yes,partial,weak,error-model-mention,13,"the testing circuit showninFigure4.Here,(1−ϵm0,i,1−ϵm1,i)areshownfordemonstrationpurposes. 4.1.2 Application on State Tomography. After obtaining the error model parameters, we can furtherusethismodeltomitigatethemeasurementerrorsinothercircuits.Wefirstapplyerror filterstotheresultsofstatetomographyoncircuitst"
Zheng et al. - 2023 - A Bayesian Approach for Characterizing and Mitigating Gate and Measurement Errors.pdf,Zheng et al.,yes,partial,weak,error-model-mention,20,ferenceofbit-fliperrorratescould provide a connection to a more general noise model. We propose to use Bayesian approaches to infer parameters in the error models to characterize the propagation of the device noise in QCalgorithmsmoreeffectively.TheexperimentsinSection4demonstratethatourmethodology outperforms
Zheng et al. - 2023 - A Bayesian Approach for Characterizing and Mitigating Gate and Measurement Errors.pdf,Zheng et al.,yes,partial,weak,error-model-mention,20,"linearorconstanttothenumberofqubits.TheconsistentBayesian approach is, in general, better than the standard Bayesian. These results indicate that our error modelscancharacterizethedevicenoisequitewell,andtheyhelptounderstandthepropagation ofsuchnoiseinQCalgorithms. Therearestillseverallimitationsinourmethodolo"
Zheng et al. - 2023 - A Bayesian Approach for Characterizing and Mitigating Gate and Measurement Errors.pdf,Zheng et al.,yes,partial,weak,noise-parameter,10,"πD Q(prior)(Q(λk)) ifη >ζ then k k Acceptλ ; k else Rejectλ ; k endif endfor outputAcceptednoiseparameterλ s. k accepted prior λ s are the posterior noise parameters that we are looking for. The distribution j πobs is the observed probability of measuring |0(cid:3), i.e., Gaussian KDE of data. The algorithm is D"
Zheng et al. - 2023 - A Bayesian Approach for Characterizing and Mitigating Gate and Measurement Errors.pdf,Zheng et al.,yes,partial,weak,gate-error,3,"e- error scenario. In Section 3, we introduce the use of the Bayesian algorithm in [6] to infer the distributionsof parametersof measurement errorand gate errormodels. Then, we demonstrate thecreationofourerrorfilteronIBM’squantumdeviceibmqx2(Yorktown)andapplyourfilter together with other existing error mitig"
Zheng et al. - 2023 - A Bayesian Approach for Characterizing and Mitigating Gate and Measurement Errors.pdf,Zheng et al.,yes,partial,weak,gate-error,8,"n(9)canbesimplifiedas 2 ρˆ ∗ := argmin (cid:8)Gρˆ−ρ˜(cid:8) . 2 (11) ρˆ1 = 2 1,− 2 1≤ρˆ2 ≤1 2 3 ESTIMATINGDISTRIBUTIONSOFNOISEPARAMETERS The bit-flip gate error model in Equation (6) and the measurement error model in Equation (2) togetherprovideusforwardmodelstopropagatenoiseinQCalgorithms.Basedontheseforwar"
Zheng et al. - 2023 - A Bayesian Approach for Characterizing and Mitigating Gate and Measurement Errors.pdf,Zheng et al.,yes,partial,weak,gate-error,8,"pagatenoiseinQCalgorithms.Basedontheseforward modelsandmeasurementresultsfromaQCdevice,wecanfilteroutmeasurementerrorsand,in some scenarios, bit-flip gate errors to recover noise-free information. Here, a critical step is to identifymodelparametersϵ ,ϵ ,andϵ usingrepeatedmeasurementsofatestingcircuit.The д m0"
Zheng et al. - 2023 - A Bayesian Approach for Characterizing and Mitigating Gate and Measurement Errors.pdf,Zheng et al.,yes,partial,weak,gate-error,9,"t errorsϵ andϵ . Letλ := (ϵ ,ϵ ,ϵ ) m0 m1 д m0 m1 bethetupleofnoiseparametersthatwewanttoinfer.NotethatifU˜ isagateliketheHadamard gate, the bit-flip gate error in theory will not affect the measurement outcome for the testing circuit, which means we only need to infer ϵ and ϵ in this case. In terms of measur"
Zheng et al. - 2023 - A Bayesian Approach for Characterizing and Mitigating Gate and Measurement Errors.pdf,Zheng et al.,yes,partial,weak,gate-error,11,"hestandardBayesianinference, whichissummarizedinAlgorithm2. 4 EXPERIMENTS Because using our bit-flip error model only is not sufficient for analyzing gate errors in a com- plicatedalgorithmlikeGrover’ssearchorQAOA,theinferenceforgateerrorsisperformedfora fewprototypecircuits.Formoresophisticatedalgorithms,weo"
Zheng et al. - 2023 - A Bayesian Approach for Characterizing and Mitigating Gate and Measurement Errors.pdf,Zheng et al.,yes,partial,weak,gate-error,11,"ip and phase-flip errors. Consequently, in this case, only the measurement error affects the distribution of measurement outputs, and we do not infer gate error rateϵ . The testing circuit д ACMTransactionsonQuantumComputing,Vol.4,No.2,Article11.Publicationdate:February2023."
van den Berg et al. - 2022 - Model-free readout-error mitigation for quantum expectation values.pdf,van den Berg et al. (2022),yes,yes,strong,twirling,3,"3 the noise map A. Using the latter view, we can define A. Alternative derivation the twirled noise map A(cid:63) as As an alternative derivation, consider the super- A(cid:63) := 1 (cid:88) X AX† = 1 (cid:88)(cid:88) A X |a(cid:105)(cid:104)b|X† op"
van den Berg et al. - 2022 - Model-free readout-error mitigation for quantum expectation values.pdf,van den Berg et al. (2022),yes,yes,weak,error-model-mention,5,"dout transition matrix for Pauli-Z operators. It is easily seen that M−1 = HA−1H−1 whenever the in- verse of A exists. For convex combinations of two error channels, namely A = µA +(1−µ)A with µ ∈ [0,1], D. Practical considerations 1 2 we have M =µM +(1−µ)M . This straightforwardly 1 2 generalizes to the convex"
van den Berg et al. - 2022 - Model-free readout-error mitigation for quantum expectation values.pdf,van den Berg et al. (2022),yes,yes,weak,noise-parameter,1,"lassical post processing. In the absence of surement noise and does not make assumptions on the readout errors, the measurement output of n qubits is noise strength. In fact, the method only makes the as- fully described by a probability distribution p over the sumption that the circuit can be initialized in the"
van den Berg et al. - 2022 - Model-free readout-error mitigation for quantum expectation values.pdf,van den Berg et al. (2022),yes,yes,weak,noise-parameter,2,"d for the estimation of error-mitigated aver- |D| s,q ages. (q,x)∈D where γ has the value 1 if Paulis P and P commute a,b a b pends on the underlying noise strength and analyze the and the value −1 otherwise (these sign changes with requirednumberofmeasurementsamplestoattainade- respect can be omitted if we flip"
van den Berg et al. - 2023 - Probabilistic error cancellation with sparse Pauli–Lindblad models on noisy quantum processors.pdf,van den Berg et al. (2023),yes,yes,strong,depolarizing,24,"Scaling of (a) the sampling overhead factor γ =(γ γ )2 for the Ising simulations discussed in the main text, in case 1 2 each cx gate is affected by depolarizing noise with fidelity f. Plot (b) shows the relative number of circuit instances needed for n=50 to achieve a similar variance in estimates. Slight improveme"
van den Berg et al. - 2023 - Probabilistic error cancellation with sparse Pauli–Lindblad models on noisy quantum processors.pdf,van den Berg et al. (2023),yes,yes,strong,Pauli-channel,1,"ors still limit the depth of quantum circuits Λ isspecifictothegatesinlayeriandisassumedtobea i and reduce the accuracy of measured observables. Nev- Paulichannel. Ifneeded,thiscanbeensuredusingPauli ertheless, there is a growing number of quantum appli- twirling [22–26], as illustrated in Figs. 1b and 1c for a"
van den Berg et al. - 2023 - Probabilistic error cancellation with sparse Pauli–Lindblad models on noisy quantum processors.pdf,van den Berg et al. (2023),yes,yes,strong,Pauli-channel,1,"tocol implements this linear combination on average Pauli-Lindbladnoisemodel Wemodelagivenn-qubit bypromotingittoaquasi-probabilitydistribution. Sam- Pauli noise channel Λ that arises from a sparse set of plingthedistributiongeneratesphysicalcircuitinstances local interactions, according to a Lindblad Master e"
van den Berg et al. - 2023 - Probabilistic error cancellation with sparse Pauli–Lindblad models on noisy quantum processors.pdf,van den Berg et al. (2023),yes,yes,strong,Pauli-channel,6,"h quantum- [25] Geller,M.R.&Zhou,Z. Efficienterrormodelsforfault- enhanced feature spaces. Nature 567, 209–212 (2019). tolerant architectures and the Pauli twirling approxima- [8] Schuld, M. & Killoran, N. Quantum machine learning tion. Physical Review A 88, 012314 (2013). in feature Hilbert spaces. Physical r"
van den Berg et al. - 2023 - Probabilistic error cancellation with sparse Pauli–Lindblad models on noisy quantum processors.pdf,van den Berg et al. (2023),yes,yes,strong,Pauli-channel,6,"S. C. Efficient variational quantum [28] Flammia, S. T. & Wallman, J. J. Efficient estimation of simulatorincorporatingactiveerrorminimization. Phys. Pauli channels. ACM Transactions on Quantum Com- Rev. X 7, 021050 (2017). puting 1 (2020). [11] Kandala, A. et al. Error mitigation extends the compu- [29] Erhard,"
van den Berg et al. - 2023 - Probabilistic error cancellation with sparse Pauli–Lindblad models on noisy quantum processors.pdf,van den Berg et al. (2023),yes,yes,strong,Pauli-channel,7,"7 [38] Cai, Z. & Benjamin, S. C. Constructing smaller Pauli twirling sets for arbitrary error channels. Scientific re- ports 9, 1–11 (2019). [39] Bravyi, S. & Maslov, D. Hadamard-free circuits expose the structure o"
van den Berg et al. - 2023 - Probabilistic error cancellation with sparse Pauli–Lindblad models on noisy quantum processors.pdf,van den Berg et al. (2023),yes,yes,strong,Pauli-channel,8,e layer of gates • Generate multiple circuit instances with each layer preceded by a Pauli sampled from the quasi-probability distribution and with a Pauli twirled instance of the layer • Estimate the expectation of the observables of interest and scale by γ Note: for layers of two-qubit gates there are two li
van den Berg et al. - 2023 - Probabilistic error cancellation with sparse Pauli–Lindblad models on noisy quantum processors.pdf,van den Berg et al. (2023),yes,yes,strong,Pauli-channel,9,"(·)=E i (cid:2) P i†Λ˜(P i†·P i )P i† (cid:3) , (S1) with a diagonal transfer matrix T [a,b] = δ T [a,b]. The averaging operation in (S1) is called a Pauli twirl. In Λ a,b Λ˜ addition to a much more compact representation, this transfer matrix is also easily inverted. The quantities on the (cid:104) (cid:105)"
van den Berg et al. - 2023 - Probabilistic error cancellation with sparse Pauli–Lindblad models on noisy quantum processors.pdf,van den Berg et al. (2023),yes,yes,strong,Pauli-channel,9,"s sp a b [P ,P ]=P P −P P =0), andoneotherwise. Thesecoefficientsallowustothenrewritethenoiseoperatorapplied a b a b b a to the density matrix ρ as a Pauli channel: (cid:88) Λ(ρ)= c i P i ρP i†, (S3) i (cid:80) where the vector c = [c ] of all coefficients represents a distribution: c ≥ 0 and c = 1. The Pauli tw"
van den Berg et al. - 2023 - Probabilistic error cancellation with sparse Pauli–Lindblad models on noisy quantum processors.pdf,van den Berg et al. (2023),yes,yes,strong,Pauli-channel,9,"channel: (cid:88) Λ(ρ)= c i P i ρP i†, (S3) i (cid:80) where the vector c = [c ] of all coefficients represents a distribution: c ≥ 0 and c = 1. The Pauli twirl can i i i i be approximated by generating multiple instances of the appropriate quantum circuit, each with a Pauli term P a sampled uniformly at rand"
van den Berg et al. - 2023 - Probabilistic error cancellation with sparse Pauli–Lindblad models on noisy quantum processors.pdf,van den Berg et al. (2023),yes,yes,strong,Pauli-channel,9,"hen U is a Clifford operator, it is well known that the conjugation of one Pauli operator results in another Pauli, namely UP U = P . That means that Pauli twirling for Clifford operators U can be conveniently implemented a † aU by sampling a random P term and applying this terms and its conjugate under U to t"
van den Berg et al. - 2023 - Probabilistic error cancellation with sparse Pauli–Lindblad models on noisy quantum processors.pdf,van den Berg et al. (2023),yes,yes,strong,Pauli-channel,9,ecanbecombinedwiththerespective single-qubit gate of operators P or P . This can reduce or even completely eliminate the circuit overhead of the a aU Pauli twirl.
van den Berg et al. - 2023 - Probabilistic error cancellation with sparse Pauli–Lindblad models on noisy quantum processors.pdf,van den Berg et al. (2023),yes,yes,strong,Pauli-channel,10,"emented on the quantum hardware. i i However, weareintheparticularsituationthatournoisyoperationsforeachlayerareexactlyoftheformU˜ =U◦Λ, where Λ is a Pauli channel. In particular, as explained in the previous section, the general procedure considered in [9, 12] can be reduced to this special case after Pauli twi"
van den Berg et al. - 2023 - Probabilistic error cancellation with sparse Pauli–Lindblad models on noisy quantum processors.pdf,van den Berg et al. (2023),yes,yes,strong,Pauli-channel,10,"i channel. In particular, as explained in the previous section, the general procedure considered in [9, 12] can be reduced to this special case after Pauli twirls have been applied. We are then in the setting where it is sufficient to only focus on the noise of the Pauli noise channel Λ and implement its inver"
van den Berg et al. - 2023 - Probabilistic error cancellation with sparse Pauli–Lindblad models on noisy quantum processors.pdf,van den Berg et al. (2023),yes,yes,strong,Pauli-channel,10,educed to this special case after Pauli twirls have been applied. We are then in the setting where it is sufficient to only focus on the noise of the Pauli noise channel Λ and implement its inverse Λ 1 in experiment. − When represented as the diagonal Pauli transfer matrix T it is clear that the inverse should
van den Berg et al. - 2023 - Probabilistic error cancellation with sparse Pauli–Lindblad models on noisy quantum processors.pdf,van den Berg et al. (2023),yes,yes,strong,Pauli-channel,10,"diagonal matrix with the inverse fidelities on the diagonal. If then follows from the Walsh-Hadamard transform in (S2), that we would like to have a Pauli channel with coefficients 1 (cid:88) 1 ci b nv = 2n (−1) (cid:104) a,b (cid:105)sp f . a a However, except for the case where all fidelities are one, the res"
van den Berg et al. - 2023 - Probabilistic error cancellation with sparse Pauli–Lindblad models on noisy quantum processors.pdf,van den Berg et al. (2023),yes,yes,strong,Pauli-channel,10,"xcept for the case where all fidelities are one, the resulting coefficients will contain negative values, and therefore does not represent a physical Pauli channel. The method proposed in [9] addresses this as follows. We can first rewrite the desired channel as (cid:88) (cid:88) (cid:88) ci i nvP i ρP i† = sgn("
van den Berg et al. - 2023 - Probabilistic error cancellation with sparse Pauli–Lindblad models on noisy quantum processors.pdf,van den Berg et al. (2023),yes,yes,strong,Pauli-channel,11,oise model we consider contains no internal Hamiltonian dynamics and we therefore do not √ consider a Hamiltonian contribution. We want to generate a Pauli channel and therefore take A = λ P for a set k k k of Pauli operators {P } we enumerate with an index set K: k k ∈K (cid:88) L(ρ)= λ (P ρP −ρ). (S4) k k k k
van den Berg et al. - 2023 - Probabilistic error cancellation with sparse Pauli–Lindblad models on noisy quantum processors.pdf,van den Berg et al. (2023),yes,yes,strong,Pauli-channel,11,"that (P ⊗PT)(Q⊗QT)=(PQ⊗(QP)T)=((±PQ)⊗(±(PQ)T)=(QP ⊗(PQ)T)=(Q⊗QT)(P ⊗PT). This shows that the terms in (S6) commute, and also expresses the fact that Pauli channels commute. Given the commutativity of the terms, we can write the time-evolution operator as vec[Λ]= (cid:89) e − λkeλkPk⊗ P k T (S7) k Exponentiation"
van den Berg et al. - 2023 - Probabilistic error cancellation with sparse Pauli–Lindblad models on noisy quantum processors.pdf,van den Berg et al. (2023),yes,yes,strong,Pauli-channel,12,") are all nonnegative, k andthatthefidelityfortheidentityoperatorisalwaysone,sinceallPaulitermscommutewiththeidentity. Itfollows that (S9) is a valid Pauli channel for all λ≥0. A. Channel operations The Lindbladian noise channel in (S9) has some useful properties. First, changing the evolution time amounts to sc"
van den Berg et al. - 2023 - Probabilistic error cancellation with sparse Pauli–Lindblad models on noisy quantum processors.pdf,van den Berg et al. (2023),yes,yes,strong,Pauli-channel,12,"to scaling λ. Second, given two separate noise channels with parameters λ and λ , it follows from multiplicativity of 1 2 fidelities under successive Pauli channels that −log(f f )/2=−log(f )/2−log(f )/2=Mλ +Mλ =M(λ +λ ), 1 2 1 2 1 2 1 2 which shows that combination of channels amounts to addition of the coeffic"
van den Berg et al. - 2023 - Probabilistic error cancellation with sparse Pauli–Lindblad models on noisy quantum processors.pdf,van den Berg et al. (2023),yes,yes,strong,Pauli-channel,13,"ases. Each cycle consists of the noise channel Λˆ conjugated by random Pauli terms P . When averaged over all possible Pauli terms, this implements a Pauli twirl of the noise i,j channelΛ˜,resultinginaPaulichannelΛ,whichhasadiagonalPauli-transfermatrixwithfidelityf forPauliP . The i i finalgatesR aresampleduni"
van den Berg et al. - 2023 - Probabilistic error cancellation with sparse Pauli–Lindblad models on noisy quantum processors.pdf,van den Berg et al. (2023),yes,yes,strong,Pauli-channel,18,"y the ideal Clifford operator associated with the layer, up to a global phase. Learning procedures of noise in such circuit families for more general Pauli channels have been derived in [29–31]. Given estimates of all fidelities in B we can fit the noise model and apply error mitigation with the same theoretical"
van den Berg et al. - 2023 - Probabilistic error cancellation with sparse Pauli–Lindblad models on noisy quantum processors.pdf,van den Berg et al. (2023),yes,yes,strong,Pauli-channel,18,"scenario, however, lies in the benchmarking process to estimate the fidelities. Assuming the noise channel Λ of a noisy CZ gate has been twirled to a Pauli channel, we can then consider the fidelityofPauliIX.ThisPauliisoneofthedifferentcomponentsoftheinitialstateafterapplyingaZXbasischange, obtainedbyapplyingaHa"
van den Berg et al. - 2023 - Probabilistic error cancellation with sparse Pauli–Lindblad models on noisy quantum processors.pdf,van den Berg et al. (2023),yes,yes,strong,Pauli-channel,19,"Z/2, where CZ denotes the 4×4 matrix representation of the CZ operator in the standard basis. When setting the diffusive part of the Lindbladian to a Pauli channel, we observed in preliminary simulations that conjugate Pauli pairs under the time evolution of the Lindbladian (which implements the noisy CZ operati"
van den Berg et al. - 2023 - Probabilistic error cancellation with sparse Pauli–Lindblad models on noisy quantum processors.pdf,van den Berg et al. (2023),yes,yes,strong,Pauli-channel,19,"ation of single layers, or based on symmetry assumptions. In order to fit the noise model we assume access to the following fidelity estimates of the Pauli noise channel: (1) for each qubit i ∈ [1,n] we have access to the fidelities for all unit- weight Paulis V ={X ,Y ,Z }; and (2) for each connected qubit pa"
van den Berg et al. - 2023 - Probabilistic error cancellation with sparse Pauli–Lindblad models on noisy quantum processors.pdf,van den Berg et al. (2023),yes,yes,strong,Pauli-channel,21,col asks that we sample the noise inverse by a quasi-probabilistic technique described in Section SIIB. For the noise process we are working with the Pauli-twirling method as explained in Section SIIA and learn the resulting sparse noise model following Section SIV. Although our noise model (S9) represents a P
van den Berg et al. - 2023 - Probabilistic error cancellation with sparse Pauli–Lindblad models on noisy quantum processors.pdf,van den Berg et al. (2023),yes,yes,strong,Pauli-channel,21,"ling method as explained in Section SIIA and learn the resulting sparse noise model following Section SIV. Although our noise model (S9) represents a Pauli channel, it is not in the canonical form shown in (S3). If we denote by K the set of k values that are included in the noise model, then it is easily seen th"
van den Berg et al. - 2023 - Probabilistic error cancellation with sparse Pauli–Lindblad models on noisy quantum processors.pdf,van den Berg et al. (2023),yes,yes,strong,Pauli-channel,21,"producethesamplesfromtheinversebyexploitingtheproductstructureofthemodel(S9). Thechannel Λ=exp[L]isgivenasaproductof|K|individual(commuting),c.f.(S7),Paulichannels(w ρ+(1−w )P ρP ),with k k k k w k =(1+e − 2λk)/2. Theinverseoftheoverallchannelthenreducestotheproductoftheindividualinversechannels. We can write t"
van den Berg et al. - 2023 - Probabilistic error cancellation with sparse Pauli–Lindblad models on noisy quantum processors.pdf,van den Berg et al. (2023),yes,yes,strong,Pauli-Lindblad,1,"Probabilistic error cancellation with sparse Pauli-Lindblad models on noisy quantum processors Ewout van den Berg, Zlatko K. Minev, Abhinav Kandala, Kristan Temme IBM Quantum, IBM T.J. Watson Research Center,"
van den Berg et al. - 2023 - Probabilistic error cancellation with sparse Pauli–Lindblad models on noisy quantum processors.pdf,van den Berg et al. (2023),yes,yes,strong,Pauli-Lindblad,1,"correctionorsimilartechniqueswould els the noise across each layer of two-qubit gates as a solvemanynoiserelatedissues,butuntilthisisachieved, sparse Pauli-Lindblad error model. In our experiments, quantum error mitigation [9–12] may very well be the themodelincludesonlyweight-oneandweight-twoPauli best way forwa"
van den Berg et al. - 2023 - Probabilistic error cancellation with sparse Pauli–Lindblad models on noisy quantum processors.pdf,van den Berg et al. (2023),yes,yes,strong,Pauli-Lindblad,1,"ates and state-preparation operations [9, 12]. The PEC distribution of the single-qubit gates. protocol implements this linear combination on average Pauli-Lindbladnoisemodel Wemodelagivenn-qubit bypromotingittoaquasi-probabilitydistribution. Sam- Pauli noise channel Λ that arises from a sparse set of plingthedis"
van den Berg et al. - 2023 - Probabilistic error cancellation with sparse Pauli–Lindblad models on noisy quantum processors.pdf,van den Berg et al. (2023),yes,yes,strong,Pauli-Lindblad,8,"1 Supplementary Information: Probabilistic error cancellation with sparse Pauli-Lindblad models on noisy quantum processors SI. SUMMARY OF THE METHOD Input: the layer’s qubits and gates, and processor topology Model definition • Using the"
van den Berg et al. - 2023 - Probabilistic error cancellation with sparse Pauli–Lindblad models on noisy quantum processors.pdf,van den Berg et al. (2023),yes,yes,strong,Pauli-Lindblad,11,4 SIII. PAULI-LINDBLAD NOISE MODEL We propose the use of a locally correlated noise model that is motivated by the continuous-time Markovian dynamics of open quantum system
van den Berg et al. - 2023 - Probabilistic error cancellation with sparse Pauli–Lindblad models on noisy quantum processors.pdf,van den Berg et al. (2023),yes,yes,strong,Pauli-Lindblad,11,"the Hamiltonian H, and A are the Lindblad operators. The resulting channel after evolution time t k is then the formal exponential T =exp[Lt]. t The Pauli-Lindblad noise model we consider contains no internal Hamiltonian dynamics and we therefore do not √ consider a Hamiltonian contribution. We want to generate"
van den Berg et al. - 2023 - Probabilistic error cancellation with sparse Pauli–Lindblad models on noisy quantum processors.pdf,van den Berg et al. (2023),yes,yes,strong,Pauli-Lindblad,15,needtoestimateindividualfidelitiesf . WerefertothesetofPaulis i that are measured in the experiment as B. The task at hand is to reconstruct the full Pauli-Lindblad model Λ by only measuring a sparse subset |B| (cid:28) 4n−1 of fidelities and then fitting the model to determine the parameters λ k with k ∈K. The d
van den Berg et al. - 2023 - Probabilistic error cancellation with sparse Pauli–Lindblad models on noisy quantum processors.pdf,van den Berg et al. (2023),yes,yes,strong,Pauli-Lindblad,16,9 in the following theorem SIV.2 bounds the deviation of all fidelities of the ground truth Pauli-Lindblad model Λ from the model fidelities obtained parameter estimates for λ . The estimation of the directly measured fidelities from B k is done using rand
van den Berg et al. - 2023 - Probabilistic error cancellation with sparse Pauli–Lindblad models on noisy quantum processors.pdf,van den Berg et al. (2023),yes,yes,strong,Pauli-Lindblad,16,"ample complexity below, but first state the following result assuming sufficiently accurate samples: Theorem SIV.2. Denote the Pauli terms in a given Pauli-Lindblad channel by K, and assume we have benchmark fidelities B such that f ≥1/2 for all i∈B and M =M(B,K) is full column rank. Let k ≥1 be an integer such t"
van den Berg et al. - 2023 - Probabilistic error cancellation with sparse Pauli–Lindblad models on noisy quantum processors.pdf,van den Berg et al. (2023),yes,yes,strong,Pauli-Lindblad,17,"gtheirmeasurements. However,givenasinglebasisitispossibletoestimatealargenumberoffidelities using the same measurements. When considering a two-local Pauli-Lindblad noise model it suffices to consider all of the nine {X,Y,Z} 2 bases on each qubit pair. Under some mild conditions on the qubit topology, we now show"
van den Berg et al. - 2023 - Probabilistic error cancellation with sparse Pauli–Lindblad models on noisy quantum processors.pdf,van den Berg et al. (2023),yes,yes,strong,Pauli-Lindblad,19,"ation of Pauli IX would not result in Pauli XI). This condition is met for commonly used gates such that CX or CZ gates. We would like to construct a Pauli-Lindblad noise model for the qubits that are included in the gates, along with additional qubits for context, if needed. The model terms consist of all unit-w"
van den Berg et al. - 2023 - Probabilistic error cancellation with sparse Pauli–Lindblad models on noisy quantum processors.pdf,van den Berg et al. (2023),yes,yes,strong,Pauli-Lindblad,21,"=Tr[AU ◦···◦U (ρ )]. l 1 0 Each of the maps U is available only through its noisy version U˜ =U ◦Λ , where Λ is twirled and assumed to be a i i i i i Pauli-Lindbladian channel. Using the techniques described earlier, we can learn this channel in experiment up to an error as given in Theorem SIV.2 giving rise to t"
van den Berg et al. - 2023 - Probabilistic error cancellation with sparse Pauli–Lindblad models on noisy quantum processors.pdf,van den Berg et al. (2023),yes,yes,strong,noise-model-spec,1,(cid:104)A(cid:105) of observables A. thatthemodelisefficientlyrepresentedandeasytolearn. Oneoftheearliestandmostgeneralprotocolsforerror The inverse noise model is obtained simply by negating mitigation is probabilistic error cancellation (PEC) [9]. themodelcoefficientsandgivesrisetoaquasi-probability Toimplemen
van den Berg et al. - 2023 - Probabilistic error cancellation with sparse Pauli–Lindblad models on noisy quantum processors.pdf,van den Berg et al. (2023),yes,yes,strong,noise-model-spec,12,"cients. The inverse of a channel is characterized by inverse fidelities, and it directly follows from −log(1/f)/2=log(f)/2=−Mλ=M(−λ) that the inverse noise model is obtained by simply negating the coefficients. B. Sparse models Quantum circuits are generally transpiled into native single- and two-qubit gates appl"
van den Berg et al. - 2023 - Probabilistic error cancellation with sparse Pauli–Lindblad models on noisy quantum processors.pdf,van den Berg et al. (2023),yes,yes,strong,twirling,10,"3 Twirling is possible over groups [26, 38] other than the Pauli group. In general, given a group G, we can define the twirled noise channel 1 (cid:88) Λ := G 1◦Λ˜ ◦G. − G |G| G ∈G When G is the Clifford group, or any other two-design, the resulting transfer matrix T is not only di"
van den Berg et al. - 2023 - Probabilistic error cancellation with sparse Pauli–Lindblad models on noisy quantum processors.pdf,van den Berg et al. (2023),yes,yes,strong,twirling,10,"ly diagonal, but ΛG such that the fidelities for Pauli operators other than the identity (which is always one) are all equal. This means that the new twirled noise channel can be described by only a single parameter. In case both U and G are elements of the Clifford group, it holds that the conjugated operator U"
van den Berg et al. - 2023 - Probabilistic error cancellation with sparse Pauli–Lindblad models on noisy quantum processors.pdf,van den Berg et al. (2023),yes,yes,strong,twirling,18,"Cliffordgates. For instance, we may have a layer of controlled-not (CX) or controlled-phase (CZ) operations whose implementation is subject to noise. Twirling the associated noise is possible by adding pairs of Pauli operations before and after the operation such that the second Pauli equals the first up to con"
van den Berg et al. - 2023 - Probabilistic error cancellation with sparse Pauli–Lindblad models on noisy quantum processors.pdf,van den Berg et al. (2023),yes,yes,weak,noise-model-mention,1,to protocols where a quasi-probability dis- cal protocol for learning and inverting a sparse tribution for mitigation is determined by minimizing the noise model that is able to capture correlated deviationofasetofmeasuredandexactexpectationval- noise and scales to large quantum devices. These ues [21]. Fully
van den Berg et al. - 2023 - Probabilistic error cancellation with sparse Pauli–Lindblad models on noisy quantum processors.pdf,van den Berg et al. (2023),yes,yes,weak,noise-model-mention,1,"se and scales to large quantum devices. These ues [21]. Fully scalable implementations of PEC require advances allow us to demonstrate PEC on a su- a noise model Λ that accurately captures correlated er- perconducting quantum processor with crosstalk rors across all qubits, has a compact representation that er"
van den Berg et al. - 2023 - Probabilistic error cancellation with sparse Pauli–Lindblad models on noisy quantum processors.pdf,van den Berg et al. (2023),yes,yes,weak,noise-model-mention,1,(cid:104)A(cid:105) of observables A. thatthemodelisefficientlyrepresentedandeasytolearn. Oneoftheearliestandmostgeneralprotocolsforerror The inverse noise model is obtained simply by negating mitigation is probabilistic error cancellation (PEC) [9]. themodelcoefficientsandgivesrisetoaquasi-probability Toimple
van den Berg et al. - 2023 - Probabilistic error cancellation with sparse Pauli–Lindblad models on noisy quantum processors.pdf,van den Berg et al. (2023),yes,yes,weak,noise-model-mention,1,"orsamplingthisdistributioninlineartimewith U◦Λareavailable,theprotocolfirstrequiresanaccurate the number of model coefficients. The mitigation Paulis noise model Λ. The action of the ideal gate would then can be combined with those used for twirling as well as be obtained by applying the mathematical inverse Λ"
van den Berg et al. - 2023 - Probabilistic error cancellation with sparse Pauli–Lindblad models on noisy quantum processors.pdf,van den Berg et al. (2023),yes,yes,weak,noise-model-mention,2,Λ U Λ−1 Λ U Λ−1 Λ U Λ 1 1 1 1 2 2 2 l l l P P(cid:48) 3 3 |0(cid:105) P P(cid:48) 4 4 U˜ U˜ U˜ U˜ P U P(cid:48) 1 2 l i i i i Fig. 1. Context of the noise model. (a) ideal error mitigation of a circuit consisting of l layers of noisy two-qubit gates interleaved with layers of single-qubit gates. (b) example o
van den Berg et al. - 2023 - Probabilistic error cancellation with sparse Pauli–Lindblad models on noisy quantum processors.pdf,van den Berg et al. (2023),yes,yes,weak,noise-model-mention,3,"YYYZZZ XXXYYYZZZ XXXYYYZZZ XYZXYZXYZ XYZXYZXYZ XYZXYZXYZ Modelcoefficients c d Fig. 2. Learning the noise channel. (a) The first step in learning our noise model, in this case for the four-qubit layer depicted in the top inset with two concurrent cx gates, is to measure a set of observables with increasing num"
van den Berg et al. - 2023 - Probabilistic error cancellation with sparse Pauli–Lindblad models on noisy quantum processors.pdf,van den Berg et al. (2023),yes,yes,weak,noise-model-mention,3,"tes resulting from the symmetry the quantum processor. We emphasize that learning the condition. From this, we obtain the model coefficients 20-qubit noise model takes the same number of circuit λ, shown in Fig. 2b, using an adapted nonnegative least- instances as that of the 4-qubit model. squares fitting pro"
van den Berg et al. - 2023 - Probabilistic error cancellation with sparse Pauli–Lindblad models on noisy quantum processors.pdf,van den Berg et al. (2023),yes,yes,weak,noise-model-mention,3,Theprotocolimplementsthe Toillustratescalabilityofthemethodweusedthesame channelinverseΛ−i 1throughquasi-probabilisticsampling protocol to learn the noise model for a 20-qubit layer in- for each of the l layers. The inverse of the map Λ is volving ten concurrent cx gates. Figure 2d depicts the obtained by neg
van den Berg et al. - 2023 - Probabilistic error cancellation with sparse Pauli–Lindblad models on noisy quantum processors.pdf,van den Berg et al. (2023),yes,yes,weak,noise-model-mention,5,"t-error mit- igation on all observables (see [33] for more on readout mitigation). To counter time-dependent fluctuations in the noise we relearn the noise model after fixed intervals (see also Supplementary Materials Sec. SVII). The final observables are obtained after averaging. As a first experiment, we con"
van den Berg et al. - 2023 - Probabilistic error cancellation with sparse Pauli–Lindblad models on noisy quantum processors.pdf,van den Berg et al. (2023),yes,yes,weak,noise-model-mention,11,4 SIII. PAULI-LINDBLAD NOISE MODEL We propose the use of a locally correlated noise model that is motivated by the continuous-time Markovian dynamics of open quantum systems. These dyn
van den Berg et al. - 2023 - Probabilistic error cancellation with sparse Pauli–Lindblad models on noisy quantum processors.pdf,van den Berg et al. (2023),yes,yes,weak,noise-model-mention,11,4 SIII. PAULI-LINDBLAD NOISE MODEL We propose the use of a locally correlated noise model that is motivated by the continuous-time Markovian dynamics of open quantum systems. These dynamics can be described by a quantum master equation. Wh
van den Berg et al. - 2023 - Probabilistic error cancellation with sparse Pauli–Lindblad models on noisy quantum processors.pdf,van den Berg et al. (2023),yes,yes,weak,noise-model-mention,11,"n H, and A are the Lindblad operators. The resulting channel after evolution time t k is then the formal exponential T =exp[Lt]. t The Pauli-Lindblad noise model we consider contains no internal Hamiltonian dynamics and we therefore do not √ consider a Hamiltonian contribution. We want to generate a Pauli chan"
van den Berg et al. - 2023 - Probabilistic error cancellation with sparse Pauli–Lindblad models on noisy quantum processors.pdf,van den Berg et al. (2023),yes,yes,weak,noise-model-mention,11,"i-noisemodelasΛ=exp[L]. When working in the matrix representation expressing the Lindbladian L, which we denote by vec[L], it follows that the sparse noise model Λ is given by the conventional matrix exponential vec[Λ]=e vec[ ]. (S5) L Here, the matrix representation of the Lindbladian is defined as vec[L]= (c"
van den Berg et al. - 2023 - Probabilistic error cancellation with sparse Pauli–Lindblad models on noisy quantum processors.pdf,van den Berg et al. (2023),yes,yes,weak,noise-model-mention,11,"en as eλ(P PT) =cosh(λ)(I⊗I)+sinh(λ)(P ⊗PT) ⊗ eλ+e λ eλ−e λ = − (I⊗I)+ − (P ⊗PT) (S8) 2 2 Combining (S7) and (S8) and we obtain the final form of the noise model as (cid:89)(cid:16) (cid:17) Λ(ρ)= w k ·+(1−w k )P k ·P k† ρ, (S9) k where w k =(1+e − 2λk)/2. Given the time evolution of states in (S9), it is natu"
van den Berg et al. - 2023 - Probabilistic error cancellation with sparse Pauli–Lindblad models on noisy quantum processors.pdf,van den Berg et al. (2023),yes,yes,weak,noise-model-mention,12,"cients. The inverse of a channel is characterized by inverse fidelities, and it directly follows from −log(1/f)/2=log(f)/2=−Mλ=M(−λ) that the inverse noise model is obtained by simply negating the coefficients. B. Sparse models Quantum circuits are generally transpiled into native single- and two-qubit gates a"
van den Berg et al. - 2023 - Probabilistic error cancellation with sparse Pauli–Lindblad models on noisy quantum processors.pdf,van den Berg et al. (2023),yes,yes,weak,noise-model-mention,12,"rning the model In order to characterize a noise channel we need to find model coefficients that best explain the experimental data. For the proposed noise model, a practical way of determining the model coefficients follows directly from equation(S11). Wefirstformavectorf offidelityforPaulitermsinsomelistB. G"
van den Berg et al. - 2023 - Probabilistic error cancellation with sparse Pauli–Lindblad models on noisy quantum processors.pdf,van den Berg et al. (2023),yes,yes,weak,noise-model-mention,12,"ators, although we generally omit the row for the identity operator since all its entries as well as the log fidelity are zero. In case of the sparse noise model described in Section SIIIB, the number of model PaulisisrelativelysmallandmatrixM willhavefarmorerowsthancolumns. Themodelcoefficientsarewelldefined"
van den Berg et al. - 2023 - Probabilistic error cancellation with sparse Pauli–Lindblad models on noisy quantum processors.pdf,van den Berg et al. (2023),yes,yes,weak,noise-model-mention,13,"riance of the estimator fixed we therefore need to scale n proportional to γ2. SIV. NOISE LEARNING FOR SINGLE-QUBIT GATES WITH CROSSTALK The proposed noise model readily applies to benchmarking and mitigating the noise in layers of single-qubit gates. A common assumption in this setting is that, for a given qu"
van den Berg et al. - 2023 - Probabilistic error cancellation with sparse Pauli–Lindblad models on noisy quantum processors.pdf,van den Berg et al. (2023),yes,yes,weak,noise-model-mention,13,ity as well as the presence or absence of gates on neighboring qubits. The estimation of the fidelities that will be needed to reconstruct the sparse noise model uses a slightly simplified version of the algorithm proposed in [28] and considers the setting where gates are applied to all qubits. The benchmark c
van den Berg et al. - 2023 - Probabilistic error cancellation with sparse Pauli–Lindblad models on noisy quantum processors.pdf,van den Berg et al. (2023),yes,yes,weak,noise-model-mention,14,"d:15) that decreases with the number of circuit instances. In Section SIVB we i i therefore study the sample complexity and the final accuracy of the noise model and its inverse. For a given circuit it is generally possible to estimate a number of fidelities. In section SIVB1 we show, under mild conditions on"
van den Berg et al. - 2023 - Probabilistic error cancellation with sparse Pauli–Lindblad models on noisy quantum processors.pdf,van den Berg et al. (2023),yes,yes,weak,noise-model-mention,14,"in which each vertex corresponds to a qubit, and where edges indicate a physical or logical connection between qubits. For our two-local Lindbladian noise model we choose model coefficients K corresponding to Paulis with support on qubits that are connected by edges, as well as all Paulis that are supported o"
van den Berg et al. - 2023 - Probabilistic error cancellation with sparse Pauli–Lindblad models on noisy quantum processors.pdf,van den Berg et al. (2023),yes,yes,weak,noise-model-mention,17,"nts. However,givenasinglebasisitispossibletoestimatealargenumberoffidelities using the same measurements. When considering a two-local Pauli-Lindblad noise model it suffices to consider all of the nine {X,Y,Z} 2 bases on each qubit pair. Under some mild conditions on the qubit topology, we now show ⊗ that is s"
van den Berg et al. - 2023 - Probabilistic error cancellation with sparse Pauli–Lindblad models on noisy quantum processors.pdf,van den Berg et al. (2023),yes,yes,weak,noise-model-mention,18,"of noise in such circuit families for more general Pauli channels have been derived in [29–31]. Given estimates of all fidelities in B we can fit the noise model and apply error mitigation with the same theoretical guarantees without any change. The one significant difference from the single-qubit scenario, ho"
van den Berg et al. - 2023 - Probabilistic error cancellation with sparse Pauli–Lindblad models on noisy quantum processors.pdf,van den Berg et al. (2023),yes,yes,weak,noise-model-mention,19,"IX would not result in Pauli XI). This condition is met for commonly used gates such that CX or CZ gates. We would like to construct a Pauli-Lindblad noise model for the qubits that are included in the gates, along with additional qubits for context, if needed. The model terms consist of all unit-weight Paulis"
van den Berg et al. - 2023 - Probabilistic error cancellation with sparse Pauli–Lindblad models on noisy quantum processors.pdf,van den Berg et al. (2023),yes,yes,weak,noise-model-mention,19,"error free manner. Other fidelities can be estimated based on the application of single layers, or based on symmetry assumptions. In order to fit the noise model we assume access to the following fidelity estimates of the Pauli noise channel: (1) for each qubit i ∈ [1,n] we have access to the fidelities for al"
van den Berg et al. - 2023 - Probabilistic error cancellation with sparse Pauli–Lindblad models on noisy quantum processors.pdf,van den Berg et al. (2023),yes,yes,weak,noise-model-mention,21,"ibed in Section SIIB. For the noise process we are working with the Pauli-twirling method as explained in Section SIIA and learn the resulting sparse noise model following Section SIV. Although our noise model (S9) represents a Pauli channel, it is not in the canonical form shown in (S3). If we denote by K the"
van den Berg et al. - 2023 - Probabilistic error cancellation with sparse Pauli–Lindblad models on noisy quantum processors.pdf,van den Berg et al. (2023),yes,yes,weak,noise-model-mention,21,"re working with the Pauli-twirling method as explained in Section SIIA and learn the resulting sparse noise model following Section SIV. Although our noise model (S9) represents a Pauli channel, it is not in the canonical form shown in (S3). If we denote by K the set of k values that are included in the noise"
van den Berg et al. - 2023 - Probabilistic error cancellation with sparse Pauli–Lindblad models on noisy quantum processors.pdf,van den Berg et al. (2023),yes,yes,weak,noise-model-mention,21,"model (S9) represents a Pauli channel, it is not in the canonical form shown in (S3). If we denote by K the set of k values that are included in the noise model, then it is easily seen that there there are 2 different products of the identity |K| and P terms in (S9), each with a possibly different weight. In"
van den Berg et al. - 2023 - Probabilistic error cancellation with sparse Pauli–Lindblad models on noisy quantum processors.pdf,van den Berg et al. (2023),yes,yes,weak,noise-model-mention,23,"combine the individual noise channel into the layer-level noise channel using the results from Section SIIIA. It is then easy to see that the overall noise model has 15k nonzero model coefficients, all equal to −log(f)/16. Using (S23) it then follows that γ = exp(−(15k/8)log(f)). This expression allows us to a"
van den Berg et al. - 2023 - Probabilistic error cancellation with sparse Pauli–Lindblad models on noisy quantum processors.pdf,van den Berg et al. (2023),yes,yes,weak,noise-model-mention,25,"(idle) context qubits, as illustrated in Fig. S9a. We then learned the layer with and without dynamical decoupling applied to the context qubits. The noise model coefficients obtained without dynamic decoupling are shown in Fig. S9b. The dominant noise in the system corresponds to unit-weight Pauli-Z terms. Th"
van den Berg et al. - 2023 - Probabilistic error cancellation with sparse Pauli–Lindblad models on noisy quantum processors.pdf,van den Berg et al. (2023),yes,yes,weak,noise-model-mention,25,"l learning setup of Fig. 2a in the main text, as measured in all nine bases determined by the learning protocol. Finally, in Fig. S11, we compare the noise model extracted using the unit-depth and symmetric learning post- processing methods for a 20 qubit layer with 10 cx gates. The bottom panels of the figure"
van den Berg et al. - 2023 - Probabilistic error cancellation with sparse Pauli–Lindblad models on noisy quantum processors.pdf,van den Berg et al. (2023),yes,yes,weak,noise-model-mention,27,"Z XXXYYYZZZ XXXYYYZZZ XYZXYZXYZ XYZXYZXYZ XYZXYZXYZ XYZXYZXYZ XYZXYZXYZ XYZXYZXYZ Sparse model coefficient )301×( edutilpmA )301×( edutilpmA Fig. S9. Noise model coefficients in the presence and absence of dynamical decoupling. (a) Schematic depiction ofa7-qubitlayeronibm kolkatawithcxgatesonqubits1−4and10−12,"
van den Berg et al. - 2023 - Probabilistic error cancellation with sparse Pauli–Lindblad models on noisy quantum processors.pdf,van den Berg et al. (2023),yes,yes,weak,noise-model-mention,29,YZXYZXYZXYZXYZXYZXYZXYZXYZXYZXYZXYZXYZXYZXYZXYZXYZXYZXYZXYZXYZXYZXYZXYZ Sparse model coefficient Fig. S11. Comparison between unit-depth and symmetry noise model fitting. Panels (a) and (b) depict the ibm hanoi processor topology along with a 20-qubit layer consisting of 10 cx gates. We learn the noise model u
van den Berg et al. - 2023 - Probabilistic error cancellation with sparse Pauli–Lindblad models on noisy quantum processors.pdf,van den Berg et al. (2023),yes,yes,weak,noise-model-mention,29,"y noise model fitting. Panels (a) and (b) depict the ibm hanoi processor topology along with a 20-qubit layer consisting of 10 cx gates. We learn the noise model using (a) unit- depthcircuitsand(b)usingasymmetryassumptiononthenoisechannel. Theresultingweight-onePauligenerators(X,Y,Z terms) in the Lindblad mode"
van den Berg et al. - 2023 - Probabilistic error cancellation with sparse Pauli–Lindblad models on noisy quantum processors.pdf,van den Berg et al. (2023),yes,yes,weak,error-model-mention,1,"ilartechniqueswould els the noise across each layer of two-qubit gates as a solvemanynoiserelatedissues,butuntilthisisachieved, sparse Pauli-Lindblad error model. In our experiments, quantum error mitigation [9–12] may very well be the themodelincludesonlyweight-oneandweight-twoPauli best way forward. Unlike e"
van den Berg et al. - 2023 - Probabilistic error cancellation with sparse Pauli–Lindblad models on noisy quantum processors.pdf,van den Berg et al. (2023),yes,yes,weak,error-model-mention,2,als Sec. SIV.2 we provide theoretical guarantees for the for increasing depths up to d in nine different bases in sample complexity for learning the error model. Under order to obtain all necessary data. Each data point in mildconditionsontheminimalfidelityofthenoisechan- Fig.2arepresentsanestimatedobservable
van den Berg et al. - 2023 - Probabilistic error cancellation with sparse Pauli–Lindblad models on noisy quantum processors.pdf,van den Berg et al. (2023),yes,yes,weak,error-model-mention,7,"7 [38] Cai, Z. & Benjamin, S. C. Constructing smaller Pauli twirling sets for arbitrary error channels. Scientific re- ports 9, 1–11 (2019). [39] Bravyi, S. & Maslov, D. Hadamard-free circuits expose the structure of the Clifford group. arXiv:2003.094"
van den Berg et al. - 2023 - Probabilistic error cancellation with sparse Pauli–Lindblad models on noisy quantum processors.pdf,van den Berg et al. (2023),yes,yes,weak,error-model-mention,23,"j is affected by a localtwo-qubitdepolarizingchannelD(ρ)=fρ+1 −4 fTr ij [ρ],suchthatthefidelityforanyPauliisf. Foreachchannel we can form a two-local error model, for which it follows from (S11) that all model coefficient in λ are −log(f)/16. Given that the gates do not overlap we can combine the individual no"
van den Berg et al. - 2023 - Probabilistic error cancellation with sparse Pauli–Lindblad models on noisy quantum processors.pdf,van den Berg et al. (2023),yes,yes,weak,noise-parameter,1,"ntum comput- comes at the expense of an increased sampling overhead ers can result in biased estimates of physical we denote by γ, which captures the noise strength and observables. Accurate bias-free estimates can the resulting increase of the standard deviation. be obtained using probabilistic error cancellatio"
van den Berg et al. - 2023 - Probabilistic error cancellation with sparse Pauli–Lindblad models on noisy quantum processors.pdf,van den Berg et al. (2023),yes,yes,weak,gate-error,24,ity f. Plot (b) shows the relative number of circuit instances needed for n=50 to achieve a similar variance in estimates. Slight improvements in the gate fidelity lead to significant reductions in the required number of circuit instances. experiments presented in the main text were all obtained on the same 27-q
