pdf_file,csv_paper,csv_rating,scan_candidate,match_tier,pattern_name,page,context_snippet
AbuGhanem - 2024 - Google Quantum AI's Quest for Error-Corrected Quantum Computers.pdf,AbuGhanem,partial,partial,weak,uncertainty,4,"definingandmeasuring centersindiamond[63]wasdemonstratedin[22]. There- quantum speedup. Using data from a D-Wave Two de- searchers achieved an energy uncertainty of about 10 14 − vice with up to 503 qubits, the study conducted bench- Hartree, surpassing the precision required for chemical mark tests with rando"
AbuGhanem - 2024 - Google Quantum AI's Quest for Error-Corrected Quantum Computers.pdf,AbuGhanem,partial,partial,weak,fluctuation,5,d in- ing around 40 clock cycles with specific error rates could dividualtwo-level-systemdefectsastheprimarycauseof achieve this milestone [2]. these fluctuations by using qubits as temporal and spec- The experimental implementation of the VQE algo- tral probes. The findings provide a basis for enhancing rithm
AbuGhanem - 2024 - Google Quantum AI's Quest for Error-Corrected Quantum Computers.pdf,AbuGhanem,partial,partial,weak,fluctuation,28,",Benchmarkstudiesofvari- Boixo, Ryan Babbush, Vadim N Smelyanskiy, Hart- ational,unitaryandextendedcoupledclustermethods, mut Neven, John M Martinis, Fluctuations of energy- J. Chem. Phys. 133, 234102 (2010). relaxation times in superconducting qubits, Phys. Rev. [149] F. A. Evangelista, Alternative single-ref"
Acharya et al. - 2025 - Quantum error correction below the surface code threshold.pdf,Acharya et al. (Willow),yes,yes,strong,std-dev,3,robe the quency and readout signal drift. We observe an average Λ = 2.18 ± 0.07 sensitivity of logical error to various error mechanisms in this new (standard deviation) and best Λ = 2.31 ± 0.02 (Supplementary Informa- regime. We start by testing how logical error scales with physical error tion) when decoding with t
Acharya et al. - 2025 - Quantum error correction below the surface code threshold.pdf,Acharya et al. (Willow),yes,yes,strong,plus-minus-value,1,"and a distance-5 code integrated with a real-time decoder. The logical error rate of our larger quantum memory is suppressed by a factor of Λ = 2.14 ± 0.02 when increasing the code distance by 2, culminating in a 101-qubit distance-7 code with 0.143% ± 0.003 per cent error per cycle of error correctio"
Acharya et al. - 2025 - Quantum error correction below the surface code threshold.pdf,Acharya et al. (Willow),yes,yes,strong,plus-minus-value,1,"um memory is suppressed by a factor of Λ = 2.14 ± 0.02 when increasing the code distance by 2, culminating in a 101-qubit distance-7 code with 0.143% ± 0.003 per cent error per cycle of error correction. This logical memory is also beyond breakeven, exceeding the lifetime of its best physical qubit by"
Acharya et al. - 2025 - Quantum error correction below the surface code threshold.pdf,Acharya et al. (Willow),yes,yes,strong,plus-minus-value,1,"ror per cycle of error correction. This logical memory is also beyond breakeven, exceeding the lifetime of its best physical qubit by a factor of 2.4 ± 0.3. Our system maintains below-threshold performance when decoding in real time, achieving an average decoder latency of 63 microseconds at distance 5"
Acharya et al. - 2025 - Quantum error correction below the surface code threshold.pdf,Acharya et al. (Willow),yes,yes,strong,plus-minus-value,2,"gression of ln[ε] d paths towards real-time decoding with higher accuracy. To adapt to versus d. With our neural network decoder, we observe Λ = 2.14 ± 0.02 device noise, we fine-tune the neural network with processor data26 and ε = (1.43 ± 0.03) × 10−3 (Fig. 1c,d). With ensembled matching syn- 7 and a"
Acharya et al. - 2025 - Quantum error correction below the surface code threshold.pdf,Acharya et al. (Willow),yes,yes,strong,plus-minus-value,2,"rsus d. With our neural network decoder, we observe Λ = 2.14 ± 0.02 device noise, we fine-tune the neural network with processor data26 and ε = (1.43 ± 0.03) × 10−3 (Fig. 1c,d). With ensembled matching syn- 7 and apply reinforcement learning optimization to the matching graph thesis, we observe Λ = 2.0"
Acharya et al. - 2025 - Quantum error correction below the surface code threshold.pdf,Acharya et al. (Willow),yes,yes,strong,plus-minus-value,2,"3) × 10−3 (Fig. 1c,d). With ensembled matching syn- 7 and apply reinforcement learning optimization to the matching graph thesis, we observe Λ = 2.04 ± 0.02 and ε = (1.71 ± 0.03) × 10−3. 7 weights30. Furthermore, we simulate logical qubits of higher distances using a We operate a distance-7 surface cod"
Acharya et al. - 2025 - Quantum error correction below the surface code threshold.pdf,Acharya et al. (Willow),yes,yes,strong,plus-minus-value,2,". With ensembled matching syn- 7 and apply reinforcement learning optimization to the matching graph thesis, we observe Λ = 2.04 ± 0.02 and ε = (1.71 ± 0.03) × 10−3. 7 weights30. Furthermore, we simulate logical qubits of higher distances using a We operate a distance-7 surface code memory comprising 4"
Acharya et al. - 2025 - Quantum error correction below the surface code threshold.pdf,Acharya et al. (Willow),yes,yes,strong,plus-minus-value,2,"(ref. 17) d = 3 (mean) d = 5 (mean) d = 3 (individual) d = 5 (individual) Best physical qubit d = 7 d ,elcyc rep rorre lacigoL Simulated   3= 2.15 ± 0.02 5   5= 2.12 ± 0.04 7 V= 2.14 ± 0.02 evitalumuC noitubirtsid 1.0 1Q 0.5 CZ Idle Meas. Det. 0 10–4 10–3 10–2 10–1 Error probability naeM b Fig. 1"
Acharya et al. - 2025 - Quantum error correction below the surface code threshold.pdf,Acharya et al. (Willow),yes,yes,strong,plus-minus-value,2,") d = 5 (mean) d = 3 (individual) d = 5 (individual) Best physical qubit d = 7 d ,elcyc rep rorre lacigoL Simulated   3= 2.15 ± 0.02 5   5= 2.12 ± 0.04 7 V= 2.14 ± 0.02 evitalumuC noitubirtsid 1.0 1Q 0.5 CZ Idle Meas. Det. 0 10–4 10–3 10–2 10–1 Error probability naeM b Fig. 1 | Surface code perfor"
Acharya et al. - 2025 - Quantum error correction below the surface code threshold.pdf,Acharya et al. (Willow),yes,yes,strong,plus-minus-value,2,"= 3 (individual) d = 5 (individual) Best physical qubit d = 7 d ,elcyc rep rorre lacigoL Simulated   3= 2.15 ± 0.02 5   5= 2.12 ± 0.04 7 V= 2.14 ± 0.02 evitalumuC noitubirtsid 1.0 1Q 0.5 CZ Idle Meas. Det. 0 10–4 10–3 10–2 10–1 Error probability naeM b Fig. 1 | Surface code performance. a, Schemat"
Acharya et al. - 2025 - Quantum error correction below the surface code threshold.pdf,Acharya et al. (Willow),yes,yes,strong,plus-minus-value,2,"led matching synthesis for 250 cycles). c, Logical error probability p for a range of memory experiment comparison. Line, fit to simulation; Λ = 2.25 ± 0.02. L sim durations. Each data point represents 105 repetitions decoded with the neural"
Acharya et al. - 2025 - Quantum error correction below the surface code threshold.pdf,Acharya et al. (Willow),yes,yes,strong,plus-minus-value,3,"error budget for 1/Λ in the 72-qubit processor when decoding with correlated matching. Applying the same decoder to experimental data yields Λ = 1.97 ± 0.02. The error budget overpredicts Λ by 14% (Fig. 2c, ‘excess’), indicating that most but not all error effects in our processor have been captured. L"
Acharya et al. - 2025 - Quantum error correction below the surface code threshold.pdf,Acharya et al. (Willow),yes,yes,strong,plus-minus-value,3,"surface codes with the metric proposed elsewhere16 (Supplementary Information). The transmon qubits15,32,38. distance-7 logical qubit lifetime is 291 ± 6 μs, exceeding the lifetimes of Finally, we test the sensitivity to drift. Using our 72-qubit proces- all the constituent physical qubits (median, 85"
Acharya et al. - 2025 - Quantum error correction below the surface code threshold.pdf,Acharya et al. (Willow),yes,yes,strong,plus-minus-value,3,"μs, exceeding the lifetimes of Finally, we test the sensitivity to drift. Using our 72-qubit proces- all the constituent physical qubits (median, 85 ± 7 μs; best, 119 ± 13 μs) sor, we measure the logical performance of one distance-5 and four by a factor of 2.4 ± 0.3. Our logical memory beyond breakev"
Acharya et al. - 2025 - Quantum error correction below the surface code threshold.pdf,Acharya et al. (Willow),yes,yes,strong,plus-minus-value,3,"lifetimes of Finally, we test the sensitivity to drift. Using our 72-qubit proces- all the constituent physical qubits (median, 85 ± 7 μs; best, 119 ± 13 μs) sor, we measure the logical performance of one distance-5 and four by a factor of 2.4 ± 0.3. Our logical memory beyond breakeven extends distanc"
Acharya et al. - 2025 - Quantum error correction below the surface code threshold.pdf,Acharya et al. (Willow),yes,yes,strong,plus-minus-value,3,"stituent physical qubits (median, 85 ± 7 μs; best, 119 ± 13 μs) sor, we measure the logical performance of one distance-5 and four by a factor of 2.4 ± 0.3. Our logical memory beyond breakeven extends distance-3 codes 16 times over 15 h, and the results are shown in Fig. 2e. previous results using boso"
Acharya et al. - 2025 - Quantum error correction below the surface code threshold.pdf,Acharya et al. (Willow),yes,yes,strong,plus-minus-value,3,"tential qubit fre- Equipped with below-threshold logical qubits, we can now probe the quency and readout signal drift. We observe an average Λ = 2.18 ± 0.07 sensitivity of logical error to various error mechanisms in this new (standard deviation) and best Λ = 2.31 ± 0.02 (Supplementary Informa- regime."
Acharya et al. - 2025 - Quantum error correction below the surface code threshold.pdf,Acharya et al. (Willow),yes,yes,strong,plus-minus-value,3,ft. We observe an average Λ = 2.18 ± 0.07 sensitivity of logical error to various error mechanisms in this new (standard deviation) and best Λ = 2.31 ± 0.02 (Supplementary Informa- regime. We start by testing how logical error scales with physical error tion) when decoding with the neural network. Alth
Acharya et al. - 2025 - Quantum error correction below the surface code threshold.pdf,Acharya et al. (Willow),yes,yes,strong,plus-minus-value,4,"f. 37 and subsample lower-distance repetition codes from the distance-29 data. Averaging over bit- and phase-flip repetition codes, we obtain Λ = 8.4 ± 0.1 when fitting logical error per cycle versus code distance between d = 5 and d = 11 (Fig. 3a). Notably, the error per cycle on the 72-qubit processo"
Acharya et al. - 2025 - Quantum error correction below the surface code threshold.pdf,Acharya et al. (Willow),yes,yes,strong,plus-minus-value,4,"include data from ref. 17 for comparison. b, Example event causing elevated detection probabilities, which decay exponentially with time constant 369 ± 6 μs (grey dashed line). Three consecutive experimental shots are plotted, delimited by the vertical grey lines. The 28 measure qubits are divided into"
Acharya et al. - 2025 - Quantum error correction below the surface code threshold.pdf,Acharya et al. (Willow),yes,yes,strong,plus-minus-value,5,"that the average decoder latency remains roughly It requires a throughput of less than 1.1 μs per cycle compared with constant at a net average of 63 ± 17 μs independent of the length of the 24 μs per cycle of the neural network26. However, we expect that the experiment (up to 1.1 s), indicating that t"
Acharya et al. - 2025 - Quantum error correction below the surface code threshold.pdf,Acharya et al. (Willow),yes,yes,strong,plus-minus-value,5,"data, with the results shown in Fig. 4d. the foundation of running large-scale quantum algorithms with error Our real-time decoder achieves ε = 0.35% ± 0.01% and Λ = 2.0 ± 0.1 correction. 5 using a device-data-independent prior. Meanwhile, the neural net- Our error-corrected processors also demonstrate"
Acharya et al. - 2025 - Quantum error correction below the surface code threshold.pdf,Acharya et al. (Willow),yes,yes,strong,plus-minus-value,5,"ts shown in Fig. 4d. the foundation of running large-scale quantum algorithms with error Our real-time decoder achieves ε = 0.35% ± 0.01% and Λ = 2.0 ± 0.1 correction. 5 using a device-data-independent prior. Meanwhile, the neural net- Our error-corrected processors also demonstrate other key advances"
Acharya et al. - 2025 - Quantum error correction below the surface code threshold.pdf,Acharya et al. (Willow),yes,yes,strong,plus-minus-value,5,"ata-independent prior. Meanwhile, the neural net- Our error-corrected processors also demonstrate other key advances work decoder achieves ε = 0.269% ± 0.008% and Λ = 2.18 ± 0.09 towards fault-tolerant quantum computing. We achieve repeatable 5 when later decoding offline. The modest reduction in accur"
Acharya et al. - 2025 - Quantum error correction below the surface code threshold.pdf,Acharya et al. (Willow),yes,yes,strong,plus-minus-value,5,"Meanwhile, the neural net- Our error-corrected processors also demonstrate other key advances work decoder achieves ε = 0.269% ± 0.008% and Λ = 2.18 ± 0.09 towards fault-tolerant quantum computing. We achieve repeatable 5 when later decoding offline. The modest reduction in accuracy performance for mo"
Acharya et al. - 2025 - Quantum error correction below the surface code threshold.pdf,Acharya et al. (Willow),yes,yes,weak,uncertainty,2,"d, Logical leakage removal qubits at the boundary (green). b, Cumulative distributions of error per cycle, ε, reducing with surface code distance d. Uncertainty on each d error probabilities measured on the 105-qubit processor. Red, Pauli errors for point is less than 7 × 10−5. The symbols match those in c. M"
Acharya et al. - 2025 - Quantum error correction below the surface code threshold.pdf,Acharya et al. (Willow),yes,yes,weak,uncertainty,4,"=A p(d+1)/2 (one fit parameter, A), restricted to ε > 10−7 and p < 0.3. d, 1/Λ d d det d d det scaling with the injected error. Typical relative fit uncertainty is 2%. Line, fit; 2.2p . To obtain the data in this figure, a 72-qubit processor is used. det"
Acharya et al. - 2025 - Quantum error correction below the surface code threshold.pdf,Acharya et al. (Willow),yes,yes,weak,uncertainty,5,"the surface code with three decoders. We include the real-time decoder (RT), ensembled matching synthesis (Ens.) and the neural network decoder (NN). Uncertainty on each point is less than 4 × 10−4 (Supplementary Information). To obtain the data in this figure, a 72-qubit processor is used."
Acharya et al. - 2025 - Quantum error correction below the surface code threshold.pdf,Acharya et al. (Willow),yes,yes,weak,fluctuation,4,"a transient TLS moving faster than our forecasts, this fluctuation is a c 10–2 10–1 suppressed in the distance-5 code, suggesting that larger codes are d = 3 (ref. 17) less sensitive to component-level fluctuations."
Acharya et al. - 2025 - Quantum error correction below the surface code threshold.pdf,Acharya et al. (Willow),yes,yes,weak,fluctuation,4,"is fluctuation is a c 10–2 10–1 suppressed in the distance-5 code, suggesting that larger codes are d = 3 (ref. 17) less sensitive to component-level fluctuations. Moreover, the logical 10–3 d = 5 10–2 error rates of experiments right after drift recalibration are not appre- ciably lower than those just prior,"
Acharya et al. - 2025 - Quantum error correction below the surface code threshold.pdf,Acharya et al. (Willow),yes,yes,weak,noise-floor,4,"ool for discovering new error experiencing a larger spike in the detection probability; an example is mechanisms in quantum processors at the logical noise floor. However, shown in Fig. 3b. Notably, these anisotropic error bursts are spatially surface codes are larger and sensitive to more errors than repetiti"
Acharya et al. - 2025 - Quantum error correction below the surface code threshold.pdf,Acharya et al. (Willow),yes,yes,weak,noise-floor,6,"code distance. 25. Arute, F. et al. Quantum supremacy using a programmable superconducting processor. Our repetition code experiments also identify a noise floor at an error Nature 574, 505–510 (2019). rate of 10−10 caused by correlated bursts of errors. Identifying and miti- 26. Bausch, J. et al. Learning hig"
Amin et al. - 2023 - Quantum error mitigation in quantum annealing.pdf,Amin et al.,partial,no,none,,,
Bharti - 2022 - Noisy intermediate-scale quantum algorithms.pdf,Bharti,na,yes,strong,plus-minus-value,22,"ng (Bharti et al., 2021). If one the product of Pauli strings is a Pauli string up to a keepstheparametersofthePQCθ i fixedandonlyvaries phase factor ±1 or ±ι. Thus, the overlap matrices are the α i , the algorithm can be considered a borderline simply expectation values ⟨ψ∣Pˆ∣ψ⟩ of some Pauli string"
Bharti - 2022 - Noisy intermediate-scale quantum algorithms.pdf,Bharti,na,yes,strong,plus-minus-value,37,"e can now proceed to simu- that create and annihilate electrons at spin-coordinate late more general particle statistics, in particular, hard- x ∈R3×{±1}(JordanandKlein,1927;Jørgensen,2012; core anyons. With “hard-core”, we refer to the Pauli’s k 2 Surján, 2012). The electronic Hamiltonian can then be"
Bharti - 2022 - Noisy intermediate-scale quantum algorithms.pdf,Bharti,na,yes,strong,plus-minus-value,52,"edtogetherusingoperators For every vertex v ∈ V, let us associate a variable x i i AND or conjunction (denoted by ∧), NOT or negation whichtakesvalues±1.GivenanarbitrarycutK∪K¯ =V, (denoted by ¬), and OR or disjunction (denoted by ∨). let us define x =1 if v ∈K and −1 otherwise. Then, the i i These co"
Bharti - 2022 - Noisy intermediate-scale quantum algorithms.pdf,Bharti,na,yes,strong,variance-reported,17,"strategy annealing. i would allocate equal numbers of shots per term, the In QA, one utilises quantum-mechanical fluctuations, authors observed lower variance in the energies using like quantum tunnelling, to explore the solution space. weighted approaches in which the number of shots al- Thisisanalogoustot"
Bharti - 2022 - Noisy intermediate-scale quantum algorithms.pdf,Bharti,na,yes,strong,variance-reported,27,"27 noiseandthesecondterm(lossterm)inEq.(52)iszero, mean and variance σ2 = E(δˆ2) = σ2/N. Here, σ2 is 0 0 resulting in pure unitary dynamics. When λ=1, the ac- the single-shot variance. Given a set of m scaling pa- tual"
Bharti - 2022 - Noisy intermediate-scale quantum algorithms.pdf,Bharti,na,yes,strong,variance-reported,27,"lossterm)inEq.(52)iszero, mean and variance σ2 = E(δˆ2) = σ2/N. Here, σ2 is 0 0 resulting in pure unitary dynamics. When λ=1, the ac- the single-shot variance. Given a set of m scaling pa- tual quantum device loss rate is matched. In summary, rameters λ={λ ,λ ,⋯,λ } with λ ≥1, and the corre- 1 2 m j ZNE inv"
Bharti - 2022 - Noisy intermediate-scale quantum algorithms.pdf,Bharti,na,yes,strong,variance-reported,27,"ke a number of measurements ZNEisnothingbuttobuildagoodestimatorEˆ[µ(0)]for E[µ(λj)] for λ≥1. E[µ(0)] such that its bias E(Eˆ[µ(0)]−E[µ(0)]), and its variance E(Eˆ[µ(0)]2)−E(Eˆ[µ(0)])2 are both reasonably 2. Extrapolation: we estimate E[µ(0)] from the pre- small. Onwards, let us adopt a simplified notation"
Bharti - 2022 - Noisy intermediate-scale quantum algorithms.pdf,Bharti,na,yes,strong,variance-reported,28,"biased statistical fluctuation. the outcome from the lth circuit. Asaconsequence,themeanvalueofthePECoutcome centers around the ideal one with larger variance due to 2. Probabilistic error cancellation C (see Fig. 5 right corner). The above PEC method relies on the correct knowl- Let us familiarize ourselve"
Bharti - 2022 - Noisy intermediate-scale quantum algorithms.pdf,Bharti,na,yes,strong,variance-reported,38,"nd state of more tonian, can be checked directly on the quantum proces- challengingHamiltonianscanbedifficulttofindforstan- sor by verifying that the variance of the energy var = dardVQEduetoconvergencetolocalminimainsteadof ⟨(H −⟨H⟩)2⟩ is zero. This has been demonstrated for the global minima of the energy"
Bharti - 2022 - Noisy intermediate-scale quantum algorithms.pdf,Bharti,na,yes,strong,variance-reported,57,"n en- Here,nrepresentsnumberofsamples,F (ρˆ(φ))isquan- coding process E, decoding process D and noise model Q tum Fisher information and (∆φ)2 is the variance in the N, thequalityofaquantumerrorcorrectionschemecan estimation of φ. In most of the experiments, the param- becharacterizedbyhowcloseD◦N◦E isclose"
Bharti - 2022 - Noisy intermediate-scale quantum algorithms.pdf,Bharti,na,yes,strong,variance-reported,88,"i ⟩. While a naive strategywouldallocateequalnumbersofshotsperterm, performs well when tight bounds on the parameters are the authors observed lower variance in the energies us- available(Lavrijsenetal.,2020). Thiscanbeachievedby ing weighted approaches in which the number of shots combining the method wit"
Bharti - 2022 - Noisy intermediate-scale quantum algorithms.pdf,Bharti,na,yes,weak,uncertainty,27,neimpor- j j j j tantobservationisthattheRichardsonmodelbasedZNE The second and third techniques do not require users to is dictated by a statistical uncertainty which is exponen- havefullcontrolofquantumcomputerback-endandthus tially scaling with the number of data points. There are weexpecttobeofgreaterusein
Bharti - 2022 - Noisy intermediate-scale quantum algorithms.pdf,Bharti,na,yes,weak,fluctuation,17,"mating each term ⟨h ⟩. While a naive strategy annealing. i would allocate equal numbers of shots per term, the In QA, one utilises quantum-mechanical fluctuations, authors observed lower variance in the energies using like quantum tunnelling, to explore the solution space. weighted approaches in which the numb"
Bharti - 2022 - Noisy intermediate-scale quantum algorithms.pdf,Bharti,na,yes,weak,fluctuation,17,"ficient c . greesoffreedomofquantumnaturevianon-commutative i operatorsareintroduced,whichinducesquantumfluctu- ations. The strength of these quantum fluctuations is controlled using an annealing schedule (similar to SA, SPSA. In experimental realizations of VQA, the opti- where we decrease the temperature). T"
Bharti - 2022 - Noisy intermediate-scale quantum algorithms.pdf,Bharti,na,yes,weak,fluctuation,28,"e outcome eff errors, sothattheerrorinthefinaloutputisonlydueto is µ =sgn(q )µ(l) if the lth circuit is chosen and µ(l) is eff l unbiased statistical fluctuation. the outcome from the lth circuit. Asaconsequence,themeanvalueofthePECoutcome centers around the ideal one with larger variance due to 2. Probabilist"
Bharti - 2022 - Noisy intermediate-scale quantum algorithms.pdf,Bharti,na,yes,weak,variance-general,17,"strategy annealing. i would allocate equal numbers of shots per term, the In QA, one utilises quantum-mechanical fluctuations, authors observed lower variance in the energies using like quantum tunnelling, to explore the solution space. weighted approaches in which the number of shots al- Thisisanalogoustot"
Bharti - 2022 - Noisy intermediate-scale quantum algorithms.pdf,Bharti,na,yes,weak,variance-general,27,"27 noiseandthesecondterm(lossterm)inEq.(52)iszero, mean and variance σ2 = E(δˆ2) = σ2/N. Here, σ2 is 0 0 resulting in pure unitary dynamics. When λ=1, the ac- the single-shot variance. Given a set of m scaling pa- tual"
Bharti - 2022 - Noisy intermediate-scale quantum algorithms.pdf,Bharti,na,yes,weak,variance-general,27,"lossterm)inEq.(52)iszero, mean and variance σ2 = E(δˆ2) = σ2/N. Here, σ2 is 0 0 resulting in pure unitary dynamics. When λ=1, the ac- the single-shot variance. Given a set of m scaling pa- tual quantum device loss rate is matched. In summary, rameters λ={λ ,λ ,⋯,λ } with λ ≥1, and the corre- 1 2 m j ZNE inv"
Bharti - 2022 - Noisy intermediate-scale quantum algorithms.pdf,Bharti,na,yes,weak,variance-general,27,"ke a number of measurements ZNEisnothingbuttobuildagoodestimatorEˆ[µ(0)]for E[µ(λj)] for λ≥1. E[µ(0)] such that its bias E(Eˆ[µ(0)]−E[µ(0)]), and its variance E(Eˆ[µ(0)]2)−E(Eˆ[µ(0)])2 are both reasonably 2. Extrapolation: we estimate E[µ(0)] from the pre- small. Onwards, let us adopt a simplified notation"
Bharti - 2022 - Noisy intermediate-scale quantum algorithms.pdf,Bharti,na,yes,weak,variance-general,28,"biased statistical fluctuation. the outcome from the lth circuit. Asaconsequence,themeanvalueofthePECoutcome centers around the ideal one with larger variance due to 2. Probabilistic error cancellation C (see Fig. 5 right corner). The above PEC method relies on the correct knowl- Let us familiarize ourselve"
Bharti - 2022 - Noisy intermediate-scale quantum algorithms.pdf,Bharti,na,yes,weak,variance-general,38,"nd state of more tonian, can be checked directly on the quantum proces- challengingHamiltonianscanbedifficulttofindforstan- sor by verifying that the variance of the energy var = dardVQEduetoconvergencetolocalminimainsteadof ⟨(H −⟨H⟩)2⟩ is zero. This has been demonstrated for the global minima of the energy"
Bharti - 2022 - Noisy intermediate-scale quantum algorithms.pdf,Bharti,na,yes,weak,variance-general,57,"n en- Here,nrepresentsnumberofsamples,F (ρˆ(φ))isquan- coding process E, decoding process D and noise model Q tum Fisher information and (∆φ)2 is the variance in the N, thequalityofaquantumerrorcorrectionschemecan estimation of φ. In most of the experiments, the param- becharacterizedbyhowcloseD◦N◦E isclose"
Bharti - 2022 - Noisy intermediate-scale quantum algorithms.pdf,Bharti,na,yes,weak,variance-general,88,"i ⟩. While a naive strategywouldallocateequalnumbersofshotsperterm, performs well when tight bounds on the parameters are the authors observed lower variance in the energies us- available(Lavrijsenetal.,2020). Thiscanbeachievedby ing weighted approaches in which the number of shots combining the method wit"
Bultrini et al. - 2023 - Unifying and benchmarking state-of-the-art quantum error mitigation techniques.pdf,Bultrini et al.,yes,yes,strong,variance-reported,4,"ngth. Both CDR and vnCDR use shot efficiency, strategies have been proposed to en- training on data produced by near-Clifford quantum sure sufficient variance of the exact observable of in- circuits. Consequently,vnCDRcanalsobetreatedas terest among the training circuits [11]. Alternatively, adding addition"
Bultrini et al. - 2023 - Unifying and benchmarking state-of-the-art quantum error mitigation techniques.pdf,Bultrini et al.,yes,yes,strong,variance-reported,12,"ne fine-tuning the values of method can be improved by constructing a training n,N ,M foragivenN butleavethesystematic t max tot set with significant variance in the exact expectation investigation of more advanced budgeting strategies values, as explored in detail in [11]. Therefore, to for future work. co"
Bultrini et al. - 2023 - Unifying and benchmarking state-of-the-art quantum error mitigation techniques.pdf,Bultrini et al.,yes,yes,weak,uncertainty,1,"numbers of qubits, circuit depths lemsizes[24]buthasfacedchallengesforlargerprob- and total numbers of shots. We find that the lems [10]. Due to the uncertainty of the extrapola- performance of different techniques depends tion, ZNE does not have performance guarantees for strongly on shot budgets, with more"
Bultrini et al. - 2023 - Unifying and benchmarking state-of-the-art quantum error mitigation techniques.pdf,Bultrini et al.,yes,yes,weak,uncertainty,3,"t is used to train a function extrapolationinthepresenceofshotnoiseleadstothe fCDR :E i → i E i=1 ,i.e.,afunctionmappingthe exponential growth of the uncertainty in µZNE with noisy noiseless noisy to the exact expectation values. The simplest increasing n [17]. Richardson extrapolation is equiv- formforfCDR wh"
Bultrini et al. - 2023 - Unifying and benchmarking state-of-the-art quantum error mitigation techniques.pdf,Bultrini et al.,yes,yes,weak,variance-general,4,"ngth. Both CDR and vnCDR use shot efficiency, strategies have been proposed to en- training on data produced by near-Clifford quantum sure sufficient variance of the exact observable of in- circuits. Consequently,vnCDRcanalsobetreatedas terest among the training circuits [11]. Alternatively, adding addition"
Bultrini et al. - 2023 - Unifying and benchmarking state-of-the-art quantum error mitigation techniques.pdf,Bultrini et al.,yes,yes,weak,variance-general,12,"ne fine-tuning the values of method can be improved by constructing a training n,N ,M foragivenN butleavethesystematic t max tot set with significant variance in the exact expectation investigation of more advanced budgeting strategies values, as explored in detail in [11]. Therefore, to for future work. co"
Bultrini et al. - 2023 - Unifying and benchmarking state-of-the-art quantum error mitigation techniques.pdf,Bultrini et al.,yes,yes,weak,noise-floor,5,"U|0⟩⊗Q. Therefore, the quality of the VD correction Technique Noise Levels Copies Training is limited by a noise floor Circuits ZNE [45] ✓ ✗ ✗ ϵ=⟨ψ |X|ψ ⟩−⟨ψ |X|ψ ⟩. (8) VD [22, 26] ✗ ✓ ✗ 0 0 exact exact CDR [10] ✗ ✗ ✓ The noise floor can be bounded from above using a"
Bultrini et al. - 2023 - Unifying and benchmarking state-of-the-art quantum error mitigation techniques.pdf,Bultrini et al.,yes,yes,weak,noise-floor,5,"s Copies Training is limited by a noise floor Circuits ZNE [45] ✓ ✗ ✗ ϵ=⟨ψ |X|ψ ⟩−⟨ψ |X|ψ ⟩. (8) VD [22, 26] ✗ ✓ ✗ 0 0 exact exact CDR [10] ✗ ✗ ✓ The noise floor can be bounded from above using a vnCDR [28] ✓ ✗ ✓ quantity called the coherent mismatch CGVD [Here] ✗ ✓ ✓ UNITED [Here] ✓ ✓ ✓ c=1−|⟨ψ |ψ ⟩|2, (9) ex"
Bultrini et al. - 2023 - Unifying and benchmarking state-of-the-art quantum error mitigation techniques.pdf,Bultrini et al.,yes,yes,weak,noise-floor,5,"enotedby µ )oftheobservableofinter- i ertheless,itwasshownthatforsufficientlysmallerror est X for each circuit. Then, we estimate the noisy rates the noise floor does not prevent VD from signif- and VD mitigated expectation values of X for dif- icantly reducing the impact of noise [27]. ferent noise levels c w"
Bultrini et al. - 2023 - Unifying and benchmarking state-of-the-art quantum error mitigation techniques.pdf,Bultrini et al.,yes,yes,weak,noise-floor,6,"wn in pendix B we show that for this noise model the or- AppendixC.Suchperfectcorrectionispossibleasfor thogonal error scales as this noise model the noise floor is zero. |µVD−µ−ϵ|∈O(λM) , (14) M 3.3 UNITED ansatz for a simple noise model whileonecanfindcoefficientsb (seeAppendixB.2) with orthogonal and cohere"
Bultrini et al. - 2023 - Unifying and benchmarking state-of-the-art quantum error mitigation techniques.pdf,Bultrini et al.,yes,yes,weak,noise-floor,7,"′ Mmax,j −µ−ϵ j |∈O(λM j max+1), (18) ofthenoiselevelsthatcanbeusedinpractice. There- fore,atanintuitivelevel,usingVD-mitigatedobserv- where ϵ is the noise floor for the noise level c . As j j ablesisanotherwaytoprovidedatacorrespondingto shown in Appendix B.3, for such obtained estimates differentnoiselevelse"
Bultrini et al. - 2023 - Unifying and benchmarking state-of-the-art quantum error mitigation techniques.pdf,Bultrini et al.,yes,yes,weak,noise-floor,7,"gvariablenoiselevels,likeZNEand lation to additionally suppress the coherent error re- vnCDR. From this perspective, the UNITED ansatz sulting in the noise floor. uses near-Clifford circuits to learn the best way to By doing that one gets the final estimate of the combine the various observables calculated und"
Bultrini et al. - 2023 - Unifying and benchmarking state-of-the-art quantum error mitigation techniques.pdf,Bultrini et al.,yes,yes,weak,noise-floor,10,"uantumcircuitcaseislikely due to the fact that the solutions to the Max-Cut problemsareeigenstatesofthemitigatedobservables. Therefore, we expect the noise floor to be reduced relativetotherandomquantumcircuits(see(10)and Figure 4: Convergence of error mitigation methods ap- (11)). plied to RQCs with increasin"
Bultrini et al. - 2023 - Unifying and benchmarking state-of-the-art quantum error mitigation techniques.pdf,Bultrini et al.,yes,yes,weak,noise-floor,17,") M Here, to motivate the CGVD ansatz (16) - which is a linear combination of VD-mitigated observables with where µ is the exact observable, ϵ is the noise floor up to M copies - we find a combination of VD- max defined in (8) and repeated below for convenience mitigated observables that estimates the noise-fr"
Bultrini et al. - 2023 - Unifying and benchmarking state-of-the-art quantum error mitigation techniques.pdf,Bultrini et al.,yes,yes,weak,noise-floor,17,"envaluesofthemitigatedstate(6)other unitary U(θ) = e−iθE, where E is a Hermitian oper- than the dominant one. ator. Such an error produces a non-zero noise floor forθ ̸=0, whilepreservingtheorthogonalityofstates B.1 Proof of VD error scaling with the number corresponding to different sequences of the gate er-"
Bultrini et al. - 2023 - Unifying and benchmarking state-of-the-art quantum error mitigation techniques.pdf,Bultrini et al.,yes,yes,weak,noise-floor,19,igated observables with differ- =X M Xmax b + X ∞ M Xmax b α(M)λj+M−1 = ent numbers of copies. Such a combination in itself 0 M M j cannot mitigate a noise floor that results from a co- M=1 j=1 M=1 herent error of the form U(θ) = e−iθE. To mitigate =X M Xmax b + MmXax−1M Xmax b α(M)λj+M−1+ the noise floor we c
Bultrini et al. - 2023 - Unifying and benchmarking state-of-the-art quantum error mitigation techniques.pdf,Bultrini et al.,yes,yes,weak,noise-floor,19,te a noise floor that results from a co- M=1 j=1 M=1 herent error of the form U(θ) = e−iθE. To mitigate =X M Xmax b + MmXax−1M Xmax b α(M)λj+M−1+ the noise floor we consider taking a combination of 0 M M j VD-mitigated observables obtained at various noise M=1 j=1 M=1 levels. +b α(1) λMmax +O(λMmax+1). (60) 1
Bultrini et al. - 2023 - Unifying and benchmarking state-of-the-art quantum error mitigation techniques.pdf,Bultrini et al.,yes,yes,weak,noise-floor,19,"Mmax+1). +O(λMmax+1). (70) (64) For large enough M the dominant part of the max Therefore, the combination improves the VD error error comes from the noise floor. Therefore, in this suppression for the largest used M =M max . case we can neglect dependence of µ′ on λ This shows that in general, we can combine"
Bultrini et al. - 2023 - Unifying and benchmarking state-of-the-art quantum error mitigation techniques.pdf,Bultrini et al.,yes,yes,weak,noise-floor,22,"on-Clifford gates in these random quantum tot indicating that M = 2 is large enough to reach the circuits. Foreachcircuitofinterest, 100near-Clifford noise floor. Our findings agree with [27], which ar- circuits were generated. We see strong clustering of gues that, with the exception of highly noisy circuits,"
Bultrini et al. - 2023 - Unifying and benchmarking state-of-the-art quantum error mitigation techniques.pdf,Bultrini et al.,yes,yes,weak,noise-floor,22,"ring of gues that, with the exception of highly noisy circuits, the expectation values for the near-Clifford circuits M ≤3 is sufficient to reach the noise floor. For nois- despite the lack of this effect in the random quantum ier Q=4,g =16 circuits we find that the optimal M circuits used to generate them. Th"
Cai et al. - 2023 - Quantum Error Mitigation.pdf,Cai et al.,yes,yes,strong,std-dev,23,"larizing errors, the required number of samples M for using fidelity instead of relative entropy, a bound tigher achieving an additive error ϵ in the standard deviation thanEq.(51)canalsobeobtainedasdiscussedinTakagi can be lower-bounded as M ≳ Tr(O2) (1 p) 2L, which et al. (2023). canbesaturatedbysimplyrescali 2 n N"
Cai et al. - 2023 - Quantum Error Mitigation.pdf,Cai et al.,yes,yes,strong,variance-reported,3,"ion finite bias. QEM protocols aim to reduce this bias, but method should require few assumptions (or, no assump- this often means an increase in the variance (for a fixed tions) about the final state that is prepared by the com- number of circuit executions N ). One could increase cir putation. Making stro"
Cai et al. - 2023 - Quantum Error Mitigation.pdf,Cai et al.,yes,yes,strong,variance-reported,4,"4 components, the bias and the variance of the estimator: andvariance, givingtheuserachoicebetweenaquickly- converging QEM method with large residual error, and MSE[Oˆ]=Bias[Oˆ] 2 +Var[Oˆ]"
Cai et al. - 2023 - Quantum Error Mitigation.pdf,Cai et al.,yes,yes,strong,variance-reported,4,nd MSE[Oˆ]=Bias[Oˆ] 2 +Var[Oˆ] one that is more costly but more accurate. We can define an ‘one-shot’ error-mitigated estimator with the bias and the variance defined as: Oˆ that will satisfy E[Oˆ ] = E[O ] and Var[Oˆ ] = em em em em N Var[O ]. The number of circuit runs needed for Bias[Oˆ]=E[Oˆ] Tr[Oρ ] ci
Cai et al. - 2023 - Quantum Error Mitigation.pdf,Cai et al.,yes,yes,strong,variance-reported,4,"rmation buried within the noise. As a result, the error-mitigated estimator is also more sensitive to the variation in the sampled data, and thus its variance will usually increase, Var[O ] Var[O ]. em ρ ≥ Such a bias-variance trade-off is illustrated in Fig. 1 and canbefoundinalmostallareasofparameterestim"
Cai et al. - 2023 - Quantum Error Mitigation.pdf,Cai et al.,yes,yes,strong,variance-reported,4,"timator is also more sensitive to the variation in the sampled data, and thus its variance will usually increase, Var[O ] Var[O ]. em ρ ≥ Such a bias-variance trade-off is illustrated in Fig. 1 and canbefoundinalmostallareasofparameterestimation. As we will see later, different ways of performing error miti"
Cai et al. - 2023 - Quantum Error Mitigation.pdf,Cai et al.,yes,yes,strong,variance-reported,4,The probability density distributions of the unmiti- gated estimator and the error-mitigated estimator. We see a decrease of bias and an increase of variance after performing error mitigation. The sampling overhead can also be estimated using therangeoftheestimatorthroughHoeffding’sinequality. The range of
Cai et al. - 2023 - Quantum Error Mitigation.pdf,Cai et al.,yes,yes,strong,variance-reported,7,"yields new data resentation,andthustherearenotyetanalyticalexpres- points at reduced error strength. Of course, learning a sions for their biases and variance in most of the cases. representative noise model can be challenging for large- It is possible to combine exponential and Richardson ex- scale devices"
Cai et al. - 2023 - Quantum Error Mitigation.pdf,Cai et al.,yes,yes,strong,variance-reported,22,"g circuits. Compared to the circuits used in the orcomparetheperformanceofQEMmethods,theirbias originalnoisecalibrationprocessindifferentQEMmeth- and variance are often obtained using numerical simula- ods, thetrainingcircuitsareusuallymorecloselyrelated tions or physical experiments by applying them to som"
Cai et al. - 2023 - Quantum Error Mitigation.pdf,Cai et al.,yes,yes,strong,variance-reported,22,"r-free state ρ through a process denoted as : zero-noise extrapolation, etc). Each of these estimators 0 L has a different trade-off between bias and variance and M thusadifferentmeansquareerror. Comparisonsbetween (ρ )= (ρ ) 0 m 0 two QEM methods are further complicated by their dif- L E m=1 ferentsetsofas"
Cai et al. - 2023 - Quantum Error Mitigation.pdf,Cai et al.,yes,yes,strong,variance-reported,24,"ai (2021b), by assuming the ideal nents and/or achieving a better trade-off between bias state ρ to be a pure state, we can decompose the noisy 0 and variance. We have mentioned some possible connec- state ρ into the error-mitigated component ρ and an em tionsandcombinationsofQEMmethodswhendiscussing errone"
Cai et al. - 2023 - Quantum Error Mitigation.pdf,Cai et al.,yes,yes,strong,variance-reported,25,verification. QEM methods. These new “interpolated” QEM imple- One may apply zero-noise extrapolation on top of mentations can achieve different bias-variance trade-offs another QEM method by performing extrapolation us- beyond the existing QEM methods and often also tar- ing error-mitigated expectation val
Cai et al. - 2023 - Quantum Error Mitigation.pdf,Cai et al.,yes,yes,strong,variance-reported,29,"nger, 2016). Hence, there is a trade- to the infinite-annealing-time limit or the zero-energy- off between the number of T gates used and the cost of variance limit (Cao et al., 2022a). the QEM we need to apply. We will discuss more in- stances of compilation errors beyond the context of gate Mitigating alg"
Cai et al. - 2023 - Quantum Error Mitigation.pdf,Cai et al.,yes,yes,strong,variance-reported,30,"t-selection, in the same spirit of quantum error detection. 2. What are some good performance metrics for QEM? In Sec. II.B, we identify the bias and variance of B. Technical questions the error-mitigated estimator as its key performance metrics and in Sec. IV, we further define some per- There are also man"
Cai et al. - 2023 - Quantum Error Mitigation.pdf,Cai et al.,yes,yes,strong,variance-reported,31,"ividual terms E[Oˆ ] up to a certain precision, then n RB thanks Nicholas Rubin for helpful discussions about combine the results. In such a way, the variance of the pure state N-representability. ZC is supported by the error-mitigated estimator Oˆ is given as: em Junior Research Fellowship from St John’s C"
Cai et al. - 2023 - Quantum Error Mitigation.pdf,Cai et al.,yes,yes,strong,variance-reported,32,"need to have A = eβλ , which implies that the cient under our assumptions. O sampling cost using Eq. (A4) is Instead of making assumptions about the variance of (cid:0) (cid:1) thecomponentrandomvariablesOˆ ,wecanalsoobtaina n C =A2 = e2βλ similarsamplingoverheadusingHoeffding’sinequalityas em O shown in E"
Cai et al. - 2023 - Quantum Error Mitigation.pdf,Cai et al.,yes,yes,weak,uncertainty,9,"-decay (Blais et al., 2004; Wallraff et al., 2004), 1 tors (Guo and Yang, 2022), or with the help of learning- while for ion traps a major source of uncertainty arises based methods (Strikis et al., 2021) as will be discussed from the difficulty of detecting an ion’s dark state and in Sec. III.H. collisions i"
Cai et al. - 2023 - Quantum Error Mitigation.pdf,Cai et al.,yes,yes,weak,variance-general,3,"ion finite bias. QEM protocols aim to reduce this bias, but method should require few assumptions (or, no assump- this often means an increase in the variance (for a fixed tions) about the final state that is prepared by the com- number of circuit executions N ). One could increase cir putation. Making stro"
Cai et al. - 2023 - Quantum Error Mitigation.pdf,Cai et al.,yes,yes,weak,variance-general,4,"4 components, the bias and the variance of the estimator: andvariance, givingtheuserachoicebetweenaquickly- converging QEM method with large residual error, and MSE[Oˆ]=Bias[Oˆ] 2 +Var[Oˆ]"
Cai et al. - 2023 - Quantum Error Mitigation.pdf,Cai et al.,yes,yes,weak,variance-general,4,nd MSE[Oˆ]=Bias[Oˆ] 2 +Var[Oˆ] one that is more costly but more accurate. We can define an ‘one-shot’ error-mitigated estimator with the bias and the variance defined as: Oˆ that will satisfy E[Oˆ ] = E[O ] and Var[Oˆ ] = em em em em N Var[O ]. The number of circuit runs needed for Bias[Oˆ]=E[Oˆ] Tr[Oρ ] ci
Cai et al. - 2023 - Quantum Error Mitigation.pdf,Cai et al.,yes,yes,weak,variance-general,4,"rmation buried within the noise. As a result, the error-mitigated estimator is also more sensitive to the variation in the sampled data, and thus its variance will usually increase, Var[O ] Var[O ]. em ρ ≥ Such a bias-variance trade-off is illustrated in Fig. 1 and canbefoundinalmostallareasofparameterestim"
Cai et al. - 2023 - Quantum Error Mitigation.pdf,Cai et al.,yes,yes,weak,variance-general,4,"timator is also more sensitive to the variation in the sampled data, and thus its variance will usually increase, Var[O ] Var[O ]. em ρ ≥ Such a bias-variance trade-off is illustrated in Fig. 1 and canbefoundinalmostallareasofparameterestimation. As we will see later, different ways of performing error miti"
Cai et al. - 2023 - Quantum Error Mitigation.pdf,Cai et al.,yes,yes,weak,variance-general,4,The probability density distributions of the unmiti- gated estimator and the error-mitigated estimator. We see a decrease of bias and an increase of variance after performing error mitigation. The sampling overhead can also be estimated using therangeoftheestimatorthroughHoeffding’sinequality. The range of
Cai et al. - 2023 - Quantum Error Mitigation.pdf,Cai et al.,yes,yes,weak,variance-general,7,"yields new data resentation,andthustherearenotyetanalyticalexpres- points at reduced error strength. Of course, learning a sions for their biases and variance in most of the cases. representative noise model can be challenging for large- It is possible to combine exponential and Richardson ex- scale devices"
Cai et al. - 2023 - Quantum Error Mitigation.pdf,Cai et al.,yes,yes,weak,variance-general,22,"g circuits. Compared to the circuits used in the orcomparetheperformanceofQEMmethods,theirbias originalnoisecalibrationprocessindifferentQEMmeth- and variance are often obtained using numerical simula- ods, thetrainingcircuitsareusuallymorecloselyrelated tions or physical experiments by applying them to som"
Cai et al. - 2023 - Quantum Error Mitigation.pdf,Cai et al.,yes,yes,weak,variance-general,22,"r-free state ρ through a process denoted as : zero-noise extrapolation, etc). Each of these estimators 0 L has a different trade-off between bias and variance and M thusadifferentmeansquareerror. Comparisonsbetween (ρ )= (ρ ) 0 m 0 two QEM methods are further complicated by their dif- L E m=1 ferentsetsofas"
Cai et al. - 2023 - Quantum Error Mitigation.pdf,Cai et al.,yes,yes,weak,variance-general,24,"ai (2021b), by assuming the ideal nents and/or achieving a better trade-off between bias state ρ to be a pure state, we can decompose the noisy 0 and variance. We have mentioned some possible connec- state ρ into the error-mitigated component ρ and an em tionsandcombinationsofQEMmethodswhendiscussing errone"
Cai et al. - 2023 - Quantum Error Mitigation.pdf,Cai et al.,yes,yes,weak,variance-general,25,verification. QEM methods. These new “interpolated” QEM imple- One may apply zero-noise extrapolation on top of mentations can achieve different bias-variance trade-offs another QEM method by performing extrapolation us- beyond the existing QEM methods and often also tar- ing error-mitigated expectation val
Cai et al. - 2023 - Quantum Error Mitigation.pdf,Cai et al.,yes,yes,weak,variance-general,29,"nger, 2016). Hence, there is a trade- to the infinite-annealing-time limit or the zero-energy- off between the number of T gates used and the cost of variance limit (Cao et al., 2022a). the QEM we need to apply. We will discuss more in- stances of compilation errors beyond the context of gate Mitigating alg"
Cai et al. - 2023 - Quantum Error Mitigation.pdf,Cai et al.,yes,yes,weak,variance-general,30,"t-selection, in the same spirit of quantum error detection. 2. What are some good performance metrics for QEM? In Sec. II.B, we identify the bias and variance of B. Technical questions the error-mitigated estimator as its key performance metrics and in Sec. IV, we further define some per- There are also man"
Cai et al. - 2023 - Quantum Error Mitigation.pdf,Cai et al.,yes,yes,weak,variance-general,31,"ividual terms E[Oˆ ] up to a certain precision, then n RB thanks Nicholas Rubin for helpful discussions about combine the results. In such a way, the variance of the pure state N-representability. ZC is supported by the error-mitigated estimator Oˆ is given as: em Junior Research Fellowship from St John’s C"
Cai et al. - 2023 - Quantum Error Mitigation.pdf,Cai et al.,yes,yes,weak,variance-general,32,"need to have A = eβλ , which implies that the cient under our assumptions. O sampling cost using Eq. (A4) is Instead of making assumptions about the variance of (cid:0) (cid:1) thecomponentrandomvariablesOˆ ,wecanalsoobtaina n C =A2 = e2βλ similarsamplingoverheadusingHoeffding’sinequalityas em O shown in E"
Cai et al. - 2023 - Quantum Error Mitigation.pdf,Cai et al.,yes,yes,weak,noise-floor,2,"computation could meaningful and useful results. Due to the limited coher- be carried out for arbitrary length even on noisy hard- ence times and the noise floor present in quantum hard- ware. However, besides the technical challenge of build- ware, one typically resorts to the idea of quantum com- ing hardwar"
Campbell et al. - 2023 - Superstaq Deep Optimization of Quantum Programs.pdf,Campbell et al.,partial,yes,strong,error-bar,4,"n Fig. 5b and we see that except for γ = 7π/4, Superstaq either ties or beats Qiskit i.e. the orange bar is tied with or lower than the blue bar. The error bar is the standard error of the mean √σ for N trials, N and a tie occurs when the error bars intersect. We note that while Qiskit beats the direct AceCR"
Campbell et al. - 2023 - Superstaq Deep Optimization of Quantum Programs.pdf,Campbell et al.,partial,yes,strong,error-bar,4,"the orange bar is tied with or lower than the blue bar. The error bar is the standard error of the mean √σ for N trials, N and a tie occurs when the error bars intersect. We note that while Qiskit beats the direct AceCR(θ) implementation for γ 0.25π,0.75π,π , future iterations of Superstaq will ∈ { } addres"
Campbell et al. - 2023 - Superstaq Deep Optimization of Quantum Programs.pdf,Campbell et al.,partial,yes,strong,error-bar,6,"imimplementation, thedifferencebetweend ofthestandardandSWAPmirrored h compilationsisplottedagainstthetotalreductionθ .Linear MS fit (dashed) with 2σ error bars emphasizes trend of increased d difference with increased θ reduction. h MS"
Campbell et al. - 2023 - Superstaq Deep Optimization of Quantum Programs.pdf,Campbell et al.,partial,yes,strong,std-error,4,"see that except for γ = 7π/4, Superstaq either ties or beats Qiskit i.e. the orange bar is tied with or lower than the blue bar. The error bar is the standard error of the mean √σ for N trials, N and a tie occurs when the error bars intersect. We note that while Qiskit beats the direct AceCR(θ) implementation for"
Chernyak et al. - 2026 - Classical Regularization in Variational Quantum Eigensolvers.pdf,Chernyak et al.,yes,yes,strong,variance-reported,2,"ns degrees of freedom, steering the solution toward smoother To implement this regularization strategy, all simula- functions while reducing the high variance associated with tions were performed using the open-source framework on overparameterizedmodels[10],[11].ThisroleofL2 penalties 2 GitHub [15]. This m"
Chernyak et al. - 2026 - Classical Regularization in Variational Quantum Eigensolvers.pdf,Chernyak et al.,yes,yes,strong,variance-reported,2,"ime. There tive systems, each chosen to probe distinct energy-landscape is no dataset, no distribution of unseen inputs, and no characteristics: bias–variance tradeoff. The objective is a single scalar quan- tity—the energy expectation value • H 2 molecule: A four-qubit system with a 40-parameter hardware-e"
Chernyak et al. - 2026 - Classical Regularization in Variational Quantum Eigensolvers.pdf,Chernyak et al.,yes,yes,strong,variance-reported,4,"lineforevaluating tween λ and parameter count. the influence of regularization, offering a well-characterized opt Regularization consistently reduced variance in both en- test case with a 40-parameter hardware-efficient ansatz. We ergies and parameter norms. At very small λ, several runs explored each confi"
Chernyak et al. - 2026 - Classical Regularization in Variational Quantum Eigensolvers.pdf,Chernyak et al.,yes,yes,strong,variance-reported,5,"onvergence reliability and suppressed 1) Lowλvaluescorrespondtounconstrainedsearcheswith oscillatoryupdatesduringtheCGiterations.Optimalλvalues large variance and high sensitivity to initialization. lay in the broad interval 0.05–0.12, producing roughly dou- 2) Moderate λ values yield stabilized convergence"
Chernyak et al. - 2026 - Classical Regularization in Variational Quantum Eigensolvers.pdf,Chernyak et al.,yes,yes,strong,variance-reported,7,"rning,page78,2004. V. CONCLUSION [9] MikhailBelkin,DanielHsu,SiyuanMa,andSoumikMandal. Recon- cilingmodernmachine-learningpracticeandtheclassicalbias–variance In this work, we have systematically investigated the role trade-off. Proceedings of the National Academy of Sciences, ofclassicalregularizationinVar"
Chernyak et al. - 2026 - Classical Regularization in Variational Quantum Eigensolvers.pdf,Chernyak et al.,yes,yes,weak,variance-general,2,"ns degrees of freedom, steering the solution toward smoother To implement this regularization strategy, all simula- functions while reducing the high variance associated with tions were performed using the open-source framework on overparameterizedmodels[10],[11].ThisroleofL2 penalties 2 GitHub [15]. This m"
Chernyak et al. - 2026 - Classical Regularization in Variational Quantum Eigensolvers.pdf,Chernyak et al.,yes,yes,weak,variance-general,2,"ime. There tive systems, each chosen to probe distinct energy-landscape is no dataset, no distribution of unseen inputs, and no characteristics: bias–variance tradeoff. The objective is a single scalar quan- tity—the energy expectation value • H 2 molecule: A four-qubit system with a 40-parameter hardware-e"
Chernyak et al. - 2026 - Classical Regularization in Variational Quantum Eigensolvers.pdf,Chernyak et al.,yes,yes,weak,variance-general,4,"lineforevaluating tween λ and parameter count. the influence of regularization, offering a well-characterized opt Regularization consistently reduced variance in both en- test case with a 40-parameter hardware-efficient ansatz. We ergies and parameter norms. At very small λ, several runs explored each confi"
Chernyak et al. - 2026 - Classical Regularization in Variational Quantum Eigensolvers.pdf,Chernyak et al.,yes,yes,weak,variance-general,5,"onvergence reliability and suppressed 1) Lowλvaluescorrespondtounconstrainedsearcheswith oscillatoryupdatesduringtheCGiterations.Optimalλvalues large variance and high sensitivity to initialization. lay in the broad interval 0.05–0.12, producing roughly dou- 2) Moderate λ values yield stabilized convergence"
Chernyak et al. - 2026 - Classical Regularization in Variational Quantum Eigensolvers.pdf,Chernyak et al.,yes,yes,weak,variance-general,7,"rning,page78,2004. V. CONCLUSION [9] MikhailBelkin,DanielHsu,SiyuanMa,andSoumikMandal. Recon- cilingmodernmachine-learningpracticeandtheclassicalbias–variance In this work, we have systematically investigated the role trade-off. Proceedings of the National Academy of Sciences, ofclassicalregularizationinVar"
Cirstoiu et al. - 2023 - Volumetric Benchmarking of Error Mitigation with Qermit.pdf,Cirstoiu et al.,yes,yes,strong,error-bar,28,"Figure 15: Data is as in Fig. 8a and Fig. 8b, with a qubit number of two. Error bars show one standard deviation. where |λ| is the number of noise scaling values, and where we have assumed Var (cid:2)log(cid:0) Dq (cid:1)(cid:3)=Var"
Cirstoiu et al. - 2023 - Volumetric Benchmarking of Error Mitigation with Qermit.pdf,Cirstoiu et al.,yes,yes,strong,std-dev,28,"Figure 15: Data is as in Fig. 8a and Fig. 8b, with a qubit number of two. Error bars show one standard deviation. where |λ| is the number of noise scaling values, and where we have assumed Var (cid:2)log(cid:0) Dq (cid:1)(cid:3)=Var h log (cid:16) ⟨O ˆ ⟩ (cid:17"
Cirstoiu et al. - 2023 - Volumetric Benchmarking of Error Mitigation with Qermit.pdf,Cirstoiu et al.,yes,yes,strong,variance-reported,3,"nSection2.4. Theaccuracyofthedatacol- K lected, influenced by the available shot budget, also D =⟨O ˆ ⟩ + X F λi, (4) λ EM i impacts the accuracy and variance in the final error i=1 mitigated observable expectation approximation. We explore this variance in the case of our experiments with negligible higher"
Cirstoiu et al. - 2023 - Volumetric Benchmarking of Error Mitigation with Qermit.pdf,Cirstoiu et al.,yes,yes,strong,variance-reported,3,"=⟨O ˆ ⟩ + X F λi, (4) λ EM i impacts the accuracy and variance in the final error i=1 mitigated observable expectation approximation. We explore this variance in the case of our experiments with negligible higher order terms O(λK+1) and un- in Appendix E.4. known (complex) parameters F i . If the number of"
Cirstoiu et al. - 2023 - Volumetric Benchmarking of Error Mitigation with Qermit.pdf,Cirstoiu et al.,yes,yes,strong,variance-reported,7,"tateSimMitEx would ex- Furthermore, since both ⟨O ˆ ⟩ and ⟨O ˆ ⟩ are es- EM N pandtorevealaMitExfortheinputtedbackend,andaMitEx timators they incur a variance due to finite sampling for an ideal classical simulator. statistics. In general the ratio of two random vari- ables does not have a well defined vari"
Cirstoiu et al. - 2023 - Volumetric Benchmarking of Error Mitigation with Qermit.pdf,Cirstoiu et al.,yes,yes,strong,variance-reported,7,"ance due to finite sampling for an ideal classical simulator. statistics. In general the ratio of two random vari- ables does not have a well defined variance and the ratio of two normally distributed variables with zero mean gives rise to the Cauchy distribution, which is typically heavy tailed. However, u"
Cirstoiu et al. - 2023 - Volumetric Benchmarking of Error Mitigation with Qermit.pdf,Cirstoiu et al.,yes,yes,strong,variance-reported,8,by normal distribution with mean µ= µEM and vari- 4.2.1 Amplification of finite sampling variance in the µN ance error mitigated estimator ˆ σ ϵ 2 = (µ σ − E 2 M ⟨O⟩)2 + σ N 2 (µ (µ E − M ⟨ − O⟩ ⟨ ) O 4 ⟩)2 (13) R is ec p a r l o l du th c a ed t
Cirstoiu et al. - 2023 - Volumetric Benchmarking of Error Mitigation with Qermit.pdf,Cirstoiu et al.,yes,yes,strong,variance-reported,8,"o g s a t t -p ed roc e e s s t s im in a g to w r hi ⟨ c O h ⟩ E fi M ts N N the experimental results to a functional model where σ2 and σ2 are the variance of estimators F(D,⟨O ˆ ⟩ EM )=0. The terms D i q ,m are sample mean ˆ EM ˆ N estimators that will introduce finite sampling effects. ⟨O⟩ and ⟨O⟩ due"
Cirstoiu et al. - 2023 - Volumetric Benchmarking of Error Mitigation with Qermit.pdf,Cirstoiu et al.,yes,yes,strong,variance-reported,8,"nfinite number of sam- EM i,m i,m i,m ficients F and where Dq are defined in Eq. (1). ples. We discuss in Appendix E.2 the conditions un- i,m i,m The variance due to finite sampling in the error miti- der which the above approximation holds. gated estimator is then 4.2 Performance of Error Mitigation Method"
Cirstoiu et al. - 2023 - Volumetric Benchmarking of Error Mitigation with Qermit.pdf,Cirstoiu et al.,yes,yes,strong,variance-reported,8,"t y h , e fi p n e it r e - = XF i 2 ,m o m,i σ2 (15) n i sampling effects are amplified in the error mitigated m,i i estimator which incurs a higher variance than the where o := P o (z)2 are constants pre- noisy expectation value estimator for a fixed num- m,i z m,i determined from the target observables ("
Cirstoiu et al. - 2023 - Volumetric Benchmarking of Error Mitigation with Qermit.pdf,Cirstoiu et al.,yes,yes,strong,variance-reported,8,"derives theo- step) and recall that n are the number of indepen- retical lower bounds on the sample complexity over- i dent samples {Z }ni each with variance σ2. headoferrormitigationintermsofthemaximalnoise s s=1 i bias and distinguishability measures. In particular, for a local depolarising noise model t"
Cirstoiu et al. - 2023 - Volumetric Benchmarking of Error Mitigation with Qermit.pdf,Cirstoiu et al.,yes,yes,strong,variance-reported,11,"hardware 18: runs, are limited by finite size sampling so that the 19: Measure all qubits in the computational basis obtained data D = {Dq } incurs a variance de- i,m i,m pending on the fixed number of shots. Fitting this datatothesurfaceF(D,⟨O ˆ ⟩ )=0todeterminean EM errormitigatedestimatorcanbenumerically"
Cirstoiu et al. - 2023 - Volumetric Benchmarking of Error Mitigation with Qermit.pdf,Cirstoiu et al.,yes,yes,strong,variance-reported,24,"ues for increasing depth and qubit number one how the tension between low levels of noise and high may employ scalable benchmarks consisting, for ex- variance in the noisy estimators make it difficult to ample, of mirrored circuits. Mirrored circuits – with quantify the performance of error mitigation in th"
Cirstoiu et al. - 2023 - Volumetric Benchmarking of Error Mitigation with Qermit.pdf,Cirstoiu et al.,yes,yes,strong,variance-reported,27,"where e is maximal (gate) error rate. Since σ2 E.4.1 Clifford Data Regression max N is the variance of the sample mean estimator for the ˆ We consider a linear functional model as in Eq. (8) noisy expectation value ⟨O⟩ , it will depend on the N with"
Cirstoiu et al. - 2023 - Volumetric Benchmarking of Error Mitigation with Qermit.pdf,Cirstoiu et al.,yes,yes,strong,variance-reported,27,"valuable in calculating σ2 , the vari- EM ˆ ance in ⟨O⟩ EM , note the following derivation of the where we employ respectively Lemma E.1, Eq. (35), ˆ variance in the estimator A and Eq. (32), and use |Dc| to denote the number of Var h A ˆi =Var ""PK i=1 (x i −x¯)(y i −y¯) # (32) C m l e i n ff t or o d fL tr"
Cirstoiu et al. - 2023 - Volumetric Benchmarking of Error Mitigation with Qermit.pdf,Cirstoiu et al.,yes,yes,strong,variance-reported,28,") ⟨O ˆ ⟩2 |λ|⟨O ˆ ⟩2 1 EM N = 1 σ N 2 +λ ¯ 1 λ+1 σ2 |λ|⟨O ˆ ⟩2 (cid:16) P|λ| (λ −λ ¯)2 (cid:17) |λ| N N i=1 i (46) E.4.3 Relative Error of Mitigation Variance We combine the arguments in Appendices E.4.1 and E.4.2 with Eq. (13) to produce Fig. 15, which exemplifies well controlled variance in the case of ou"
Cirstoiu et al. - 2023 - Volumetric Benchmarking of Error Mitigation with Qermit.pdf,Cirstoiu et al.,yes,yes,strong,variance-reported,28,"ror of Mitigation Variance We combine the arguments in Appendices E.4.1 and E.4.2 with Eq. (13) to produce Fig. 15, which exemplifies well controlled variance in the case of our experiments. Here σ2 , the variance in the estimator N of the noisy expectation value, is approximated by resampling the shots pro"
Cirstoiu et al. - 2023 - Volumetric Benchmarking of Error Mitigation with Qermit.pdf,Cirstoiu et al.,yes,yes,strong,variance-reported,28,"Appendices E.4.1 and E.4.2 with Eq. (13) to produce Fig. 15, which exemplifies well controlled variance in the case of our experiments. Here σ2 , the variance in the estimator N of the noisy expectation value, is approximated by resampling the shots produced in the experiments of Figs. 8a and 8b. σ2 is calc"
Cirstoiu et al. - 2023 - Volumetric Benchmarking of Error Mitigation with Qermit.pdf,Cirstoiu et al.,yes,yes,weak,variance-general,3,"nSection2.4. Theaccuracyofthedatacol- K lected, influenced by the available shot budget, also D =⟨O ˆ ⟩ + X F λi, (4) λ EM i impacts the accuracy and variance in the final error i=1 mitigated observable expectation approximation. We explore this variance in the case of our experiments with negligible higher"
Cirstoiu et al. - 2023 - Volumetric Benchmarking of Error Mitigation with Qermit.pdf,Cirstoiu et al.,yes,yes,weak,variance-general,3,"=⟨O ˆ ⟩ + X F λi, (4) λ EM i impacts the accuracy and variance in the final error i=1 mitigated observable expectation approximation. We explore this variance in the case of our experiments with negligible higher order terms O(λK+1) and un- in Appendix E.4. known (complex) parameters F i . If the number of"
Cirstoiu et al. - 2023 - Volumetric Benchmarking of Error Mitigation with Qermit.pdf,Cirstoiu et al.,yes,yes,weak,variance-general,7,"tateSimMitEx would ex- Furthermore, since both ⟨O ˆ ⟩ and ⟨O ˆ ⟩ are es- EM N pandtorevealaMitExfortheinputtedbackend,andaMitEx timators they incur a variance due to finite sampling for an ideal classical simulator. statistics. In general the ratio of two random vari- ables does not have a well defined vari"
Cirstoiu et al. - 2023 - Volumetric Benchmarking of Error Mitigation with Qermit.pdf,Cirstoiu et al.,yes,yes,weak,variance-general,7,"ance due to finite sampling for an ideal classical simulator. statistics. In general the ratio of two random vari- ables does not have a well defined variance and the ratio of two normally distributed variables with zero mean gives rise to the Cauchy distribution, which is typically heavy tailed. However, u"
Cirstoiu et al. - 2023 - Volumetric Benchmarking of Error Mitigation with Qermit.pdf,Cirstoiu et al.,yes,yes,weak,variance-general,8,by normal distribution with mean µ= µEM and vari- 4.2.1 Amplification of finite sampling variance in the µN ance error mitigated estimator ˆ σ ϵ 2 = (µ σ − E 2 M ⟨O⟩)2 + σ N 2 (µ (µ E − M ⟨ − O⟩ ⟨ ) O 4 ⟩)2 (13) R is ec p a r l o l du th c a ed t
Cirstoiu et al. - 2023 - Volumetric Benchmarking of Error Mitigation with Qermit.pdf,Cirstoiu et al.,yes,yes,weak,variance-general,8,"o g s a t t -p ed roc e e s s t s im in a g to w r hi ⟨ c O h ⟩ E fi M ts N N the experimental results to a functional model where σ2 and σ2 are the variance of estimators F(D,⟨O ˆ ⟩ EM )=0. The terms D i q ,m are sample mean ˆ EM ˆ N estimators that will introduce finite sampling effects. ⟨O⟩ and ⟨O⟩ due"
Cirstoiu et al. - 2023 - Volumetric Benchmarking of Error Mitigation with Qermit.pdf,Cirstoiu et al.,yes,yes,weak,variance-general,8,"nfinite number of sam- EM i,m i,m i,m ficients F and where Dq are defined in Eq. (1). ples. We discuss in Appendix E.2 the conditions un- i,m i,m The variance due to finite sampling in the error miti- der which the above approximation holds. gated estimator is then 4.2 Performance of Error Mitigation Method"
Cirstoiu et al. - 2023 - Volumetric Benchmarking of Error Mitigation with Qermit.pdf,Cirstoiu et al.,yes,yes,weak,variance-general,8,"t y h , e fi p n e it r e - = XF i 2 ,m o m,i σ2 (15) n i sampling effects are amplified in the error mitigated m,i i estimator which incurs a higher variance than the where o := P o (z)2 are constants pre- noisy expectation value estimator for a fixed num- m,i z m,i determined from the target observables ("
Cirstoiu et al. - 2023 - Volumetric Benchmarking of Error Mitigation with Qermit.pdf,Cirstoiu et al.,yes,yes,weak,variance-general,8,"derives theo- step) and recall that n are the number of indepen- retical lower bounds on the sample complexity over- i dent samples {Z }ni each with variance σ2. headoferrormitigationintermsofthemaximalnoise s s=1 i bias and distinguishability measures. In particular, for a local depolarising noise model t"
Cirstoiu et al. - 2023 - Volumetric Benchmarking of Error Mitigation with Qermit.pdf,Cirstoiu et al.,yes,yes,weak,variance-general,11,"hardware 18: runs, are limited by finite size sampling so that the 19: Measure all qubits in the computational basis obtained data D = {Dq } incurs a variance de- i,m i,m pending on the fixed number of shots. Fitting this datatothesurfaceF(D,⟨O ˆ ⟩ )=0todeterminean EM errormitigatedestimatorcanbenumerically"
Cirstoiu et al. - 2023 - Volumetric Benchmarking of Error Mitigation with Qermit.pdf,Cirstoiu et al.,yes,yes,weak,variance-general,24,"ues for increasing depth and qubit number one how the tension between low levels of noise and high may employ scalable benchmarks consisting, for ex- variance in the noisy estimators make it difficult to ample, of mirrored circuits. Mirrored circuits – with quantify the performance of error mitigation in th"
Cirstoiu et al. - 2023 - Volumetric Benchmarking of Error Mitigation with Qermit.pdf,Cirstoiu et al.,yes,yes,weak,variance-general,27,"where e is maximal (gate) error rate. Since σ2 E.4.1 Clifford Data Regression max N is the variance of the sample mean estimator for the ˆ We consider a linear functional model as in Eq. (8) noisy expectation value ⟨O⟩ , it will depend on the N with"
Cirstoiu et al. - 2023 - Volumetric Benchmarking of Error Mitigation with Qermit.pdf,Cirstoiu et al.,yes,yes,weak,variance-general,27,"valuable in calculating σ2 , the vari- EM ˆ ance in ⟨O⟩ EM , note the following derivation of the where we employ respectively Lemma E.1, Eq. (35), ˆ variance in the estimator A and Eq. (32), and use |Dc| to denote the number of Var h A ˆi =Var ""PK i=1 (x i −x¯)(y i −y¯) # (32) C m l e i n ff t or o d fL tr"
Cirstoiu et al. - 2023 - Volumetric Benchmarking of Error Mitigation with Qermit.pdf,Cirstoiu et al.,yes,yes,weak,variance-general,28,") ⟨O ˆ ⟩2 |λ|⟨O ˆ ⟩2 1 EM N = 1 σ N 2 +λ ¯ 1 λ+1 σ2 |λ|⟨O ˆ ⟩2 (cid:16) P|λ| (λ −λ ¯)2 (cid:17) |λ| N N i=1 i (46) E.4.3 Relative Error of Mitigation Variance We combine the arguments in Appendices E.4.1 and E.4.2 with Eq. (13) to produce Fig. 15, which exemplifies well controlled variance in the case of ou"
Cirstoiu et al. - 2023 - Volumetric Benchmarking of Error Mitigation with Qermit.pdf,Cirstoiu et al.,yes,yes,weak,variance-general,28,"ror of Mitigation Variance We combine the arguments in Appendices E.4.1 and E.4.2 with Eq. (13) to produce Fig. 15, which exemplifies well controlled variance in the case of our experiments. Here σ2 , the variance in the estimator N of the noisy expectation value, is approximated by resampling the shots pro"
Cirstoiu et al. - 2023 - Volumetric Benchmarking of Error Mitigation with Qermit.pdf,Cirstoiu et al.,yes,yes,weak,variance-general,28,"Appendices E.4.1 and E.4.2 with Eq. (13) to produce Fig. 15, which exemplifies well controlled variance in the case of our experiments. Here σ2 , the variance in the estimator N of the noisy expectation value, is approximated by resampling the shots produced in the experiments of Figs. 8a and 8b. σ2 is calc"
Czarnik et al. - 2021 - Error mitigation with Clifford quantum-circuit data.pdf,Czarnik et al.,yes,yes,strong,error-bar,5,"in the training circuits. The relative errors for compositionover20instances(differentrandompurestates), these minima were analyzed in Fig. 3(c). The error bars are ordered by increasing corrected error. For all instances, we explained in the text. employed training data constructed from quantum circuits wit"
Czarnik et al. - 2021 - Error mitigation with Clifford quantum-circuit data.pdf,Czarnik et al.,yes,yes,strong,error-bar,9,"not necessary to obtain a good quality error mitigation with CDR. In both cases we use 70 training circuits and 1.16×106 shots for the mitigation. C Error bars The classical resources scale polynomially with in- In the main text, we display error bars on the cor- creasing number of the Clifford gates. Scali"
Czarnik et al. - 2021 - Error mitigation with Clifford quantum-circuit data.pdf,Czarnik et al.,yes,yes,strong,error-bar,9,"raining circuits and 1.16×106 shots for the mitigation. C Error bars The classical resources scale polynomially with in- In the main text, we display error bars on the cor- creasing number of the Clifford gates. Scaling of rected observables obtained by the CDR method. ξ and i needs to be analyzed empiricall"
Czarnik et al. - 2021 - Error mitigation with Clifford quantum-circuit data.pdf,Czarnik et al.,yes,yes,strong,error-bar,9,"sed the shallow circuits and the deep one with p≤16 we in the main text. were able to find good initial points starting from a Therefore we focus our error bars on the former setof200near-Cliffordcircuitsobtainedbyourchain source of error, i.e., imperfect training. For the most 9"
Czarnik et al. - 2021 - Error mitigation with Clifford quantum-circuit data.pdf,Czarnik et al.,yes,yes,strong,error-bar,10,"between the predicted and exact observ- noise channels: ablevalues. However,forourlargestimplementation, ∂ Q = 64 in Fig. 5(d), one can see that our error bars ρ(t)=−i[K(t),ρ(t)]+λL(ρ(t)). (19) ∂t sometimes underestimate the true error. This sug- gests that our error bars are useful as lower bounds Here λ i"
Czarnik et al. - 2021 - Error mitigation with Clifford quantum-circuit data.pdf,Czarnik et al.,yes,yes,strong,error-bar,10,"4 in Fig. 5(d), one can see that our error bars ρ(t)=−i[K(t),ρ(t)]+λL(ρ(t)). (19) ∂t sometimes underestimate the true error. This sug- gests that our error bars are useful as lower bounds Here λ is a (hopefully) small parameter that repre- on the true error. sents the strength of the action of the noise chan"
Czarnik et al. - 2021 - Error mitigation with Clifford quantum-circuit data.pdf,Czarnik et al.,yes,yes,strong,error-bar,10,". sents the strength of the action of the noise channels, As mentioned in the main text, we calculate our sothelimitλ→0wouldrepresentnoiselessquantum error bars using the value of the cost function C ob- computation. Attempting to approximate this limit tained after training. Specifically, the magnitude of i"
Czarnik et al. - 2021 - Error mitigation with Clifford quantum-circuit data.pdf,Czarnik et al.,yes,yes,strong,error-bar,10,"mputation. Attempting to approximate this limit tained after training. Specifically, the magnitude of istheheartofZNE.Whileanexperimentercannotin the error bar is given by three standard deviations, general directly adjust λ, under the assumption that wherethestandarddeviationisgivenby p C/(L−1), the form of"
Czarnik et al. - 2021 - Error mitigation with Clifford quantum-circuit data.pdf,Czarnik et al.,yes,yes,strong,error-bar,12,"Figure 13: Extrapolating the stretched circuit data. Note that the error bars displayed here represent the uncertainties of the fit for c = 0 and the uncertainty from finite statistics for c ∈ {1,1.1,1.25,1.5}. (The finite sta"
Czarnik et al. - 2021 - Error mitigation with Clifford quantum-circuit data.pdf,Czarnik et al.,yes,yes,strong,error-bar,12,"yed here represent the uncertainties of the fit for c = 0 and the uncertainty from finite statistics for c ∈ {1,1.1,1.25,1.5}. (The finite statistics error bars are much smaller than the markers.) Note also that the third order fit is equivalent to using equation (3) in [45]. For reference, the true values o"
Czarnik et al. - 2021 - Error mitigation with Clifford quantum-circuit data.pdf,Czarnik et al.,yes,yes,strong,error-bar,12,"−2.0990, respectively. Corresponding CDR mitigated vales of E/Q are −2.071(54), −2.038(26), −2.048(39), respectively, with the parentheses being CDR error bars. These instances correspond to the first three instances shown in Fig. 2. themethodislimitedtothecasesforwhichtheexact Q a a 1 2 expectation value o"
Czarnik et al. - 2021 - Error mitigation with Clifford quantum-circuit data.pdf,Czarnik et al.,yes,yes,strong,std-dev,12,cuit the QAOA optimization and different observables contribut- of interest. In this appendix we give insight into ing to the energy. We also include standard deviation of the this problem for the more realistic case of the IBM absolute values using parentheses notation. Ourense noise model. To that end we perform th
Czarnik et al. - 2021 - Error mitigation with Clifford quantum-circuit data.pdf,Czarnik et al.,yes,yes,strong,sigma-value,7,"quantum erasure channel. More generally, this anal- w(n)=e−d2/σ2 , d=||R (α)−Sn||, (14) Z ysis applies to any channel that maps the input state with σ = 1/2. Note that such an update preserves toaconvexcombinationoftheinputstateandafixed thenumberofnon-CliffordgatesN. Wevisualizethe state, of the form:"
Czarnik et al. - 2021 - Error mitigation with Clifford quantum-circuit data.pdf,Czarnik et al.,yes,yes,strong,sigma-value,8,"timationexample,weusedasimilar expression to what we used for QAOA: Here,X istheenergyperqubit,andX =−2.1being 0 roughlythegroundstateenergy. WeusedX σ =0.05, L(Xnoisy)∝e−(X φ noisy−X ψ noisy)2/X σ 2 , (17) φ though we found that instead using X = 0.1 or 0.2 σ produced similar results. Larger values (X"
Czarnik et al. - 2021 - Error mitigation with Clifford quantum-circuit data.pdf,Czarnik et al.,yes,yes,strong,sigma-value,8,"X φ noisy−X ψ noisy)2/X σ 2 , (17) φ though we found that instead using X = 0.1 or 0.2 σ produced similar results. Larger values (X σ ∼ 1) de- with X σ = 0.1. This version is appropriate when graded the quality of the results. correctingobservablesthatwedonothavespecialin- For this proof of principle dem"
Czarnik et al. - 2021 - Error mitigation with Clifford quantum-circuit data.pdf,Czarnik et al.,yes,yes,weak,uncertainty,12,"Figure 13: Extrapolating the stretched circuit data. Note that the error bars displayed here represent the uncertainties of the fit for c = 0 and the uncertainty from finite statistics for c ∈ {1,1.1,1.25,1.5}. (The finite statistics error bars are much smaller than the markers.) Note also that the third order"
Czarnik et al. - 2021 - Error mitigation with Clifford quantum-circuit data.pdf,Czarnik et al.,yes,yes,weak,fluctuation,5,"diagram). and 360 non-Clifford rotations. The scaling results presented in Figs. 3, 4 were ob- tained with 70 circuits in the training set and 16384 fluctuations in the energy, i.e., very different noisy (Figs. 3(b,c,d), 4) or 65536 (Fig. 3(a)) shots per cir- energy values are correctly mapped to the same cor"
Czarnik et al. - 2021 - Error mitigation with Clifford quantum-circuit data.pdf,Czarnik et al.,yes,yes,weak,fluctuation,5,"l shot cost of the CDR mit- rected ground-state energy values. For large Q, some igation per circuit of interest equals 1.16×106 and remnant of these fluctuations still linger in the cor- 4.65×106, respectively. These shot numbers are of rected energies, leading to the worse performance in thesameorderastheone"
Dutkiewicz et al. - 2025 - Error Mitigation and Circuit Division for Early Fault-Tolerant Quantum Phase Estimation.pdf,Dutkiewicz et al.,yes,yes,strong,plus-minus-value,14,"edwithformeasurementintheYbasis(b),toobtainanotherbity.TheoutputisdefinedasZ =(−1)x+i(−1)y. Theoracularcostis2k.ThiscircuitproducesarandomvariableZ ∈{±1±i}withprobabilitydistribution. Algorithm 2. [Robust phase estimation (RPE)] Input: Note again the distinction between the input parameter number of o"
Dutkiewicz et al. - 2025 - Error Mitigation and Circuit Division for Early Fault-Tolerant Quantum Phase Estimation.pdf,Dutkiewicz et al.,yes,yes,strong,variance-reported,5,"- CQPE. ples from a noisy quantum computer with a known error em channel,wecanconstructanEUMLE.Thisestimatorcon- verges to the true value of φ with a variance that scales D.Errormitigationbeyondexpectationvalues inverselywiththetotalnumberofsamples. OurthirdcontributionistodevelopageneralEMproto- E.QFT-base"
Dutkiewicz et al. - 2025 - Error Mitigation and Circuit Division for Early Fault-Tolerant Quantum Phase Estimation.pdf,Dutkiewicz et al.,yes,yes,strong,variance-reported,9,"surface- original circuit [44]. In this case, the exponential over- codecycles,sowecanthereforeestimatethelogicalerror head manifests as an increased variance or, equivalently, probabilityforagateas as a larger number of samples required to estimate an ⎧ expectationvaluetoafixedprecision. ⎨ p , ifd =1, phys"
Dutkiewicz et al. - 2025 - Error Mitigation and Circuit Division for Early Fault-Tolerant Quantum Phase Estimation.pdf,Dutkiewicz et al.,yes,yes,strong,variance-reported,12,"otal number of appli- the phase to estimate [60]. The probe state that optimizes cationsofU(cid:2) requiredtoimplementtheestimator.T isthe the Holevo variance of th√e es(cid:3)timator, however, is not the maximumnumberofapplicationsofU(cid:2) inasinglequantum uniformsuperposition1/ K K k= − 0 1|k(cid:7)butr"
Dutkiewicz et al. - 2025 - Error Mitigation and Circuit Division for Early Fault-Tolerant Quantum Phase Estimation.pdf,Dutkiewicz et al.,yes,yes,strong,variance-reported,17,"γ)≤(cid:4) t . We write 1 theestimatorerrorasasumoftwocases: any single experiment. With a small number of samples, the error is characterized by the variance of the circuit 1 output probability distribution. We need to find T such (cid:4)2 ≈p ×2+(1−p ) . (27) that when the total resources are T , the expec"
Dutkiewicz et al. - 2025 - Error Mitigation and Circuit Division for Early Fault-Tolerant Quantum Phase Estimation.pdf,Dutkiewicz et al.,yes,yes,strong,variance-reported,21,"C ∼ em to understand the idealized performance of a quantum F−1, which we term the postselection bound. This is algorithm (especially in terms of the variance cost), but it achieved by symmetry verification [47,48,132], and echo fails to capture the bias present in a typical noise model verification when st"
Dutkiewicz et al. - 2025 - Error Mitigation and Circuit Division for Early Fault-Tolerant Quantum Phase Estimation.pdf,Dutkiewicz et al.,yes,yes,strong,variance-reported,22,":3) noisy implementation U of U in Eq. (45) for a fidelity F =e−γT (witherrorrateγ <1/ν).Then,wecanrealize The above analysis considers the increased variance an error-mitigated single-control QPE protocol that esti- fromquantumerrormitigation(andtheassociatedincrease mates φ to an accuracy (cid:4) with an"
Dutkiewicz et al. - 2025 - Error Mitigation and Circuit Division for Early Fault-Tolerant Quantum Phase Estimation.pdf,Dutkiewicz et al.,yes,yes,strong,variance-reported,27,"limit as (cid:4) →0, For any constant B>b2/a2c2, we can then use this limit in practice we expect this gap to be significantly smaller. to bound the variance σ2 for any sucffi iently large depth Furthermore, one could consider replacing our constant T >T : regularizationwithanoise-specificadditionalterm,wh"
Dutkiewicz et al. - 2025 - Error Mitigation and Circuit Division for Early Fault-Tolerant Quantum Phase Estimation.pdf,Dutkiewicz et al.,yes,yes,strong,variance-reported,27,"he value of b≈0.16. For an example choice of c= some region, around the true phase value. By postselect- 0.4, we find a≈0.01. Hence, the bound on the variance ing the outcomes of all our circuit runs based on whether inEq.(82)issatisfiedforanydepthT forB=b2/a2c2 ≈ they lie in this clustering region, we can"
Dutkiewicz et al. - 2025 - Error Mitigation and Circuit Division for Early Fault-Tolerant Quantum Phase Estimation.pdf,Dutkiewicz et al.,yes,yes,strong,variance-reported,27,"inEq.(82)issatisfiedforanydepthT forB=b2/a2c2 ≈ they lie in this clustering region, we can avoid the explo- 12.6. (cid:3) sion of the final estimator variance due to the spread of the noisy samples. Note that this is already somewhat achieved by the regularization, as the regularized likeli- 4.OverheadforQP"
Dutkiewicz et al. - 2025 - Error Mitigation and Circuit Division for Early Fault-Tolerant Quantum Phase Estimation.pdf,Dutkiewicz et al.,yes,yes,strong,variance-reported,28,"he signal coming from each eigenstate. The R |S| ji R i development of a filtering procedure that works both for (ji,yi )∈S eigenvalue projection and variance reduction, as well as Regularizationcanbereintroducedanalogously,asinSec. thedetailsonthechoiceofthecenterandwidthofthefil- IV E 2. Depending on the"
Dutkiewicz et al. - 2025 - Error Mitigation and Circuit Division for Early Fault-Tolerant Quantum Phase Estimation.pdf,Dutkiewicz et al.,yes,yes,strong,variance-reported,32,"Demonstrationoflogicalqubitsand circuit-divisionalgorithmstargetstheestimateofthephase repeated error correction with better-than-physical error with variance bounded by (cid:4)2, without allowing for any rates,Arxiv:2404.02280. failure probability. A failure probability of δ, assuming [3] D. Bluvstein et a"
Dutkiewicz et al. - 2025 - Error Mitigation and Circuit Division for Early Fault-Tolerant Quantum Phase Estimation.pdf,Dutkiewicz et al.,yes,yes,strong,variance-reported,32,"error produces a random phase estimate, would [4] R. Acharya et al., Quantum error correction below the result in a final estimate with a much larger variance surfacecodethreshold,ArXiv:2408.13687. (1−δ)(cid:4)2+δλ2π2. While prior knowledge about the tar- [5] M. Reiher, N. Wiebe, K. M. Svore, D. Wecker, and"
Dutkiewicz et al. - 2025 - Error Mitigation and Circuit Division for Early Fault-Tolerant Quantum Phase Estimation.pdf,Dutkiewicz et al.,yes,yes,weak,spread,27,"foranydepthT forB=b2/a2c2 ≈ they lie in this clustering region, we can avoid the explo- 12.6. (cid:3) sion of the final estimator variance due to the spread of the noisy samples. Note that this is already somewhat achieved by the regularization, as the regularized likeli- 4.OverheadforQPEwithlocalPaulinoi"
Dutkiewicz et al. - 2025 - Error Mitigation and Circuit Division for Early Fault-Tolerant Quantum Phase Estimation.pdf,Dutkiewicz et al.,yes,yes,weak,variance-general,5,"- CQPE. ples from a noisy quantum computer with a known error em channel,wecanconstructanEUMLE.Thisestimatorcon- verges to the true value of φ with a variance that scales D.Errormitigationbeyondexpectationvalues inverselywiththetotalnumberofsamples. OurthirdcontributionistodevelopageneralEMproto- E.QFT-base"
Dutkiewicz et al. - 2025 - Error Mitigation and Circuit Division for Early Fault-Tolerant Quantum Phase Estimation.pdf,Dutkiewicz et al.,yes,yes,weak,variance-general,9,"surface- original circuit [44]. In this case, the exponential over- codecycles,sowecanthereforeestimatethelogicalerror head manifests as an increased variance or, equivalently, probabilityforagateas as a larger number of samples required to estimate an ⎧ expectationvaluetoafixedprecision. ⎨ p , ifd =1, phys"
Dutkiewicz et al. - 2025 - Error Mitigation and Circuit Division for Early Fault-Tolerant Quantum Phase Estimation.pdf,Dutkiewicz et al.,yes,yes,weak,variance-general,12,"otal number of appli- the phase to estimate [60]. The probe state that optimizes cationsofU(cid:2) requiredtoimplementtheestimator.T isthe the Holevo variance of th√e es(cid:3)timator, however, is not the maximumnumberofapplicationsofU(cid:2) inasinglequantum uniformsuperposition1/ K K k= − 0 1|k(cid:7)butr"
Dutkiewicz et al. - 2025 - Error Mitigation and Circuit Division for Early Fault-Tolerant Quantum Phase Estimation.pdf,Dutkiewicz et al.,yes,yes,weak,variance-general,17,"γ)≤(cid:4) t . We write 1 theestimatorerrorasasumoftwocases: any single experiment. With a small number of samples, the error is characterized by the variance of the circuit 1 output probability distribution. We need to find T such (cid:4)2 ≈p ×2+(1−p ) . (27) that when the total resources are T , the expec"
Dutkiewicz et al. - 2025 - Error Mitigation and Circuit Division for Early Fault-Tolerant Quantum Phase Estimation.pdf,Dutkiewicz et al.,yes,yes,weak,variance-general,21,"C ∼ em to understand the idealized performance of a quantum F−1, which we term the postselection bound. This is algorithm (especially in terms of the variance cost), but it achieved by symmetry verification [47,48,132], and echo fails to capture the bias present in a typical noise model verification when st"
Dutkiewicz et al. - 2025 - Error Mitigation and Circuit Division for Early Fault-Tolerant Quantum Phase Estimation.pdf,Dutkiewicz et al.,yes,yes,weak,variance-general,22,":3) noisy implementation U of U in Eq. (45) for a fidelity F =e−γT (witherrorrateγ <1/ν).Then,wecanrealize The above analysis considers the increased variance an error-mitigated single-control QPE protocol that esti- fromquantumerrormitigation(andtheassociatedincrease mates φ to an accuracy (cid:4) with an"
Dutkiewicz et al. - 2025 - Error Mitigation and Circuit Division for Early Fault-Tolerant Quantum Phase Estimation.pdf,Dutkiewicz et al.,yes,yes,weak,variance-general,27,"limit as (cid:4) →0, For any constant B>b2/a2c2, we can then use this limit in practice we expect this gap to be significantly smaller. to bound the variance σ2 for any sucffi iently large depth Furthermore, one could consider replacing our constant T >T : regularizationwithanoise-specificadditionalterm,wh"
Dutkiewicz et al. - 2025 - Error Mitigation and Circuit Division for Early Fault-Tolerant Quantum Phase Estimation.pdf,Dutkiewicz et al.,yes,yes,weak,variance-general,27,"he value of b≈0.16. For an example choice of c= some region, around the true phase value. By postselect- 0.4, we find a≈0.01. Hence, the bound on the variance ing the outcomes of all our circuit runs based on whether inEq.(82)issatisfiedforanydepthT forB=b2/a2c2 ≈ they lie in this clustering region, we can"
Dutkiewicz et al. - 2025 - Error Mitigation and Circuit Division for Early Fault-Tolerant Quantum Phase Estimation.pdf,Dutkiewicz et al.,yes,yes,weak,variance-general,27,"inEq.(82)issatisfiedforanydepthT forB=b2/a2c2 ≈ they lie in this clustering region, we can avoid the explo- 12.6. (cid:3) sion of the final estimator variance due to the spread of the noisy samples. Note that this is already somewhat achieved by the regularization, as the regularized likeli- 4.OverheadforQP"
Dutkiewicz et al. - 2025 - Error Mitigation and Circuit Division for Early Fault-Tolerant Quantum Phase Estimation.pdf,Dutkiewicz et al.,yes,yes,weak,variance-general,28,"he signal coming from each eigenstate. The R |S| ji R i development of a filtering procedure that works both for (ji,yi )∈S eigenvalue projection and variance reduction, as well as Regularizationcanbereintroducedanalogously,asinSec. thedetailsonthechoiceofthecenterandwidthofthefil- IV E 2. Depending on the"
Dutkiewicz et al. - 2025 - Error Mitigation and Circuit Division for Early Fault-Tolerant Quantum Phase Estimation.pdf,Dutkiewicz et al.,yes,yes,weak,variance-general,32,"Demonstrationoflogicalqubitsand circuit-divisionalgorithmstargetstheestimateofthephase repeated error correction with better-than-physical error with variance bounded by (cid:4)2, without allowing for any rates,Arxiv:2404.02280. failure probability. A failure probability of δ, assuming [3] D. Bluvstein et a"
Dutkiewicz et al. - 2025 - Error Mitigation and Circuit Division for Early Fault-Tolerant Quantum Phase Estimation.pdf,Dutkiewicz et al.,yes,yes,weak,variance-general,32,"error produces a random phase estimate, would [4] R. Acharya et al., Quantum error correction below the result in a final estimate with a much larger variance surfacecodethreshold,ArXiv:2408.13687. (1−δ)(cid:4)2+δλ2π2. While prior knowledge about the tar- [5] M. Reiher, N. Wiebe, K. M. Svore, D. Wecker, and"
English et al. - 2025 - Ising on the donut Regimes of topological quantum error correction from statistical mechanics.pdf,English et al.,na,yes,strong,error-bar,13,"cal error rate p for the toric code in the below- threshold regime. The data points, obtained from fits to the simulation results, are displayed with error bars representing one standard deviation, while the continuous line is an inter- polation between these fitted values. 1.8 1.6 1.4 0.02 0.04 0.06 0.08 0."
English et al. - 2025 - Ising on the donut Regimes of topological quantum error correction from statistical mechanics.pdf,English et al.,na,yes,strong,error-bar,13,"ical error rate p for the toric code in the below-threshold regime. The data points, obtained from fits to the simulation results, are displayed with error bars representing one standard deviation, while the solid curve is aguidetotheeyegeneratedbyaweightedleast-squarescubic polynomial fit. We note that our"
English et al. - 2025 - Ising on the donut Regimes of topological quantum error correction from statistical mechanics.pdf,English et al.,na,yes,strong,std-dev,13,"ic code in the below- threshold regime. The data points, obtained from fits to the simulation results, are displayed with error bars representing one standard deviation, while the continuous line is an inter- polation between these fitted values. 1.8 1.6 1.4 0.02 0.04 0.06 0.08 0.10 Physical error rate (p) ygrene eer"
English et al. - 2025 - Ising on the donut Regimes of topological quantum error correction from statistical mechanics.pdf,English et al.,na,yes,strong,std-dev,13,"ric code in the below-threshold regime. The data points, obtained from fits to the simulation results, are displayed with error bars representing one standard deviation, while the solid curve is aguidetotheeyegeneratedbyaweightedleast-squarescubic polynomial fit. We note that our domain wall surface tension corre- sp"
English et al. - 2025 - Ising on the donut Regimes of topological quantum error correction from statistical mechanics.pdf,English et al.,na,yes,strong,std-dev,15,"us envelope onto which all distributions col- lapse as L . →∞ the region relevant to the P integral) by a Gaus- fail sian with mean µ = 2.047 0.3 and standard deviation ± σ = 2.010 0.3 (see Fig. 12 and Appendix F, Sec. F1). Thismotiv ± atesaGaussianapproximationforP(∆E;p,L) in what follows. The ground-state energy co"
English et al. - 2025 - Ising on the donut Regimes of topological quantum error correction from statistical mechanics.pdf,English et al.,na,yes,strong,plus-minus-value,16,"dratic) p p , the logical failure rate rapidly saturates toward error-function ansatz gives p = 0.1028 0.0001 and c c ≫ A = 1.041 0.002 P (p ) = 0.14 ± 89 0.0004. (K 1)/K withincreasingL,makingdifferencesbetween 0 fail c − ± ⇒ ± code distances exponentially hard to resolve and of lim- Methods(1)and(3)t"
English et al. - 2025 - Ising on the donut Regimes of topological quantum error correction from statistical mechanics.pdf,English et al.,na,yes,strong,plus-minus-value,20,"ion of the two- forfreemodelsofstatisticalmechanicsontorus,J.Phys. dimensional J random-bondIsingmodel,Phys.Rev.B A: Math. Gen. 35, 5543–5561 (2002). ± 75, 174415 (2007). [55] H. A. Kramers and G. H. Wannier, Statistics of the [34] C.Gidney,M.Newman,P.Brooks,andC.Jones,Yoked two-dimensionalferromagnet."
English et al. - 2025 - Ising on the donut Regimes of topological quantum error correction from statistical mechanics.pdf,English et al.,na,yes,strong,plus-minus-value,20,"S.-H.Lee,F.Thomsen,N.Fazio,B.J.Brown,andS.D. distributionsforthe2D JIsingspinglass,J.Stat.Phys. Bartlett,Low-overheadmagicstatedistillationwithcolor ± 125, 793 (2006). codes, PRX Quantum 6, 030317 (2025). [39] H. Khoshbakht and M. Weigel, Domain-wall excitations [60] A. B. Harris, Effect of random def"
English et al. - 2025 - Ising on the donut Regimes of topological quantum error correction from statistical mechanics.pdf,English et al.,na,yes,strong,bootstrap,16,", e.g., Ref. [69]). Consequently, we can- yields p = 0.1014 0.0001 and an intercept B = c 0 1.091 0.004 P ± (p ) = 0.1376 0.0008. (3) Fit- not simply bootstrap an above-threshold ansatz (e.g., ± ⇒ fail c ± σ′,δ′) from the below-threshold quantities. Second, for ting the logical failure rate directly with the"
English et al. - 2025 - Ising on the donut Regimes of topological quantum error correction from statistical mechanics.pdf,English et al.,na,yes,strong,sigma-value,15,"ality (p = p ). Each histogram c (coloured) corresponds to a different lattice size L, and the overlaiddashedcurveisasingleGaussianfit(µ=2.047 0.3, ± σ=2.010 0.3)totheconcatenated,rescaleddata–thepro- ± posed continuous envelope onto which all distributions col- lapse as L . →∞ the region relevant to t"
English et al. - 2025 - Ising on the donut Regimes of topological quantum error correction from statistical mechanics.pdf,English et al.,na,yes,strong,sigma-value,15,"h all distributions col- lapse as L . →∞ the region relevant to the P integral) by a Gaus- fail sian with mean µ = 2.047 0.3 and standard deviation ± σ = 2.010 0.3 (see Fig. 12 and Appendix F, Sec. F1). Thismotiv ± atesaGaussianapproximationforP(∆E;p,L) in what follows. The ground-state energy cost distr"
English et al. - 2025 - Ising on the donut Regimes of topological quantum error correction from statistical mechanics.pdf,English et al.,na,yes,strong,variance-reported,15,"stemsizesontothissingleuniversalcurvevalidates the finite-size scaling hypothesis for the energy cost distribu- tion near the threshold. the mean and variance of the distribution. We plot the ratiog(x)inFig.13andobserveverygooddatacollapse, indicating the quality of our scaling ansatz. We curve-fit a second"
English et al. - 2025 - Ising on the donut Regimes of topological quantum error correction from statistical mechanics.pdf,English et al.,na,yes,weak,spread,9,"on highlights where this collapse is quantitatively strong, corresponding to values of x where the curves for different L maintain a maximum vertical spread of ϵ=0.0025. The ob- serveddatacollapseisconsistentwiththisscalingbehaviour, with a slight divergence from perfect collapse visible away fromcritical"
English et al. - 2025 - Ising on the donut Regimes of topological quantum error correction from statistical mechanics.pdf,English et al.,na,yes,weak,fluctuation,8,"nnects the path-counting c → → and near-threshold regimes. In finite systems, however, the interface is not per- fectly rigid but undergoes capillary fluctuations [50, 51]. These fluctuations modify the partition function by an amount that, after proper regularization, leads to a log- arithmic correction to th"
English et al. - 2025 - Ising on the donut Regimes of topological quantum error correction from statistical mechanics.pdf,English et al.,na,yes,weak,fluctuation,8,"→ and near-threshold regimes. In finite systems, however, the interface is not per- fectly rigid but undergoes capillary fluctuations [50, 51]. These fluctuations modify the partition function by an amount that, after proper regularization, leads to a log- arithmic correction to the free energy. Following an a"
English et al. - 2025 - Ising on the donut Regimes of topological quantum error correction from statistical mechanics.pdf,English et al.,na,yes,weak,fluctuation,8,"es using the free-fermion mapping. Fig. 5showsthataspapproachesthecriticalvaluep , c our capillary wave approximation breaks down because domain wall fluctuations grow too large. These fluctua- tions are growing since the surface tension decreases to- wards zero as the critical point is approached. Eq. (20)"
English et al. - 2025 - Ising on the donut Regimes of topological quantum error correction from statistical mechanics.pdf,English et al.,na,yes,weak,fluctuation,9,"the threshold error rate p , fluctua- c 0.2 0.1 0.0 0.1 0.2 tions span the entire lattice and finite-size effects dom- − − x=(p p )L inate [52]. The fluctuations are described by a correla- − c tion length ξ(β) that becomes very large in the region of the phase transition. For system sizes L ξ unitless ≤ phys"
English et al. - 2025 - Ising on the donut Regimes of topological quantum error correction from statistical mechanics.pdf,English et al.,na,yes,weak,fluctuation,10,"ed sur- probabilities, i.e., above the error threshold. In this face code derived in this section apply directly to var- regime, the dominant thermal fluctuations disrupt long- ious magic-state injection, distillation, and cultivation rangeorder,leadingtofundamentallydifferentbehaviour schemes (e.g., Refs. [35"
English et al. - 2025 - Ising on the donut Regimes of topological quantum error correction from statistical mechanics.pdf,English et al.,na,yes,weak,fluctuation,12,"ion. However the scaling of the domain wall tensionisexpectedtoobeyaformulasimilartoEq.(17). When quenched disorder is introduced, the capillary wave fluctuations are suppressed because the disorder introduces random pinning sites that cause the domain wall to become rougher and localized rather than ther- mal"
English et al. - 2025 - Ising on the donut Regimes of topological quantum error correction from statistical mechanics.pdf,English et al.,na,yes,weak,fluctuation,12,"waves. Theremainingleadingcorrectionis predicted by directed polymer in a random environment (DPRE)theorytoscaleasL1/3,reflectingthesample-to- sample fluctuations of the optimal path [64–66]. While this L1/3 term is expected to be present, its contribu- tion is sub-leading to the linear σL term, and resolving"
English et al. - 2025 - Ising on the donut Regimes of topological quantum error correction from statistical mechanics.pdf,English et al.,na,yes,weak,fluctuation,17,luctuations numerical studies [8]. We next considered the physical that are effectively Gaussian in nature after appropriate behaviour of domain wall fluctuations within the below- rescaling and shifting. This provides a powerful simplifi- threshold regime (ordered) to propose an ansatz for the cation for mode
English et al. - 2025 - Ising on the donut Regimes of topological quantum error correction from statistical mechanics.pdf,English et al.,na,yes,weak,fluctuation,25,"25 where the surface stiffness coefficient is Next we can express the total partition function for the capillary wave fluctuations as κ(β) σ(0,β)+σ′′(0,β). ≡ (cid:89) ∞ (cid:32) √L (cid:33)2 (cid:89) ∞ The first term, σ(0) contributes a constant reference en- Z = ( 1), (D11) cw"
English et al. - 2025 - Ising on the donut Regimes of topological quantum error correction from statistical mechanics.pdf,English et al.,na,yes,weak,fluctuation,25,"andard capillary wave Hamiltonian in 2D n=1 [50, 51]. To evaluate the partition function, we decom- We can rewrite this expression as pose the height fluctuations into Fourier modes (cid:89) ∞ (cid:32) √L (cid:33)2 (cid:18) L (cid:19)(cid:80)∞ n=1 1 (cid:89) ∞ 1 h(x)= (cid:88) h˜ q eiqx, (D6) | Z cw | = √2πκn"
English et al. - 2025 - Ising on the donut Regimes of topological quantum error correction from statistical mechanics.pdf,English et al.,na,yes,weak,variance-general,15,"stemsizesontothissingleuniversalcurvevalidates the finite-size scaling hypothesis for the energy cost distribu- tion near the threshold. the mean and variance of the distribution. We plot the ratiog(x)inFig.13andobserveverygooddatacollapse, indicating the quality of our scaling ansatz. We curve-fit a second"
Etim and Szefer - 2025 - Fault Injection Attacks on Machine Learning-based Quantum Computer Readout Error Correction.pdf,Etim & Szefer,partial,no,none,,,
Faculty of Engineering Kampala International University Uganda and Njoki - 2024 - Statistical Challenges and Opportunities in Quantum Computing A Review.pdf,Njoki,na,yes,strong,variance-reported,3,"terval estimation, and regression analysis are using statistical methods such as regression analysis, adapted for the quantum context to provide more variance reduction techniques, and stochastic reliable results. Additionally, machine learning optimization to evaluate algorithmic efficiency and algorithms"
Faculty of Engineering Kampala International University Uganda and Njoki - 2024 - Statistical Challenges and Opportunities in Quantum Computing A Review.pdf,Njoki,na,yes,strong,variance-reported,5,"., Massri, C., Plastino, A., Sáenz, M.: A.G.R., Richardson, C., Fisher, C.K., Schwab, Generalized Probabilities in Statistical D.J.: A high-bias, low-variance introduction to Theories. Quantum Rep. 3, 389–416 (2021). Machine Learning for physicists. Phys. Rep. https://doi.org/10.3390/quantum3030025 810, 1–1"
Faculty of Engineering Kampala International University Uganda and Njoki - 2024 - Statistical Challenges and Opportunities in Quantum Computing A Review.pdf,Njoki,na,yes,weak,uncertainty,1,"ols. The synergy between statistics, challenges and opportunities for statistical methods. quantum physics, and computer science fosters The inherent uncertainty in quantum states interdisciplinary collaboration, ensuring statistical necessitates the development of novel statistical methods are at the forefron"
Faculty of Engineering Kampala International University Uganda and Njoki - 2024 - Statistical Challenges and Opportunities in Quantum Computing A Review.pdf,Njoki,na,yes,weak,uncertainty,3,"nce Analysis robust statistical techniques are essential. These Quantum algorithms' performance heavily depends techniques must handle high levels of uncertainty on various factors, including quantum hardware and variability inherent in quantum measurements. capabilities, noise levels, and algorithmic design."
Faculty of Engineering Kampala International University Uganda and Njoki - 2024 - Statistical Challenges and Opportunities in Quantum Computing A Review.pdf,Njoki,na,yes,weak,variance-general,3,"terval estimation, and regression analysis are using statistical methods such as regression analysis, adapted for the quantum context to provide more variance reduction techniques, and stochastic reliable results. Additionally, machine learning optimization to evaluate algorithmic efficiency and algorithms"
Faculty of Engineering Kampala International University Uganda and Njoki - 2024 - Statistical Challenges and Opportunities in Quantum Computing A Review.pdf,Njoki,na,yes,weak,variance-general,5,"., Massri, C., Plastino, A., Sáenz, M.: A.G.R., Richardson, C., Fisher, C.K., Schwab, Generalized Probabilities in Statistical D.J.: A high-bias, low-variance introduction to Theories. Quantum Rep. 3, 389–416 (2021). Machine Learning for physicists. Phys. Rep. https://doi.org/10.3390/quantum3030025 810, 1–1"
Filippov et al. - 2023 - Scalable tensor-network error mitigation for near-term quantum computing.pdf,Filippov et al. (2023),yes,yes,strong,error-bar,5,"he probabilities p = 0.001, p = 0.001, p = 0.998 (see IC POVM description in x y z Appendix A) to adjust for the heavy-weight observable of interest. Error bars correspond to the estimation errors ∆O¯ , n.m. computed using Eq. (B.3). Bond dimension of the noise mitigation map is at most 400. (c) Measurement"
Filippov et al. - 2023 - Scalable tensor-network error mitigation for near-term quantum computing.pdf,Filippov et al. (2023),yes,yes,strong,error-bar,27,"which makes the barely distinguishable with the budget of 3×105 shots per single noise gain value. To estimate the final extrapolation result and the error bar in this case, we follow the lines of Ref. [12] and resort to bootstrapping. The measurement outcomes for each noise gain are resampled 100 times and"
Filippov et al. - 2023 - Scalable tensor-network error mitigation for near-term quantum computing.pdf,Filippov et al. (2023),yes,yes,strong,error-bar,27,"largest and 16% smallest values in the set {O¯ (0)}100. The range between the largest and the smallest values of n. i=1 the remaining set define the error bar. Appendix M: Algorithm for the TEM To summarise, the TEM algorithm is as follows: 1. Givenanidealcircuit(tobeimplementedlaterviaanoisyhardware),findM"
Filippov et al. - 2023 - Scalable tensor-network error mitigation for near-term quantum computing.pdf,Filippov et al. (2023),yes,yes,strong,std-dev,23,"epend on L. Application of the noise mitigation map amends the observable estimation and returns it back to the vicinity of the value 1; however, the standard deviation ∆O¯ for the noise mitigated value increases. In the Ln.m. numerical experiment, the measurement overhead is the ratio γ = ∆O¯ /∆O¯ . The square γ2 qu"
Filippov et al. - 2023 - Scalable tensor-network error mitigation for near-term quantum computing.pdf,Filippov et al. (2023),yes,yes,strong,std-dev,29,p[λ (σ •σ −•)]. α α α α α Theratesforthejumpoperatorsactingnon-triviallyonasinglequbitaresampledfromthe normaldistributionwith the mean 0.001 and the standard deviation 0.0009. The rates for the jump operators acting non-trivially on two neighbour qubits are sampled from the normal distribution with the mean 0.0004 a
Filippov et al. - 2023 - Scalable tensor-network error mitigation for near-term quantum computing.pdf,Filippov et al. (2023),yes,yes,strong,std-dev,29,". The rates for the jump operators acting non-trivially on two neighbour qubits are sampled from the normal distribution with the mean 0.0004 and the standard deviation 0.0006. Negative rates are reset to zero. Intheanalysisofstablisercircuits,wefollowthesameparametergenerationapproachbutwithdifferentparameters. Ther"
Filippov et al. - 2023 - Scalable tensor-network error mitigation for near-term quantum computing.pdf,Filippov et al. (2023),yes,yes,strong,std-error,28,"5,50,...,225,250) we run the middle-out compression of the noise map and use the resulting map in TEM to produce the mitigated estimations ⟨O⟩ , with standard error σ . (b) The green dots depict the change between the estimations obtained with two consecutive i i bond dimensions (i.e. χ and χ+25). The blue dots s"
Filippov et al. - 2023 - Scalable tensor-network error mitigation for near-term quantum computing.pdf,Filippov et al. (2023),yes,yes,strong,std-error,28,"e blue dots show 2σ for the estimation with bond dimension χ. (c) Absolute error i between each estimation and the exact, noiseless value (green) and standard error of each estimation (blue). The red dashed line shows the initial, unmitigated error. 7. Estimate error ∆O¯ in the observable estimation via the stand"
Filippov et al. - 2023 - Scalable tensor-network error mitigation for near-term quantum computing.pdf,Filippov et al. (2023),yes,yes,strong,std-error,28,"less expectation value of the observable is ⟨O⟩ = 1. Running the noisy circuit for 105 measurement exact rounds yields the estimate ⟨O⟩ = 0.6006 with standard error σ = 0.0025. Next, we run TEM for several noisy noisy bond dimensions between 25 and 250 in increments of 25 and produce a set of estimated means ⟨O⟩"
Filippov et al. - 2023 - Scalable tensor-network error mitigation for near-term quantum computing.pdf,Filippov et al. (2023),yes,yes,strong,plus-minus-value,11,"ause the number of POVM effects (six) is greater than the dimension of the operator space (four)]. A suitable set of duals is 1 D = (I±p−1σ ). (A.4) α± 2 α α Given a quantum register of N qubits, where each qubit is measured individually in the informationally complete way, the linear inversion formula"
Filippov et al. - 2023 - Scalable tensor-network error mitigation for near-term quantum computing.pdf,Filippov et al. (2023),yes,yes,strong,plus-minus-value,28,28 1.30 1.25 1.20 1.15 1.10 1.05 1.00 50 100 150 200 250 Bond dimension O a b c Noiseless value |Oi+1 Oi| Oi±2 i 0.08 2 i 10 1 0.06 0.04 10 2 0.02 | i | 2 i Unmitigated 0.00 50 100 150 200 50 100 150 200 250 Bond dimension Bond dimension FIG. S10. Convergence
Filippov et al. - 2023 - Scalable tensor-network error mitigation for near-term quantum computing.pdf,Filippov et al. (2023),yes,yes,strong,sigma-value,28,"n value of the observable is ⟨O⟩ = 1. Running the noisy circuit for 105 measurement exact rounds yields the estimate ⟨O⟩ = 0.6006 with standard error σ = 0.0025. Next, we run TEM for several noisy noisy bond dimensions between 25 and 250 in increments of 25 and produce a set of estimated means ⟨O⟩ and es"
Filippov et al. - 2023 - Scalable tensor-network error mitigation for near-term quantum computing.pdf,Filippov et al. (2023),yes,yes,weak,fluctuation,7,"The idea is to monitor the expec- tation value of the observable for increasing χ until the changes in the result become smaller than the statistical fluctuations. In Appendix N, we explain the method in detail and provide an example. Interestingly, we observe that the error in the estimation decreases exponen"
Filippov et al. - 2023 - Scalable tensor-network error mitigation for near-term quantum computing.pdf,Filippov et al. (2023),yes,yes,weak,fluctuation,28,"rors. Asitcanbeseen,thedifferencesinestimationswithbonddimensions225and200,aswellaswith250and225, are smaller than their corresponding 2σ statistical fluctuations, so one can consider the algorithm to have converged. i To verify this convergence criterion, in Fig. S10c we plot the error of each estimation with"
Filippov et al. - 2024 - Scalability of quantum error mitigation techniques from utility to advantage.pdf,Filippov et al. (2024),yes,yes,strong,error-bar,27,"anderrorratesperqubitperlayerε=0.022andε=0.002inthesimulatedSPLnoise. Wealso depict 16% and 84% quantiles Q [∆O(χ,L)] and Q [∆O(χ,L)] that define the error bars. The first observation 0.16 0.84 is that TEM compensates for errors even with the smallest nontrivial bond dimension χ = 2: for ε = 0.022 and ε=0.00"
Filippov et al. - 2024 - Scalability of quantum error mitigation techniques from utility to advantage.pdf,Filippov et al. (2024),yes,yes,strong,error-bar,27,tematic error quickly (exponentially)decreaseswiththeincreaseofTEMbonddimensionandexhibitsatransitiontoamuchslowerdecrease (barely visible within the error bars) at about the threshold bond dimension χ∗ ≈ 0.5L2 = 450. The values of the systematic error after passing the threshold value are in agreement with
Filippov et al. - 2024 - Scalability of quantum error mitigation techniques from utility to advantage.pdf,Filippov et al. (2024),yes,yes,strong,error-bar,31,"i> 1 χ :L)∥ 2 10-10 10-11 10-12 10-13 0 20 40 60 80 100 L(Circuitdepth) ,]OΔ[ Q 43.0±5.0 seulavralugnisevitaler FIG. 12. Median systematic error with error bars Q [∆O(χ,L)] in estimating noise-mitigated stabilizer observables 0.5±0.34 via TEM with bond dimension χ = 300 for the 10-qubit example. The systemat"
Filippov et al. - 2024 - Scalability of quantum error mitigation techniques from utility to advantage.pdf,Filippov et al. (2024),yes,yes,strong,std-dev,4,s for noise-aware mitigation techniques in typical dense N ×L circuits under realistic (sparse Pauli-Lindblad) noise with the density of errors ε and standard deviation Θ in relative temporal fluctuations of the density of errors. Should the intersection A of causal cones for the observable and the nontrivial compone
Filippov et al. - 2024 - Scalability of quantum error mitigation techniques from utility to advantage.pdf,Filippov et al. (2024),yes,yes,strong,std-dev,5,"les in dense N ×L circuits with average error rate ε=0.5% (left) and ε=0.16% (right). Computation parameters: overall allocated wall time T=24 hours, standard deviation in the relative error rate fluctuations Θ = 1.8%, duration of gates in one layer τ = 0.6 µs, measurement l durationτ =0.8µs,andcircuitdelaytimeτ =0.5"
Filippov et al. - 2024 - Scalability of quantum error mitigation techniques from utility to advantage.pdf,Filippov et al. (2024),yes,yes,strong,std-dev,8,"eal lim O¯ =⟨O⟩. For a finite number of shots |S|≫1, the deviation of O¯ from the true value ⟨O⟩ is a random error |S|→∞ (cid:113) quantified via the standard deviation estimation ∆O¯ = 1 (cid:80) (O −O¯)2. |S| m∈S m In noisy quantum computations, every unitary layer U is preceded by a noisy layer N so that 1 (cid:80"
Filippov et al. - 2024 - Scalability of quantum error mitigation techniques from utility to advantage.pdf,Filippov et al. (2024),yes,yes,strong,std-dev,8,"he same finite number of shots per every circuit |S | = |S| ≫ 1, V the deviation of O ¯¯ from the true value ⟨O⟩ is a random error quantified via the standard deviation estimation (cid:113) (cid:113) ∆O ¯¯ = 1 (cid:80) (cid:2) (∆O¯ )2+(O¯ −O ¯¯)2 (cid:3) , whereO¯ = 1 (cid:80) γσ O and∆O¯ = 1 (cid:80) (γσ O −O¯ )2. |"
Filippov et al. - 2024 - Scalability of quantum error mitigation techniques from utility to advantage.pdf,Filippov et al. (2024),yes,yes,strong,std-dev,11,"O¯(G )fluctuatesaroundlnO¯(G )≈G lnK witherror∆O¯(G )/O¯(G ) i i i i i i i i i i i (here, ξ is a normally distributed random variable with mean 0 and standard deviation 1). i The linear extrapolation y = ax+b through R points {(x ,y +ξ ∆y )}R via the least squares fitting yields i i i i i=1 (cid:80) x2(cid:80) (y +ξ"
Filippov et al. - 2024 - Scalability of quantum error mitigation techniques from utility to advantage.pdf,Filippov et al. (2024),yes,yes,strong,std-dev,12,"ZNEresultsinthesystematicerrorexp(ln(K′/K))−1= K′−1. i √ K Since K ≈ γ−1/2, this systematic error reduces to the one for PEC, namely, 1εN LΘ with the standard deviation √ 2 in the relative error per layer per qubit Θ (provided εN LΘ≪1, see Sec. IIIB3). Effectofextrapolation. InZNE,thereisanadditionalsystematicerrorar"
Filippov et al. - 2024 - Scalability of quantum error mitigation techniques from utility to advantage.pdf,Filippov et al. (2024),yes,yes,strong,std-dev,13,"λ2 ≈ 1 ε2NL if the one-qubit (two-qubit) relaxation rates λ(l) in the l α α λα∈∪lSPL(Nl) α 18 α SPL model are normally distributed with both mean and standard deviation equal to ε/12 (ε/36) similarly to the √ relaxation rates in the experiment [13]. Since DΞ ≈ 1.4×10−3 ≪ 1 if N = L = 100 and ε = 0.16%, we can resort"
Filippov et al. - 2024 - Scalability of quantum error mitigation techniques from utility to advantage.pdf,Filippov et al. (2024),yes,yes,strong,std-dev,14,"2 samplingoverhead(G =G∗ andG =G∗), andtheone-qubit(two-qubit)relaxationratesλ(l) intheSPLmodelare 1 1 2 2 α normally distributed with both mean and standard deviation equal to ε/12 (ε/36), similarly to the experiment [13], then (cid:18) 2.557 (cid:19) ε2NL δ(2) =|∆F(0)|≈ 1+ . (9) systematic εNL 36 D. Tensor-network"
Filippov et al. - 2024 - Scalability of quantum error mitigation techniques from utility to advantage.pdf,Filippov et al. (2024),yes,yes,strong,std-dev,16,"β L ββ β merely fixing the input and output indices of TEM map M† to β. The factors are scattered around the exponent L (cid:113) exp(εNL/2) with the standard deviation ∼ ε NLexp(εNL/2), which also grows exponentially in the circuit size. 6 2 This is why the tensor-network contraction for M† is needed to find these f"
Filippov et al. - 2024 - Scalability of quantum error mitigation techniques from utility to advantage.pdf,Filippov et al. (2024),yes,yes,strong,std-dev,16,"orem 1 in Ref. [6] establishes the fact that the minimum number of shots |S| required for an unbiased estimation of the min mitigated observable with standard deviation δ grows exponentially in the circuit depth. For instance, if all unitary layers in a depth-L quantum circuit are accompanied by global depolarizing n"
Filippov et al. - 2024 - Scalability of quantum error mitigation techniques from utility to advantage.pdf,Filippov et al. (2024),yes,yes,strong,std-dev,16,"samplingoverheadΓinTEMasymptoticallysaturatesthelowercostboundΓ =E (δ2|S| ) min U1···UL min for the unbiased estimation of Pauli observables with the standard deviation δ in large-scale quantum circuits with weak sparse Pauli-Lindblad noise and unitary layers U ,...,U drawn from a set forming a unitary 2-design. 1 L"
Filippov et al. - 2024 - Scalability of quantum error mitigation techniques from utility to advantage.pdf,Filippov et al. (2024),yes,yes,strong,std-dev,17,"esamplingoverheadΓinTEMasymptoticallysaturatesthelowercostboundΓ =E (δ2|S| ) min U1···UL min for an unbiased estimation of Pauli observables with the standard deviation δ in large-scale quantum circuits with a general weak Pauli noise and unitary layers U ,...,U drawn from a set forming a unitary 2-design. 1 L (cid:8"
Filippov et al. - 2024 - Scalability of quantum error mitigation techniques from utility to advantage.pdf,Filippov et al. (2024),yes,yes,strong,std-dev,17,"ssociated relative error is derived in exactly the same way as in PEC (see Sec. IIIB3) and reads √ ∆O¯/O¯ = 1εN LΘ provided ∆O¯/O¯ ≪1, where Θ is the standard deviation in the relative error per layer per qubit. 2 Effect of simplified measurement strategy (if used). In non-Clifford circuits, TEM modifies an observabl"
Filippov et al. - 2024 - Scalability of quantum error mitigation techniques from utility to advantage.pdf,Filippov et al. (2024),yes,yes,strong,std-dev,19,"umerically inferred value and assuming that the one-qubit (two-qubit) relaxation rates λ in the SPL model are normally distributed with both mean and standard deviation equal to ε/12 α (ε/36), similarly to the experiment [13], we get δ(3) =ε2NL/30. systematic Thephysicalmeaningoftheerrorδ(3) =0.6 (cid:80) λ2 isthesam"
Filippov et al. - 2024 - Scalability of quantum error mitigation techniques from utility to advantage.pdf,Filippov et al. (2024),yes,yes,strong,std-dev,25,nd foreseeable τ = 0.5 ms in experiments with superconducting qubits [1]). The classical cost of m delay calculating the mitigated value O ¯¯ and its standard deviation ∆O ¯¯ is negligible if the acquired data are processed on the fly. The total estimation error δ for a non-local observable O in a dense N ×L circuit
Filippov et al. - 2024 - Scalability of quantum error mitigation techniques from utility to advantage.pdf,Filippov et al. (2024),yes,yes,strong,std-dev,27,"L(N ), we choose a target error rate ε and sample one-qubit (two-qubit) relaxation rates from the normal α l distribution where both the mean and the standard deviation are equal to ε/12 (ε/36). Negative rates are nullified for the maps {N } to be completely positive (in the same fashion as it is done in SPL noise le"
Filippov et al. - 2024 - Scalability of quantum error mitigation techniques from utility to advantage.pdf,Filippov et al. (2024),yes,yes,strong,std-dev,30,"e relaxation rates Λ ≡ Q ∪L ∪ λ(l) ≈ ε/24 if one-qubit (two-qubit) relaxation 1 0.5 l=1 λα (l)∈SPL(Nl) α rates are normally distributed with mean and standard deviation ε/12 (ε/36). The singular values experience a steep decrease as soon as they cross the value Λ , which is a manifestation of the critical bond dimens"
Filippov et al. - 2024 - Scalability of quantum error mitigation techniques from utility to advantage.pdf,Filippov et al. (2024),yes,yes,strong,std-error,9,"in the ideal quantum computation, then a Pauli observable O = P ⊗ ··· ⊗ P would be estimated via 0 N−1 (cid:113) measurement outcomes O = ±1 with the standard error ∆O¯ = 1−O¯2. Instead, if this total budget of shots is m M used in a PEC-enhanced noisy quantum computation with one shot per circuit (|S|=1, |Q|=M),"
Filippov et al. - 2024 - Scalability of quantum error mitigation techniques from utility to advantage.pdf,Filippov et al. (2024),yes,yes,strong,std-error,12,"12 { (cid:80) [ (cid:80) x (x −x )]2(∆y )2}1/2 we get the standard error ∆b = j i i i j j . Applying this result to the points x = G , R (cid:80) x2−( (cid:80) x )2 i i i i i i y i = G i lnK, ∆y i = ∆O¯(G i )/O¯(G i ) = K−"
Filippov et al. - 2024 - Scalability of quantum error mitigation techniques from utility to advantage.pdf,Filippov et al. (2024),yes,yes,strong,plus-minus-value,7,"tributed random variables ξ ∈{0,1} that either activate or deactivate damping [32]. αβ The fidelities {f } are scattered around γ−1/2, so lnf ≈ −1lnγ ± 1 (cid:113)(cid:80) λ2. Upon propagating lβ β l lβ 2 l 2 λα∈SPL(Nl) α throughallthecircuitlayers,differentindividualfidelitiesgetmultipliedandyieldappr"
Filippov et al. - 2024 - Scalability of quantum error mitigation techniques from utility to advantage.pdf,Filippov et al. (2024),yes,yes,strong,plus-minus-value,8,"tion{1|q(l)|} . EverysamplePECcircuitV ∈Qisrunonthenoisyhardwareandmeasured. Ameasurement γl k k outcome m is now assigned the value γσ O , where σ ∈{±1} is the sample-dependent sign of (cid:81) q(l). The sought value ⟨O⟩ is estimated as the mean O ¯¯ ove V r c m ircuit samp V les Q and measurement ou"
Filippov et al. - 2024 - Scalability of quantum error mitigation techniques from utility to advantage.pdf,Filippov et al. (2024),yes,yes,strong,plus-minus-value,9,"s were used in the ideal quantum computation, then a Pauli observable O = P ⊗ ··· ⊗ P would be estimated via 0 N−1 (cid:113) measurement outcomes O = ±1 with the standard error ∆O¯ = 1−O¯2. Instead, if this total budget of shots is m M used in a PEC-enhanced noisy quantum computation with one shot per"
Filippov et al. - 2024 - Scalability of quantum error mitigation techniques from utility to advantage.pdf,Filippov et al. (2024),yes,yes,strong,plus-minus-value,10,"age change in γ from one attempt to another ∆γ ≈0.042 [1, Sec. III B in Supplementary Information]. This translates into a density of errors ε=0.01566±0.00028. We use this experiment as a benchmark for the relative accuracy ∆ε/ε ≈ 0.018 in noise stability within 17 hours. We anticipate the same relati"
Filippov et al. - 2024 - Scalability of quantum error mitigation techniques from utility to advantage.pdf,Filippov et al. (2024),yes,yes,strong,plus-minus-value,10,"8 in noise stability within 17 hours. We anticipate the same relative accuracy to be achievable with lower noise intensities too, i.e., γ ±∆γ = [1+ε(1±0.018)]N ≈ γ (1±0.018ε)N. Therefore, l l l our noise stability model assumes that, for a given average error rate ε and an experiment wall time T ≲ 1 d"
Filippov et al. - 2024 - Scalability of quantum error mitigation techniques from utility to advantage.pdf,Filippov et al. (2024),yes,yes,strong,plus-minus-value,10,"lity within 17 hours. We anticipate the same relative accuracy to be achievable with lower noise intensities too, i.e., γ ±∆γ = [1+ε(1±0.018)]N ≈ γ (1±0.018ε)N. Therefore, l l l our noise stability model assumes that, for a given average error rate ε and an experiment wall time T ≲ 1 day, the noise am"
Filippov et al. - 2024 - Scalability of quantum error mitigation techniques from utility to advantage.pdf,Filippov et al. (2024),yes,yes,strong,plus-minus-value,15,nventional local projective measurements ≥l β β(l) mitigated in the eigenbasis of the original observable and multiplying all M conventional outcomes ±1 by the same number K−1 ≡ (cid:81) l f l − β 1 (l) . This incurs the estimation error ∆O¯ mitigated = K √1 M and the sampling overhead Γ = √ K−2. In t
Filippov et al. - 2024 - Scalability of quantum error mitigation techniques from utility to advantage.pdf,Filippov et al. (2024),yes,yes,strong,plus-minus-value,15,e Bloch vector picture. The resulting transformation of the Bloch vector reads lβ β l w→( ← (cid:81) − C−1D )( →− (cid:81) C )w. Recallthatlnf ≈−1lnγ ±1 (cid:113)(cid:80) λ2 (seeSec.IIIA)and (cid:80) λ2 = l l l l l lβ 2 l 2 λα∈SPL(Nl) α λα∈SPL(Nl) α 1 ε2N if the one-qubit (two-qubit) relaxation rates
Filippov et al. - 2024 - Scalability of quantum error mitigation techniques from utility to advantage.pdf,Filippov et al. (2024),yes,yes,strong,plus-minus-value,18,",n⟩Yc nσ k ⊗Z⊗(N−NT), (11) n∈{X,Y}NT k∈{Z,Y}NT n∈{X,Y}NT (cid:124) (cid:123)(cid:122) (cid:125) (cid:124) √(cid:123)(cid:122) (cid:125) ∼exp(εNL/2) ∼± 1 ε NLexp(εNL/2) 2NT/2 where ⟨k,n⟩ is the number of positions i∈{1,...,N } in the strings k and n, where k =n =Y (e.g., if N =2, Y T i i T ⟨ZY,XY⟩ = 1"
Filippov et al. - 2024 - Scalability of quantum error mitigation techniques from utility to advantage.pdf,Filippov et al. (2024),yes,yes,strong,plus-minus-value,18,"(cid:80) c ≈ 1± ε NL + ε2NL exp(εNL/2) and the second underbrace term 2NT n∈{X,Y}NT n 6 2NT+1 72 (cid:113) 2N 1 T (cid:80) n∈{X,Y}NT (−1)⟨k,n⟩Yc n ≈ ± 6 ε 2N N T L +1 exp(εNL/2). A simpler observable to measure is the TEM-rescaled version of the original one, (M†) Z⊗N, with L Z⊗N,Z⊗N   (cid:32) (cid"
Filippov et al. - 2024 - Scalability of quantum error mitigation techniques from utility to advantage.pdf,Filippov et al. (2024),yes,yes,strong,plus-minus-value,18,"EM-rescaled version of the original one, (M†) Z⊗N, with L Z⊗N,Z⊗N   (cid:32) (cid:114) (cid:33) 1 (cid:88) ε NL ε2NL (M† L ) Z⊗N,Z⊗N = 2NT  c n≈ 1± 6 2NT+1 + 72 exp(εNL/2). (12) n∈{X,Y}NT As we will see in the following analysis, measuring (M†) Z⊗N instead of M†[O] at the output of the noisy L Z⊗N,"
Filippov et al. - 2024 - Scalability of quantum error mitigation techniques from utility to advantage.pdf,Filippov et al. (2024),yes,yes,strong,plus-minus-value,28,28 10-1 10-2 10-3 10-4 10-5 2 200 400 600 800 Bonddimension ]OΔ[ QrorrecitametsysfoselitnauQ 43.0±5.0 ϵ=0.022 ϵ=0.002 FIG. 8. Compression-induced TEM systematic errors in a Clifford circuit with brickwork cnot topology and random single- qubit gates
Filippov et al. - 2024 - Scalability of quantum error mitigation techniques from utility to advantage.pdf,Filippov et al. (2024),yes,yes,strong,plus-minus-value,31,"10-9 χ=300 ∥s( i> L χ ) ∥ 1 ∥s( i> L χ ) ∥ 2 ∥s( i> L χ ) ∥ ∞ ∥s( i> 1 χ :L)∥ 2 10-10 10-11 10-12 10-13 0 20 40 60 80 100 L(Circuitdepth) ,]OΔ[ Q 43.0±5.0 seulavralugnisevitaler FIG. 12. Median systematic error with error bars Q [∆O(χ,L)] in estimating noise-mitigated stabilizer observables 0.5±0.34 v"
Filippov et al. - 2024 - Scalability of quantum error mitigation techniques from utility to advantage.pdf,Filippov et al. (2024),yes,yes,strong,plus-minus-value,31,"43.0±5.0 seulavralugnisevitaler FIG. 12. Median systematic error with error bars Q [∆O(χ,L)] in estimating noise-mitigated stabilizer observables 0.5±0.34 via TEM with bond dimension χ = 300 for the 10-qubit example. The systematic error is well reproduced by ∥s(L)∥ and i>χ 2 approximated from above"
Filippov et al. - 2024 - Scalability of quantum error mitigation techniques from utility to advantage.pdf,Filippov et al. (2024),yes,yes,strong,plus-minus-value,32,"rorrecitametsyS(OΔ ϵ=0.022 ϵ=0.002 FIG. 13. Compression-induced TEM systematic error Q [∆O(χ,L)] as in Fig. 8 and its approximate evaluations: the 0.5±0.34 data-drivenquantifierE(χ,L)ofcompressionqualityinEq.(H1)(solidline);theanalyticalformula(G2)basedonthepattern of singular values in the noise-miti"
Filippov et al. - 2024 - Scalability of quantum error mitigation techniques from utility to advantage.pdf,Filippov et al. (2024),yes,yes,strong,plus-minus-value,32,"ϵ=0.01 ϵ=0.005 ϵ=0.0016 ϵ=0.0008 FIG. 14. Compression-induced TEM systematic error Q [∆O(χ,L)] (points) and its analytical evaluation (G2) (lines) 0.5±0.34 for high Pauli-weight observables in a dense stabilizer circuit of depth L=100 and width N =100 qubits (4950 cnot gates) for different values of t"
Filippov et al. - 2024 - Scalability of quantum error mitigation techniques from utility to advantage.pdf,Filippov et al. (2024),yes,yes,strong,variance-reported,13,"e dynamical observable commutes or anticommutes with the jump operator σ associated with the relaxation rate α λ(l). Since the mean Eξ(l) = 1 and the variance Dξ(l) = 1, the random variable Ξ ≡ 2 (cid:80) (cid:80) λ(l)ξ(l) has the mean α α 2 α 4 l α α α EΞ = (cid:80) (cid:80) λ(l) and the variance DΞ = (cid"
Filippov et al. - 2024 - Scalability of quantum error mitigation techniques from utility to advantage.pdf,Filippov et al. (2024),yes,yes,strong,variance-reported,13,"1 and the variance Dξ(l) = 1, the random variable Ξ ≡ 2 (cid:80) (cid:80) λ(l)ξ(l) has the mean α α 2 α 4 l α α α EΞ = (cid:80) (cid:80) λ(l) and the variance DΞ = (cid:80) (cid:80) (λ(l))2. The random variable (cid:81)L fG = exp[−GΞ], so ⟨O⟩(G) l α α l α α l=1 lβn(l) is a sum of 2NT random variables, namel"
Filippov et al. - 2024 - Scalability of quantum error mitigation techniques from utility to advantage.pdf,Filippov et al. (2024),yes,yes,strong,variance-reported,13,"es Ξ n , whose distribution is well approximated by a normal one with mean EΞ = (cid:80) (cid:80) λ(l) ≡ (cid:80) λ ≈ 1εNL and l α α λα∈∪lSPL(Nl) α 2 variance DΞ= (cid:80) (cid:80) (λ(l))2 ≡ (cid:80) λ2 ≈ 1 ε2NL if the one-qubit (two-qubit) relaxation rates λ(l) in the l α α λα∈∪lSPL(Nl) α 18 α SPL model ar"
Filippov et al. - 2024 - Scalability of quantum error mitigation techniques from utility to advantage.pdf,Filippov et al. (2024),yes,yes,weak,spread,11,tly the sought value F(0) = ⟨O⟩ in the limit of infinitely many measurement shots available. The systematic error is ideal →− evaluated via a typical spread of exponents in the expansion for ⃝ l (N(cid:101) l G)†[O]. 2. Random error ←− Consider a Clifford circuit ⃝ U and a Pauli observable O stabilizing t
Filippov et al. - 2024 - Scalability of quantum error mitigation techniques from utility to advantage.pdf,Filippov et al. (2024),yes,yes,weak,fluctuation,4,typical dense N ×L circuits under realistic (sparse Pauli-Lindblad) noise with the density of errors ε and standard deviation Θ in relative temporal fluctuations of the density of errors. Should the intersection A of causal cones for the observable and the nontrivial component of the initial state be smaller
Filippov et al. - 2024 - Scalability of quantum error mitigation techniques from utility to advantage.pdf,Filippov et al. (2024),yes,yes,weak,fluctuation,4,"average error rate per qubit per layer ε=0.16% [27]. The lower bound on the sampling overhead is established in Ref. [6]. due to unavoidable temporal fluctuations in the qubit environment, e.g., because of the two-level fluctuators in superconductingquantumcomputers. Imprecisioninsinglequbitgatesandnon-Markovi"
Filippov et al. - 2024 - Scalability of quantum error mitigation techniques from utility to advantage.pdf,Filippov et al. (2024),yes,yes,weak,fluctuation,4,"aneffects[26]alsocontribute totheoverallnoiseinstability. InSec.IIIB3,wequantifythenoiseinstabilityintermsofthestandarddeviationΘin relative temporal fluctuations of the density of errors, which can be inferred from the repeated noise characterization experiments. This quantity enables us to evaluate how far t"
Filippov et al. - 2024 - Scalability of quantum error mitigation techniques from utility to advantage.pdf,Filippov et al. (2024),yes,yes,weak,fluctuation,5,"rate ε=0.5% (left) and ε=0.16% (right). Computation parameters: overall allocated wall time T=24 hours, standard deviation in the relative error rate fluctuations Θ = 1.8%, duration of gates in one layer τ = 0.6 µs, measurement l durationτ =0.8µs,andcircuitdelaytimeτ =0.5ms. TEMassumesaclassicalcomputationalpo"
Filippov et al. - 2024 - Scalability of quantum error mitigation techniques from utility to advantage.pdf,Filippov et al. (2024),yes,yes,weak,fluctuation,7,"lts in a noise-mitigated observable subject to random errors (due to a sampling overhead) and systematic errors (due to an imprecisely learned noise, fluctuations in noise parameters, errors in single-qubit unitary gates, extrapolation inaccuracy, bond dimension truncation). We evaluate both random and systema"
Filippov et al. - 2024 - Scalability of quantum error mitigation techniques from utility to advantage.pdf,Filippov et al. (2024),yes,yes,weak,fluctuation,12,"ror Effect of imprecisely learned noise model and noise instability. Similarly to PEC, ZNE with probabilistic error amplification is sensitive to the fluctuations in noise parameters and the imprecision in noise learning. Suppose the noise during the data acquisition differs from that in the learned model: K′"
Filippov et al. - 2024 - Scalability of quantum error mitigation techniques from utility to advantage.pdf,Filippov et al. (2024),yes,yes,weak,variance-general,13,"e dynamical observable commutes or anticommutes with the jump operator σ associated with the relaxation rate α λ(l). Since the mean Eξ(l) = 1 and the variance Dξ(l) = 1, the random variable Ξ ≡ 2 (cid:80) (cid:80) λ(l)ξ(l) has the mean α α 2 α 4 l α α α EΞ = (cid:80) (cid:80) λ(l) and the variance DΞ = (cid"
Filippov et al. - 2024 - Scalability of quantum error mitigation techniques from utility to advantage.pdf,Filippov et al. (2024),yes,yes,weak,variance-general,13,"1 and the variance Dξ(l) = 1, the random variable Ξ ≡ 2 (cid:80) (cid:80) λ(l)ξ(l) has the mean α α 2 α 4 l α α α EΞ = (cid:80) (cid:80) λ(l) and the variance DΞ = (cid:80) (cid:80) (λ(l))2. The random variable (cid:81)L fG = exp[−GΞ], so ⟨O⟩(G) l α α l α α l=1 lβn(l) is a sum of 2NT random variables, namel"
Filippov et al. - 2024 - Scalability of quantum error mitigation techniques from utility to advantage.pdf,Filippov et al. (2024),yes,yes,weak,variance-general,13,"es Ξ n , whose distribution is well approximated by a normal one with mean EΞ = (cid:80) (cid:80) λ(l) ≡ (cid:80) λ ≈ 1εNL and l α α λα∈∪lSPL(Nl) α 2 variance DΞ= (cid:80) (cid:80) (λ(l))2 ≡ (cid:80) λ2 ≈ 1 ε2NL if the one-qubit (two-qubit) relaxation rates λ(l) in the l α α λα∈∪lSPL(Nl) α 18 α SPL model ar"
França and Garcia-Patron - 2022 - A game of quantum advantage linking verification and simulation.pdf,Franca & Garcia-Patron,na,yes,strong,plus-minus-value,44,"Let us now discuss how to achieve this. First, decompose each generator g i as the product of a string of Pauli X and Pauli Z matrices plus a global ±1 phase and represent each one of these as vectors (x ,z ,s ) in F2n+1. In order to i i i 2 simplifythepresentation, wearenotgoingtokeeptrackofthegloba"
França and Garcia-Patron - 2022 - A game of quantum advantage linking verification and simulation.pdf,Franca & Garcia-Patron,na,yes,strong,variance-reported,35,"tion. τ λ Proof. The proof is quite standard and simple. It is easy to check that: d g(λ) = −(E (f2)−E (f)2), τ τ dλ λ λ which is the negative of the variance of the function f under τ . Thus, we clearly λ have that d g(λ) ≤ 0 and the claim follows. dλ B Distinguishing function from the linear cross-entropy"
França and Garcia-Patron - 2022 - A game of quantum advantage linking verification and simulation.pdf,Franca & Garcia-Patron,na,yes,strong,variance-reported,36,"density κ given by κ(p) = 2ne−p2n . (39) It is not difficult to see that this distribution is highly concentrated around its mean, 2−n, and that its variance is 2−2n, as it corresponds to an exponential distribution with parameter 2−n. We then have: Proposition B.1. Let ν be the output of a random quantum"
França and Garcia-Patron - 2022 - A game of quantum advantage linking verification and simulation.pdf,Franca & Garcia-Patron,na,yes,weak,variance-general,35,"tion. τ λ Proof. The proof is quite standard and simple. It is easy to check that: d g(λ) = −(E (f2)−E (f)2), τ τ dλ λ λ which is the negative of the variance of the function f under τ . Thus, we clearly λ have that d g(λ) ≤ 0 and the claim follows. dλ B Distinguishing function from the linear cross-entropy"
França and Garcia-Patron - 2022 - A game of quantum advantage linking verification and simulation.pdf,Franca & Garcia-Patron,na,yes,weak,variance-general,36,"density κ given by κ(p) = 2ne−p2n . (39) It is not difficult to see that this distribution is highly concentrated around its mean, 2−n, and that its variance is 2−2n, as it corresponds to an exponential distribution with parameter 2−n. We then have: Proposition B.1. Let ν be the output of a random quantum"
Govia et al. - 2025 - Bounding the Systematic Error in Quantum Error Mitigation due to Model Violation.pdf,Govia et al.,partial,yes,strong,plus-minus-value,15,":2)=0 (cid:2) .Wefirstnotethatsince {P,O}=0andwehavechosenρ tobeaneigenstateofO and we will set all P =P for some P that does not com- suchthatTr[ρO]=±1,thenTr[ρPO]=0andthus k mutewithO.Further,wewillassumeastaticerrorchannel, V k =V ∀k,andpickOtobetheobservablewiththeworst- ∂δ± (cid:6) (cid:6) casePa"
Govia et al. - 2025 - Bounding the Systematic Error in Quantum Error Mitigation due to Model Violation.pdf,Govia et al.,partial,yes,strong,bootstrap,17,"ely correlated. This would reduce the variance of their ratio, σ2, so we use the uncorrelated result of Eq. (C3) as to do this and we choose to use a bootstrap-resampling methodology. The Pauli-learning framework consists of a amorestringenttestofmodelviolationbeyondthatdueto setofcircuitschosentoestimatespe"
Govia et al. - 2025 - Bounding the Systematic Error in Quantum Error Mitigation due to Model Violation.pdf,Govia et al.,partial,yes,strong,bootstrap,17,"stribution of f meas estimates. In our case, we use the O a corresponding binomial probability distribution for its latter, as we will also need this bootstrap r(cid:9)esampl(cid:10)ing to shot-to-shotoutcomes. estimatethemodel-predictionuncertainty(cid:9) σ f O mo (cid:10) del . Our bootstrap resampling is"
Govia et al. - 2025 - Bounding the Systematic Error in Quantum Error Mitigation due to Model Violation.pdf,Govia et al.,partial,yes,strong,bootstrap,17,also need this bootstrap r(cid:9)esampl(cid:10)ing to shot-to-shotoutcomes. estimatethemodel-predictionuncertainty(cid:9) σ f O mo (cid:10) del . Our bootstrap resampling is twofold. We first resam- The model-prediction uncertainty σ f model is due O ple from the Pauli-randomized ensemble to obtain a new to
Govia et al. - 2025 - Bounding the Systematic Error in Quantum Error Mitigation due to Model Violation.pdf,Govia et al.,partial,yes,strong,variance-reported,2,"ation, and in Sec. III, we discuss the require- thatweconsiderincreaseaccuracyatthecostofincreased ments for our upper bounds. In Sec. IV, we present variance (for a fixed number of samples) in their esti- a rigorous and in Sec. V, a heuristic upper bound for mate. The increase in samples required to overco"
Govia et al. - 2025 - Bounding the Systematic Error in Quantum Error Mitigation due to Model Violation.pdf,Govia et al.,partial,yes,strong,variance-reported,2,", a heuristic upper bound for mate. The increase in samples required to overcome this modelviolationinprobabilisticerrorcancellation[17].We increased variance, commonly referred to as the overhead deploytheseupperboundsinsimulationinSec.VIandon of the error-mitigation protocol, has been well studied in an I"
Govia et al. - 2025 - Bounding the Systematic Error in Quantum Error Mitigation due to Model Violation.pdf,Govia et al.,partial,yes,strong,variance-reported,17,"whatpos- Whatremainsistodescribeourprocedureforestimating O thecovariancematrixofeachlayer.Therearemanyways itively correlated. This would reduce the variance of their ratio, σ2, so we use the uncorrelated result of Eq. (C3) as to do this and we choose to use a bootstrap-resampling methodology. The Pauli-le"
Govia et al. - 2025 - Bounding the Systematic Error in Quantum Error Mitigation due to Model Violation.pdf,Govia et al.,partial,yes,weak,uncertainty,3,"lviolationbutwewillnotexplorealternativeoptions couldwhenappliedtoothercircuits. inthiswork.Alternatively,onecanisolatemodelviolation (5) Statistical uncertainty. Due to finite sampling of robusttothisassumptionbystudyingonlytestcircuitsthat experimentsinPaulilearning,therewillbeinherent areinvariantunderhowth"
Govia et al. - 2025 - Bounding the Systematic Error in Quantum Error Mitigation due to Model Violation.pdf,Govia et al.,partial,yes,weak,uncertainty,3,"robusttothisassumptionbystudyingonlytestcircuitsthat experimentsinPaulilearning,therewillbeinherent areinvariantunderhowthedegeneracyisbroken,suchas uncertainty in the values of the model coecffi ients. even-depthPauli-learningcircuits. The model violation due to this should decrease as Toestimatemodelviolati"
Govia et al. - 2025 - Bounding the Systematic Error in Quantum Error Mitigation due to Model Violation.pdf,Govia et al.,partial,yes,weak,uncertainty,6,"|I −D || =2 |1−r|=2|1−ν |, (17) topology) but the learnt-model parameters dieff r from the r (cid:6) 4n 0 actual error-channel generator rates due to uncertainty in the learning procedure. To simulate this, we fix a set of such that the upper bound is saturated. Of course, if the modelcoecffi ients {λ }toactas"
Govia et al. - 2025 - Bounding the Systematic Error in Quantum Error Mitigation due to Model Violation.pdf,Govia et al.,partial,yes,weak,uncertainty,6,"inEq.(18). FIG. 1. (a) The building block of the four-qubit circuits used We emphasize that even if estimated perfectly, this for the model-parameter-uncertainty simulations of Sec. VIA. worst-case Clioff rd circuit is not a true upper bound and The mitigated channels V 0 and V 1 are built from an error one ca"
Govia et al. - 2025 - Bounding the Systematic Error in Quantum Error Mitigation due to Model Violation.pdf,Govia et al.,partial,yes,weak,uncertainty,7,"thelearning with the given hard layers, the comparison across circuits procedure,andwedosointheinfinite-shotlimittoremove isafairone. model-parameter uncertainty. Simulating learning is nec- As expected, the rigorous diamond-distance upper essary because we anticipate that the learning procedure boundexceedsth"
Govia et al. - 2025 - Bounding the Systematic Error in Quantum Error Mitigation due to Model Violation.pdf,Govia et al.,partial,yes,weak,uncertainty,8,"uch that the distribution for the systematicerrorisnotverynormal. We now turn to testing our methodology on the quan- Wehaveincludedtherandom(butzero-uncertainty)in- tum processor ibm Kyiv, a cross-resonance device with model error terms in order to highlight the drastic impact 127 superconducting qubits, avai"
Govia et al. - 2025 - Bounding the Systematic Error in Quantum Error Mitigation due to Model Violation.pdf,Govia et al.,partial,yes,weak,uncertainty,9,"ANTUMERRORMITIGATION... PRXQUANTUM6,010354(2025) Diamond-distance upper bound Average diamond-distance upper bound Systematic error above statistical uncertainty Systematic error under statistical uncertainty FIG. 4. Experiments on ibm Kyiv. Model-violation analysis of Pauli-learning data from connected qubit"
Govia et al. - 2025 - Bounding the Systematic Error in Quantum Error Mitigation due to Model Violation.pdf,Govia et al.,partial,yes,weak,uncertainty,9,") Diamond-distance upper bound Average diamond-distance upper bound Systematic error above statistical uncertainty Systematic error under statistical uncertainty FIG. 4. Experiments on ibm Kyiv. Model-violation analysis of Pauli-learning data from connected qubit lines consisting of two, four, eight, or 16 qub"
Govia et al. - 2025 - Bounding the Systematic Error in Quantum Error Mitigation due to Model Violation.pdf,Govia et al.,partial,yes,weak,uncertainty,9,"ason we also show the ored blue indicate a systematic error larger than 1σ of worst-case Clioff rd circuit defined in Eq. (18). Given the statistical uncertainty. As can be seen in Fig. 4, for four form of Eq. (18), this should grow linearly in the low- qubitsandbeyond,themajorityofthehigh-flierpointsare error"
Govia et al. - 2025 - Bounding the Systematic Error in Quantum Error Mitigation due to Model Violation.pdf,Govia et al.,partial,yes,weak,uncertainty,9,"ly in the low- qubitsandbeyond,themajorityofthehigh-flierpointsare error regime before turning over and approaching one larger than 1σ of statistical uncertainty in the learning, asymptotically. Informed by the numerical simulations pointing to potential sources such as out-of-model error of Sec. VI, the order"
Govia et al. - 2025 - Bounding the Systematic Error in Quantum Error Mitigation due to Model Violation.pdf,Govia et al.,partial,yes,weak,uncertainty,10,"are useful to, e.g., test the stability of error models over time, when error parameters are expected to drift or fluctuate, or to test the impact in uncertainty inducedbythemodel-fittingprocedure. For this analysis, because we have complete informa- (b) tion about the error channels for both models, we can di"
Govia et al. - 2025 - Bounding the Systematic Error in Quantum Error Mitigation due to Model Violation.pdf,Govia et al.,partial,yes,weak,uncertainty,11,"ily mean a change in the underlying physical A.Coherence-timedrift errorchannel.Anyrealisticlearningexperimenttakesonly finite samples, which induces uncertainty in the learnt- Returning to our original intended use case for model modelparameters.Thisimpliesthatthelearningprocedure comparison, we simulate a tw"
Govia et al. - 2025 - Bounding the Systematic Error in Quantum Error Mitigation due to Model Violation.pdf,Govia et al.,partial,yes,weak,uncertainty,16,"ant source of model violation but this is not a failure of the model ansatz. As such, it can beusefultoindependentlyestimatetheeeff ctofthelearn- ing uncertainty on the mitigated expectation values, such thatonecanpotentiallydetectthepresenceofmorenefari- oussourcesofmodelviolation,suchasout-of-modelerror. To"
Govia et al. - 2025 - Bounding the Systematic Error in Quantum Error Mitigation due to Model Violation.pdf,Govia et al.,partial,yes,weak,uncertainty,16,"delviolation,suchasout-of-modelerror. To that end, here we develop a procedure to estimate the systematic error in Clioff rd circuits due to learning uncertainty. For now, we assume that we are given a set of model coecffi ients {λ(k)}foreachhardlayerk andthecovariance j matrix C(k) describing their correlatio"
Govia et al. - 2025 - Bounding the Systematic Error in Quantum Error Mitigation due to Model Violation.pdf,Govia et al.,partial,yes,weak,uncertainty,16,"now, we assume that we are given a set of model coecffi ients {λ(k)}foreachhardlayerk andthecovariance j matrix C(k) describing their correlation and uncertainty. We will discuss how to estimate this covariance matrix shortly. The noisy predicted expectation value of a Clif- (cid:6) (cid:6) FIG. 7. Thesystemat"
Govia et al. - 2025 - Bounding the Systematic Error in Quantum Error Mitigation due to Model Violation.pdf,Govia et al.,partial,yes,weak,uncertainty,17,"delity at each layer k of the havethesamemodelparameters,suchthatthefull-circuit- Pauli P that results from backpropagating the observable prediction uncertainty is correlated across any repeated k Othroughthelastl−klayersofthecircuit.Eachf P ( k k) can layers.Itisthuseasiertoworkwithf O reformulatedasthe be c"
Govia et al. - 2025 - Bounding the Systematic Error in Quantum Error Mitigation due to Model Violation.pdf,Govia et al.,partial,yes,weak,uncertainty,17,"o u f li th tw e i P rl au th li e - obtain σ f meas , such as calculating it directly from the O randomizedensemblesisabinaryoutcomeClioff rdcircuit uncertainty in the Pauli-learning exponential fits, or esti- and from the experimental-counts dictionary (or, equiva- matingitviaabootstrapresamplingofthedatatog"
Govia et al. - 2025 - Bounding the Systematic Error in Quantum Error Mitigation due to Model Violation.pdf,Govia et al.,partial,yes,weak,uncertainty,17,"omes. estimatethemodel-predictionuncertainty(cid:9) σ f O mo (cid:10) del . Our bootstrap resampling is twofold. We first resam- The model-prediction uncertainty σ f model is due O ple from the Pauli-randomized ensemble to obtain a new to uncertainty in the learnt-model parameters {λ(k)}, as ensemble of Pauli-"
Govia et al. - 2025 - Bounding the Systematic Error in Quantum Error Mitigation due to Model Violation.pdf,Govia et al.,partial,yes,weak,uncertainty,17,"resampling is twofold. We first resam- The model-prediction uncertainty σ f model is due O ple from the Pauli-randomized ensemble to obtain a new to uncertainty in the learnt-model parameters {λ(k)}, as ensemble of Pauli-randomized circuits and then for each j de(cid:9)scribed(cid:10)by their covariance matri"
Govia et al. - 2025 - Bounding the Systematic Error in Quantum Error Mitigation due to Model Violation.pdf,Govia et al.,partial,yes,weak,uncertainty,18,"we can calculate a mean for each model parameter, {λ(k)}, and the covariance matrix C(k) COMPARISON j describing their corre(cid:9)lation(cid:10)and uncertainty. We then use We now discuss some further details of using system- these to estimate σ f model . Prior to model fitting, we atic error in PEC to compa"
Govia et al. - 2025 - Bounding the Systematic Error in Quantum Error Mitigation due to Model Violation.pdf,Govia et al.,partial,yes,weak,uncertainty,20,"act an estimate for the upper bound of system- = r Zq −1. (E8) atic error in a mitigated observable, δ o , we perform the m PEA numerical fit with an uncertainty covariance matrix, The full expression in Eq. (22) for δ follows a similar (cid:16),suppliedtothefittingalgorithmthatisbuiltfromη(μ) C ateachamplific"
Govia et al. - 2025 - Bounding the Systematic Error in Quantum Error Mitigation due to Model Violation.pdf,Govia et al.,partial,yes,weak,fluctuation,1,"error correction. Error mitigation tion in computation speed and to minimize the impact of is a catch-all term that refers to a loosely connected set fluctuationsordriftoftheerrormodelontheanalysis[20]. ofprotocolsthatuseadditionalquantumcircuits,classical In this work, we study the impact of inaccurate error"
Govia et al. - 2025 - Bounding the Systematic Error in Quantum Error Mitigation due to Model Violation.pdf,Govia et al.,partial,yes,weak,fluctuation,1,"ntain attribution to the e.g.,quantifyingtheimpactonerrormitigationoftemporal author(s) and the published article’s title, journal citation, and DOI. fluctuations or drift in the error channels of a device [20]. 2691-3399/25/6(1)/010354(23) 010354-1 PublishedbytheAmericanPhysicalSociety"
Govia et al. - 2025 - Bounding the Systematic Error in Quantum Error Mitigation due to Model Violation.pdf,Govia et al.,partial,yes,weak,fluctuation,2,"elforeachhardlayerisaPauli-stochasticchannel, canbedescribedbyasinglecompletely-positiveand trace-preserving(CPTP)channel.Examplesinclude 4(cid:2)n−1 fluctuations or drift of error rates with time. Such E(ρ)= sPρP, (1) error sources can induce model violation that is i i i oftenafunctionofthecircuitdepth. i=0"
Govia et al. - 2025 - Bounding the Systematic Error in Quantum Error Mitigation due to Model Violation.pdf,Govia et al.,partial,yes,weak,fluctuation,11,"(cid:6)(cid:6)W n (k)(cid:6)(cid:6) (cid:6) , both models, they can also be analyzed as a comparison k between models that dieff r due to statistical fluctuations. InFig.9ofAppendixEweshowareproductionofFig.2, foraPauli-stochasticmodelwitherrorratesλ(k) atlayerk including a new upper bound calculated via the m"
Govia et al. - 2025 - Bounding the Systematic Error in Quantum Error Mitigation due to Model Violation.pdf,Govia et al.,partial,yes,weak,fluctuation,12,"metricisusefulasitgivesaclearpre- be extended to model comparison, such as for analysis of scriptionforanexperimentaltestforverifyingitsmeasure noise fluctuation and drift. An important consideration is ofquality,whichinthiscaseisrunningPECerrormitiga- thatourmethodologytakesthemeasuredPaulifidelitiesas tionwi"
Govia et al. - 2025 - Bounding the Systematic Error in Quantum Error Mitigation due to Model Violation.pdf,Govia et al.,partial,yes,weak,variance-general,2,"ation, and in Sec. III, we discuss the require- thatweconsiderincreaseaccuracyatthecostofincreased ments for our upper bounds. In Sec. IV, we present variance (for a fixed number of samples) in their esti- a rigorous and in Sec. V, a heuristic upper bound for mate. The increase in samples required to overco"
Govia et al. - 2025 - Bounding the Systematic Error in Quantum Error Mitigation due to Model Violation.pdf,Govia et al.,partial,yes,weak,variance-general,2,", a heuristic upper bound for mate. The increase in samples required to overcome this modelviolationinprobabilisticerrorcancellation[17].We increased variance, commonly referred to as the overhead deploytheseupperboundsinsimulationinSec.VIandon of the error-mitigation protocol, has been well studied in an I"
Govia et al. - 2025 - Bounding the Systematic Error in Quantum Error Mitigation due to Model Violation.pdf,Govia et al.,partial,yes,weak,variance-general,17,"whatpos- Whatremainsistodescribeourprocedureforestimating O thecovariancematrixofeachlayer.Therearemanyways itively correlated. This would reduce the variance of their ratio, σ2, so we use the uncorrelated result of Eq. (C3) as to do this and we choose to use a bootstrap-resampling methodology. The Pauli-le"
Halder et al. - 2023 - Development of zero-noise extrapolated projective quantum algorithm for accurate evaluation of molec.pdf,Halder et al.,yes,yes,strong,std-dev,9,"ghran- exponentialprovides,ingeneral,similarperformanceasthatofthe domlocalfolding.Threedifferentextrapolationtechniques,linear, Richardson, the high standard deviation and compromised stabil- Richardson, and adapt exponential, have been explored for each ity in the former make it a less favorable method of choice fo"
Halder et al. - 2023 - Development of zero-noise extrapolated projective quantum algorithm for accurate evaluation of molec.pdf,Halder et al.,yes,yes,strong,variance-reported,5,"omes denoted as i={i(1),...,i(K)}, thereby 2 2 encapsulating the collective results obtained from the aforemen- The smaller the spread, the lower the variance, which tioned experiments. The classical–classical channel (ˆe ) processes in turn translates to concentrated estimates for the mitigation A theensem"
Halder et al. - 2023 - Development of zero-noise extrapolated projective quantum algorithm for accurate evaluation of molec.pdf,Halder et al.,yes,yes,weak,spread,5,"gthem.Anotherimportantaspectthatdeterminestheeffi- senting the operator for a given observable. Any general method cacy of a mitigation method is the spread in the estimates, Δe A . forerrormitigationcanberepresentedasa(Q,K)-mitigationpro- This metric indicates the difference between the highest and low-"
Halder et al. - 2023 - Development of zero-noise extrapolated projective quantum algorithm for accurate evaluation of molec.pdf,Halder et al.,yes,yes,weak,spread,5,"≤I an ensemble of outcomes denoted as i={i(1),...,i(K)}, thereby 2 2 encapsulating the collective results obtained from the aforemen- The smaller the spread, the lower the variance, which tioned experiments. The classical–classical channel (ˆe ) processes in turn translates to concentrated estimates for t"
Halder et al. - 2023 - Development of zero-noise extrapolated projective quantum algorithm for accurate evaluation of molec.pdf,Halder et al.,yes,yes,weak,spread,5,"he various available methods, ZNE provides a i promisingplatformforaccessingaccuracybeyondwhatisofferedby Here, the sum over i takes into account the spread in the estima- thenativenoisyquantumhardware.Themethodcanbeemployed tionwiththecorrespondingprobabilitiesgivenbyp i .b A represents tomitigategate-ba"
Halder et al. - 2023 - Development of zero-noise extrapolated projective quantum algorithm for accurate evaluation of molec.pdf,Halder et al.,yes,yes,weak,variance-general,5,"omes denoted as i={i(1),...,i(K)}, thereby 2 2 encapsulating the collective results obtained from the aforemen- The smaller the spread, the lower the variance, which tioned experiments. The classical–classical channel (ˆe ) processes in turn translates to concentrated estimates for the mitigation A theensem"
Henao et al. - 2023 - Adaptive quantum error mitigation using pulse-based inverse evolutions.pdf,Henao et al.,partial,yes,strong,variance-reported,6,"tomographic procedure or noise learning stage. Figure 3 shows the results of our calibration test of a CNOT in Since μ is a survival probability, its variance is given by μ(1−μ) the IBM processor Jakarta. We apply the gate on the initial state a sy n s d te h m a . s T t h h i e sa m llo a w xim sf u o m ra"
Henao et al. - 2023 - Adaptive quantum error mitigation using pulse-based inverse evolutions.pdf,Henao et al.,partial,yes,strong,variance-reported,8,"on. For the sampling sffiffiffiffiffiffiffiffiffiffiffiffiffiffiffiffiffiffiffiffiffiffiffiffiffiffiffiffiffiffiffiffiffiffi R overhead, we adopt the variance as the measure of statistical (cid:6) 2M ð2 þ M 1ðM þ þ 1Þ 1 !! Þ! Tr (cid:2) A2 (cid:3) (cid:2) ½T T rð rð A I Þ Þ (cid:3)2 ðe2 0 T kLðtÞkdt(cid:2)1"
Henao et al. - 2023 - Adaptive quantum error mitigation using pulse-based inverse evolutions.pdf,Henao et al.,partial,yes,strong,variance-reported,9,"entaldata anddataunderlyingfiguresishostedathttps://doi.org/10.5281/zenodo.7652322.All additionaldataareprovidedinthesupplementaryinformation. Fig. 5 Variance overhead γ (g) of KIK error mitigation, for M mitigation orders 1≤M≤3. The graph shows γ (g) in terms of the function g=g(μ), used to evaluate the ad"
Henao et al. - 2023 - Adaptive quantum error mitigation using pulse-based inverse evolutions.pdf,Henao et al.,partial,yes,weak,variance-general,6,"tomographic procedure or noise learning stage. Figure 3 shows the results of our calibration test of a CNOT in Since μ is a survival probability, its variance is given by μ(1−μ) the IBM processor Jakarta. We apply the gate on the initial state a sy n s d te h m a . s T t h h i e sa m llo a w xim sf u o m ra"
Henao et al. - 2023 - Adaptive quantum error mitigation using pulse-based inverse evolutions.pdf,Henao et al.,partial,yes,weak,variance-general,8,"on. For the sampling sffiffiffiffiffiffiffiffiffiffiffiffiffiffiffiffiffiffiffiffiffiffiffiffiffiffiffiffiffiffiffiffiffiffi R overhead, we adopt the variance as the measure of statistical (cid:6) 2M ð2 þ M 1ðM þ þ 1Þ 1 !! Þ! Tr (cid:2) A2 (cid:3) (cid:2) ½T T rð rð A I Þ Þ (cid:3)2 ðe2 0 T kLðtÞkdt(cid:2)1"
Henao et al. - 2023 - Adaptive quantum error mitigation using pulse-based inverse evolutions.pdf,Henao et al.,partial,yes,weak,variance-general,9,"entaldata anddataunderlyingfiguresishostedathttps://doi.org/10.5281/zenodo.7652322.All additionaldataareprovidedinthesupplementaryinformation. Fig. 5 Variance overhead γ (g) of KIK error mitigation, for M mitigation orders 1≤M≤3. The graph shows γ (g) in terms of the function g=g(μ), used to evaluate the ad"
Hicks et al. - 2022 - Active readout-error mitigation.pdf,Hicks et al.,partial,yes,strong,error-bar,9,"thisworkhadbeencompleted,webe- detection. Thebarheightistheaverageoverall25 =32initial cameawareofarecentstudy[37]byGüntheret.al.which states and the error bar represents the standard deviation. also introduces active readout correction. Aside from the core concept, the two papers are complementary in their"
Hicks et al. - 2022 - Active readout-error mitigation.pdf,Hicks et al.,partial,yes,strong,std-dev,9,"webe- detection. Thebarheightistheaverageoverall25 =32initial cameawareofarecentstudy[37]byGüntheret.al.which states and the error bar represents the standard deviation. also introduces active readout correction. Aside from the core concept, the two papers are complementary in their analysis and proposed implementati"
Hicks et al. - 2022 - Active readout-error mitigation.pdf,Hicks et al.,partial,yes,strong,variance-reported,2,"However,thispassiveapproachtowardserrormitigation outcome compared to a direct, unencoded implementa- is limited in two fundamental ways. First, the variance of tion. Finding loopholes to this “all-or-nothing” outlook tˆtypically remains larger than that of the noise-free case; remains an essential task fo"
Hicks et al. - 2022 - Active readout-error mitigation.pdf,Hicks et al.,partial,yes,strong,variance-reported,2,"ˆtypically remains larger than that of the noise-free case; remains an essential task for bridging the gap towards indeed, in our simple example, the variance increases by full fault-tolerant computation. an O(q) factor: In this paper, we propose and analyze an active error mitigationtechniquethattargetsrea"
Hicks et al. - 2022 - Active readout-error mitigation.pdf,Hicks et al.,partial,yes,strong,variance-reported,4,"chieve a desired precision. For the unencoded circuit, the required two-qubit depolarizing noise channel: repetitions is directly proportional to the variance of the (cid:15) measurement outcome distribution (Eq. 2). However, in ρ7→(1−(cid:15))cnotρcnot+ 4 I 4 , (4) the two-qubit encoding, a fraction of the"
Hicks et al. - 2022 - Active readout-error mitigation.pdf,Hicks et al.,partial,yes,strong,variance-reported,9,"esam- pling individual states is desired and, for general tasks, can be more effective at reducing not only the average measurement bias but also its variance. Crucially, active and passive strategies can also be combined to maximize the readout fidelity; i.e. by actively encoding the readout qubits and imp"
Hicks et al. - 2022 - Active readout-error mitigation.pdf,Hicks et al.,partial,yes,strong,variance-reported,12,"12 Appendix A: Readout variance with error mitigation intrinsic quantum uncertainty, i.e. p(1−p). For this rea- son, the more significant benefits offered by active error While we h"
Hicks et al. - 2022 - Active readout-error mitigation.pdf,Hicks et al.,partial,yes,strong,variance-reported,12,"pas- observables in the presence of readout errors, it is also sivereadoutmitigationmethodsareunsuitable,e.g.when important to consider the change in variance under ac- aresponsematrixcannotbeaccuratelydeterminedorthe tive error mitigation, as this determines the number of output of individual shots is requ"
Hicks et al. - 2022 - Active readout-error mitigation.pdf,Hicks et al.,partial,yes,strong,variance-reported,12,"characterized by the expected frequen- cies E[m 0] = 1−E[m 1] = λ for λ = p+q(1−2p) and In this appendix, we briefly describe the family of clas- the variance Var[m 0]=Var[m 1]=λ(1−λ). In practice, sical error correction codes known as Hamming codes. we care about the estimator of the frequencies after N Th"
Hicks et al. - 2022 - Active readout-error mitigation.pdf,Hicks et al.,partial,yes,strong,variance-reported,12,"surements, e.g. θ 0 = N 0 /N where N 0 is the num- this family; in fact, the three-qubit repetition code is a ber of measurements in the 0 state. The variance of the member as well (though, for clarity, we have chosen not estimator is given by to use this terminology). Each Hamming code has a code distance"
Hicks et al. - 2022 - Active readout-error mitigation.pdf,Hicks et al.,partial,yes,strong,variance-reported,12,"s equal to 1). For example, in the θ ¯0 =N 00 /(N 00+N 11)=N 00 /(N(1−2q)). This leads to (7,4) code, the l = 1 parity bit stores the parity of the a variance logical bits with index 3, 5, and 7. 1 To utilize the encoding, one checks if the state of each Var[θ ¯0 ]≈ N λ eff(1−λ eff)(1+2q) parity bit matches"
Hicks et al. - 2022 - Active readout-error mitigation.pdf,Hicks et al.,partial,yes,strong,variance-reported,12,"etto1foreachparity Eq. (A1), we find that whether or not error detection check that is violated. For example, if the l = 1 and improves the estimator variance depends on both the l=2 parity checks are violated, it indicates that an error state parameter p and the ratio q eff /q. occurred on the logical bit"
Hicks et al. - 2022 - Active readout-error mitigation.pdf,Hicks et al.,partial,yes,strong,variance-reported,12,"In contrast, when error correction is performed, no the l = 1 parity check is violated, it indicates that this measurements are discarded. Hence, the variance of the parity bit itself had an error. However, if more than one estimator for error correction depends only on q eff: bit-flip errors occur, the err"
Hicks et al. - 2022 - Active readout-error mitigation.pdf,Hicks et al.,partial,yes,strong,variance-reported,12,"el l=0, which stores the whenever q eff < q and, for certain parameters, can be parity of all the physical bits.. The effect of this extra lower than variance with error detection [Eq. (A2)]. parity bit is to increase the code distance from d=3 to Finally, we note that the change in variance with or d = 4."
Hicks et al. - 2022 - Active readout-error mitigation.pdf,Hicks et al.,partial,yes,strong,variance-reported,12,"xtra lower than variance with error detection [Eq. (A2)]. parity bit is to increase the code distance from d=3 to Finally, we note that the change in variance with or d = 4. We provide a detailed analysis of the Hamming without error mitigation is generally small compared to (8,4) code in Appendix D."
Hicks et al. - 2022 - Active readout-error mitigation.pdf,Hicks et al.,partial,yes,weak,uncertainty,12,"12 Appendix A: Readout variance with error mitigation intrinsic quantum uncertainty, i.e. p(1−p). For this rea- son, the more significant benefits offered by active error While we have mostly focused on the bias of quantum mitigation"
Hicks et al. - 2022 - Active readout-error mitigation.pdf,Hicks et al.,partial,yes,weak,variance-general,2,"However,thispassiveapproachtowardserrormitigation outcome compared to a direct, unencoded implementa- is limited in two fundamental ways. First, the variance of tion. Finding loopholes to this “all-or-nothing” outlook tˆtypically remains larger than that of the noise-free case; remains an essential task fo"
Hicks et al. - 2022 - Active readout-error mitigation.pdf,Hicks et al.,partial,yes,weak,variance-general,2,"ˆtypically remains larger than that of the noise-free case; remains an essential task for bridging the gap towards indeed, in our simple example, the variance increases by full fault-tolerant computation. an O(q) factor: In this paper, we propose and analyze an active error mitigationtechniquethattargetsrea"
Hicks et al. - 2022 - Active readout-error mitigation.pdf,Hicks et al.,partial,yes,weak,variance-general,4,"chieve a desired precision. For the unencoded circuit, the required two-qubit depolarizing noise channel: repetitions is directly proportional to the variance of the (cid:15) measurement outcome distribution (Eq. 2). However, in ρ7→(1−(cid:15))cnotρcnot+ 4 I 4 , (4) the two-qubit encoding, a fraction of the"
Hicks et al. - 2022 - Active readout-error mitigation.pdf,Hicks et al.,partial,yes,weak,variance-general,9,"esam- pling individual states is desired and, for general tasks, can be more effective at reducing not only the average measurement bias but also its variance. Crucially, active and passive strategies can also be combined to maximize the readout fidelity; i.e. by actively encoding the readout qubits and imp"
Hicks et al. - 2022 - Active readout-error mitigation.pdf,Hicks et al.,partial,yes,weak,variance-general,12,"12 Appendix A: Readout variance with error mitigation intrinsic quantum uncertainty, i.e. p(1−p). For this rea- son, the more significant benefits offered by active error While we h"
Hicks et al. - 2022 - Active readout-error mitigation.pdf,Hicks et al.,partial,yes,weak,variance-general,12,"pas- observables in the presence of readout errors, it is also sivereadoutmitigationmethodsareunsuitable,e.g.when important to consider the change in variance under ac- aresponsematrixcannotbeaccuratelydeterminedorthe tive error mitigation, as this determines the number of output of individual shots is requ"
Hicks et al. - 2022 - Active readout-error mitigation.pdf,Hicks et al.,partial,yes,weak,variance-general,12,"characterized by the expected frequen- cies E[m 0] = 1−E[m 1] = λ for λ = p+q(1−2p) and In this appendix, we briefly describe the family of clas- the variance Var[m 0]=Var[m 1]=λ(1−λ). In practice, sical error correction codes known as Hamming codes. we care about the estimator of the frequencies after N Th"
Hicks et al. - 2022 - Active readout-error mitigation.pdf,Hicks et al.,partial,yes,weak,variance-general,12,"surements, e.g. θ 0 = N 0 /N where N 0 is the num- this family; in fact, the three-qubit repetition code is a ber of measurements in the 0 state. The variance of the member as well (though, for clarity, we have chosen not estimator is given by to use this terminology). Each Hamming code has a code distance"
Hicks et al. - 2022 - Active readout-error mitigation.pdf,Hicks et al.,partial,yes,weak,variance-general,12,"s equal to 1). For example, in the θ ¯0 =N 00 /(N 00+N 11)=N 00 /(N(1−2q)). This leads to (7,4) code, the l = 1 parity bit stores the parity of the a variance logical bits with index 3, 5, and 7. 1 To utilize the encoding, one checks if the state of each Var[θ ¯0 ]≈ N λ eff(1−λ eff)(1+2q) parity bit matches"
Hicks et al. - 2022 - Active readout-error mitigation.pdf,Hicks et al.,partial,yes,weak,variance-general,12,"etto1foreachparity Eq. (A1), we find that whether or not error detection check that is violated. For example, if the l = 1 and improves the estimator variance depends on both the l=2 parity checks are violated, it indicates that an error state parameter p and the ratio q eff /q. occurred on the logical bit"
Hicks et al. - 2022 - Active readout-error mitigation.pdf,Hicks et al.,partial,yes,weak,variance-general,12,"In contrast, when error correction is performed, no the l = 1 parity check is violated, it indicates that this measurements are discarded. Hence, the variance of the parity bit itself had an error. However, if more than one estimator for error correction depends only on q eff: bit-flip errors occur, the err"
Hicks et al. - 2022 - Active readout-error mitigation.pdf,Hicks et al.,partial,yes,weak,variance-general,12,"el l=0, which stores the whenever q eff < q and, for certain parameters, can be parity of all the physical bits.. The effect of this extra lower than variance with error detection [Eq. (A2)]. parity bit is to increase the code distance from d=3 to Finally, we note that the change in variance with or d = 4."
Hicks et al. - 2022 - Active readout-error mitigation.pdf,Hicks et al.,partial,yes,weak,variance-general,12,"xtra lower than variance with error detection [Eq. (A2)]. parity bit is to increase the code distance from d=3 to Finally, we note that the change in variance with or d = 4. We provide a detailed analysis of the Hamming without error mitigation is generally small compared to (8,4) code in Appendix D."
Hilder et al. - 2022 - Fault-Tolerant Parity Readout on a Shuttling-Based Trapped-Ion Quantum Computer.pdf,Hilder et al.,yes,yes,strong,error-bar,13,"ts, New J. Phys. 22, 023019 (2020). [3] F. Arute, K. Arya, R. Babbush, D. Bacon, J.C. Bardin, R. [21] R. Chao and B.W. Reichardt, Flag Fault-Tolerant Error Barendsetal.,QuantumSupremacyUsingaProgrammable Superconducting Processor, Nature (London) 574, 505 Correction for Any Stabilizer Code, PRX Quantum 1, (2"
Hilder et al. - 2022 - Fault-Tolerant Parity Readout on a Shuttling-Based Trapped-Ion Quantum Computer.pdf,Hilder et al.,yes,yes,weak,fluctuation,7,ndis consistent with the observed parity measurement fidelity of IV. GENERATION OF GENUINE MULTIPARTITE 93.2(2)%. Qubit dephasing from magnetic field fluctuations ENTANGLEMENT therefore constitutes the dominant error contribution. The PCM scheme can be used to generate maximally entangled states. We verify fou
Hirasaki et al. - 2023 - Detection of temporal fluctuation in superconducting qubits for quantum error mitigation.pdf,Saki et al.,yes,yes,strong,std-dev,3,"seriesof S exp from the two withthefactthattheexpectationvalueofS isequalto1withthe sequencesindividually.ForeachtimewindowwithsizeN,wecalculate theo standard deviation r(cid:4)0:125. In the next moment, however, S S andS fromthetwobinarysubsequencesbyEq.(1)asillustratedin exp 1 2 Appl.Phys.Lett.123,184002(2023);doi:"
Hirasaki et al. - 2023 - Detection of temporal fluctuation in superconducting qubits for quantum error mitigation.pdf,Saki et al.,yes,yes,strong,variance-reported,3,"setpulse,excited Inthispaper,wefocusoneliminatingonlytheunstablequbitoutputs withtheppulse,andthenmeasured.Werepeatedthispulsesequence with too large variance(e.g., S exp >1:5), but in anotherapplication, for1000swiththerepeatdelaytimes(cid:4)600lstorecordstableand onemayalsodiscardthosewithtoosmallvariance"
Hirasaki et al. - 2023 - Detection of temporal fluctuation in superconducting qubits for quantum error mitigation.pdf,Saki et al.,yes,yes,strong,variance-reported,5,"ibution Nð0;1Þ, where Nðl;r2Þ denotes a validityofthediscussionsabove,andtheresultisillustratedinFig.4. Gaussian distribution with the mean l and the variance r2. The Wenumericallyprepared1000000samplesofS definedinEq.(2) theo expressionofS isgivenby theo foreachofP valueswechose.ThesamplemeansofS forsevera"
Hirasaki et al. - 2023 - Detection of temporal fluctuation in superconducting qubits for quantum error mitigation.pdf,Saki et al.,yes,yes,weak,spread,3,"edescribeastochastic exp theo selection(orwealsocallitdetection).Wefirstcomputethetimeseries characteristic of S), S exp sqhoffiuffiffiffilffidffiffi spread randomly around 1 with the S fromanobtainedbinarysequenceX.Then,wecompareeachele- exp statisticalfluctuationr¼ m 2 (cid:2)1 .IfS exp significantlydev"
Hirasaki et al. - 2023 - Detection of temporal fluctuation in superconducting qubits for quantum error mitigation.pdf,Saki et al.,yes,yes,weak,fluctuation,1,RESEARCH ARTICLE | NOVEMBER 01 2023 Detection of temporal fluctuation in superconducting qubits for quantum error mitigation Yuta Hirasaki ; Shunsuke Daimon ; Toshinari Itoko ; Naoki Kanazawa ; Eiji Saitoh Appl. Phys.
Hirasaki et al. - 2023 - Detection of temporal fluctuation in superconducting qubits for quantum error mitigation.pdf,Saki et al.,yes,yes,weak,fluctuation,2,"Applied Physics Letters ARTICLE pubs.aip.org/aip/apl Detection of temporal fluctuation in superconducting qubits for quantum error mitigation Citeas:Appl.Phys.Lett.123,184002(2023);doi:10.1063/5.0166739 . . Submitted:7July2023 Accepted:"
Hirasaki et al. - 2023 - Detection of temporal fluctuation in superconducting qubits for quantum error mitigation.pdf,Saki et al.,yes,yes,weak,fluctuation,5,"atedto P1 n P1 1(cid:2)P1 atemporalincreaseinerrors,andwehavedemonstratedQEMbyana- likelihood.Asaresult,Eq.(2)reducesto lyzing the correlation of the fluctuation. Furthermore, we have con- S (cid:4) ~ S(cid:6) 1 Xm ðZ (cid:2)Z (cid:1) Þ2: (3) d n u u c m te e d ric a a n lsi a m na u l l y a t t i i c o a n l"
Hirasaki et al. - 2023 - Detection of temporal fluctuation in superconducting qubits for quantum error mitigation.pdf,Saki et al.,yes,yes,weak,variance-general,3,"setpulse,excited Inthispaper,wefocusoneliminatingonlytheunstablequbitoutputs withtheppulse,andthenmeasured.Werepeatedthispulsesequence with too large variance(e.g., S exp >1:5), but in anotherapplication, for1000swiththerepeatdelaytimes(cid:4)600lstorecordstableand onemayalsodiscardthosewithtoosmallvariance"
Hirasaki et al. - 2023 - Detection of temporal fluctuation in superconducting qubits for quantum error mitigation.pdf,Saki et al.,yes,yes,weak,variance-general,5,"ibution Nð0;1Þ, where Nðl;r2Þ denotes a validityofthediscussionsabove,andtheresultisillustratedinFig.4. Gaussian distribution with the mean l and the variance r2. The Wenumericallyprepared1000000samplesofS definedinEq.(2) theo expressionofS isgivenby theo foreachofP valueswechose.ThesamplemeansofS forsevera"
Hour et al. - 2024 - Improving Zero-noise Extrapolation for Quantum-gate Error Mitigation using a Noise-aware Folding Met.pdf,Hour et al.,partial,yes,strong,variance-reported,4,", solely a statistical approximation of the expected value is feasible: Eˆ(λ)=E(λ)+δˆ (1) Here, δˆstands for a stochastic variable with zero mean and variance σ2. While Eˆ(λ) is the estimator for E(λ), put it simply Eˆ(0) for E(λ=0) is the estimate of the ZNE with its bias and variance. We can draw a genuin"
Hour et al. - 2024 - Improving Zero-noise Extrapolation for Quantum-gate Error Mitigation using a Noise-aware Folding Met.pdf,Hour et al.,partial,yes,strong,variance-reported,4,"le with zero mean and variance σ2. While Eˆ(λ) is the estimator for E(λ), put it simply Eˆ(0) for E(λ=0) is the estimate of the ZNE with its bias and variance. We can draw a genuine prediction y from the probability distribution: P(Eˆ(λ)=y)=N(E(λ)−y,σ2) (2) Inthisdistribution,N(µ,σ2)representsatypicaldistri"
Hour et al. - 2024 - Improving Zero-noise Extrapolation for Quantum-gate Error Mitigation using a Noise-aware Folding Met.pdf,Hour et al.,partial,yes,strong,variance-reported,4,"lity distribution: P(Eˆ(λ)=y)=N(E(λ)−y,σ2) (2) Inthisdistribution,N(µ,σ2)representsatypicaldistribution,oftenGaussian,charac- terized by a mean µ and variance σ2 =σ2/N. Given a series of m scaling parameters 0 λ=(λ ,λ ,...,λ ),whereeachλ isgreaterthanorequalto1,andthecorresponding 1 2 m j outcomes: y =y ,y"
Hour et al. - 2024 - Improving Zero-noise Extrapolation for Quantum-gate Error Mitigation using a Noise-aware Folding Met.pdf,Hour et al.,partial,yes,weak,variance-general,4,", solely a statistical approximation of the expected value is feasible: Eˆ(λ)=E(λ)+δˆ (1) Here, δˆstands for a stochastic variable with zero mean and variance σ2. While Eˆ(λ) is the estimator for E(λ), put it simply Eˆ(0) for E(λ=0) is the estimate of the ZNE with its bias and variance. We can draw a genuin"
Hour et al. - 2024 - Improving Zero-noise Extrapolation for Quantum-gate Error Mitigation using a Noise-aware Folding Met.pdf,Hour et al.,partial,yes,weak,variance-general,4,"le with zero mean and variance σ2. While Eˆ(λ) is the estimator for E(λ), put it simply Eˆ(0) for E(λ=0) is the estimate of the ZNE with its bias and variance. We can draw a genuine prediction y from the probability distribution: P(Eˆ(λ)=y)=N(E(λ)−y,σ2) (2) Inthisdistribution,N(µ,σ2)representsatypicaldistri"
Hour et al. - 2024 - Improving Zero-noise Extrapolation for Quantum-gate Error Mitigation using a Noise-aware Folding Met.pdf,Hour et al.,partial,yes,weak,variance-general,4,"lity distribution: P(Eˆ(λ)=y)=N(E(λ)−y,σ2) (2) Inthisdistribution,N(µ,σ2)representsatypicaldistribution,oftenGaussian,charac- terized by a mean µ and variance σ2 =σ2/N. Given a series of m scaling parameters 0 λ=(λ ,λ ,...,λ ),whereeachλ isgreaterthanorequalto1,andthecorresponding 1 2 m j outcomes: y =y ,y"
"Huang et al. - 2023 - Near-Term Quantum Computing Techniques Variational Quantum Algorithms, Error Mitigation, Circuit Co.pdf",Huang et al.,yes,yes,strong,plus-minus-value,24,"etformedbytheeightπ/2rotationsalongthefollowing where A and B absorb state preparation and measurement axesintheBlochsphererepresentation:±X,±Y,and±(X± 0 0 errors. Thedecayparameterpcanbeconvertedtotheaverage Y)onasingle-qubit,andthenendwithafinalrandomsingle- errorrandPaulierrorr , qubit gate and meas"
"Huang et al. - 2023 - Near-Term Quantum Computing Techniques Variational Quantum Algorithms, Error Mitigation, Circuit Co.pdf",Huang et al.,yes,yes,strong,variance-reported,8,"ntresults. Whileitintroducestheadditional posedofaN-gatesequencesU = (cid:81)N U ,wecanjustfind n=1 n sampling overhead caused by the increase in the variance of the quasi-probability decomposition for noise process E as- n themitigatedobservable,QEMrequiresfewerqubitsandgate sociatedwitheachgate resources"
"Huang et al. - 2023 - Near-Term Quantum Computing Techniques Variational Quantum Algorithms, Error Mitigation, Circuit Co.pdf",Huang et al.,yes,yes,strong,variance-reported,9,"noisemodelE andobtaintheanalyticaldecompositionofthe AsforthefactorQ E multipliedwiththeaveragedexpecta- inversenoisemapasEq.9shown. tion value, the variance is increased by Q2 = ( (cid:81)N Q )2. Gatesettomography. Endoetal.[141]hasintroducedgate E n=1 n Therefore, it needs Q2 times more samples to achiev"
"Huang et al. - 2023 - Near-Term Quantum Computing Techniques Variational Quantum Algorithms, Error Mitigation, Circuit Co.pdf",Huang et al.,yes,yes,strong,variance-reported,11,"(cid:104)O(cid:105) )= γ2Var((cid:104)O(cid:105) ). (19) is a particular case of the more general poly-exponential ex- Rid i λiε i=0 trapolation. The variance of estimating (cid:104)O(cid:105) is about (cid:80)n γ2 larger Noisescalingmethods.TheimplementationofZNE,espe- Rid i=0 i cially Richardson extrapola"
"Huang et al. - 2023 - Near-Term Quantum Computing Techniques Variational Quantum Algorithms, Error Mitigation, Circuit Co.pdf",Huang et al.,yes,yes,strong,variance-reported,12,5)(ε ) j j j k k n k whereεˆisarandomvariablefollowingGaussiandistribution We can solve this linear equation using standard least- with zero mean and variance σ2 which denotes the effect of squares methods and obtain the expansion parameters j the stochastic calibration noise. Given the value of variance (c
"Huang et al. - 2023 - Near-Term Quantum Computing Techniques Variational Quantum Algorithms, Error Mitigation, Circuit Co.pdf",Huang et al.,yes,yes,strong,variance-reported,12,"nd variance σ2 which denotes the effect of squares methods and obtain the expansion parameters j the stochastic calibration noise. Given the value of variance (cid:0) (cid:104)O(cid:105)(0), α , ··· , α (cid:1)T , where (cid:104)O(cid:105)(0) is the error-free 1 n σ2,wecanrescalethenoisebyafactorλ>1using j"
"Huang et al. - 2023 - Near-Term Quantum Computing Techniques Variational Quantum Algorithms, Error Mitigation, Circuit Co.pdf",Huang et al.,yes,yes,strong,variance-reported,12,"ameters. Take the spontaneous heretheδˆ issampledfromazero-meanGaussiandistribution emission rate γ and the pure dephasing rate ζ for example, j with variance (λ−1)σ2. Therefore, the effective parameter supposewehavekdifferentnoiselevelforbothγandζwhich j are denoted by {γ ,γ ,...,γ } and {ζ ,ζ ,...,ζ }, re"
"Huang et al. - 2023 - Near-Term Quantum Computing Techniques Variational Quantum Algorithms, Error Mitigation, Circuit Co.pdf",Huang et al.,yes,yes,weak,variance-general,8,"ntresults. Whileitintroducestheadditional posedofaN-gatesequencesU = (cid:81)N U ,wecanjustfind n=1 n sampling overhead caused by the increase in the variance of the quasi-probability decomposition for noise process E as- n themitigatedobservable,QEMrequiresfewerqubitsandgate sociatedwitheachgate resources"
"Huang et al. - 2023 - Near-Term Quantum Computing Techniques Variational Quantum Algorithms, Error Mitigation, Circuit Co.pdf",Huang et al.,yes,yes,weak,variance-general,9,"noisemodelE andobtaintheanalyticaldecompositionofthe AsforthefactorQ E multipliedwiththeaveragedexpecta- inversenoisemapasEq.9shown. tion value, the variance is increased by Q2 = ( (cid:81)N Q )2. Gatesettomography. Endoetal.[141]hasintroducedgate E n=1 n Therefore, it needs Q2 times more samples to achiev"
"Huang et al. - 2023 - Near-Term Quantum Computing Techniques Variational Quantum Algorithms, Error Mitigation, Circuit Co.pdf",Huang et al.,yes,yes,weak,variance-general,11,"(cid:104)O(cid:105) )= γ2Var((cid:104)O(cid:105) ). (19) is a particular case of the more general poly-exponential ex- Rid i λiε i=0 trapolation. The variance of estimating (cid:104)O(cid:105) is about (cid:80)n γ2 larger Noisescalingmethods.TheimplementationofZNE,espe- Rid i=0 i cially Richardson extrapola"
"Huang et al. - 2023 - Near-Term Quantum Computing Techniques Variational Quantum Algorithms, Error Mitigation, Circuit Co.pdf",Huang et al.,yes,yes,weak,variance-general,12,5)(ε ) j j j k k n k whereεˆisarandomvariablefollowingGaussiandistribution We can solve this linear equation using standard least- with zero mean and variance σ2 which denotes the effect of squares methods and obtain the expansion parameters j the stochastic calibration noise. Given the value of variance (c
"Huang et al. - 2023 - Near-Term Quantum Computing Techniques Variational Quantum Algorithms, Error Mitigation, Circuit Co.pdf",Huang et al.,yes,yes,weak,variance-general,12,"nd variance σ2 which denotes the effect of squares methods and obtain the expansion parameters j the stochastic calibration noise. Given the value of variance (cid:0) (cid:104)O(cid:105)(0), α , ··· , α (cid:1)T , where (cid:104)O(cid:105)(0) is the error-free 1 n σ2,wecanrescalethenoisebyafactorλ>1using j"
"Huang et al. - 2023 - Near-Term Quantum Computing Techniques Variational Quantum Algorithms, Error Mitigation, Circuit Co.pdf",Huang et al.,yes,yes,weak,variance-general,12,"ameters. Take the spontaneous heretheδˆ issampledfromazero-meanGaussiandistribution emission rate γ and the pure dephasing rate ζ for example, j with variance (λ−1)σ2. Therefore, the effective parameter supposewehavekdifferentnoiselevelforbothγandζwhich j are denoted by {γ ,γ ,...,γ } and {ζ ,ζ ,...,ζ }, re"
Jin et al. - 2025 - Noisy probabilistic error cancellation and generalized physical implementability.pdf,Jin et al.,na,partial,weak,fluctuation,4,"¼(cid:6) i¼1 L iλ,whereL iλ ¼E i (cid:4)L i,thentheerrorchannelof thetruevalueΘ ofthenoisemapisnotinvertible,i.e.,detΘ ¼0,therandom thecircuitis 0 0 fluctuationfromthefinitemeasurementswillleadtothenoisemapΘmea- suredfromtheexperimentstobeinvertible,detΘ≠0.Therefore,thecondition E¼ (cid:6) L i¼1 E~ i ; ð28Þ d"
Jnane et al. - 2024 - Quantum Error Mitigated Classical Shadows.pdf,Jnane et al.,yes,yes,strong,plus-minus-value,7,"=(cid:2)g(cid:2)2 1 sign(g i )sign(g j ) f (i,j,Q). (9) id s of the above expression using a number of batches pro- vided by the user. Here f (b,Q )∈{±1,0} results in 0 if Here i and j abbreviate indexes of the snapshots as, e.g., j themeasurementbasesinQ areincompatiblewithP and i=(k,l)andi(cid:7)=j."
Jnane et al. - 2024 - Quantum Error Mitigated Classical Shadows.pdf,Jnane et al.,yes,yes,strong,plus-minus-value,7,"viate indexes of the snapshots as, e.g., j themeasurementbasesinQ areincompatiblewithP and i=(k,l)andi(cid:7)=j.Thealgorithmiteratesoveralldistinct j ±1ifthemeasurementbasesarecompatiblewithP while pairs of snapshots in the shadow S(ρ id ,N s ) and calculates thesignisdeterminedbythebitstringb.Thealgo"
Jnane et al. - 2024 - Quantum Error Mitigated Classical Shadows.pdf,Jnane et al.,yes,yes,strong,plus-minus-value,13,"rt∈{x,y,z} 3 outcome l. We obtain the expected value by substituting where|t±(cid:4)denotestheeigenvectorcorrespondingtoeigen- theseinEq.(A1)as value ±1 of the single-qubit Pauli-t operator. It follows from the symmetry of the measurement [32] that the E[ρˆ ]= (cid:2) |g k | Tr[G (|0(cid:4)(cid:5)0|)E"
Jnane et al. - 2024 - Quantum Error Mitigated Classical Shadows.pdf,Jnane et al.,yes,yes,strong,plus-minus-value,14,"t if O,T ∈{X,Y,Z} with |t±(cid:4) are E Tr(Oρˆ )2 =E Tr O(cid:2)g(cid:2) sign(g )C −1(E) 2 id 1 k E l the normalized eigenvectors of T to eigenvalues ±1, k,l k,l (cid:4) (cid:5) (cid:27) (cid:28) w 1/ e 2(cid:5) h t± a | v { e O, d T u } e |t± t (cid:4) o = th ± e (cid:5)t a ± n | t O ic | o t± m (cid"
Jnane et al. - 2024 - Quantum Error Mitigated Classical Shadows.pdf,Jnane et al.,yes,yes,strong,plus-minus-value,17,"id:5)b (i)|Q (i)−1 =1. 3.Localpurities(Algorithm3) l l For ease of notation we abbreviate the indexes of PEC The expression in Eq. (C2) evaluates to {±3q,0} as we snapshots as ρˆ i :=ρˆ k,l with i=(k,l). Given a subsystem explain now. The expression evaluates to ±3q if the mea- as a set of qubits Q={q"
Jnane et al. - 2024 - Quantum Error Mitigated Classical Shadows.pdf,Jnane et al.,yes,yes,strong,plus-minus-value,17,"expression in Eq. (C2) evaluates to {±3q,0} as we snapshots as ρˆ i :=ρˆ k,l with i=(k,l). Given a subsystem explain now. The expression evaluates to ±3q if the mea- as a set of qubits Q={q 1 ,...,q m } we obtain an unbiased surementbasesdefinedbyQ (i) arethesameasthesingle- estimatorfortheRényientrop"
Jnane et al. - 2024 - Quantum Error Mitigated Classical Shadows.pdf,Jnane et al.,yes,yes,strong,plus-minus-value,17,"edanalyticallyusing ! Tr[Pρˆ ]=(cid:2)g(cid:2) 3qsign(g ) f (b,Q ), thatsnapshotsareofaproductformasρˆ = N ρˆ(q) as k,l 1 k k i q=1 i where f (b,Q )∈{±1,0}. The reconstruction algorithm (cid:12) (cid:4) (cid:5) thus takes the k classical shadow data as the collection of f (i,j,Q)= Tr SWAP ρˆ i (q)⊗ρˆ"
Jnane et al. - 2024 - Quantum Error Mitigated Classical Shadows.pdf,Jnane et al.,yes,yes,strong,plus-minus-value,17,"and calculates the values of f (b,Q ) as 0 if the measurement bases are incompati- whereSWAPisthestandardtwo-qubitSWAPoperator.Here k ble with P and ±1 otherwise. The algorithm has runtime we have used that traces for qubits not in subsystem O(qN ). Q evaluate to 1 and that the trace of a tensor prod"
Jnane et al. - 2024 - Quantum Error Mitigated Classical Shadows.pdf,Jnane et al.,yes,yes,strong,sigma-value,18,"ground-state energy gate, by choosing the bias parameters η from the distri- estimation for an increasing number N of snapshots and k s butionN(μ=0.9,σ =0.015). for each fixed shot budget N , we estimate the average s 010324-18"
Jnane et al. - 2024 - Quantum Error Mitigated Classical Shadows.pdf,Jnane et al.,yes,yes,strong,variance-reported,6,"rties of calvariance,whichimpliesanincreasednumberofcircuit the state of the form Tr[O(ρ )m]. Following Ref. [21] we id repetitions. We now bound the variance of any operator’s usethefactthatapolynomialfunctioninthequantumstate expectedvalue. can be written as a linear function in tensor products of Lemma 2"
Jnane et al. - 2024 - Quantum Error Mitigated Classical Shadows.pdf,Jnane et al.,yes,yes,strong,variance-reported,6,"f any operator’s usethefactthatapolynomialfunctioninthequantumstate expectedvalue. can be written as a linear function in tensor products of Lemma 2 (Variance of linear properties).—Given an the state, for example, Tr[O(ρ )2]=Tr[O ˜ρ ⊗ρ ] with id id id observable O and the PEC snapshot ρˆ id from Theorem 1,"
Jnane et al. - 2024 - Quantum Error Mitigated Classical Shadows.pdf,Jnane et al.,yes,yes,strong,variance-reported,6,e shadow norm of the observable O as id i id j E thevarianceofanynonlinearpropertyasfollows. definedinLemma3.WhenOisaq-localPaulistringand Theorem 3 (Variance of nonlinear properties).—Given we use Pauli-basis measurements then (cid:2)O(cid:2)2 E =3q as we our PEC snapshots ρˆ from Theorem 1 we can estimate
Jnane et al. - 2024 - Quantum Error Mitigated Classical Shadows.pdf,Jnane et al.,yes,yes,strong,variance-reported,6,"m/(cid:8)2)foradesiredaccuracy(cid:8). simple readout-error model with probability at most α. s 1 RefertoAppendixB3fordetails. Observe that the above variance depends on two factors: One can similarly apply a median of means estimator the first one is the squared shadow norm (cid:2)O(cid:2)2, which E toenab"
Jnane et al. - 2024 - Quantum Error Mitigated Classical Shadows.pdf,Jnane et al.,yes,yes,strong,variance-reported,7,"small k Since we reconstruct q-local Pauli observables, we can subsystems and large numbers of shots it might be pre- significantly reduce the sample variance via light-cone ferredtousetheexponentiallyO(4|Q|N s )scalingalgorithm arguments[54,55].InFig.2weillustratethelightconethat ofRef.[21]. anobservablecr"
Jnane et al. - 2024 - Quantum Error Mitigated Classical Shadows.pdf,Jnane et al.,yes,yes,strong,variance-reported,15,a maximization tion property of the median of means estimator together over density matrices such that our bounds are indepen- with the bound on the variance from Lemma 2. Because dent of the particular quasiprobability decomposition and Var[μˆ]≤(cid:2)g(cid:2)2 1 (cid:2)O(cid:2)2 E and if the accuracy is
Jnane et al. - 2024 - Quantum Error Mitigated Classical Shadows.pdf,Jnane et al.,yes,yes,strong,variance-reported,16,"2) (cid:2) ⎝ (cid:12)d p(k )p(l |k )⎠ Tr[Aρˆ]2 The second tool needed is the so-called U statistics, j j j l which often provides a uniformly minimum variance k1,...,kd l ⎛ j=1 ⎞ unbiased estimator for nonlinear polynomial functions. (cid:2) (cid:2) (cid:12)d |g | Suppose we have access to N independent sna"
Jnane et al. - 2024 - Quantum Error Mitigated Classical Shadows.pdf,Jnane et al.,yes,yes,weak,variance-general,6,"rties of calvariance,whichimpliesanincreasednumberofcircuit the state of the form Tr[O(ρ )m]. Following Ref. [21] we id repetitions. We now bound the variance of any operator’s usethefactthatapolynomialfunctioninthequantumstate expectedvalue. can be written as a linear function in tensor products of Lemma 2"
Jnane et al. - 2024 - Quantum Error Mitigated Classical Shadows.pdf,Jnane et al.,yes,yes,weak,variance-general,6,"f any operator’s usethefactthatapolynomialfunctioninthequantumstate expectedvalue. can be written as a linear function in tensor products of Lemma 2 (Variance of linear properties).—Given an the state, for example, Tr[O(ρ )2]=Tr[O ˜ρ ⊗ρ ] with id id id observable O and the PEC snapshot ρˆ id from Theorem 1,"
Jnane et al. - 2024 - Quantum Error Mitigated Classical Shadows.pdf,Jnane et al.,yes,yes,weak,variance-general,6,e shadow norm of the observable O as id i id j E thevarianceofanynonlinearpropertyasfollows. definedinLemma3.WhenOisaq-localPaulistringand Theorem 3 (Variance of nonlinear properties).—Given we use Pauli-basis measurements then (cid:2)O(cid:2)2 E =3q as we our PEC snapshots ρˆ from Theorem 1 we can estimate
Jnane et al. - 2024 - Quantum Error Mitigated Classical Shadows.pdf,Jnane et al.,yes,yes,weak,variance-general,6,"m/(cid:8)2)foradesiredaccuracy(cid:8). simple readout-error model with probability at most α. s 1 RefertoAppendixB3fordetails. Observe that the above variance depends on two factors: One can similarly apply a median of means estimator the first one is the squared shadow norm (cid:2)O(cid:2)2, which E toenab"
Jnane et al. - 2024 - Quantum Error Mitigated Classical Shadows.pdf,Jnane et al.,yes,yes,weak,variance-general,7,"small k Since we reconstruct q-local Pauli observables, we can subsystems and large numbers of shots it might be pre- significantly reduce the sample variance via light-cone ferredtousetheexponentiallyO(4|Q|N s )scalingalgorithm arguments[54,55].InFig.2weillustratethelightconethat ofRef.[21]. anobservablecr"
Jnane et al. - 2024 - Quantum Error Mitigated Classical Shadows.pdf,Jnane et al.,yes,yes,weak,variance-general,15,a maximization tion property of the median of means estimator together over density matrices such that our bounds are indepen- with the bound on the variance from Lemma 2. Because dent of the particular quasiprobability decomposition and Var[μˆ]≤(cid:2)g(cid:2)2 1 (cid:2)O(cid:2)2 E and if the accuracy is
Jnane et al. - 2024 - Quantum Error Mitigated Classical Shadows.pdf,Jnane et al.,yes,yes,weak,variance-general,16,"2) (cid:2) ⎝ (cid:12)d p(k )p(l |k )⎠ Tr[Aρˆ]2 The second tool needed is the so-called U statistics, j j j l which often provides a uniformly minimum variance k1,...,kd l ⎛ j=1 ⎞ unbiased estimator for nonlinear polynomial functions. (cid:2) (cid:2) (cid:12)d |g | Suppose we have access to N independent sna"
Jose and Simeone - 2022 - Error-Mitigation-Aided Optimization of Parameterized Quantum Circuits Convergence Analysis.pdf,Jose & Simeone,yes,yes,strong,variance-reported,2,"edbytheimperfectionsofthequantum convergenceofSGDwhenappliedtotheVQEproblem(1). gateswithinthePQC. However,thebiasreductionshouldbeweightedagainstthe variance increase as a function of the number of quantum Toaddressthisquestion,weconsiderthemostfundamen- measurementsthatonecanaffordatanySGDiteration.Un- ta"
Jose and Simeone - 2022 - Error-Mitigation-Aided Optimization of Parameterized Quantum Circuits Convergence Analysis.pdf,Jose & Simeone,yes,yes,strong,variance-reported,2,"umgate noise,ontheconvergenceofSGD.Weshowthat,while igate quantum gate noise in NISQ devices. Unlike quan- the impact of shot noise—quantified by the variance tum error correction codes [1], [11], [12], quantum er- term V in Table 2—can be arbitrarily decreased by ror mitigation requires no additional qubit"
Jose and Simeone - 2022 - Error-Mitigation-Aided Optimization of Parameterized Quantum Circuits Convergence Analysis.pdf,Jose & Simeone,yes,yes,strong,variance-reported,4,e model. ing on gradient estimators based on symmetric logarithmic Section III presents the convergence analysis of SGD for derivative operators. The variance of the resulting gradient VQEwhengatenoiseisnegligible.Theimpactofgatenoise estimator was quantified in [10] via the quantum Fisher in- ontheconverge
Jose and Simeone - 2022 - Error-Mitigation-Aided Optimization of Parameterized Quantum Circuits Convergence Analysis.pdf,Jose & Simeone,yes,yes,strong,variance-reported,6,"e conditions E[ξ t ]=0 and P (·)=P (·)⊗...⊗P (·) (21) var(ξ t )=E[(cid:12)gˆ t −g t (cid:12)2].Thefollowinglemmagivesanup- s s0 sn−1 per bound on the variance var(ξ ). To this end, we first t where rewritetheempiricalestimate(11)as f th o e r n k i = nc 0 lu , d . e . s ., a n ll − th 1 e . P n T o s h k is"
Jose and Simeone - 2022 - Error-Mitigation-Aided Optimization of Parameterized Quantum Circuits Convergence Analysis.pdf,Jose & Simeone,yes,yes,strong,variance-reported,7,"quantum noise (17). As proportionaltothenumberofparameters,D.Thetermν in wewillsee,thepresenceofnoisygatesinducesabiasinthe (30) captures the maximum variance of the Bernoulli mea- gradientestimator(26)studiedintheprevioussection.The surementindicatorvariablesI{Y j =y},henceaccountingfor mainresultofthissec"
Jose and Simeone - 2022 - Error-Mitigation-Aided Optimization of Parameterized Quantum Circuits Convergence Analysis.pdf,Jose & Simeone,yes,yes,strong,variance-reported,8,"contrast,theupperboundV Toelaborateonthispoint,wedecomposethebiasedgra- in(43)quantifiestheimpactofshotnoiseandgatenoiseon dientestimatorin(36)as the variance of the gradient estimator in (36). By (43), the (cid:17) (cid:18) variance of the gradient estimator decreases as 1/2N with gˆ E =g + g E −g +ξE (38)"
Jose and Simeone - 2022 - Error-Mitigation-Aided Optimization of Parameterized Quantum Circuits Convergence Analysis.pdf,Jose & Simeone,yes,yes,strong,variance-reported,8,"43)quantifiestheimpactofshotnoiseandgatenoiseon dientestimatorin(36)as the variance of the gradient estimator in (36). By (43), the (cid:17) (cid:18) variance of the gradient estimator decreases as 1/2N with gˆ E =g + g E −g +ξE (38) m t t t t t respecttothetotalnumberofper-parametermeasurements. (cid:21) ("
Jose and Simeone - 2022 - Error-Mitigation-Aided Optimization of Parameterized Quantum Circuits Convergence Analysis.pdf,Jose & Simeone,yes,yes,strong,variance-reported,8,"ppendix D, there exists a γ∗ (y,θ)∈ The following lemma presents bounds on the bias and [0,1]suchthatthevarianceν(p E (y|θ))isaconcavefunction on the variance of the measurement noise of the gradient ofγ,increasingintherangeγ ∈[0,γ∗ (y,θ)]anddecreasing estimator in (36). To proceed, we write the noisy quant"
Jose and Simeone - 2022 - Error-Mitigation-Aided Optimization of Parameterized Quantum Circuits Convergence Analysis.pdf,Jose & Simeone,yes,yes,strong,variance-reported,8,"teη t =η≤1/L: h p˜(y|θ)= Tr((cid:6) ρ˜(θ)). (42) E[L(θT)]−L ∗ ≤ (1−ημ)T(E[L(θ0)]−L ∗ ) y (cid:19) (cid:20) In a manner similar to (28), we define the variance of the 1 B E +ηLV E BernoulliquantummeasurementI{Y˜ =y}as + 2 μ (46) ν(p˜(y|θ))= p˜(y|θ)(1−p˜(y|θ)). where the expectations are taken over quantum me"
Jose and Simeone - 2022 - Error-Mitigation-Aided Optimization of Parameterized Quantum Circuits Convergence Analysis.pdf,Jose & Simeone,yes,yes,strong,variance-reported,11,"ngfunctionsofγ withc (0)=c (0)=1. 1 2 Proof: ProofcanbefoundinAppendixE. (cid:2) TheoremV.1highlightsthreekeypoints.First,ascanbe seen from (62), the variance of the QEM-based gradient estimator is at least c (γ) times the variance of the unmiti- 1 gatedgradientestimator.Fordepolarizingnoise,thefunction c ("
Jose and Simeone - 2022 - Error-Mitigation-Aided Optimization of Parameterized Quantum Circuits Convergence Analysis.pdf,Jose & Simeone,yes,yes,strong,variance-reported,11,"(cid:2) TheoremV.1highlightsthreekeypoints.First,ascanbe seen from (62), the variance of the QEM-based gradient estimator is at least c (γ) times the variance of the unmiti- 1 gatedgradientestimator.Fordepolarizingnoise,thefunction c (γ)≥1 is nondecreasing with γ, implying that QEM- 1 basedgradientestimator"
Jose and Simeone - 2022 - Error-Mitigation-Aided Optimization of Parameterized Quantum Circuits Convergence Analysis.pdf,Jose & Simeone,yes,yes,strong,variance-reported,11,"with γ, implying that QEM- 1 basedgradientestimatorhaslargervariancethanthebiased noisygradientestimator. Second, the upper bound VQEM in (63) on the variance of the QEM-based gradient estimator comprises the contri- FIGURE4. Hardware-efficientansatzusedintheexperiments.Thegates bution of shot noise, as cap"
Jose and Simeone - 2022 - Error-Mitigation-Aided Optimization of Parameterized Quantum Circuits Convergence Analysis.pdf,Jose & Simeone,yes,yes,strong,variance-reported,11,"ericalresultsconcerningthe the finite number of per-circuit measurements results in a VQE to solve a weighted max-cut combinatorial optimiza- nonzero variance. Finally, inequality (64) relates the bound tionproblem. VQEM of the variance with QEM to the boundV E obtained withoutQEM,asdefinedin(43).Notingthat"
Jose and Simeone - 2022 - Error-Mitigation-Aided Optimization of Parameterized Quantum Circuits Convergence Analysis.pdf,Jose & Simeone,yes,yes,strong,variance-reported,11,"ts in a VQE to solve a weighted max-cut combinatorial optimiza- nonzero variance. Finally, inequality (64) relates the bound tionproblem. VQEM of the variance with QEM to the boundV E obtained withoutQEM,asdefinedin(43).Notingthatfunctionsc (γ) 1 A. WEIGHTEDMAX-CUTHAMILTONIAN andc 2 (γ)arenondecreasingwithγ"
Jose and Simeone - 2022 - Error-Mitigation-Aided Optimization of Parameterized Quantum Circuits Convergence Analysis.pdf,Jose & Simeone,yes,yes,strong,variance-reported,12,"gates,resultinginaPQC When the noise strength is smaller and a sufficient number witheightnoisygates. of circuits are sampled as in Fig. 5(left), the variance of We use the open-source quantum computing framework the QEM-based estimator is reduced (see Table 2), thereby Qiskit [39] to simulate our experimen"
Jose and Simeone - 2022 - Error-Mitigation-Aided Optimization of Parameterized Quantum Circuits Convergence Analysis.pdf,Jose & Simeone,yes,yes,strong,variance-reported,13,"insufficient time is available issmall,comparingthefiguresintheleftandrightshowsthat at each SGD iteration to sample circuits for QEM, QEM the higher variance of the QEM, resulting due to small N , mayrequirealargernumberofiterationstoconvergetothe c mayoffsetthebenefitofQEM.Finally,Fig.7demonstrates desire"
Jose and Simeone - 2022 - Error-Mitigation-Aided Optimization of Parameterized Quantum Circuits Convergence Analysis.pdf,Jose & Simeone,yes,yes,strong,variance-reported,13,"can be seen comparedtoaconventionalsystemwithouterrormitigation. from the figure, increasing the number of circuit samples significantly reduces the variance of the QEM and ensure APPENDIXA performanceclosetotheSGDwithperfecterrormitigation PROOFOFLEMMA3.1 (bluecurve). To prove Lemma 3.1, we fix the iterat"
Jose and Simeone - 2022 - Error-Mitigation-Aided Optimization of Parameterized Quantum Circuits Convergence Analysis.pdf,Jose & Simeone,yes,yes,strong,variance-reported,13,"e ? o B f y SG an D al f y o z r in th g e th im e p c l o e n m v e e n rg ta e t n io c n e |(cid:3) d,± (cid:2)=|(cid:3)(θ ±e d π 2 )(cid:2). The variance of the gradient esti- mate(26)canbewrittenas propertiesofSGDforVQEs,wehaveshownthatthequan- tum gate noise inherent in the operation of NISQ devices"
Jose and Simeone - 2022 - Error-Mitigation-Aided Optimization of Parameterized Quantum Circuits Convergence Analysis.pdf,Jose & Simeone,yes,yes,strong,variance-reported,13,"9) H(cid:2) |(cid:3) d,+(cid:2) −(cid:4)(cid:9) H(cid:2) |(cid:3) d,−(cid:2) requirestheuseofQEM.However,forlargererrorlevels,the d=1 increase in the variance of the stochastic gradient estimate (cid:5) # 1 ! "" 2 c S a G u D sed ite b r y at Q io E ns M w m he a n y Q en E ta M il i t s he de n p e l e o d"
Jose and Simeone - 2022 - Error-Mitigation-Aided Optimization of Parameterized Quantum Circuits Convergence Analysis.pdf,Jose & Simeone,yes,yes,strong,variance-reported,14,"=1,...,D,whichresultsintheequalityin(69). Lemma B.1: The loss f(cid:16)unction L(θ) as defined in (6) is The expectation E[X d 2 ,+ ] is equal to the variance L-smoothwithL=D3/2 N y= h 1 |h y |. var((cid:4)(cid:9) H(cid:2) |(cid:3) d,+(cid:2))oftherandomvariable(cid:4)(cid:9) H(cid:2) |(cid:3) d,+(cid:2).Le"
Jose and Simeone - 2022 - Error-Mitigation-Aided Optimization of Parameterized Quantum Circuits Convergence Analysis.pdf,Jose & Simeone,yes,yes,strong,variance-reported,15,")). We now analyze the bias term. By (38), we have the APPENDIXC equality P W R e O fi O r F st O o F bt L a E in M a M n A up 4 p .1 er bound on the variance var(ξE )= (cid:8)D 1 (cid:4) (cid:17) (cid:17) (cid:17) π (cid:18) E[(cid:12)gˆ E −g E(cid:12)2] of the gradient estimator. As show t n in (cid:12)bi"
Jose and Simeone - 2022 - Error-Mitigation-Aided Optimization of Parameterized Quantum Circuits Convergence Analysis.pdf,Jose & Simeone,yes,yes,strong,variance-reported,16,"C l )=E[(A 1,l +A 2,l )2],whichisin PROOFOFTHEOREM5.1 turnequaltoE[A2 1,l +A2 2,l ],since,conditionedonasampled In this section, we first compute the variance of the QEM- noisycircuit,theexpectationE[A 1,l A 2,l |sD l ]=0holds. based stochastic gradient estimator (58). With the notation Now, following an an"
Jose and Simeone - 2022 - Error-Mitigation-Aided Optimization of Parameterized Quantum Circuits Convergence Analysis.pdf,Jose & Simeone,yes,yes,weak,variance-general,2,"edbytheimperfectionsofthequantum convergenceofSGDwhenappliedtotheVQEproblem(1). gateswithinthePQC. However,thebiasreductionshouldbeweightedagainstthe variance increase as a function of the number of quantum Toaddressthisquestion,weconsiderthemostfundamen- measurementsthatonecanaffordatanySGDiteration.Un- ta"
Jose and Simeone - 2022 - Error-Mitigation-Aided Optimization of Parameterized Quantum Circuits Convergence Analysis.pdf,Jose & Simeone,yes,yes,weak,variance-general,2,"umgate noise,ontheconvergenceofSGD.Weshowthat,while igate quantum gate noise in NISQ devices. Unlike quan- the impact of shot noise—quantified by the variance tum error correction codes [1], [11], [12], quantum er- term V in Table 2—can be arbitrarily decreased by ror mitigation requires no additional qubit"
Jose and Simeone - 2022 - Error-Mitigation-Aided Optimization of Parameterized Quantum Circuits Convergence Analysis.pdf,Jose & Simeone,yes,yes,weak,variance-general,4,e model. ing on gradient estimators based on symmetric logarithmic Section III presents the convergence analysis of SGD for derivative operators. The variance of the resulting gradient VQEwhengatenoiseisnegligible.Theimpactofgatenoise estimator was quantified in [10] via the quantum Fisher in- ontheconverge
Jose and Simeone - 2022 - Error-Mitigation-Aided Optimization of Parameterized Quantum Circuits Convergence Analysis.pdf,Jose & Simeone,yes,yes,weak,variance-general,6,"e conditions E[ξ t ]=0 and P (·)=P (·)⊗...⊗P (·) (21) var(ξ t )=E[(cid:12)gˆ t −g t (cid:12)2].Thefollowinglemmagivesanup- s s0 sn−1 per bound on the variance var(ξ ). To this end, we first t where rewritetheempiricalestimate(11)as f th o e r n k i = nc 0 lu , d . e . s ., a n ll − th 1 e . P n T o s h k is"
Jose and Simeone - 2022 - Error-Mitigation-Aided Optimization of Parameterized Quantum Circuits Convergence Analysis.pdf,Jose & Simeone,yes,yes,weak,variance-general,7,"quantum noise (17). As proportionaltothenumberofparameters,D.Thetermν in wewillsee,thepresenceofnoisygatesinducesabiasinthe (30) captures the maximum variance of the Bernoulli mea- gradientestimator(26)studiedintheprevioussection.The surementindicatorvariablesI{Y j =y},henceaccountingfor mainresultofthissec"
Jose and Simeone - 2022 - Error-Mitigation-Aided Optimization of Parameterized Quantum Circuits Convergence Analysis.pdf,Jose & Simeone,yes,yes,weak,variance-general,8,"contrast,theupperboundV Toelaborateonthispoint,wedecomposethebiasedgra- in(43)quantifiestheimpactofshotnoiseandgatenoiseon dientestimatorin(36)as the variance of the gradient estimator in (36). By (43), the (cid:17) (cid:18) variance of the gradient estimator decreases as 1/2N with gˆ E =g + g E −g +ξE (38)"
Jose and Simeone - 2022 - Error-Mitigation-Aided Optimization of Parameterized Quantum Circuits Convergence Analysis.pdf,Jose & Simeone,yes,yes,weak,variance-general,8,"43)quantifiestheimpactofshotnoiseandgatenoiseon dientestimatorin(36)as the variance of the gradient estimator in (36). By (43), the (cid:17) (cid:18) variance of the gradient estimator decreases as 1/2N with gˆ E =g + g E −g +ξE (38) m t t t t t respecttothetotalnumberofper-parametermeasurements. (cid:21) ("
Jose and Simeone - 2022 - Error-Mitigation-Aided Optimization of Parameterized Quantum Circuits Convergence Analysis.pdf,Jose & Simeone,yes,yes,weak,variance-general,8,"ppendix D, there exists a γ∗ (y,θ)∈ The following lemma presents bounds on the bias and [0,1]suchthatthevarianceν(p E (y|θ))isaconcavefunction on the variance of the measurement noise of the gradient ofγ,increasingintherangeγ ∈[0,γ∗ (y,θ)]anddecreasing estimator in (36). To proceed, we write the noisy quant"
Jose and Simeone - 2022 - Error-Mitigation-Aided Optimization of Parameterized Quantum Circuits Convergence Analysis.pdf,Jose & Simeone,yes,yes,weak,variance-general,8,"teη t =η≤1/L: h p˜(y|θ)= Tr((cid:6) ρ˜(θ)). (42) E[L(θT)]−L ∗ ≤ (1−ημ)T(E[L(θ0)]−L ∗ ) y (cid:19) (cid:20) In a manner similar to (28), we define the variance of the 1 B E +ηLV E BernoulliquantummeasurementI{Y˜ =y}as + 2 μ (46) ν(p˜(y|θ))= p˜(y|θ)(1−p˜(y|θ)). where the expectations are taken over quantum me"
Jose and Simeone - 2022 - Error-Mitigation-Aided Optimization of Parameterized Quantum Circuits Convergence Analysis.pdf,Jose & Simeone,yes,yes,weak,variance-general,11,"ngfunctionsofγ withc (0)=c (0)=1. 1 2 Proof: ProofcanbefoundinAppendixE. (cid:2) TheoremV.1highlightsthreekeypoints.First,ascanbe seen from (62), the variance of the QEM-based gradient estimator is at least c (γ) times the variance of the unmiti- 1 gatedgradientestimator.Fordepolarizingnoise,thefunction c ("
Jose and Simeone - 2022 - Error-Mitigation-Aided Optimization of Parameterized Quantum Circuits Convergence Analysis.pdf,Jose & Simeone,yes,yes,weak,variance-general,11,"(cid:2) TheoremV.1highlightsthreekeypoints.First,ascanbe seen from (62), the variance of the QEM-based gradient estimator is at least c (γ) times the variance of the unmiti- 1 gatedgradientestimator.Fordepolarizingnoise,thefunction c (γ)≥1 is nondecreasing with γ, implying that QEM- 1 basedgradientestimator"
Jose and Simeone - 2022 - Error-Mitigation-Aided Optimization of Parameterized Quantum Circuits Convergence Analysis.pdf,Jose & Simeone,yes,yes,weak,variance-general,11,"with γ, implying that QEM- 1 basedgradientestimatorhaslargervariancethanthebiased noisygradientestimator. Second, the upper bound VQEM in (63) on the variance of the QEM-based gradient estimator comprises the contri- FIGURE4. Hardware-efficientansatzusedintheexperiments.Thegates bution of shot noise, as cap"
Jose and Simeone - 2022 - Error-Mitigation-Aided Optimization of Parameterized Quantum Circuits Convergence Analysis.pdf,Jose & Simeone,yes,yes,weak,variance-general,11,"ericalresultsconcerningthe the finite number of per-circuit measurements results in a VQE to solve a weighted max-cut combinatorial optimiza- nonzero variance. Finally, inequality (64) relates the bound tionproblem. VQEM of the variance with QEM to the boundV E obtained withoutQEM,asdefinedin(43).Notingthat"
Jose and Simeone - 2022 - Error-Mitigation-Aided Optimization of Parameterized Quantum Circuits Convergence Analysis.pdf,Jose & Simeone,yes,yes,weak,variance-general,11,"ts in a VQE to solve a weighted max-cut combinatorial optimiza- nonzero variance. Finally, inequality (64) relates the bound tionproblem. VQEM of the variance with QEM to the boundV E obtained withoutQEM,asdefinedin(43).Notingthatfunctionsc (γ) 1 A. WEIGHTEDMAX-CUTHAMILTONIAN andc 2 (γ)arenondecreasingwithγ"
Jose and Simeone - 2022 - Error-Mitigation-Aided Optimization of Parameterized Quantum Circuits Convergence Analysis.pdf,Jose & Simeone,yes,yes,weak,variance-general,12,"gates,resultinginaPQC When the noise strength is smaller and a sufficient number witheightnoisygates. of circuits are sampled as in Fig. 5(left), the variance of We use the open-source quantum computing framework the QEM-based estimator is reduced (see Table 2), thereby Qiskit [39] to simulate our experimen"
Jose and Simeone - 2022 - Error-Mitigation-Aided Optimization of Parameterized Quantum Circuits Convergence Analysis.pdf,Jose & Simeone,yes,yes,weak,variance-general,13,"insufficient time is available issmall,comparingthefiguresintheleftandrightshowsthat at each SGD iteration to sample circuits for QEM, QEM the higher variance of the QEM, resulting due to small N , mayrequirealargernumberofiterationstoconvergetothe c mayoffsetthebenefitofQEM.Finally,Fig.7demonstrates desire"
Jose and Simeone - 2022 - Error-Mitigation-Aided Optimization of Parameterized Quantum Circuits Convergence Analysis.pdf,Jose & Simeone,yes,yes,weak,variance-general,13,"can be seen comparedtoaconventionalsystemwithouterrormitigation. from the figure, increasing the number of circuit samples significantly reduces the variance of the QEM and ensure APPENDIXA performanceclosetotheSGDwithperfecterrormitigation PROOFOFLEMMA3.1 (bluecurve). To prove Lemma 3.1, we fix the iterat"
Jose and Simeone - 2022 - Error-Mitigation-Aided Optimization of Parameterized Quantum Circuits Convergence Analysis.pdf,Jose & Simeone,yes,yes,weak,variance-general,13,"e ? o B f y SG an D al f y o z r in th g e th im e p c l o e n m v e e n rg ta e t n io c n e |(cid:3) d,± (cid:2)=|(cid:3)(θ ±e d π 2 )(cid:2). The variance of the gradient esti- mate(26)canbewrittenas propertiesofSGDforVQEs,wehaveshownthatthequan- tum gate noise inherent in the operation of NISQ devices"
Jose and Simeone - 2022 - Error-Mitigation-Aided Optimization of Parameterized Quantum Circuits Convergence Analysis.pdf,Jose & Simeone,yes,yes,weak,variance-general,13,"9) H(cid:2) |(cid:3) d,+(cid:2) −(cid:4)(cid:9) H(cid:2) |(cid:3) d,−(cid:2) requirestheuseofQEM.However,forlargererrorlevels,the d=1 increase in the variance of the stochastic gradient estimate (cid:5) # 1 ! "" 2 c S a G u D sed ite b r y at Q io E ns M w m he a n y Q en E ta M il i t s he de n p e l e o d"
Jose and Simeone - 2022 - Error-Mitigation-Aided Optimization of Parameterized Quantum Circuits Convergence Analysis.pdf,Jose & Simeone,yes,yes,weak,variance-general,14,"=1,...,D,whichresultsintheequalityin(69). Lemma B.1: The loss f(cid:16)unction L(θ) as defined in (6) is The expectation E[X d 2 ,+ ] is equal to the variance L-smoothwithL=D3/2 N y= h 1 |h y |. var((cid:4)(cid:9) H(cid:2) |(cid:3) d,+(cid:2))oftherandomvariable(cid:4)(cid:9) H(cid:2) |(cid:3) d,+(cid:2).Le"
Jose and Simeone - 2022 - Error-Mitigation-Aided Optimization of Parameterized Quantum Circuits Convergence Analysis.pdf,Jose & Simeone,yes,yes,weak,variance-general,15,")). We now analyze the bias term. By (38), we have the APPENDIXC equality P W R e O fi O r F st O o F bt L a E in M a M n A up 4 p .1 er bound on the variance var(ξE )= (cid:8)D 1 (cid:4) (cid:17) (cid:17) (cid:17) π (cid:18) E[(cid:12)gˆ E −g E(cid:12)2] of the gradient estimator. As show t n in (cid:12)bi"
Jose and Simeone - 2022 - Error-Mitigation-Aided Optimization of Parameterized Quantum Circuits Convergence Analysis.pdf,Jose & Simeone,yes,yes,weak,variance-general,16,"C l )=E[(A 1,l +A 2,l )2],whichisin PROOFOFTHEOREM5.1 turnequaltoE[A2 1,l +A2 2,l ],since,conditionedonasampled In this section, we first compute the variance of the QEM- noisycircuit,theexpectationE[A 1,l A 2,l |sD l ]=0holds. based stochastic gradient estimator (58). With the notation Now, following an an"
Khan - 2025 - Quantum Software Engineering Developing Algorithms for IBM Quantum Systems.pdf,Khan,na,yes,strong,variance-reported,11,"y. Developers, in turn, benchmark algorithmic performance through metrics like execution success rate, fidelity distribution across shots, and result variance across devices. Qiskit’s backend.properties() API allows direct access to these metrics, enabling algorithm tuning that targets specific backend char"
Khan - 2025 - Quantum Software Engineering Developing Algorithms for IBM Quantum Systems.pdf,Khan,na,yes,weak,fluctuation,4,"es the accuracy of quantum gate operations. Noise models—such as amplitude damping, phase damping, and depolarizing noise—characterize the stochastic fluctuations that affect quantum computations. Understanding and mitigating these hardware limitations is crucial for software engineers developing quantum algor"
Khan - 2025 - Quantum Software Engineering Developing Algorithms for IBM Quantum Systems.pdf,Khan,na,yes,weak,fluctuation,12,"he accuracy and reliability of quantum algorithms. Understanding and mitigating noise is central to Quantum Software Engineering (QSE), as even minor fluctuations in gate fidelity or qubit coherence can cause computational errors that accumulate exponentially with circuit depth. IBM’s superconducting platforms"
Khan - 2025 - Quantum Software Engineering Developing Algorithms for IBM Quantum Systems.pdf,Khan,na,yes,weak,variance-general,11,"y. Developers, in turn, benchmark algorithmic performance through metrics like execution success rate, fidelity distribution across shots, and result variance across devices. Qiskit’s backend.properties() API allows direct access to these metrics, enabling algorithm tuning that targets specific backend char"
Khan et al. - 2024 - Error Mitigation in the NISQ Era Applying Measurement Error Mitigation Techniques to Enhance Quantu.pdf,Khan et al.,partial,yes,strong,variance-reported,17,"iquehasshownlowest%difference of60.28%amongothermitigationtechniques. Similarly,thevariancecomparisonshows that, ZNE technique yielded lowest average variance value of 0.1100384 and lowest % differenceof187.37%. Therefore,T-Rextechniqueimprovesestimatorresultsmorecloserto simulatorvalueandZNEtechniqueenhanc"
Khan et al. - 2024 - Error Mitigation in the NISQ Era Applying Measurement Error Mitigation Techniques to Enhance Quantu.pdf,Khan et al.,partial,yes,strong,variance-reported,17,"bars),T-REx(coralpinkbars)andZNE(cornyellowbars)implementedaftereachTC - 1 TC on IBM . The percentage differences of estimator result (Figure 8a) and variance 5 K (Figure 8b) are shown in navy blue line (IBM without mitigation technique vs. IBM k k withDDtechnique),greenline(IBM withoutmitigationtechniquevs"
Khan et al. - 2024 - Error Mitigation in the NISQ Era Applying Measurement Error Mitigation Techniques to Enhance Quantu.pdf,Khan et al.,partial,yes,strong,variance-reported,18,"itigationtechniques. 5.1.4. CASED—IdealSimulatorvs. IBMOsakaResultswithErrorMitigationTechniques Figure 9 depicts results of estimator values (a) and variance (b) corresponding to SIM (green bars) versus three mitigation techniques: DD (light pink bars), T-REx IBMQ (purplebars)andZNE(navybluebars),appliedaf"
Khan et al. - 2024 - Error Mitigation in the NISQ Era Applying Measurement Error Mitigation Techniques to Enhance Quantu.pdf,Khan et al.,partial,yes,strong,variance-reported,18,"rs), T-REx IBMQ (purplebars)andZNE(navybluebars),appliedaftereachTC -TC onIBM . Theper- 1 5 O centage differences of estimator result (Figure 9a) and variance (Figure 9b) are shown in navy blue line (SIM vs. IBM with DD technique), green line (SIM vs. IBMQ O IBMQ IBM with T-REx technique) and dark red line"
Khan et al. - 2024 - Error Mitigation in the NISQ Era Applying Measurement Error Mitigation Techniques to Enhance Quantu.pdf,Khan et al.,partial,yes,strong,variance-reported,18,"techniquehasshownlowest%differenceof56.82%amongothermitigationtechniques. Similarly,thevariancecomparisonshowsthat,T-RExtechniqueyieldedlowestaverage variance value of 0.78374 and ZNE has lowest % difference of 422.68%. Therefore, DD techniqueimprovesestimatorresultsmoreclosertosimulatorvalueandT-Rex(compar"
Khan et al. - 2024 - Error Mitigation in the NISQ Era Applying Measurement Error Mitigation Techniques to Enhance Quantu.pdf,Khan et al.,partial,yes,strong,variance-reported,18,latorvalue. 5.1.5. CASEE—IBMOsakaResultswithoutErrorMitigationvs. Error MitigationTechniques Figure 10 depicts results of estimator result values and variance corresponding to IBM with and without error mitigation techniques. The estimator result (Figure 10a) O andvariance(Figure10b)valueswithoutmitigationt
Khan et al. - 2024 - Error Mitigation in the NISQ Era Applying Measurement Error Mitigation Techniques to Enhance Quantu.pdf,Khan et al.,partial,yes,strong,variance-reported,19,"Mathematics2024,12,2235 19of21 Variance Analysis: Analysis of the variances across different parameters suggests varyingdegreesofstabilityandreliabilityamongtheerrormitigationtechniques. T-"
Khan et al. - 2024 - Error Mitigation in the NISQ Era Applying Measurement Error Mitigation Techniques to Enhance Quantu.pdf,Khan et al.,partial,yes,weak,variance-general,17,"iquehasshownlowest%difference of60.28%amongothermitigationtechniques. Similarly,thevariancecomparisonshows that, ZNE technique yielded lowest average variance value of 0.1100384 and lowest % differenceof187.37%. Therefore,T-Rextechniqueimprovesestimatorresultsmorecloserto simulatorvalueandZNEtechniqueenhanc"
Khan et al. - 2024 - Error Mitigation in the NISQ Era Applying Measurement Error Mitigation Techniques to Enhance Quantu.pdf,Khan et al.,partial,yes,weak,variance-general,17,"bars),T-REx(coralpinkbars)andZNE(cornyellowbars)implementedaftereachTC - 1 TC on IBM . The percentage differences of estimator result (Figure 8a) and variance 5 K (Figure 8b) are shown in navy blue line (IBM without mitigation technique vs. IBM k k withDDtechnique),greenline(IBM withoutmitigationtechniquevs"
Khan et al. - 2024 - Error Mitigation in the NISQ Era Applying Measurement Error Mitigation Techniques to Enhance Quantu.pdf,Khan et al.,partial,yes,weak,variance-general,18,"itigationtechniques. 5.1.4. CASED—IdealSimulatorvs. IBMOsakaResultswithErrorMitigationTechniques Figure 9 depicts results of estimator values (a) and variance (b) corresponding to SIM (green bars) versus three mitigation techniques: DD (light pink bars), T-REx IBMQ (purplebars)andZNE(navybluebars),appliedaf"
Khan et al. - 2024 - Error Mitigation in the NISQ Era Applying Measurement Error Mitigation Techniques to Enhance Quantu.pdf,Khan et al.,partial,yes,weak,variance-general,18,"rs), T-REx IBMQ (purplebars)andZNE(navybluebars),appliedaftereachTC -TC onIBM . Theper- 1 5 O centage differences of estimator result (Figure 9a) and variance (Figure 9b) are shown in navy blue line (SIM vs. IBM with DD technique), green line (SIM vs. IBMQ O IBMQ IBM with T-REx technique) and dark red line"
Khan et al. - 2024 - Error Mitigation in the NISQ Era Applying Measurement Error Mitigation Techniques to Enhance Quantu.pdf,Khan et al.,partial,yes,weak,variance-general,18,"techniquehasshownlowest%differenceof56.82%amongothermitigationtechniques. Similarly,thevariancecomparisonshowsthat,T-RExtechniqueyieldedlowestaverage variance value of 0.78374 and ZNE has lowest % difference of 422.68%. Therefore, DD techniqueimprovesestimatorresultsmoreclosertosimulatorvalueandT-Rex(compar"
Khan et al. - 2024 - Error Mitigation in the NISQ Era Applying Measurement Error Mitigation Techniques to Enhance Quantu.pdf,Khan et al.,partial,yes,weak,variance-general,18,latorvalue. 5.1.5. CASEE—IBMOsakaResultswithoutErrorMitigationvs. Error MitigationTechniques Figure 10 depicts results of estimator result values and variance corresponding to IBM with and without error mitigation techniques. The estimator result (Figure 10a) O andvariance(Figure10b)valueswithoutmitigationt
Khan et al. - 2024 - Error Mitigation in the NISQ Era Applying Measurement Error Mitigation Techniques to Enhance Quantu.pdf,Khan et al.,partial,yes,weak,variance-general,19,"Mathematics2024,12,2235 19of21 Variance Analysis: Analysis of the variances across different parameters suggests varyingdegreesofstabilityandreliabilityamongtheerrormitigationtechniques. T-"
Kim et al. - 2023 - Evidence for the utility of quantum computing before fault tolerance.pdf,Kim et al. (utility),yes,yes,strong,error-bar,4,"tal results simulations of all 127 qubits (MPS, isoTNS) to help gauge the domain of h (blue) closely track the exact behaviour (grey). In all panels, error bars indicate validity for those techniques, as discussed in the main text. isoTNS results 68% confidence intervals obtained by means of percentile boots"
Kim et al. - 2023 - Evidence for the utility of quantum computing before fault tolerance.pdf,Kim et al. (utility),yes,yes,strong,CI,3,"⟩ after four Trotter steps. In all panels, error markers). c, As circuit depth is increased, unmitigated estimates of M decay 106 z bars indicate 68% confidence intervals obtained by means of percentile monotonically from the ideal value of 1. ZNE greatly improves the estimates bootstrap. Exponential extrapolation (ex"
Kim et al. - 2023 - Evidence for the utility of quantum computing before fault tolerance.pdf,Kim et al. (utility),yes,yes,strong,CI,4,"track the exact behaviour (grey). In all panels, error bars indicate validity for those techniques, as discussed in the main text. isoTNS results 68% confidence intervals obtained by means of percentile bootstrap. The for the weight-17 operator in c are not accessible with current methods (see weight-10 and weight-17"
Kim et al. - 2023 - Evidence for the utility of quantum computing before fault tolerance.pdf,Kim et al. (utility),yes,yes,strong,CI,5,"Estimating expectation values beyond exact verification. Plot enables a higher bond dimension (χ = 3,072), but the simulation still fails to markers, confidence intervals and causal light cones appear as defined in Fig. 3. approach −1 (+1 in negated y axis) at θ = π/2. b, Estimates of the single-site h a, Estimates of"
Kim et al. - 2023 - Evidence for the utility of quantum computing before fault tolerance.pdf,Kim et al. (utility),yes,yes,strong,bootstrap,3,"z bars indicate 68% confidence intervals obtained by means of percentile monotonically from the ideal value of 1. ZNE greatly improves the estimates bootstrap. Exponential extrapolation (exp, dark blue) tends to outperform even after 20 Trotter steps (see Supplementary Information II for ZNE details)."
Kim et al. - 2023 - Evidence for the utility of quantum computing before fault tolerance.pdf,Kim et al. (utility),yes,yes,strong,bootstrap,4,"r bars indicate validity for those techniques, as discussed in the main text. isoTNS results 68% confidence intervals obtained by means of percentile bootstrap. The for the weight-17 operator in c are not accessible with current methods (see weight-10 and weight-17 observables in b and c are stabilizers of t"
Kim et al. - 2023 - Evidence for the utility of quantum computing before fault tolerance.pdf,Kim et al. (utility),yes,yes,weak,spread,5,"sed 62 device. Given the non-uniformity of device performance, also seen in experimentally. For example, it was recently argued that the finite-χ the spread of single-site observables in Fig. 2b, we choose an observ- truncation error introduced by tensor-product compression mim- able that obtains the expe"
Kim et al. - 2023 - Evidence for the utility of quantum computing before fault tolerance.pdf,Kim et al. (utility),yes,yes,weak,spread,7,"sen independently to minimize individual gate errors43. This entangled pair states, a 2D generalization of MPS to square lattices in leads to a large spread in CNOT times across the device. Noting that the which the network consists of rank-5 tensors. The accuracy and com- speed of each parallelized CNOT"
Kim et al. - 2025 - Enhanced Extrapolation-Based Quantum Error Mitigation Using Repetitive Structure in Quantum Algorith.pdf,Kim et al. (enhanced),partial,yes,strong,plus-minus-value,4,"Therefore, simple root-extraction analy- sis states, the success probability after six iterations is sis yields an estimate of f converging to 0.8696±0.002. approximately 99.7%. By characterizing gate errors at the block level and ap- Each circuit is executed with N = 4000 shots per plyingthismodelto"
Kim et al. - 2025 - Enhanced Extrapolation-Based Quantum Error Mitigation Using Repetitive Structure in Quantum Algorith.pdf,Kim et al. (enhanced),partial,yes,weak,uncertainty,1,"tum errors. (ii) Since each noise scale yields noisy 2]. Shor’s algorithm and Grover’s search algorithm are measurement outcome with high statistical uncertainty, representative examples that demonstrate this poten- bothmultiplecircuitexecutionsandsubstantialdataare tial. However, current quantum computers are"
Kim et al. - 2025 - Error mitigation with stabilized noise in superconducting quantum processors.pdf,Kim et al. (enhanced),partial,yes,strong,plus-minus-value,3,"ctively,withindependentrunsovera ~50h themodelparameters.Forthis,welearnmodelparametersλ kasso- period.Inallthreesettings,theunmitigatedvaluesare0.341±0.052, ciatedwithtwodifferentgatelayersforaone-dimensionalchainofsix 0.446±0.036,and0.371±0.027forcontrol,optimized,andaveraged, qubits,coveringallloca"
Kim et al. - 2025 - Error mitigation with stabilized noise in superconducting quantum processors.pdf,Kim et al. (enhanced),partial,yes,strong,plus-minus-value,3,"elparametersλ kasso- period.Inallthreesettings,theunmitigatedvaluesare0.341±0.052, ciatedwithtwodifferentgatelayersforaone-dimensionalchainofsix 0.446±0.036,and0.371±0.027forcontrol,optimized,andaveraged, qubits,coveringalllocalCZgatepairs.Figure2ashowstheparameter respectively—a large deviation from"
Kim et al. - 2025 - Error mitigation with stabilized noise in superconducting quantum processors.pdf,Kim et al. (enhanced),partial,yes,strong,plus-minus-value,3,"asso- period.Inallthreesettings,theunmitigatedvaluesare0.341±0.052, ciatedwithtwodifferentgatelayersforaone-dimensionalchainofsix 0.446±0.036,and0.371±0.027forcontrol,optimized,andaveraged, qubits,coveringalllocalCZgatepairs.Figure2ashowstheparameter respectively—a large deviation from the idealvalue"
Kim et al. - 2025 - Error mitigation with stabilized noise in superconducting quantum processors.pdf,Kim et al. (enhanced),partial,yes,strong,plus-minus-value,4,Article https://doi.org/10.1038/s41467-025-62820-9 Fig.2|Stabilizingnoiseingatelayers.aGraphicalrepresentationofthecoeffi- frequencyandamplitudeof ±0.2;and(iii)anoptimizedexperimentcarriedoutby cientsofthesparsePauli–Lindbladnoisemodelsoftwolayers.Thelayersconsistof periodicallyupdatek TLStoavaluet
Kim et al. - 2025 - Error mitigation with stabilized noise in superconducting quantum processors.pdf,Kim et al. (enhanced),partial,yes,strong,variance-reported,3,"xpectationvalueofallPauli-Z unbiasedestimatefortheexpectationvalueofanyPaulioperator.The observablesisequalto1.Eachexperimentconsistsofanoiselearning variance of th(cid:2)ePestimat(cid:3)or, however, is amplified by a multiplicative and a mitigation stage. During the first stage, we learn the noise factorγ="
Kim et al. - 2025 - Error mitigation with stabilized noise in superconducting quantum processors.pdf,Kim et al. (enhanced),partial,yes,weak,fluctuation,1,"rm quantum algorithms is the superconductingquantumprocessors,oneprominentsourceofsuch accurateestimationofobservableexpectationvaluesforashort-depth fluctuations is the interaction between qubits and defect two-level quantumcircuit1,2.Since,inpractice,thesecircuitsarerunonnoisy systems(TLS)10–16.Ithasbeenshow"
Kim et al. - 2025 - Error mitigation with stabilized noise in superconducting quantum processors.pdf,Kim et al. (enhanced),partial,yes,weak,fluctuation,1,"beenshownthatthediffusionofTLStransi- quantumprocessors,theobservableestimatestendtobebiasedaway tion frequencies over time is a major contributor to fluctuations in fromthetruevalues.Intheabsenceoffaulttolerance,quantumerror qubitrelaxationtimes13,15,17,andthesedynamicshavebeenextensively mitigation methods p"
Kim et al. - 2025 - Error mitigation with stabilized noise in superconducting quantum processors.pdf,Kim et al. (enhanced),partial,yes,weak,fluctuation,1,"raldeformationofthephysicalprocessor11,20,fluxtuning13,and effectofnoiseonobservableestimates,withnoqubitoverhead.One microwavedrives15,17,21.Overall,fluctuationsinqubitrelaxationtimes ofthesemethods,namelyzero-noiseextrapolation(ZNE),wasrecently have crucial consequences for the stability22–24, uniformity, an"
Kim et al. - 2025 - Error mitigation with stabilized noise in superconducting quantum processors.pdf,Kim et al. (enhanced),partial,yes,weak,fluctuation,2,"n. Repeating the same experiment at controlled by a separate control line to modulate the qubit–TLS different times, Fig. 1c illustrates the temporal fluctuation of the interaction.Applyingabiasontheelectrodes,parametrizedbyk in qubit–TLSinteraction. TLS arbitrary units, modifies the local electric field at de"
Kim et al. - 2025 - Error mitigation with stabilized noise in superconducting quantum processors.pdf,Kim et al. (enhanced),partial,yes,weak,fluctuation,2,"edstabilityofqubitnoiseinthecontextofobservable Between monitoring events, the qubit remains exposed to random estimationusingquantumerrormitigation. fluctuationsinthequbit–TLSinteraction.Alternatively,wemitigatethe impactofthesefluctuationsbyaveragingoverrandomlysampledTLS Results environments per shot. This"
Kim et al. - 2025 - Error mitigation with stabilized noise in superconducting quantum processors.pdf,Kim et al. (enhanced),partial,yes,weak,fluctuation,2,"zingT 1 .aExperimentallymeasuredT 1 foragivenk TLS .Blackrec- modulation,wecanalterthequbit–TLSinteractionstrength.ThiscausesP etovary tanglesshowT 1 fluctuationwithoutanyoptimizationprocedure.Redtriangles asafunctionofk TLS.Whenastrongqubit–TLSinteractionexists,apronounced illustrateT 1afteroptimizationiscarr"
Kim et al. - 2025 - Error mitigation with stabilized noise in superconducting quantum processors.pdf,Kim et al. (enhanced),partial,yes,weak,fluctuation,2,". defaultk value(solid).cWemonitortheTLSlandscapeovertimetoillustratethe TLS TLS ThecorrespondingT 1decaycurvesareshownintheSupplementarymaterial.bAt fluctuationofqubit–TLSinteractiondynamics.Theblackhorizontallineindicates eachk TLS,weprepareanexcitedstateforagivenqubitandthenprobetheprob- k TLSofthecontrolex"
Kim et al. - 2025 - Error mitigation with stabilized noise in superconducting quantum processors.pdf,Kim et al. (enhanced),partial,yes,weak,fluctuation,4,orbar.Furtherdetailsonexperimentconditionsaredescribedinthe“Methods” TLS experimentwherek TLSissettoκplusaslowlyvaryingtriangularwavewith1Hz section. fluctuationsthanobservedinthecontrolexperiment.Theimprove- between δ and δ . This quantifies thattimefluctuationplays a pred mit mentispredictedtobeeven moreprom
Kim et al. - 2025 - Error mitigation with stabilized noise in superconducting quantum processors.pdf,Kim et al. (enhanced),partial,yes,weak,fluctuation,7,"eweobtainanunbiasedestimate,thevarianceisamplifiedbythis 057703(2017). pre-factor.Therefore,moresamplingisrequiredtocompensatefor 13. Klimov,P.V.etal.Fluctuationsofenergy-relaxationtimesin theincreasedvarianceduetothescaling.Forexample,thesampling superconductingqubits.Phys.Rev.Lett.121,090502(2018). overheadi"
Kim et al. - 2025 - Error mitigation with stabilized noise in superconducting quantum processors.pdf,Kim et al. (enhanced),partial,yes,weak,fluctuation,7,". mitigation.Forinstance,wetrackthesamplingoverheadtovisualize Dynamicsofsuperconductingqubitrelaxationtimes.npjQuantum the overall model coefficient fluctuation in Fig. 2e. The sampling Inf.8,132(2022). overheadalsoprovidesausefulestimationoftherelativeruntimecost 16. Thorbeck,T.,Eddins,A.,Lauer,I.,McClure,D."
Kim et al. - 2025 - Error mitigation with stabilized noise in superconducting quantum processors.pdf,Kim et al. (enhanced),partial,yes,weak,variance-general,3,"xpectationvalueofallPauli-Z unbiasedestimatefortheexpectationvalueofanyPaulioperator.The observablesisequalto1.Eachexperimentconsistsofanoiselearning variance of th(cid:2)ePestimat(cid:3)or, however, is amplified by a multiplicative and a mitigation stage. During the first stage, we learn the noise factorγ="
Kiss et al. - 2025 - Quantum error mitigation for Fourier moment computation.pdf,Kiss et al.,yes,yes,strong,error-bar,9,"in the last column we show the entire reconstructed moments. The real and imaginary part are displayed in the first and second row respectively. The error bars correspond to one standard deviation computed via Bayesian inference [19], see Appendix B for more details. We observe that the data obtained with P"
Kiss et al. - 2025 - Quantum error mitigation for Fourier moment computation.pdf,Kiss et al.,yes,yes,strong,error-bar,11,"n while the colored ones are obtained on ibmq_ on ibmq_kolkata with ODR (green). The data that are out of kolkata with EV (orange) and PEV (red). The error bars scale,duetoatoosmallrenormalizationfactor,aresetto(cid:4)1.The correspond to one sigma computed via Bayesian inference. error bars correspond to one"
Kiss et al. - 2025 - Quantum error mitigation for Fourier moment computation.pdf,Kiss et al.,yes,yes,strong,error-bar,11,"and PEV (red). The error bars scale,duetoatoosmallrenormalizationfactor,aresetto(cid:4)1.The correspond to one sigma computed via Bayesian inference. error bars correspond to one sigma computed via Bayesian The number of CNOT gates are indicated in the top axis, while inference. The number of CNOT gates are"
Kiss et al. - 2025 - Quantum error mitigation for Fourier moment computation.pdf,Kiss et al.,yes,yes,strong,error-bar,12,"n factor together with its exponential fit as a single double Trotter step for computing the first ten function of the number of Trotter steps r. The error bars moments, both purified echo verification and operator correspond to one sigma computed via Bayesian inference. decoherence renormalization yield acc"
Kiss et al. - 2025 - Quantum error mitigation for Fourier moment computation.pdf,Kiss et al.,yes,yes,strong,std-dev,9,"he entire reconstructed moments. The real and imaginary part are displayed in the first and second row respectively. The error bars correspond to one standard deviation computed via Bayesian inference [19], see Appendix B for more details. We observe that the data obtained with PEV match the noiseless simulation up t"
Kiss et al. - 2025 - Quantum error mitigation for Fourier moment computation.pdf,Kiss et al.,yes,yes,strong,variance-reported,9,"seems to be as effective as PEV in this case, even if the (b) we have a scaled fake backend from qiskit, with noise off-diagonal terms have a larger variance. This can be parametersp∈½p 0×10−4;p 0(cid:2),p 0beingtherealisticcoefficient. explainbythefactthat(1−p)isestimatedonthediagonal Notethatin thefirst"
Kiss et al. - 2025 - Quantum error mitigation for Fourier moment computation.pdf,Kiss et al.,yes,yes,strong,variance-reported,9,"ateswhileinthesecondwehave12double effectofPaulitwirlingisnotdramatic,itappearstoreduce steps composed of 452 CNOT gates. The black line shows an the variance. Finally, this time the Trotter approximation upper bound on the shot noise barrier. The shaded area corre- spondtoa95%confidenceintervalobtainedover"
Kiss et al. - 2025 - Quantum error mitigation for Fourier moment computation.pdf,Kiss et al.,yes,yes,strong,variance-reported,9,he noise is depolarizing and only a negligible one μ by the mean of the z statistical test. The average errors onthe(P)EV. squared over the empirical variance σ2 B. Single step on hardware z2 ¼ 1 X N ðm i −μ iÞ 2 ð54Þ Wenowpresentresultsobtainedonthesuperconducting N σ2 i¼1 i quantum device ibmq_kolkata [96
Kiss et al. - 2025 - Quantum error mitigation for Fourier moment computation.pdf,Kiss et al.,yes,yes,strong,variance-reported,12,"n using noise renormalization, up randomly projected onto the two eigenstates, resulting in to the tenth moment. In the second experiment, where high variance and bias. Moreover, the purity serves as a multiple Trotter steps are executed until the breaking useful tool to check the success of the method, eve"
Kiss et al. - 2025 - Quantum error mitigation for Fourier moment computation.pdf,Kiss et al.,yes,yes,strong,variance-reported,14,"al decoupling arbitrary number of experiments, compatible with the bare Dynamical decoupling [46] is expected to increase the data, and compute their variance. The procedure is best coherencetimeofquantumdevicesbytakingadvantageof described considering a single qubit, whose probability of short, time-depend"
Kiss et al. - 2025 - Quantum error mitigation for Fourier moment computation.pdf,Kiss et al.,yes,yes,weak,fluctuation,11,"7 WithPEV,theresultsareaccurateuptosevensteps,i.e. Imag 13.23 0.63 31.97 2.03 266CNOTgates,andstarttodeviateafterthatpoint.Wecan understand the large fluctuations after the breaking point by looking at the purity of the ancilla qubit, shown in the C. Multiple steps on hardware panel a) of Fig. 6. In our second"
Kiss et al. - 2025 - Quantum error mitigation for Fourier moment computation.pdf,Kiss et al.,yes,yes,weak,fluctuation,12,"8 for the whole experiment. Therefore, using 16×s p shots is sufficient to achieve 1= ffisffiffi accuracy. The few off points can be explained by the fluctuations of the device. TheODRstrategyislessreliable,asitbreaksdownonly aftertwodoublesteps,andhasalargervariance,especially without Pauli twirling. This is"
Kiss et al. - 2025 - Quantum error mitigation for Fourier moment computation.pdf,Kiss et al.,yes,yes,weak,variance-general,9,"seems to be as effective as PEV in this case, even if the (b) we have a scaled fake backend from qiskit, with noise off-diagonal terms have a larger variance. This can be parametersp∈½p 0×10−4;p 0(cid:2),p 0beingtherealisticcoefficient. explainbythefactthat(1−p)isestimatedonthediagonal Notethatin thefirst"
Kiss et al. - 2025 - Quantum error mitigation for Fourier moment computation.pdf,Kiss et al.,yes,yes,weak,variance-general,9,"ateswhileinthesecondwehave12double effectofPaulitwirlingisnotdramatic,itappearstoreduce steps composed of 452 CNOT gates. The black line shows an the variance. Finally, this time the Trotter approximation upper bound on the shot noise barrier. The shaded area corre- spondtoa95%confidenceintervalobtainedover"
Kiss et al. - 2025 - Quantum error mitigation for Fourier moment computation.pdf,Kiss et al.,yes,yes,weak,variance-general,9,he noise is depolarizing and only a negligible one μ by the mean of the z statistical test. The average errors onthe(P)EV. squared over the empirical variance σ2 B. Single step on hardware z2 ¼ 1 X N ðm i −μ iÞ 2 ð54Þ Wenowpresentresultsobtainedonthesuperconducting N σ2 i¼1 i quantum device ibmq_kolkata [96
Kiss et al. - 2025 - Quantum error mitigation for Fourier moment computation.pdf,Kiss et al.,yes,yes,weak,variance-general,12,"n using noise renormalization, up randomly projected onto the two eigenstates, resulting in to the tenth moment. In the second experiment, where high variance and bias. Moreover, the purity serves as a multiple Trotter steps are executed until the breaking useful tool to check the success of the method, eve"
Kiss et al. - 2025 - Quantum error mitigation for Fourier moment computation.pdf,Kiss et al.,yes,yes,weak,variance-general,14,"al decoupling arbitrary number of experiments, compatible with the bare Dynamical decoupling [46] is expected to increase the data, and compute their variance. The procedure is best coherencetimeofquantumdevicesbytakingadvantageof described considering a single qubit, whose probability of short, time-depend"
Krebsbach et al. - 2022 - Optimization of Richardson extrapolation for quantum error mitigation.pdf,Krebsbach et al.,yes,yes,strong,std-dev,3,"thereforetheminimaloverheadinmeasurementsrequired tocompensateforRichardsonextrapolation. Anexample for this procedure is given in Fig. 1, where the standard deviation of each sample E (x ) is adjusted according λ0 j to Eq. (11). In this case, the nodes are chosen such that Λ=5. FIG. 1. Example for Richardson extrap"
Krebsbach et al. - 2022 - Optimization of Richardson extrapolation for quantum error mitigation.pdf,Krebsbach et al.,yes,yes,strong,std-dev,3,"ult R , both obtained 0 with the same sampling budget. The colo 3 red in- variance of the estimator Rˆ n . The sampling overhead terval indicates the standard deviation of the extrapolation is thus given by Λ2 = Ntot. As we will see later, this usingLagrangepolynomials. Theerrorbarsarethestandard overheadhasamajorinf"
Krebsbach et al. - 2022 - Optimization of Richardson extrapolation for quantum error mitigation.pdf,Krebsbach et al.,yes,yes,strong,std-dev,5,"budget mate R = λ0(cid:80)n j γ E (x j ) of E∗. This estimate has a (N =N Λ2). The larger, the better[43]. n j=0 j λ0 j √ tot eff statistical error (standard deviation) of σ/ N . This eff procedure is schematically represented in Fig. 4. 3. Determine the spacing of the nodes. As discussed in Section IIB, the tilted"
Krebsbach et al. - 2022 - Optimization of Richardson extrapolation for quantum error mitigation.pdf,Krebsbach et al.,yes,yes,strong,variance-reported,2,"he sample cannot be accessed experimentally. However, the noise j parameter λ can be artificially increased, e.g., by rescal- mean Eˆ λ0 (x j ) has a variance of ing coupling parameters [9], inserting identities into the σ2 circuit that are subject to the same noise [29, 34–36] or Var[Eˆ (x )]= j (8) λ0 j N"
Krebsbach et al. - 2022 - Optimization of Richardson extrapolation for quantum error mitigation.pdf,Krebsbach et al.,yes,yes,strong,variance-reported,2,"sion, Richardson extrapolation is able to re- j x −x duce the bias of the estimate of E∗, however, only at the k j k(cid:54)=j cost of increasing its variance. An example that illus- are the Lagrange polynomials at x = 0. They have the trates these effects is shown in Fig. 1. property that (cid:80)n γ = 1 a"
Krebsbach et al. - 2022 - Optimization of Richardson extrapolation for quantum error mitigation.pdf,Krebsbach et al.,yes,yes,strong,variance-reported,2,"ome constant coefficients a , then the mitigated re- n k sult reads 2. Is there a scaling method for x that optimizes the j tradeoff between bias and variance? ∞ n (cid:88) (cid:88) R =E∗+ a λk γ xk. (6) n k 0 j j 3. Is there an optimal n? k=n+1 j=0 In the following section, we investigate these questions C"
Krebsbach et al. - 2022 - Optimization of Richardson extrapolation for quantum error mitigation.pdf,Krebsbach et al.,yes,yes,strong,variance-reported,2,"dson extrapolation i.e.,howtochoosethefreeparametersn,{N } and j j=0...,n eliminates a ,...,a as well as the first n orders of λ . {x } . For a fixed variance we search for those pa- 1 n 0 j j=0...,n Therefore, if λ is sufficiently small then Richardson ex- rameters that, given the same computational resour"
Krebsbach et al. - 2022 - Optimization of Richardson extrapolation for quantum error mitigation.pdf,Krebsbach et al.,yes,yes,strong,variance-reported,3,3 E* Eλ E* 2 0 0 λ λ x λ x λ x 0 0 1 0 2 0 3 NoiseParameterλ eulaVnoitatcepxE Defining Λ = (cid:80)n |γ | and N = N /Λ2 the mini- j=0 j eff tot mized variance of Rˆ can be written as n σ2 σ2 Var[Rˆ ]= Λ2 = . (12) n N N tot eff This way the estimator Rˆ that uses N measurements n tot has the same variance as
Krebsbach et al. - 2022 - Optimization of Richardson extrapolation for quantum error mitigation.pdf,Krebsbach et al.,yes,yes,strong,variance-reported,3,ed variance of Rˆ can be written as n σ2 σ2 Var[Rˆ ]= Λ2 = . (12) n N N tot eff This way the estimator Rˆ that uses N measurements n tot has the same variance as the sample mean of a single expectation value that is measured N times. Λ2 ≥1 is eff thereforetheminimaloverheadinmeasurementsrequired tocompensat
Krebsbach et al. - 2022 - Optimization of Richardson extrapolation for quantum error mitigation.pdf,Krebsbach et al.,yes,yes,strong,variance-reported,3,"ntwhiletheseconddeterminesthe igation R and the red square the mitigated result R , both obtained 0 with the same sampling budget. The colo 3 red in- variance of the estimator Rˆ n . The sampling overhead terval indicates the standard deviation of the extrapolation is thus given by Λ2 = Ntot. As we will see"
Krebsbach et al. - 2022 - Optimization of Richardson extrapolation for quantum error mitigation.pdf,Krebsbach et al.,yes,yes,strong,variance-reported,3,"sbeennotedthatthenumbersof chosen Λ. Importantly, this can be done independently measurements N j for a given noise level λ 0 x j should be of n. The variance Var[Rˆ n ] is therefore independent of adjustedaccordingtotheirweightsγ inEq.(9)[18,28]. the number of nodes n and it is not necessary to restrict j"
Krebsbach et al. - 2022 - Optimization of Richardson extrapolation for quantum error mitigation.pdf,Krebsbach et al.,yes,yes,strong,variance-reported,3,"ectionIIC,wethenfocuson fair way, i.e., for the same sampling budget N tot as well the number of nodes n. We show that, for certain noise as the same variance σ2/N eff of the estimator Rˆ n of E∗. functions and a proper choice of the nodes, increasing This way, we can search for those nodes that minimize n"
Krebsbach et al. - 2022 - Optimization of Richardson extrapolation for quantum error mitigation.pdf,Krebsbach et al.,yes,yes,strong,variance-reported,3,"Section IID. B. Spacing of the nodes x j A. Number of measurements N and measurement j overhead Λ Taking a closer look at the bias in Eq. (7) and the variance in Eq. (12), we observe that the quantities that depend on the spacing of the nodes are A first simple step for the optimization of Richardson extrap"
Krebsbach et al. - 2022 - Optimization of Richardson extrapolation for quantum error mitigation.pdf,Krebsbach et al.,yes,yes,strong,variance-reported,4,"4 If all x are small, then C and the bias are small, how- j n T ●● ● ● ● ● ever, at the same time, all x lie close together such that j Λ and the variance get large. On the contrary, if all x j C ● ● ● ● ● ● are far apart, then Λ is close to 1 but C gets large. The n aim of this section is to determine"
Krebsbach et al. - 2022 - Optimization of Richardson extrapolation for quantum error mitigation.pdf,Krebsbach et al.,yes,yes,strong,variance-reported,5,c r t i i c o a n l w si e m s u u la m t m ion ar s iz o e f t e h x e am pr p o l c e e s d . urebefore & e r 𝑅 𝑛 =෍Ê 𝜆0 𝑥 𝑗 𝛾 𝑗 tn 𝑗=0 e m ir Bias Variance e D. Summary of the procedure p x E With 𝒪 𝜆𝑛+1 ~ Λ2 = 1 mitigation 0 𝑁tot 𝑁eff We describe above that the relevant parameters of Richardson extrapol
Krebsbach et al. - 2022 - Optimization of Richardson extrapolation for quantum error mitigation.pdf,Krebsbach et al.,yes,yes,strong,variance-reported,5,"ereas if it has a small andinasecondstepaddressnon-Markoviannoise. Alles- slopeorisanexponentialdecay,nshouldbechosen timators in this section have a variance of σ2/N eff . Note larger n≥nˆ. that the following figures focus on the bias and do not show the variance. Once these choices have been made, the pro"
Krebsbach et al. - 2022 - Optimization of Richardson extrapolation for quantum error mitigation.pdf,Krebsbach et al.,yes,yes,strong,variance-reported,5,"uldbechosen timators in this section have a variance of σ2/N eff . Note larger n≥nˆ. that the following figures focus on the bias and do not show the variance. Once these choices have been made, the procedure is Markoviannoise(M)canemergeforexamplewhenthe straightforward. First, numerically solve Λ = (cid:8"
Krebsbach et al. - 2022 - Optimization of Richardson extrapolation for quantum error mitigation.pdf,Krebsbach et al.,yes,yes,strong,variance-reported,7,"factors in the case of Richardson extrapolation. It is a common per- ception that Richardson extrapolation is limited by its substantial increase in variance, especially if the number of nodes is increased. We propose a protocol in which the variance is independent of the number of nodes and can be tuned p"
Krebsbach et al. - 2022 - Optimization of Richardson extrapolation for quantum error mitigation.pdf,Krebsbach et al.,yes,yes,strong,variance-reported,7,"extrapolation is limited by its substantial increase in variance, especially if the number of nodes is increased. We propose a protocol in which the variance is independent of the number of nodes and can be tuned precisely. This allows to increase the num- ber of nodes n, which in turn can reduce the bias"
Krebsbach et al. - 2022 - Optimization of Richardson extrapolation for quantum error mitigation.pdf,Krebsbach et al.,yes,yes,strong,variance-reported,7,"hat equidistant nodesarenotagoodchoiceforRichardsonextrapolation and propose the tilted Chebyshev nodes which optimize the trade-off between bias and variance and outperforms other choices, especially for large n."
Krebsbach et al. - 2022 - Optimization of Richardson extrapolation for quantum error mitigation.pdf,Krebsbach et al.,yes,yes,weak,uncertainty,1,"rdson extrapolation andproposean optimized protocol for its implementation. This protocol allows for a precise control of the increase in statistical uncertainty and lays the foundation for a significant improvement of the mitigation performance achieved by increasing the number of nodes. Furthermore, we prese"
Krebsbach et al. - 2022 - Optimization of Richardson extrapolation for quantum error mitigation.pdf,Krebsbach et al.,yes,yes,weak,variance-general,2,"he sample cannot be accessed experimentally. However, the noise j parameter λ can be artificially increased, e.g., by rescal- mean Eˆ λ0 (x j ) has a variance of ing coupling parameters [9], inserting identities into the σ2 circuit that are subject to the same noise [29, 34–36] or Var[Eˆ (x )]= j (8) λ0 j N"
Krebsbach et al. - 2022 - Optimization of Richardson extrapolation for quantum error mitigation.pdf,Krebsbach et al.,yes,yes,weak,variance-general,2,"sion, Richardson extrapolation is able to re- j x −x duce the bias of the estimate of E∗, however, only at the k j k(cid:54)=j cost of increasing its variance. An example that illus- are the Lagrange polynomials at x = 0. They have the trates these effects is shown in Fig. 1. property that (cid:80)n γ = 1 a"
Krebsbach et al. - 2022 - Optimization of Richardson extrapolation for quantum error mitigation.pdf,Krebsbach et al.,yes,yes,weak,variance-general,2,"ome constant coefficients a , then the mitigated re- n k sult reads 2. Is there a scaling method for x that optimizes the j tradeoff between bias and variance? ∞ n (cid:88) (cid:88) R =E∗+ a λk γ xk. (6) n k 0 j j 3. Is there an optimal n? k=n+1 j=0 In the following section, we investigate these questions C"
Krebsbach et al. - 2022 - Optimization of Richardson extrapolation for quantum error mitigation.pdf,Krebsbach et al.,yes,yes,weak,variance-general,2,"dson extrapolation i.e.,howtochoosethefreeparametersn,{N } and j j=0...,n eliminates a ,...,a as well as the first n orders of λ . {x } . For a fixed variance we search for those pa- 1 n 0 j j=0...,n Therefore, if λ is sufficiently small then Richardson ex- rameters that, given the same computational resour"
Krebsbach et al. - 2022 - Optimization of Richardson extrapolation for quantum error mitigation.pdf,Krebsbach et al.,yes,yes,weak,variance-general,3,3 E* Eλ E* 2 0 0 λ λ x λ x λ x 0 0 1 0 2 0 3 NoiseParameterλ eulaVnoitatcepxE Defining Λ = (cid:80)n |γ | and N = N /Λ2 the mini- j=0 j eff tot mized variance of Rˆ can be written as n σ2 σ2 Var[Rˆ ]= Λ2 = . (12) n N N tot eff This way the estimator Rˆ that uses N measurements n tot has the same variance as
Krebsbach et al. - 2022 - Optimization of Richardson extrapolation for quantum error mitigation.pdf,Krebsbach et al.,yes,yes,weak,variance-general,3,ed variance of Rˆ can be written as n σ2 σ2 Var[Rˆ ]= Λ2 = . (12) n N N tot eff This way the estimator Rˆ that uses N measurements n tot has the same variance as the sample mean of a single expectation value that is measured N times. Λ2 ≥1 is eff thereforetheminimaloverheadinmeasurementsrequired tocompensat
Krebsbach et al. - 2022 - Optimization of Richardson extrapolation for quantum error mitigation.pdf,Krebsbach et al.,yes,yes,weak,variance-general,3,"ntwhiletheseconddeterminesthe igation R and the red square the mitigated result R , both obtained 0 with the same sampling budget. The colo 3 red in- variance of the estimator Rˆ n . The sampling overhead terval indicates the standard deviation of the extrapolation is thus given by Λ2 = Ntot. As we will see"
Krebsbach et al. - 2022 - Optimization of Richardson extrapolation for quantum error mitigation.pdf,Krebsbach et al.,yes,yes,weak,variance-general,3,"sbeennotedthatthenumbersof chosen Λ. Importantly, this can be done independently measurements N j for a given noise level λ 0 x j should be of n. The variance Var[Rˆ n ] is therefore independent of adjustedaccordingtotheirweightsγ inEq.(9)[18,28]. the number of nodes n and it is not necessary to restrict j"
Krebsbach et al. - 2022 - Optimization of Richardson extrapolation for quantum error mitigation.pdf,Krebsbach et al.,yes,yes,weak,variance-general,3,"ectionIIC,wethenfocuson fair way, i.e., for the same sampling budget N tot as well the number of nodes n. We show that, for certain noise as the same variance σ2/N eff of the estimator Rˆ n of E∗. functions and a proper choice of the nodes, increasing This way, we can search for those nodes that minimize n"
Krebsbach et al. - 2022 - Optimization of Richardson extrapolation for quantum error mitigation.pdf,Krebsbach et al.,yes,yes,weak,variance-general,3,"Section IID. B. Spacing of the nodes x j A. Number of measurements N and measurement j overhead Λ Taking a closer look at the bias in Eq. (7) and the variance in Eq. (12), we observe that the quantities that depend on the spacing of the nodes are A first simple step for the optimization of Richardson extrap"
Krebsbach et al. - 2022 - Optimization of Richardson extrapolation for quantum error mitigation.pdf,Krebsbach et al.,yes,yes,weak,variance-general,4,"4 If all x are small, then C and the bias are small, how- j n T ●● ● ● ● ● ever, at the same time, all x lie close together such that j Λ and the variance get large. On the contrary, if all x j C ● ● ● ● ● ● are far apart, then Λ is close to 1 but C gets large. The n aim of this section is to determine"
Krebsbach et al. - 2022 - Optimization of Richardson extrapolation for quantum error mitigation.pdf,Krebsbach et al.,yes,yes,weak,variance-general,5,c r t i i c o a n l w si e m s u u la m t m ion ar s iz o e f t e h x e am pr p o l c e e s d . urebefore & e r 𝑅 𝑛 =෍Ê 𝜆0 𝑥 𝑗 𝛾 𝑗 tn 𝑗=0 e m ir Bias Variance e D. Summary of the procedure p x E With 𝒪 𝜆𝑛+1 ~ Λ2 = 1 mitigation 0 𝑁tot 𝑁eff We describe above that the relevant parameters of Richardson extrapol
Krebsbach et al. - 2022 - Optimization of Richardson extrapolation for quantum error mitigation.pdf,Krebsbach et al.,yes,yes,weak,variance-general,5,"ereas if it has a small andinasecondstepaddressnon-Markoviannoise. Alles- slopeorisanexponentialdecay,nshouldbechosen timators in this section have a variance of σ2/N eff . Note larger n≥nˆ. that the following figures focus on the bias and do not show the variance. Once these choices have been made, the pro"
Krebsbach et al. - 2022 - Optimization of Richardson extrapolation for quantum error mitigation.pdf,Krebsbach et al.,yes,yes,weak,variance-general,5,"uldbechosen timators in this section have a variance of σ2/N eff . Note larger n≥nˆ. that the following figures focus on the bias and do not show the variance. Once these choices have been made, the procedure is Markoviannoise(M)canemergeforexamplewhenthe straightforward. First, numerically solve Λ = (cid:8"
Krebsbach et al. - 2022 - Optimization of Richardson extrapolation for quantum error mitigation.pdf,Krebsbach et al.,yes,yes,weak,variance-general,7,"factors in the case of Richardson extrapolation. It is a common per- ception that Richardson extrapolation is limited by its substantial increase in variance, especially if the number of nodes is increased. We propose a protocol in which the variance is independent of the number of nodes and can be tuned p"
Krebsbach et al. - 2022 - Optimization of Richardson extrapolation for quantum error mitigation.pdf,Krebsbach et al.,yes,yes,weak,variance-general,7,"extrapolation is limited by its substantial increase in variance, especially if the number of nodes is increased. We propose a protocol in which the variance is independent of the number of nodes and can be tuned precisely. This allows to increase the num- ber of nodes n, which in turn can reduce the bias"
Krebsbach et al. - 2022 - Optimization of Richardson extrapolation for quantum error mitigation.pdf,Krebsbach et al.,yes,yes,weak,variance-general,7,"hat equidistant nodesarenotagoodchoiceforRichardsonextrapolation and propose the tilted Chebyshev nodes which optimize the trade-off between bias and variance and outperforms other choices, especially for large n."
Kurita et al. - 2023 - Synergetic quantum error mitigation by randomized compiling and zero-noise extrapolation for the var.pdf,Kurita et al.,yes,yes,strong,variance-reported,8,"by its associated Pauli channel under twirling, and the expected energy is computed exactly, see Figure 15 in the appendix. In this latter figure the variance is almost entirely eliminated by combining ZNE & RC. This indicates that the performance of the classical optimizers in VQE can be greatly enhanced b"
Kurita et al. - 2023 - Synergetic quantum error mitigation by randomized compiling and zero-noise extrapolation for the var.pdf,Kurita et al.,yes,yes,strong,variance-reported,9,"eviation from the ideal heatmap. The first two parameter θ ,θ are 1 2 vairable while θ is fixed at 8.6◦. 0 of the resulting circuit. In Figure 16 the variance of the estimated energy depends on the error rate and the number of randomizations, with a clear reduction in variance as the number of randomization"
Kurita et al. - 2023 - Synergetic quantum error mitigation by randomized compiling and zero-noise extrapolation for the var.pdf,Kurita et al.,yes,yes,strong,variance-reported,9,"ting circuit. In Figure 16 the variance of the estimated energy depends on the error rate and the number of randomizations, with a clear reduction in variance as the number of randomizations increases. We include similar results in Appendix C which demonstrate the same behaviour with other coherent noise mo"
Kurita et al. - 2023 - Synergetic quantum error mitigation by randomized compiling and zero-noise extrapolation for the var.pdf,Kurita et al.,yes,yes,weak,spread,8,"lsforeachmolecularconfiguration. Rawdataareshownasopencircles, and the their distribution for each molecular configuration is shown in a violin plot. spread of the optimal values (over random initial points, at any fixed nuclear separation) is significantly increased when using RC and ZNE, most apparently"
Kurita et al. - 2023 - Synergetic quantum error mitigation by randomized compiling and zero-noise extrapolation for the var.pdf,Kurita et al.,yes,yes,weak,spread,8,"tial points, at any fixed nuclear separation) is significantly increased when using RC and ZNE, most apparently in the violin plots in Figure 5. This spread indicates the consistency with which the classical optimizer converges to the same solution given random starting points. Figure 14 shows that this s"
Kurita et al. - 2023 - Synergetic quantum error mitigation by randomized compiling and zero-noise extrapolation for the var.pdf,Kurita et al.,yes,yes,weak,spread,8,"d indicates the consistency with which the classical optimizer converges to the same solution given random starting points. Figure 14 shows that this spread strongly depends on the particular classical optimizer, and hence it is in part due to sensitivity of the optimizer to initial conditions. This sensi"
Kurita et al. - 2023 - Synergetic quantum error mitigation by randomized compiling and zero-noise extrapolation for the var.pdf,Kurita et al.,yes,yes,weak,fluctuation,16,"to C and D , and C˜ = C N and D˜ = N D . Here, we can set N = N for any k k k k C k k D k k C k C C ∈ C with the assumption that the noise amplitude fluctuations among C ∈ C are k k negligible compared to the noise amplitudes of N ,··· ,N . D1 Dn We can similarly describe the noisy version of Pauli-twirled ci"
Kurita et al. - 2023 - Synergetic quantum error mitigation by randomized compiling and zero-noise extrapolation for the var.pdf,Kurita et al.,yes,yes,weak,variance-general,8,"by its associated Pauli channel under twirling, and the expected energy is computed exactly, see Figure 15 in the appendix. In this latter figure the variance is almost entirely eliminated by combining ZNE & RC. This indicates that the performance of the classical optimizers in VQE can be greatly enhanced b"
Kurita et al. - 2023 - Synergetic quantum error mitigation by randomized compiling and zero-noise extrapolation for the var.pdf,Kurita et al.,yes,yes,weak,variance-general,9,"eviation from the ideal heatmap. The first two parameter θ ,θ are 1 2 vairable while θ is fixed at 8.6◦. 0 of the resulting circuit. In Figure 16 the variance of the estimated energy depends on the error rate and the number of randomizations, with a clear reduction in variance as the number of randomization"
Kurita et al. - 2023 - Synergetic quantum error mitigation by randomized compiling and zero-noise extrapolation for the var.pdf,Kurita et al.,yes,yes,weak,variance-general,9,"ting circuit. In Figure 16 the variance of the estimated energy depends on the error rate and the number of randomizations, with a clear reduction in variance as the number of randomizations increases. We include similar results in Appendix C which demonstrate the same behaviour with other coherent noise mo"
LaRose et al. - 2022 - Error mitigation increases the effective quantum volume of quantum computers.pdf,LaRose et al.,yes,yes,strong,error-bar,2,nd n =104 total samples. Each marker shows the estimated heavy c s output probability hˆ on a different qubit configuration defined in the legend and error bars show 2σ intervals evaluated by d bootstrapping. The connectivity of each device is shown below each legend. Dashed black lines show the 2/3 threshol
LaRose et al. - 2022 - Error mitigation increases the effective quantum volume of quantum computers.pdf,LaRose et al.,yes,yes,strong,error-bar,4,"e this result in our unmit- error-mitigated volume igated experiments, presumably due to device degrada- tion over time. 1. Theoretical estimation of error bars Lima Belem Quito For a large number of error mitigation techniques, in- # Qubits 5 5 5 cludingRichardsonextrapolation,anerror-mitigatedex- (cid:15)"
LaRose et al. - 2022 - Error mitigation increases the effective quantum volume of quantum computers.pdf,LaRose et al.,yes,yes,strong,error-bar,5,5 A brute-force way of estimating error bars is to repeat the estimation of the quantity of interest (in our case h )withN independentexperimentsandtoevaluatethe d 0.0065 empirical variance of
LaRose et al. - 2022 - Error mitigation increases the effective quantum volume of quantum computers.pdf,LaRose et al.,yes,yes,strong,error-bar,5,"N σ =(cid:116) N (µ j −µ¯)2. (C6) j=1 1 (cid:88) σ2 = σ2. (C5) n2 C c C where µ¯ = (cid:80)N µ /N. This is the method that we used j=1 j to evaluate error bars in Fig. 1 (with N =500). 2. Bootstrapping empirical error bars OnemayaskhowlargeshouldN be,inordertoobtain a resonable estimate of the error. In Fig"
LaRose et al. - 2022 - Error mitigation increases the effective quantum volume of quantum computers.pdf,LaRose et al.,yes,yes,strong,error-bar,5,"n2 C c C where µ¯ = (cid:80)N µ /N. This is the method that we used j=1 j to evaluate error bars in Fig. 1 (with N =500). 2. Bootstrapping empirical error bars OnemayaskhowlargeshouldN be,inordertoobtain a resonable estimate of the error. In Fig. 2 we show the The previous way of estimating error bars is ba"
LaRose et al. - 2022 - Error mitigation increases the effective quantum volume of quantum computers.pdf,LaRose et al.,yes,yes,strong,error-bar,5,"irical error bars OnemayaskhowlargeshouldN be,inordertoobtain a resonable estimate of the error. In Fig. 2 we show the The previous way of estimating error bars is based on dependanceofσ foranarbitraryerror-mitigatedpointof theoreticalassumptionsand,eventhoughitprovidesuse- Fig. 1(theresultsarequalitativelys"
LaRose et al. - 2022 - Error mitigation increases the effective quantum volume of quantum computers.pdf,LaRose et al.,yes,yes,strong,std-dev,1,"depth d=m, n c ≥100, and h,C estimate the zero-noise result via hˆ d :=n h /n c n s >2/3+2σ (1) k n(0) = (cid:88) η n(i) (3) h,C i h,C where σ is the standard deviation of the estimate, then i=1 thevolumeisatleastm. Theactualvolumeisthelargest where coefficients are given by m such that these conditions are true. The"
LaRose et al. - 2022 - Error mitigation increases the effective quantum volume of quantum computers.pdf,LaRose et al.,yes,yes,strong,std-dev,5,"ivetohow the independent samples are grouped. So while we can 0.0055 split independent samples into five groups of n = 100 c circuits to estimate the standard deviation this way, a 0.0050 more feasible alternative is instead given by bootstrap- ping. This is a statistical inference technique in which, 0.0045 instead"
LaRose et al. - 2022 - Error mitigation increases the effective quantum volume of quantum computers.pdf,LaRose et al.,yes,yes,strong,std-dev,5,"d pl h e ea n v c y n o o u is t y pu c t ir p cu ro it b s a C bil o it f y d v e i p s t u h - mean µ j =(cid:104)E C (cid:105) Sj . The empirical standard deviation of all the bootstrap alized in Fig. 1: means {µ ,µ ,...µ } provides an estimate of the statis- 1 2 N 1 (cid:88) tical uncertainty: h = E . (C4) d n C"
LaRose et al. - 2022 - Error mitigation increases the effective quantum volume of quantum computers.pdf,LaRose et al.,yes,yes,strong,CI,4,"ion QCCD 6 [18] Anderson, and D. Hayes, Re-examining the quantum Hanoi 6 [6] volume test: Ideal distributions, compiler optimizations, Auckland 6 [6] confidence intervals, and scalable resource estimations, Cairo 6 [6] arXiv:2110.14808 [quant-ph] (2021), arXiv: 2110.14808. Washington 6 [6] Mumbai 7 [6] Kolkata 7 [6] H"
LaRose et al. - 2022 - Error mitigation increases the effective quantum volume of quantum computers.pdf,LaRose et al.,yes,yes,strong,bootstrap,5,"nt samples into five groups of n = 100 c circuits to estimate the standard deviation this way, a 0.0050 more feasible alternative is instead given by bootstrap- ping. This is a statistical inference technique in which, 0.0045 instead of performing N new experiments, one resam- ples the raw results of a singl"
LaRose et al. - 2022 - Error mitigation increases the effective quantum volume of quantum computers.pdf,LaRose et al.,yes,yes,strong,bootstrap,5,"s t y pu c t ir p cu ro it b s a C bil o it f y d v e i p s t u h - mean µ j =(cid:104)E C (cid:105) Sj . The empirical standard deviation of all the bootstrap alized in Fig. 1: means {µ ,µ ,...µ } provides an estimate of the statis- 1 2 N 1 (cid:88) tical uncertainty: h = E . (C4) d n C c Thisisagainasumofi"
LaRose et al. - 2022 - Error mitigation increases the effective quantum volume of quantum computers.pdf,LaRose et al.,yes,yes,strong,variance-reported,4,"ause of shot noise, each noisy expectation value E˜ j X gate errors, two-qubit CNOT gate errors, and readout can only be measured up to a statistical variance σ2 = j errors (p(0|1)+p(1|0))/2 accessed from [6]. E(E˜2)−[E(E˜ )]2, where E represents the statistical av- j j erage over n measurement shots. j Sin"
LaRose et al. - 2022 - Error mitigation increases the effective quantum volume of quantum computers.pdf,LaRose et al.,yes,yes,strong,variance-reported,4,", where E represents the statistical av- j j erage over n measurement shots. j Sincedifferentnoisyexpectationvaluesarestatistically uncorrelated, the variance σ2 of the error-mitigated re- C sult E is: C Appendix B: Table of quantum volumes (cid:88) σ2 =E(E2)−[E(E )]2 = |η |2σ2. (C2) C C C j j As discussed"
LaRose et al. - 2022 - Error mitigation increases the effective quantum volume of quantum computers.pdf,LaRose et al.,yes,yes,strong,variance-reported,4,"ticalsignificance. Whilethereis j j j measurement shots, we have σ2 = E (1−E )/n . The no guarantee that this will happen, we expect there to j j j j variance σ2 of the error-mitigated result is therefore: be several cases of already-measured quantum volumes C wherethiswillbetrue. Forthisreason,aswellasgene"
LaRose et al. - 2022 - Error mitigation increases the effective quantum volume of quantum computers.pdf,LaRose et al.,yes,yes,strong,variance-reported,5,"ng error bars is to repeat the estimation of the quantity of interest (in our case h )withN independentexperimentsandtoevaluatethe d 0.0065 empirical variance of the results. This method can be expensive with respect to classical and quantum compu- 0.0060 tationalresources,andtheresultscanbesensitivetohow t"
LaRose et al. - 2022 - Error mitigation increases the effective quantum volume of quantum computers.pdf,LaRose et al.,yes,yes,strong,variance-reported,5,s an estimate of the statis- 1 2 N 1 (cid:88) tical uncertainty: h = E . (C4) d n C c Thisisagainasumofindependentrandomvariablesand (cid:118) so its variance is given by: (cid:117) (cid:117) 1 (cid:88) N σ =(cid:116) N (µ j −µ¯)2. (C6) j=1 1 (cid:88) σ2 = σ2. (C5) n2 C c C where µ¯ = (cid:80)N µ /N. This i
LaRose et al. - 2022 - Error mitigation increases the effective quantum volume of quantum computers.pdf,LaRose et al.,yes,yes,weak,uncertainty,4,"more information about the quantum computers we used in our experiments. Note thatthequantumvolumeofBelemislistedasfourat[6] Appendix C: Statistical uncertainty of but we are unable to reproduce this result in our unmit- error-mitigated volume igated experiments, presumably due to device degrada- tion over ti"
LaRose et al. - 2022 - Error mitigation increases the effective quantum volume of quantum computers.pdf,LaRose et al.,yes,yes,weak,uncertainty,5,"he empirical standard deviation of all the bootstrap alized in Fig. 1: means {µ ,µ ,...µ } provides an estimate of the statis- 1 2 N 1 (cid:88) tical uncertainty: h = E . (C4) d n C c Thisisagainasumofindependentrandomvariablesand (cid:118) so its variance is given by: (cid:117) (cid:117) 1 (cid:88) N σ =(cid:"
LaRose et al. - 2022 - Error mitigation increases the effective quantum volume of quantum computers.pdf,LaRose et al.,yes,yes,weak,variance-general,4,"ause of shot noise, each noisy expectation value E˜ j X gate errors, two-qubit CNOT gate errors, and readout can only be measured up to a statistical variance σ2 = j errors (p(0|1)+p(1|0))/2 accessed from [6]. E(E˜2)−[E(E˜ )]2, where E represents the statistical av- j j erage over n measurement shots. j Sin"
LaRose et al. - 2022 - Error mitigation increases the effective quantum volume of quantum computers.pdf,LaRose et al.,yes,yes,weak,variance-general,4,", where E represents the statistical av- j j erage over n measurement shots. j Sincedifferentnoisyexpectationvaluesarestatistically uncorrelated, the variance σ2 of the error-mitigated re- C sult E is: C Appendix B: Table of quantum volumes (cid:88) σ2 =E(E2)−[E(E )]2 = |η |2σ2. (C2) C C C j j As discussed"
LaRose et al. - 2022 - Error mitigation increases the effective quantum volume of quantum computers.pdf,LaRose et al.,yes,yes,weak,variance-general,4,"ticalsignificance. Whilethereis j j j measurement shots, we have σ2 = E (1−E )/n . The no guarantee that this will happen, we expect there to j j j j variance σ2 of the error-mitigated result is therefore: be several cases of already-measured quantum volumes C wherethiswillbetrue. Forthisreason,aswellasgene"
LaRose et al. - 2022 - Error mitigation increases the effective quantum volume of quantum computers.pdf,LaRose et al.,yes,yes,weak,variance-general,5,"ng error bars is to repeat the estimation of the quantity of interest (in our case h )withN independentexperimentsandtoevaluatethe d 0.0065 empirical variance of the results. This method can be expensive with respect to classical and quantum compu- 0.0060 tationalresources,andtheresultscanbesensitivetohow t"
LaRose et al. - 2022 - Error mitigation increases the effective quantum volume of quantum computers.pdf,LaRose et al.,yes,yes,weak,variance-general,5,s an estimate of the statis- 1 2 N 1 (cid:88) tical uncertainty: h = E . (C4) d n C c Thisisagainasumofindependentrandomvariablesand (cid:118) so its variance is given by: (cid:117) (cid:117) 1 (cid:88) N σ =(cid:116) N (µ j −µ¯)2. (C6) j=1 1 (cid:88) σ2 = σ2. (C5) n2 C c C where µ¯ = (cid:80)N µ /N. This i
LaRose et al. - 2022 - Mitiq A software package for error mitigation on noisy quantum computers.pdf,LaRose et al.,yes,yes,strong,error-bar,6,"lesscircuitwhereρ = |00ih00|) at different noise levels, and markers show mitigated observable values obtained from dif- ferent inference techniques. Error bars show the standard deviation over fifty independent runs. Depending on the noise model as well as base noise level, different inference techniques ca"
LaRose et al. - 2022 - Mitiq A software package for error mitigation on noisy quantum computers.pdf,LaRose et al.,yes,yes,strong,std-dev,6,"|00ih00|) at different noise levels, and markers show mitigated observable values obtained from dif- ferent inference techniques. Error bars show the standard deviation over fifty independent runs. Depending on the noise model as well as base noise level, different inference techniques can provide better zero-noise e"
LaRose et al. - 2022 - Mitiq A software package for error mitigation on noisy quantum computers.pdf,LaRose et al.,yes,yes,strong,std-error,4,"resent benchmarks run on IBM and Rigetti quantum processors as well as on noisy simulators in section 3. Once the executor is defined, implementing a standard error mitigation technique such as zero-noise extrapolation (ZNE) needs only a single line of code: 1 from mitiq.zne import execute_with_zne 2 3 zne_value"
LaRose et al. - 2022 - Mitiq A software package for error mitigation on noisy quantum computers.pdf,LaRose et al.,yes,yes,strong,variance-reported,12,parameter θ. We can assume that the actual gate is generated by a noisy parameter θˆ that we can model as a random variable with mean θ and with some variance σ2. Noise scaling can be achieved by artificially injecting additional classical noise: θˆ→ θˆ(λ) = θˆ+δˆ (5) where δˆ is a random variable with zero
LaRose et al. - 2022 - Mitiq A software package for error mitigation on noisy quantum computers.pdf,LaRose et al.,yes,yes,strong,variance-reported,12,"scaling can be achieved by artificially injecting additional classical noise: θˆ→ θˆ(λ) = θˆ+δˆ (5) where δˆ is a random variable with zero mean and variance equal to (1−λ)σ2, such that the resulting noise scaled parameter θˆ(λ) has mean θ and variance λσ2. In practice, if σ2 is known for each noisy gate,"
LaRose et al. - 2022 - Mitiq A software package for error mitigation on noisy quantum computers.pdf,LaRose et al.,yes,yes,strong,variance-reported,12,"ˆ (5) where δˆ is a random variable with zero mean and variance equal to (1−λ)σ2, such that the resulting noise scaled parameter θˆ(λ) has mean θ and variance λσ2. In practice, if σ2 is known for each noisy gate, parameter scaling can be obtained by randomly over-rotating or under-rotating each gate accordi"
LaRose et al. - 2022 - Mitiq A software package for error mitigation on noisy quantum computers.pdf,LaRose et al.,yes,yes,weak,uncertainty,23,"ror in the measured expectation values will propagate to the zero-noise extrapolation value. This fact can significantly amplify the final estimation uncertainty. In practice, this implies that the evaluation of a mitigated expectation value requires more measurement shots with respect to the unmitigated one."
LaRose et al. - 2022 - Mitiq A software package for error mitigation on noisy quantum computers.pdf,LaRose et al.,yes,yes,weak,variance-general,12,parameter θ. We can assume that the actual gate is generated by a noisy parameter θˆ that we can model as a random variable with mean θ and with some variance σ2. Noise scaling can be achieved by artificially injecting additional classical noise: θˆ→ θˆ(λ) = θˆ+δˆ (5) where δˆ is a random variable with zero
LaRose et al. - 2022 - Mitiq A software package for error mitigation on noisy quantum computers.pdf,LaRose et al.,yes,yes,weak,variance-general,12,"scaling can be achieved by artificially injecting additional classical noise: θˆ→ θˆ(λ) = θˆ+δˆ (5) where δˆ is a random variable with zero mean and variance equal to (1−λ)σ2, such that the resulting noise scaled parameter θˆ(λ) has mean θ and variance λσ2. In practice, if σ2 is known for each noisy gate,"
LaRose et al. - 2022 - Mitiq A software package for error mitigation on noisy quantum computers.pdf,LaRose et al.,yes,yes,weak,variance-general,12,"ˆ (5) where δˆ is a random variable with zero mean and variance equal to (1−λ)σ2, such that the resulting noise scaled parameter θˆ(λ) has mean θ and variance λσ2. In practice, if σ2 is known for each noisy gate, parameter scaling can be obtained by randomly over-rotating or under-rotating each gate accordi"
Liao et al. - 2024 - Machine Learning for Practical Quantum Error Mitigation.pdf,Liao et al.,yes,yes,strong,error-bar,5,"Corresponding typical data of the error-mitigated expectation values of the ⟨Zˆ ⟩ Trotter evolution; here, for Ising parameter 0 ratio J/h=0.15. Each error bar shows ±standard error. ofallpossiblePauliobservables. Theresultsofthisstudy costly, however, as additional mitigation circuits must are plotted at th"
Liao et al. - 2024 - Machine Learning for Practical Quantum Error Mitigation.pdf,Liao et al.,yes,yes,strong,error-bar,8,ny ror mitigation in scenarios where ideal outcomes from classi- differentpossibleexpectationvalues. Becauseofthechal- cal simulation are infeasible. Error bars (the shading) show lenge of constructing near-Clifford circuits to simultane- ±standard error. Bottom panel: The L norm of the error 2 ously satisfy
Liao et al. - 2024 - Machine Learning for Practical Quantum Error Mitigation.pdf,Liao et al.,yes,yes,strong,error-bar,17,"in literature: low, medium, and high. A high accuracy means that the method is, under realistic scenarios, unbiased; a high precision means that the error bar is of similar order to the shot noise; a high scalability means that the methodhasbeendemonstratedonquantumcircuitswithatleast100qubits;ahigh(low)run"
Liao et al. - 2024 - Machine Learning for Practical Quantum Error Mitigation.pdf,Liao et al.,yes,yes,strong,std-error,5,"ical data of the error-mitigated expectation values of the ⟨Zˆ ⟩ Trotter evolution; here, for Ising parameter 0 ratio J/h=0.15. Each error bar shows ±standard error. ofallpossiblePauliobservables. Theresultsofthisstudy costly, however, as additional mitigation circuits must are plotted at the bottom of Fig. 5(a)."
Liao et al. - 2024 - Machine Learning for Practical Quantum Error Mitigation.pdf,Liao et al.,yes,yes,strong,std-error,6,"ad both overall and at run- the overhead of the digital ZNE (see inset). Shaded regions time—here, 25% lower overall quantum computational represent ±standard error. resources and 50% lower runtime overhead (see App. C for details). D. Scalability through Mimicry III. DISCUSSION For large-scale circuits whose ide"
Liao et al. - 2024 - Machine Learning for Practical Quantum Error Mitigation.pdf,Liao et al.,yes,yes,strong,std-error,8,"ionvalues. Becauseofthechal- cal simulation are infeasible. Error bars (the shading) show lenge of constructing near-Clifford circuits to simultane- ±standard error. Bottom panel: The L norm of the error 2 ously satisfy constraints for many different observables, between ZNE-mitigated and RF-ZNE mitigated expecta"
Liao et al. - 2024 - Machine Learning for Practical Quantum Error Mitigation.pdf,Liao et al.,yes,yes,strong,std-error,13,"he training set. However, all perform as poorly as the unmitigated case in extrapolation with additional coherent noise. Shaded regions represent the standard error. 3. Trotterized 1D Transverse-field Ising Model In the study of the Trotterized 1D TFIM in Sec. IIA2, we initialize the state devoid of spatial symme"
Liao et al. - 2024 - Machine Learning for Practical Quantum Error Mitigation.pdf,Liao et al.,yes,yes,strong,bootstrap,3,"op). The value is provided addition to incoherent noise. above each column. The errorbar represents the 95% confi- dence intervals derived from 1,000 bootstrap re-sampling. 1. Random Circuits real quantum computer, the ibmq lima device. While Inthefirstexperiment,webenchmarktheperformance these quantum devic"
Liao et al. - 2024 - Machine Learning for Practical Quantum Error Mitigation.pdf,Liao et al.,yes,yes,strong,bootstrap,4,"4 ML-QEM with each of the four machine learning models On the right of Fig. 3, we consider the same problem on the top panel and the bootstrap mean errors in the in the second study but simulate the sampled circuits bottom panel. We observe that RF consistently outper- with additional cohere"
Liao et al. - 2024 - Machine Learning for Practical Quantum Error Mitigation.pdf,Liao et al.,yes,yes,strong,bootstrap,9,"n-linear decision tree-based model to perform QEM. device-specific noise parameters. We train a linear re- As an ensemble learning method, it employs bootstrap gression model that takes in these circuit-level features aggregating to combine the results produced from many as well as the noisy expectation valu"
Liao et al. - 2024 - Machine Learning for Practical Quantum Error Mitigation.pdf,Liao et al.,yes,yes,strong,variance-reported,15,"within 0.1 error. Additionally, we remark that there are machine learning algorithms that can predict epistemic uncertainties by including learnable variance terms in the cost function [43]. Such models can, in principle, output both the predicted value and the uncertainty in their prediction. It would be"
Liao et al. - 2024 - Machine Learning for Practical Quantum Error Mitigation.pdf,Liao et al.,yes,yes,weak,uncertainty,15,"uncertainties by including learnable variance terms in the cost function [43]. Such models can, in principle, output both the predicted value and the uncertainty in their prediction. It would be an interesting direction for future work to explore such learning algorithms in the context of QEM. Appendix D: Effi"
Liao et al. - 2024 - Machine Learning for Practical Quantum Error Mitigation.pdf,Liao et al.,yes,yes,weak,variance-general,15,"within 0.1 error. Additionally, we remark that there are machine learning algorithms that can predict epistemic uncertainties by including learnable variance terms in the cost function [43]. Such models can, in principle, output both the predicted value and the uncertainty in their prediction. It would be"
Liu and Cai - 2025 - Quantum Error Mitigation for Sampling Algorithms.pdf,Liu & Cai,yes,yes,strong,std-dev,3,"h samplefromthedatabinandleavingthebinunchanged, pendixD1. Withoutanypriorinformation,thethreshold respectively. p (z) can be set proportional to the standard deviation th Some algorithms come with a natural set of condi- inEq.(4)toboundthetypeIerror(falserejectionofthe tions for efficiently verifying their output, e"
Liu and Cai - 2025 - Quantum Error Mitigation for Sampling Algorithms.pdf,Liu & Cai,yes,yes,strong,std-dev,7,"p (z ...z 0)>0⇒z =0. the key difference for post-selection is that we do not em 1 k−1 k attach any negative factors, instead, we are essentially The standard deviation of pˆ (z ...z 0) can also be assigning a 0 pre-factor to the circuit runs that get fil- em 1 k−1 obtained via Eq. (4) with rˆ replaced by the fractio"
Liu and Cai - 2025 - Quantum Error Mitigation for Sampling Algorithms.pdf,Liu & Cai,yes,yes,strong,std-dev,7,". This translates into r = 0 and A = p for z z,− + responsecircuitrunsthathasthefirstkbitsofitsoutput the discussion in Sec. II. being z ...z 0. This standard deviation can then be 1 k−1 However, in many cases, the constraint operator Π is S used to calculate p used in the hypothesis testing in th a global operator t"
Liu and Cai - 2025 - Quantum Error Mitigation for Sampling Algorithms.pdf,Liu & Cai,yes,yes,strong,std-dev,8,"alt alt b alt isunknown, wecan pickthe alternativehypothesis tobe comparing the likelihood function P [pˆ (z)|p (z)=0] em em p (z) = p with a similar standard deviation given by and P [pˆ (z)|p (z)=p ] between the two hypothesis. em b em em b Eq. (4). This is shown in Fig. 4, in which we see that Since the two likeli"
Liu and Cai - 2025 - Quantum Error Mitigation for Sampling Algorithms.pdf,Liu & Cai,yes,yes,strong,plus-minus-value,2,"e output is a random variable Rˆ tiondistanceoftheerror-mitigateddistributionisupper- z (cid:112) (called the response variable) that takes the value ±1 bounded by 2N/2−1 TSE(pˆ em ) (see Appendix A3). We and 0 with the probability r and r , respectively. In getclosetothisupperboundonlywhenthedistribu"
Liu and Cai - 2025 - Quantum Error Mitigation for Sampling Algorithms.pdf,Liu & Cai,yes,yes,strong,plus-minus-value,2,"m z,+ z,− em ensemble of the response circuit, the sample we obtain Var[pˆ (z)]= 1 (cid:2) A2r −p2 (z) (cid:3) ≈ A2r z (2) is a tuple (z,s) where s = ±1 is the sign for the circuit em N z em N cir cir run. We will add one sample to the z bin if s = +1 and remove one sample if s = −1. Suppose after N T"
Liu and Cai - 2025 - Quantum Error Mitigation for Sampling Algorithms.pdf,Liu & Cai,yes,yes,strong,plus-minus-value,3,"r of 0 or 1 to (cid:115) thecircuitruns,fortheotherQEMmethodsdescribedin σˆ[pˆ (z)]≈ A2rˆ z ≈ϵ (cid:112) rˆ . (4) Sec. II we are attaching factors of ±1. Exactly because em N z cir we are not attaching any negative factor to the circuit runs in post-selection, the output results can be viewed Hererˆ i"
Liu and Cai - 2025 - Quantum Error Mitigation for Sampling Algorithms.pdf,Liu & Cai,yes,yes,strong,plus-minus-value,3,"ssedindetailinAppendixB. pˆ (z)>p (z)⇒Reject Null: p (z)=p (z)>0. em th em alt Translating into the sampling algorithm in Sec. III, the prefactors of ±1 and 0 correspond to adding/removing a The possible choice of p (z) is discussed in Ap- th samplefromthedatabinandleavingthebinunchanged, pendixD1. Wi"
Liu and Cai - 2025 - Quantum Error Mitigation for Sampling Algorithms.pdf,Liu & Cai,yes,yes,strong,plus-minus-value,5,"he A=(p −p )−1 with p = (cid:88) |α i | linearcombinationoftheoutputstatesofanensembleof + − ± A circuits that we call the response circuits: sgn(αi)=±1 (cid:88) ρ em = α i ρ rsp,i i.e. they are the probability of α i taking the plus and i minus signs, respectively."
Liu and Cai - 2025 - Quantum Error Mitigation for Sampling Algorithms.pdf,Liu & Cai,yes,yes,strong,plus-minus-value,7,"p th ples/expectation values without further post-processing. ⇒Accept Null: p (z ...z 0)=0⇒z =1; em 1 k−1 k (C1) In post-processing, we are attaching ±1 factor to each pˆ (z ...z 0)>p em 1 k−1 th circuit run as discussed in Sec. II. On the other hand, ⇒Reject Null: p (z ...z 0)>0⇒z =0. the key differe"
Liu and Cai - 2025 - Quantum Error Mitigation for Sampling Algorithms.pdf,Liu & Cai,yes,yes,strong,variance-reported,2,"asurements,andthenperformthetargetmea- By using I = Π , one can also show that the to- z z surement Π at the end, outputting 0 or 1. In addition, tal variance above is the same as the variance of es- z we need to attach a sign to the measurement outcome timating the identity observable I. In Appendix A3, ba"
Liu and Cai - 2025 - Quantum Error Mitigation for Sampling Algorithms.pdf,Liu & Cai,yes,yes,strong,variance-reported,2,"mea- By using I = Π , one can also show that the to- z z surement Π at the end, outputting 0 or 1. In addition, tal variance above is the same as the variance of es- z we need to attach a sign to the measurement outcome timating the identity observable I. In Appendix A3, based on the circuit configuration t"
Liu and Cai - 2025 - Quantum Error Mitigation for Sampling Algorithms.pdf,Liu & Cai,yes,yes,strong,variance-reported,2,"ation, probabilistic error timator, which, just like in other QEM applications, cancellation) and/or the measurement results of addi- will add to the variance to give us the total square er- tional observables (e.g. virtual purification, symmetry ror TSE(pˆ ) = (cid:80) (pˆ (z)−p (z))2. The total varia- em"
Liu and Cai - 2025 - Quantum Error Mitigation for Sampling Algorithms.pdf,Liu & Cai,yes,yes,strong,variance-reported,2,"of effective samples is smaller than ± a plus/minus sign to a circuit run. The expectation and the number of circuit runs. In the usual sampling al- variance of this estimator are derived in Appendix A2: gorithm, if we measure the outcome z, we will add a sample into the data bin corresponding to z. In the"
Liu and Cai - 2025 - Quantum Error Mitigation for Sampling Algorithms.pdf,Liu & Cai,yes,yes,strong,variance-reported,2,"ign for the circuit em N z em N cir cir run. We will add one sample to the z bin if s = +1 and remove one sample if s = −1. Suppose after N The total variance of the estimator of the whole dis- cir tribution summed over z is bounded by A2−1 ≤ circuit runs, the number of runs that output string z Ncir is N ,"
Liu and Cai - 2025 - Quantum Error Mitigation for Sampling Algorithms.pdf,Liu & Cai,yes,yes,strong,variance-reported,2,"−r z,− )∝p em (z). The numberofeffectivesamplesweobtainedafterN circuit cir pling overhead. Hence, for practical purposes, the total runs is roughly variance of our distribution estimator is: (cid:88) (cid:88) (cid:88) A2 N samp = N z,em ≈N cir (r z,+ −r z,− )=A−1N cir Var[pˆ em (z)]≈ N . (3) z z cir z whe"
Liu and Cai - 2025 - Quantum Error Mitigation for Sampling Algorithms.pdf,Liu & Cai,yes,yes,strong,variance-reported,2,"≈N cir (r z,+ −r z,− )=A−1N cir Var[pˆ em (z)]≈ N . (3) z z cir z where we have used Eq. (1). The estimator of the dis- Let us look back at the total variance of the naive esti- tribution obtained by running ournew sampling method"
Liu and Cai - 2025 - Quantum Error Mitigation for Sampling Algorithms.pdf,Liu & Cai,yes,yes,strong,variance-reported,4,"in this section. befoundinAppendixF.Forbias-freeQEM,theaverage Returningbacktothesmallest-stringproblem,onecan total square error is simply the total variance in Eq. (3) actually design algorithms that directly output the an- and thus will be inversely proportional to the number of swer without explicitly o"
Liu and Cai - 2025 - Quantum Error Mitigation for Sampling Algorithms.pdf,Liu & Cai,yes,yes,strong,variance-reported,6,"ull error, that is em the expected (a e v m erag 0 e-case) square deviation of our estimator pˆ (z) from the true em Hence, the expectation value and variance of pˆ (z) = em value p (z), for a given z can be quantified using the 0 AR is given by z mean square errors E[pˆ em (z)]=AE[R z ]=A(r z,+ −r z,− ) (A"
Liu and Cai - 2025 - Quantum Error Mitigation for Sampling Algorithms.pdf,Liu & Cai,yes,yes,strong,variance-reported,6,"z p (z) + 2Ar ≥ p (z) ≥ p2 (z) and also the fact Our use of total square errors here (and similarly the em z,− em em that we usually have A≫1. total variance) follows naturally from the estimation of We can obtain the total variance of the estimator of observable in regular QEM, but deviates from the stan-"
Liu and Cai - 2025 - Quantum Error Mitigation for Sampling Algorithms.pdf,Liu & Cai,yes,yes,strong,variance-reported,6,"rrors here (and similarly the em z,− em em that we usually have A≫1. total variance) follows naturally from the estimation of We can obtain the total variance of the estimator of observable in regular QEM, but deviates from the stan- the whole distribution by summing over all z: darddistancemetricsfordistri"
Liu and Cai - 2025 - Quantum Error Mitigation for Sampling Algorithms.pdf,Liu & Cai,yes,yes,strong,variance-reported,8,"8 FIG. 4. Threshold for the Bayesian’s hypothesis testing. (a)105 samples 2. Alternative Method Wecanstillusethefrequentistapproachwiththesam- pled variance of the estimators. However, as described before, such an approach does not give a bound on the type II errors and thus it is hard to compare the resu"
Liu and Cai - 2025 - Quantum Error Mitigation for Sampling Algorithms.pdf,Liu & Cai,yes,yes,strong,variance-reported,9,"dindividualpˆ em (z)havethes (cid:80) ameexpectationvalueat that satisfies: 0,wewillstillexpectingeneral z<zmin pˆ em (z)>pˆ em (z) due to the larger variance of pˆ (z). Hence, the lower em p <pˆ (z ) th em min bound here is higher than Eq. (D1), which means that (D1) p ≥pˆ (z) ∀z <z the method in Appendix"
Liu and Cai - 2025 - Quantum Error Mitigation for Sampling Algorithms.pdf,Liu & Cai,yes,yes,weak,spread,2,"comes trying to obtain an error-mitigated distribution Tr(Π ρ ) = p (z) that can better approximate the The noisy distribution p(z) is usually quite spread out z em em ideal distribution Tr(Π ρ ) = p (z) than the noisy dis- duetothenoise(unlessthenoiselevelisverylow),which z 0 0 tribution Tr(Π ρ)=p(z). m"
Liu and Cai - 2025 - Quantum Error Mitigation for Sampling Algorithms.pdf,Liu & Cai,yes,yes,weak,variance-general,2,"asurements,andthenperformthetargetmea- By using I = Π , one can also show that the to- z z surement Π at the end, outputting 0 or 1. In addition, tal variance above is the same as the variance of es- z we need to attach a sign to the measurement outcome timating the identity observable I. In Appendix A3, ba"
Liu and Cai - 2025 - Quantum Error Mitigation for Sampling Algorithms.pdf,Liu & Cai,yes,yes,weak,variance-general,2,"mea- By using I = Π , one can also show that the to- z z surement Π at the end, outputting 0 or 1. In addition, tal variance above is the same as the variance of es- z we need to attach a sign to the measurement outcome timating the identity observable I. In Appendix A3, based on the circuit configuration t"
Liu and Cai - 2025 - Quantum Error Mitigation for Sampling Algorithms.pdf,Liu & Cai,yes,yes,weak,variance-general,2,"ation, probabilistic error timator, which, just like in other QEM applications, cancellation) and/or the measurement results of addi- will add to the variance to give us the total square er- tional observables (e.g. virtual purification, symmetry ror TSE(pˆ ) = (cid:80) (pˆ (z)−p (z))2. The total varia- em"
Liu and Cai - 2025 - Quantum Error Mitigation for Sampling Algorithms.pdf,Liu & Cai,yes,yes,weak,variance-general,2,"of effective samples is smaller than ± a plus/minus sign to a circuit run. The expectation and the number of circuit runs. In the usual sampling al- variance of this estimator are derived in Appendix A2: gorithm, if we measure the outcome z, we will add a sample into the data bin corresponding to z. In the"
Liu and Cai - 2025 - Quantum Error Mitigation for Sampling Algorithms.pdf,Liu & Cai,yes,yes,weak,variance-general,2,"ign for the circuit em N z em N cir cir run. We will add one sample to the z bin if s = +1 and remove one sample if s = −1. Suppose after N The total variance of the estimator of the whole dis- cir tribution summed over z is bounded by A2−1 ≤ circuit runs, the number of runs that output string z Ncir is N ,"
Liu and Cai - 2025 - Quantum Error Mitigation for Sampling Algorithms.pdf,Liu & Cai,yes,yes,weak,variance-general,2,"−r z,− )∝p em (z). The numberofeffectivesamplesweobtainedafterN circuit cir pling overhead. Hence, for practical purposes, the total runs is roughly variance of our distribution estimator is: (cid:88) (cid:88) (cid:88) A2 N samp = N z,em ≈N cir (r z,+ −r z,− )=A−1N cir Var[pˆ em (z)]≈ N . (3) z z cir z whe"
Liu and Cai - 2025 - Quantum Error Mitigation for Sampling Algorithms.pdf,Liu & Cai,yes,yes,weak,variance-general,2,"≈N cir (r z,+ −r z,− )=A−1N cir Var[pˆ em (z)]≈ N . (3) z z cir z where we have used Eq. (1). The estimator of the dis- Let us look back at the total variance of the naive esti- tribution obtained by running ournew sampling method"
Liu and Cai - 2025 - Quantum Error Mitigation for Sampling Algorithms.pdf,Liu & Cai,yes,yes,weak,variance-general,4,"in this section. befoundinAppendixF.Forbias-freeQEM,theaverage Returningbacktothesmallest-stringproblem,onecan total square error is simply the total variance in Eq. (3) actually design algorithms that directly output the an- and thus will be inversely proportional to the number of swer without explicitly o"
Liu and Cai - 2025 - Quantum Error Mitigation for Sampling Algorithms.pdf,Liu & Cai,yes,yes,weak,variance-general,6,"ull error, that is em the expected (a e v m erag 0 e-case) square deviation of our estimator pˆ (z) from the true em Hence, the expectation value and variance of pˆ (z) = em value p (z), for a given z can be quantified using the 0 AR is given by z mean square errors E[pˆ em (z)]=AE[R z ]=A(r z,+ −r z,− ) (A"
Liu and Cai - 2025 - Quantum Error Mitigation for Sampling Algorithms.pdf,Liu & Cai,yes,yes,weak,variance-general,6,"z p (z) + 2Ar ≥ p (z) ≥ p2 (z) and also the fact Our use of total square errors here (and similarly the em z,− em em that we usually have A≫1. total variance) follows naturally from the estimation of We can obtain the total variance of the estimator of observable in regular QEM, but deviates from the stan-"
Liu and Cai - 2025 - Quantum Error Mitigation for Sampling Algorithms.pdf,Liu & Cai,yes,yes,weak,variance-general,6,"rrors here (and similarly the em z,− em em that we usually have A≫1. total variance) follows naturally from the estimation of We can obtain the total variance of the estimator of observable in regular QEM, but deviates from the stan- the whole distribution by summing over all z: darddistancemetricsfordistri"
Liu and Cai - 2025 - Quantum Error Mitigation for Sampling Algorithms.pdf,Liu & Cai,yes,yes,weak,variance-general,8,"8 FIG. 4. Threshold for the Bayesian’s hypothesis testing. (a)105 samples 2. Alternative Method Wecanstillusethefrequentistapproachwiththesam- pled variance of the estimators. However, as described before, such an approach does not give a bound on the type II errors and thus it is hard to compare the resu"
Liu and Cai - 2025 - Quantum Error Mitigation for Sampling Algorithms.pdf,Liu & Cai,yes,yes,weak,variance-general,9,"dindividualpˆ em (z)havethes (cid:80) ameexpectationvalueat that satisfies: 0,wewillstillexpectingeneral z<zmin pˆ em (z)>pˆ em (z) due to the larger variance of pˆ (z). Hence, the lower em p <pˆ (z ) th em min bound here is higher than Eq. (D1), which means that (D1) p ≥pˆ (z) ∀z <z the method in Appendix"
Lorenz et al. - 2025 - Systematic benchmarking of quantum computers status and recommendations.pdf,Lorenz et al.,na,partial,weak,uncertainty,7,"ute utility theory (MAUT) [49]: MAUT assigns a utility value to each alternative by assessing how well it meets each criterion, factoring in risk and uncertainty. It maximizes expected utility based on the decision maker’s preferences. • MYRIAD [50]: Multi-criteria methodology to evaluate and compare different"
Lorenz et al. - 2025 - Systematic benchmarking of quantum computers status and recommendations.pdf,Lorenz et al.,na,partial,weak,spread,15,"ility,tonameafew.Thisiskeytobuilda Some of these benchmarks are currently established and consistentecosystem,includingresearcher,investors,industry, spread throughout the community, other benchmarks are less market and society; to build a consistent and secured supply established. However, very rarely th"
Majumdar et al. - 2023 - Best Practices for Quantum Error Mitigation with Digital Zero-Noise Extrapolation.pdf,Majumdar et al.,yes,yes,strong,std-dev,3,"e expectation values of Pauli observables without zero-noise extrapolation can be modeled with a binomial distribution and scales as N−1/2. shots The standard deviation of the zero-noise extrapolated value with a linear extrapolator due to shot noise follows the same relationship, as we show in Fig. 5. Here, N refers"
Majumdar et al. - 2023 - Best Practices for Quantum Error Mitigation with Digital Zero-Noise Extrapolation.pdf,Majumdar et al.,yes,yes,strong,std-dev,3,"shot noise follows the same relationship, as we show in Fig. 5. Here, N refers to the shots number of shots at each noise factor, and we evaluate the standard deviation σ for ⟨Z⟩=⟨Z⊗n⟩ on a 6-qubit circuit for spin dynamics with a 2-qubit depth of 10 and noise factors of 1,3,and5.Wealsoshowthescalingoftheshotnoisewit"
Majumdar et al. - 2023 - Best Practices for Quantum Error Mitigation with Digital Zero-Noise Extrapolation.pdf,Majumdar et al.,yes,yes,strong,variance-reported,1,"elves. aZNE therefore requires deep exponential overhead to control the subsequent spread in the knowledgeofandaccesstotheunderlyingdevicephysics[9]. variance of expectation values. An example of the latter is Given these advantages of dZNE, several hardware-agnostic virtual distillation that requires high"
Majumdar et al. - 2023 - Best Practices for Quantum Error Mitigation with Digital Zero-Noise Extrapolation.pdf,Majumdar et al.,yes,yes,strong,variance-reported,3,"asedproportionally IV. EXTRAPOLATION to conserve the overall shot overhead. We demonstrate con- cretely in Fig. 4 that this approach can decrease the variance A priori, it is challenging to select the best settings for of expectation value estimates. Here, we run a brickwork extrapolation, in particular the"
Majumdar et al. - 2023 - Best Practices for Quantum Error Mitigation with Digital Zero-Noise Extrapolation.pdf,Majumdar et al.,yes,yes,strong,variance-reported,3,"anthelargestpossiblerangewithoutcreepingintothenoise- partially folded circuits is necessary when proportionally few saturated regime to minimize the variance in the extrapolated of the total gates are folded. As the total number of gates value, but doing so requires some knowledge of the decay increases, w"
Majumdar et al. - 2023 - Best Practices for Quantum Error Mitigation with Digital Zero-Noise Extrapolation.pdf,Majumdar et al.,yes,yes,weak,uncertainty,4,"uted sequentially, so the noise factors and extrapolation function should be carefully chosen beforehand. One approach is to simply guess, and if the uncertainty of the fit is too large or if the resulting expectation does not make sense based on problem-specific knowledge, then the calculation can be re- subm"
Majumdar et al. - 2023 - Best Practices for Quantum Error Mitigation with Digital Zero-Noise Extrapolation.pdf,Majumdar et al.,yes,yes,weak,uncertainty,4,"me, it is straightforward to see that linear are1,3,and5,andin(b),thenoisefactorsare1,1.1,and1.2.Forsmaller extrapolation will always result in a low-uncertainty, zero- noise factors, low-degree extrapolators are preferred for larger circuit areas noise expectation value of 0 regardless of the ideal value, and"
Majumdar et al. - 2023 - Best Practices for Quantum Error Mitigation with Digital Zero-Noise Extrapolation.pdf,Majumdar et al.,yes,yes,weak,spread,1,ancelled in a probabilistic manner with an scaling the pulses themselves. aZNE therefore requires deep exponential overhead to control the subsequent spread in the knowledgeofandaccesstotheunderlyingdevicephysics[9]. variance of expectation values. An example of the latter is Given these advantages of dZN
Majumdar et al. - 2023 - Best Practices for Quantum Error Mitigation with Digital Zero-Noise Extrapolation.pdf,Majumdar et al.,yes,yes,weak,variance-general,1,"elves. aZNE therefore requires deep exponential overhead to control the subsequent spread in the knowledgeofandaccesstotheunderlyingdevicephysics[9]. variance of expectation values. An example of the latter is Given these advantages of dZNE, several hardware-agnostic virtual distillation that requires high"
Majumdar et al. - 2023 - Best Practices for Quantum Error Mitigation with Digital Zero-Noise Extrapolation.pdf,Majumdar et al.,yes,yes,weak,variance-general,3,"asedproportionally IV. EXTRAPOLATION to conserve the overall shot overhead. We demonstrate con- cretely in Fig. 4 that this approach can decrease the variance A priori, it is challenging to select the best settings for of expectation value estimates. Here, we run a brickwork extrapolation, in particular the"
Majumdar et al. - 2023 - Best Practices for Quantum Error Mitigation with Digital Zero-Noise Extrapolation.pdf,Majumdar et al.,yes,yes,weak,variance-general,3,"anthelargestpossiblerangewithoutcreepingintothenoise- partially folded circuits is necessary when proportionally few saturated regime to minimize the variance in the extrapolated of the total gates are folded. As the total number of gates value, but doing so requires some knowledge of the decay increases, w"
Mamedaliev et al. - 2026 - A framework to evaluate the performance of Variational Quantum Algorithms.pdf,Mamedaliev et al.,yes,yes,strong,std-dev,7,"O. Sokolov, N. Moll, M. Ganzhorn, G. Salis, n i A.Fuhrer,andD.J.Egger.Improvingvariationalquantumoptimization i=1 usingcvar. Quantum,4:256,2020. with standard deviation given by: [30] XavierBonet-Monroig,OleksandrKyriienko,MauroPaternostro,etal. Performancecomparisonofoptimizationmethodsonvariationalquan- (cid:118) ["
Mamedaliev et al. - 2026 - A framework to evaluate the performance of Variational Quantum Algorithms.pdf,Mamedaliev et al.,yes,yes,strong,CI,7,"e z-score corresponding to the desired 1 S.L./2 ∆R= ∆Sˆ. (23) confidence level, p denotes the feasibility, and E represents lnK half the width of the confidence interval. Setting an error of 5% with a confidence level of 95%, we obtain approximately n = 384 optimizations in the worst-case scenario (p = 0.5), which we"
Mamedaliev et al. - 2026 - A framework to evaluate the performance of Variational Quantum Algorithms.pdf,Mamedaliev et al.,yes,yes,strong,plus-minus-value,4,"0 ,Q 0 ,R 0 ) such that the selection process works as s\α 0.15 0.25 0.50 0.75 1.00 follows. Given a VQA and its VQA distribution ρ, we can 1000 0.16±0.04 0.23±0.05 0.37±0.05 0.34±0.05 0.15±0.04 compute its performance metrics (F[ρ],Q[ρ],R[ρ]), so: 5000 0.35±0.05 0.31±0.05 0.56±0.05 0.70±0.05 0.69±0."
Mamedaliev et al. - 2026 - A framework to evaluate the performance of Variational Quantum Algorithms.pdf,Mamedaliev et al.,yes,yes,strong,plus-minus-value,4,"0 ) such that the selection process works as s\α 0.15 0.25 0.50 0.75 1.00 follows. Given a VQA and its VQA distribution ρ, we can 1000 0.16±0.04 0.23±0.05 0.37±0.05 0.34±0.05 0.15±0.04 compute its performance metrics (F[ρ],Q[ρ],R[ρ]), so: 5000 0.35±0.05 0.31±0.05 0.56±0.05 0.70±0.05 0.69±0.05 1) If F"
Mamedaliev et al. - 2026 - A framework to evaluate the performance of Variational Quantum Algorithms.pdf,Mamedaliev et al.,yes,yes,strong,plus-minus-value,4,"that the selection process works as s\α 0.15 0.25 0.50 0.75 1.00 follows. Given a VQA and its VQA distribution ρ, we can 1000 0.16±0.04 0.23±0.05 0.37±0.05 0.34±0.05 0.15±0.04 compute its performance metrics (F[ρ],Q[ρ],R[ρ]), so: 5000 0.35±0.05 0.31±0.05 0.56±0.05 0.70±0.05 0.69±0.05 1) If F[ρ] < F ,"
Mamedaliev et al. - 2026 - A framework to evaluate the performance of Variational Quantum Algorithms.pdf,Mamedaliev et al.,yes,yes,strong,plus-minus-value,4,"election process works as s\α 0.15 0.25 0.50 0.75 1.00 follows. Given a VQA and its VQA distribution ρ, we can 1000 0.16±0.04 0.23±0.05 0.37±0.05 0.34±0.05 0.15±0.04 compute its performance metrics (F[ρ],Q[ρ],R[ρ]), so: 5000 0.35±0.05 0.31±0.05 0.56±0.05 0.70±0.05 0.69±0.05 1) If F[ρ] < F , discard th"
Mamedaliev et al. - 2026 - A framework to evaluate the performance of Variational Quantum Algorithms.pdf,Mamedaliev et al.,yes,yes,strong,plus-minus-value,4,"rocess works as s\α 0.15 0.25 0.50 0.75 1.00 follows. Given a VQA and its VQA distribution ρ, we can 1000 0.16±0.04 0.23±0.05 0.37±0.05 0.34±0.05 0.15±0.04 compute its performance metrics (F[ρ],Q[ρ],R[ρ]), so: 5000 0.35±0.05 0.31±0.05 0.56±0.05 0.70±0.05 0.69±0.05 1) If F[ρ] < F , discard the VQA as a"
Mamedaliev et al. - 2026 - A framework to evaluate the performance of Variational Quantum Algorithms.pdf,Mamedaliev et al.,yes,yes,strong,plus-minus-value,4,"its VQA distribution ρ, we can 1000 0.16±0.04 0.23±0.05 0.37±0.05 0.34±0.05 0.15±0.04 compute its performance metrics (F[ρ],Q[ρ],R[ρ]), so: 5000 0.35±0.05 0.31±0.05 0.56±0.05 0.70±0.05 0.69±0.05 1) If F[ρ] < F , discard the VQA as a solver; otherwise, 10000 0.46±0.05 0.24±0.05 0.60±0.05 0.75±0.05 0.7"
Mamedaliev et al. - 2026 - A framework to evaluate the performance of Variational Quantum Algorithms.pdf,Mamedaliev et al.,yes,yes,strong,plus-minus-value,4,"istribution ρ, we can 1000 0.16±0.04 0.23±0.05 0.37±0.05 0.34±0.05 0.15±0.04 compute its performance metrics (F[ρ],Q[ρ],R[ρ]), so: 5000 0.35±0.05 0.31±0.05 0.56±0.05 0.70±0.05 0.69±0.05 1) If F[ρ] < F , discard the VQA as a solver; otherwise, 10000 0.46±0.05 0.24±0.05 0.60±0.05 0.75±0.05 0.78±0.04 0 p"
Mamedaliev et al. - 2026 - A framework to evaluate the performance of Variational Quantum Algorithms.pdf,Mamedaliev et al.,yes,yes,strong,plus-minus-value,4,"n ρ, we can 1000 0.16±0.04 0.23±0.05 0.37±0.05 0.34±0.05 0.15±0.04 compute its performance metrics (F[ρ],Q[ρ],R[ρ]), so: 5000 0.35±0.05 0.31±0.05 0.56±0.05 0.70±0.05 0.69±0.05 1) If F[ρ] < F , discard the VQA as a solver; otherwise, 10000 0.46±0.05 0.24±0.05 0.60±0.05 0.75±0.05 0.78±0.04 0 proceed to"
Mamedaliev et al. - 2026 - A framework to evaluate the performance of Variational Quantum Algorithms.pdf,Mamedaliev et al.,yes,yes,strong,plus-minus-value,4,"n 1000 0.16±0.04 0.23±0.05 0.37±0.05 0.34±0.05 0.15±0.04 compute its performance metrics (F[ρ],Q[ρ],R[ρ]), so: 5000 0.35±0.05 0.31±0.05 0.56±0.05 0.70±0.05 0.69±0.05 1) If F[ρ] < F , discard the VQA as a solver; otherwise, 10000 0.46±0.05 0.24±0.05 0.60±0.05 0.75±0.05 0.78±0.04 0 proceed to the next s"
Mamedaliev et al. - 2026 - A framework to evaluate the performance of Variational Quantum Algorithms.pdf,Mamedaliev et al.,yes,yes,strong,plus-minus-value,4,"6±0.04 0.23±0.05 0.37±0.05 0.34±0.05 0.15±0.04 compute its performance metrics (F[ρ],Q[ρ],R[ρ]), so: 5000 0.35±0.05 0.31±0.05 0.56±0.05 0.70±0.05 0.69±0.05 1) If F[ρ] < F , discard the VQA as a solver; otherwise, 10000 0.46±0.05 0.24±0.05 0.60±0.05 0.75±0.05 0.78±0.04 0 proceed to the next step. 20000"
Mamedaliev et al. - 2026 - A framework to evaluate the performance of Variational Quantum Algorithms.pdf,Mamedaliev et al.,yes,yes,strong,plus-minus-value,4,"trics (F[ρ],Q[ρ],R[ρ]), so: 5000 0.35±0.05 0.31±0.05 0.56±0.05 0.70±0.05 0.69±0.05 1) If F[ρ] < F , discard the VQA as a solver; otherwise, 10000 0.46±0.05 0.24±0.05 0.60±0.05 0.75±0.05 0.78±0.04 0 proceed to the next step. 20000 0.40±0.05 0.25±0.05 0.70±0.05 0.69±0.05 0.87±0.04 2) If Q[ρ] < Q , disca"
Mamedaliev et al. - 2026 - A framework to evaluate the performance of Variational Quantum Algorithms.pdf,Mamedaliev et al.,yes,yes,strong,plus-minus-value,4,"],Q[ρ],R[ρ]), so: 5000 0.35±0.05 0.31±0.05 0.56±0.05 0.70±0.05 0.69±0.05 1) If F[ρ] < F , discard the VQA as a solver; otherwise, 10000 0.46±0.05 0.24±0.05 0.60±0.05 0.75±0.05 0.78±0.04 0 proceed to the next step. 20000 0.40±0.05 0.25±0.05 0.70±0.05 0.69±0.05 0.87±0.04 2) If Q[ρ] < Q , discard the VQA"
Mamedaliev et al. - 2026 - A framework to evaluate the performance of Variational Quantum Algorithms.pdf,Mamedaliev et al.,yes,yes,strong,plus-minus-value,4,"]), so: 5000 0.35±0.05 0.31±0.05 0.56±0.05 0.70±0.05 0.69±0.05 1) If F[ρ] < F , discard the VQA as a solver; otherwise, 10000 0.46±0.05 0.24±0.05 0.60±0.05 0.75±0.05 0.78±0.04 0 proceed to the next step. 20000 0.40±0.05 0.25±0.05 0.70±0.05 0.69±0.05 0.87±0.04 2) If Q[ρ] < Q , discard the VQA as a solv"
Mamedaliev et al. - 2026 - A framework to evaluate the performance of Variational Quantum Algorithms.pdf,Mamedaliev et al.,yes,yes,strong,plus-minus-value,4,"00 0.35±0.05 0.31±0.05 0.56±0.05 0.70±0.05 0.69±0.05 1) If F[ρ] < F , discard the VQA as a solver; otherwise, 10000 0.46±0.05 0.24±0.05 0.60±0.05 0.75±0.05 0.78±0.04 0 proceed to the next step. 20000 0.40±0.05 0.25±0.05 0.70±0.05 0.69±0.05 0.87±0.04 2) If Q[ρ] < Q , discard the VQA as a solver; otherw"
Mamedaliev et al. - 2026 - A framework to evaluate the performance of Variational Quantum Algorithms.pdf,Mamedaliev et al.,yes,yes,strong,plus-minus-value,4,"05 0.31±0.05 0.56±0.05 0.70±0.05 0.69±0.05 1) If F[ρ] < F , discard the VQA as a solver; otherwise, 10000 0.46±0.05 0.24±0.05 0.60±0.05 0.75±0.05 0.78±0.04 0 proceed to the next step. 20000 0.40±0.05 0.25±0.05 0.70±0.05 0.69±0.05 0.87±0.04 2) If Q[ρ] < Q , discard the VQA as a solver; otherwise, 30000"
Mamedaliev et al. - 2026 - A framework to evaluate the performance of Variational Quantum Algorithms.pdf,Mamedaliev et al.,yes,yes,strong,plus-minus-value,4,") If F[ρ] < F , discard the VQA as a solver; otherwise, 10000 0.46±0.05 0.24±0.05 0.60±0.05 0.75±0.05 0.78±0.04 0 proceed to the next step. 20000 0.40±0.05 0.25±0.05 0.70±0.05 0.69±0.05 0.87±0.04 2) If Q[ρ] < Q , discard the VQA as a solver; otherwise, 30000 0.40±0.05 0.30±0.05 0.71±0.05 0.70±0.05 0.9"
Mamedaliev et al. - 2026 - A framework to evaluate the performance of Variational Quantum Algorithms.pdf,Mamedaliev et al.,yes,yes,strong,plus-minus-value,4,"< F , discard the VQA as a solver; otherwise, 10000 0.46±0.05 0.24±0.05 0.60±0.05 0.75±0.05 0.78±0.04 0 proceed to the next step. 20000 0.40±0.05 0.25±0.05 0.70±0.05 0.69±0.05 0.87±0.04 2) If Q[ρ] < Q , discard the VQA as a solver; otherwise, 30000 0.40±0.05 0.30±0.05 0.71±0.05 0.70±0.05 0.92±0.03 0 p"
Mamedaliev et al. - 2026 - A framework to evaluate the performance of Variational Quantum Algorithms.pdf,Mamedaliev et al.,yes,yes,strong,plus-minus-value,4,"ard the VQA as a solver; otherwise, 10000 0.46±0.05 0.24±0.05 0.60±0.05 0.75±0.05 0.78±0.04 0 proceed to the next step. 20000 0.40±0.05 0.25±0.05 0.70±0.05 0.69±0.05 0.87±0.04 2) If Q[ρ] < Q , discard the VQA as a solver; otherwise, 30000 0.40±0.05 0.30±0.05 0.71±0.05 0.70±0.05 0.92±0.03 0 proceed to"
Mamedaliev et al. - 2026 - A framework to evaluate the performance of Variational Quantum Algorithms.pdf,Mamedaliev et al.,yes,yes,strong,plus-minus-value,4,"A as a solver; otherwise, 10000 0.46±0.05 0.24±0.05 0.60±0.05 0.75±0.05 0.78±0.04 0 proceed to the next step. 20000 0.40±0.05 0.25±0.05 0.70±0.05 0.69±0.05 0.87±0.04 2) If Q[ρ] < Q , discard the VQA as a solver; otherwise, 30000 0.40±0.05 0.30±0.05 0.71±0.05 0.70±0.05 0.92±0.03 0 proceed to the next s"
Mamedaliev et al. - 2026 - A framework to evaluate the performance of Variational Quantum Algorithms.pdf,Mamedaliev et al.,yes,yes,strong,plus-minus-value,4,"ver; otherwise, 10000 0.46±0.05 0.24±0.05 0.60±0.05 0.75±0.05 0.78±0.04 0 proceed to the next step. 20000 0.40±0.05 0.25±0.05 0.70±0.05 0.69±0.05 0.87±0.04 2) If Q[ρ] < Q , discard the VQA as a solver; otherwise, 30000 0.40±0.05 0.30±0.05 0.71±0.05 0.70±0.05 0.92±0.03 0 proceed to the next step. 40000"
Mamedaliev et al. - 2026 - A framework to evaluate the performance of Variational Quantum Algorithms.pdf,Mamedaliev et al.,yes,yes,strong,plus-minus-value,4,"proceed to the next step. 20000 0.40±0.05 0.25±0.05 0.70±0.05 0.69±0.05 0.87±0.04 2) If Q[ρ] < Q , discard the VQA as a solver; otherwise, 30000 0.40±0.05 0.30±0.05 0.71±0.05 0.70±0.05 0.92±0.03 0 proceed to the next step. 40000 0.41±0.05 0.40±0.05 0.69±0.05 0.65±0.05 0.90±0.03 3) If R[ρ]<R , discard"
Mamedaliev et al. - 2026 - A framework to evaluate the performance of Variational Quantum Algorithms.pdf,Mamedaliev et al.,yes,yes,strong,plus-minus-value,4,"o the next step. 20000 0.40±0.05 0.25±0.05 0.70±0.05 0.69±0.05 0.87±0.04 2) If Q[ρ] < Q , discard the VQA as a solver; otherwise, 30000 0.40±0.05 0.30±0.05 0.71±0.05 0.70±0.05 0.92±0.03 0 proceed to the next step. 40000 0.41±0.05 0.40±0.05 0.69±0.05 0.65±0.05 0.90±0.03 3) If R[ρ]<R , discard the VQA a"
Mamedaliev et al. - 2026 - A framework to evaluate the performance of Variational Quantum Algorithms.pdf,Mamedaliev et al.,yes,yes,strong,plus-minus-value,4,"step. 20000 0.40±0.05 0.25±0.05 0.70±0.05 0.69±0.05 0.87±0.04 2) If Q[ρ] < Q , discard the VQA as a solver; otherwise, 30000 0.40±0.05 0.30±0.05 0.71±0.05 0.70±0.05 0.92±0.03 0 proceed to the next step. 40000 0.41±0.05 0.40±0.05 0.69±0.05 0.65±0.05 0.90±0.03 3) If R[ρ]<R , discard the VQA as a solver"
Mamedaliev et al. - 2026 - A framework to evaluate the performance of Variational Quantum Algorithms.pdf,Mamedaliev et al.,yes,yes,strong,plus-minus-value,4,"00 0.40±0.05 0.25±0.05 0.70±0.05 0.69±0.05 0.87±0.04 2) If Q[ρ] < Q , discard the VQA as a solver; otherwise, 30000 0.40±0.05 0.30±0.05 0.71±0.05 0.70±0.05 0.92±0.03 0 proceed to the next step. 40000 0.41±0.05 0.40±0.05 0.69±0.05 0.65±0.05 0.90±0.03 3) If R[ρ]<R , discard the VQA as a solver; otherwis"
Mamedaliev et al. - 2026 - A framework to evaluate the performance of Variational Quantum Algorithms.pdf,Mamedaliev et al.,yes,yes,strong,plus-minus-value,4,"05 0.25±0.05 0.70±0.05 0.69±0.05 0.87±0.04 2) If Q[ρ] < Q , discard the VQA as a solver; otherwise, 30000 0.40±0.05 0.30±0.05 0.71±0.05 0.70±0.05 0.92±0.03 0 proceed to the next step. 40000 0.41±0.05 0.40±0.05 0.69±0.05 0.65±0.05 0.90±0.03 3) If R[ρ]<R , discard the VQA as a solver; otherwise, 60000 0"
Mamedaliev et al. - 2026 - A framework to evaluate the performance of Variational Quantum Algorithms.pdf,Mamedaliev et al.,yes,yes,strong,plus-minus-value,4,") If Q[ρ] < Q , discard the VQA as a solver; otherwise, 30000 0.40±0.05 0.30±0.05 0.71±0.05 0.70±0.05 0.92±0.03 0 proceed to the next step. 40000 0.41±0.05 0.40±0.05 0.69±0.05 0.65±0.05 0.90±0.03 3) If R[ρ]<R , discard the VQA as a solver; otherwise, 60000 0.41±0.05 0.50±0.05 0.71±0.05 0.70±0.05 0.95±"
Mamedaliev et al. - 2026 - A framework to evaluate the performance of Variational Quantum Algorithms.pdf,Mamedaliev et al.,yes,yes,strong,plus-minus-value,4,"< Q , discard the VQA as a solver; otherwise, 30000 0.40±0.05 0.30±0.05 0.71±0.05 0.70±0.05 0.92±0.03 0 proceed to the next step. 40000 0.41±0.05 0.40±0.05 0.69±0.05 0.65±0.05 0.90±0.03 3) If R[ρ]<R , discard the VQA as a solver; otherwise, 60000 0.41±0.05 0.50±0.05 0.71±0.05 0.70±0.05 0.95±0.03 0 con"
Mamedaliev et al. - 2026 - A framework to evaluate the performance of Variational Quantum Algorithms.pdf,Mamedaliev et al.,yes,yes,strong,plus-minus-value,4,"ard the VQA as a solver; otherwise, 30000 0.40±0.05 0.30±0.05 0.71±0.05 0.70±0.05 0.92±0.03 0 proceed to the next step. 40000 0.41±0.05 0.40±0.05 0.69±0.05 0.65±0.05 0.90±0.03 3) If R[ρ]<R , discard the VQA as a solver; otherwise, 60000 0.41±0.05 0.50±0.05 0.71±0.05 0.70±0.05 0.95±0.03 0 consider it a"
Mamedaliev et al. - 2026 - A framework to evaluate the performance of Variational Quantum Algorithms.pdf,Mamedaliev et al.,yes,yes,strong,plus-minus-value,4,"A as a solver; otherwise, 30000 0.40±0.05 0.30±0.05 0.71±0.05 0.70±0.05 0.92±0.03 0 proceed to the next step. 40000 0.41±0.05 0.40±0.05 0.69±0.05 0.65±0.05 0.90±0.03 3) If R[ρ]<R , discard the VQA as a solver; otherwise, 60000 0.41±0.05 0.50±0.05 0.71±0.05 0.70±0.05 0.95±0.03 0 consider it a well-suit"
Mamedaliev et al. - 2026 - A framework to evaluate the performance of Variational Quantum Algorithms.pdf,Mamedaliev et al.,yes,yes,strong,plus-minus-value,4,"ver; otherwise, 30000 0.40±0.05 0.30±0.05 0.71±0.05 0.70±0.05 0.92±0.03 0 proceed to the next step. 40000 0.41±0.05 0.40±0.05 0.69±0.05 0.65±0.05 0.90±0.03 3) If R[ρ]<R , discard the VQA as a solver; otherwise, 60000 0.41±0.05 0.50±0.05 0.71±0.05 0.70±0.05 0.95±0.03 0 consider it a well-suited solver."
Mamedaliev et al. - 2026 - A framework to evaluate the performance of Variational Quantum Algorithms.pdf,Mamedaliev et al.,yes,yes,strong,plus-minus-value,4,"0 proceed to the next step. 40000 0.41±0.05 0.40±0.05 0.69±0.05 0.65±0.05 0.90±0.03 3) If R[ρ]<R , discard the VQA as a solver; otherwise, 60000 0.41±0.05 0.50±0.05 0.71±0.05 0.70±0.05 0.95±0.03 0 consider it a well-suited solver. 80000 0.38±0.05 0.55±0.05 0.74±0.05 0.72±0.05 0.93±0.03 100000 0.40±0."
Mamedaliev et al. - 2026 - A framework to evaluate the performance of Variational Quantum Algorithms.pdf,Mamedaliev et al.,yes,yes,strong,plus-minus-value,4,"to the next step. 40000 0.41±0.05 0.40±0.05 0.69±0.05 0.65±0.05 0.90±0.03 3) If R[ρ]<R , discard the VQA as a solver; otherwise, 60000 0.41±0.05 0.50±0.05 0.71±0.05 0.70±0.05 0.95±0.03 0 consider it a well-suited solver. 80000 0.38±0.05 0.55±0.05 0.74±0.05 0.72±0.05 0.93±0.03 100000 0.40±0.05 0.55±0."
Mamedaliev et al. - 2026 - A framework to evaluate the performance of Variational Quantum Algorithms.pdf,Mamedaliev et al.,yes,yes,strong,plus-minus-value,4,"xt step. 40000 0.41±0.05 0.40±0.05 0.69±0.05 0.65±0.05 0.90±0.03 3) If R[ρ]<R , discard the VQA as a solver; otherwise, 60000 0.41±0.05 0.50±0.05 0.71±0.05 0.70±0.05 0.95±0.03 0 consider it a well-suited solver. 80000 0.38±0.05 0.55±0.05 0.74±0.05 0.72±0.05 0.93±0.03 100000 0.40±0.05 0.55±0.05 0.75±0."
Mamedaliev et al. - 2026 - A framework to evaluate the performance of Variational Quantum Algorithms.pdf,Mamedaliev et al.,yes,yes,strong,plus-minus-value,4,"0000 0.41±0.05 0.40±0.05 0.69±0.05 0.65±0.05 0.90±0.03 3) If R[ρ]<R , discard the VQA as a solver; otherwise, 60000 0.41±0.05 0.50±0.05 0.71±0.05 0.70±0.05 0.95±0.03 0 consider it a well-suited solver. 80000 0.38±0.05 0.55±0.05 0.74±0.05 0.72±0.05 0.93±0.03 100000 0.40±0.05 0.55±0.05 0.75±0.05 0.76±0."
Mamedaliev et al. - 2026 - A framework to evaluate the performance of Variational Quantum Algorithms.pdf,Mamedaliev et al.,yes,yes,strong,plus-minus-value,4,"0.05 0.40±0.05 0.69±0.05 0.65±0.05 0.90±0.03 3) If R[ρ]<R , discard the VQA as a solver; otherwise, 60000 0.41±0.05 0.50±0.05 0.71±0.05 0.70±0.05 0.95±0.03 0 consider it a well-suited solver. 80000 0.38±0.05 0.55±0.05 0.74±0.05 0.72±0.05 0.93±0.03 100000 0.40±0.05 0.55±0.05 0.75±0.05 0.76±0.05 0.95±0."
Mamedaliev et al. - 2026 - A framework to evaluate the performance of Variational Quantum Algorithms.pdf,Mamedaliev et al.,yes,yes,strong,plus-minus-value,4,"[ρ]<R , discard the VQA as a solver; otherwise, 60000 0.41±0.05 0.50±0.05 0.71±0.05 0.70±0.05 0.95±0.03 0 consider it a well-suited solver. 80000 0.38±0.05 0.55±0.05 0.74±0.05 0.72±0.05 0.93±0.03 100000 0.40±0.05 0.55±0.05 0.75±0.05 0.76±0.05 0.95±0.03 This approach enables us to classify VQAs accordi"
Mamedaliev et al. - 2026 - A framework to evaluate the performance of Variational Quantum Algorithms.pdf,Mamedaliev et al.,yes,yes,strong,plus-minus-value,4,"scard the VQA as a solver; otherwise, 60000 0.41±0.05 0.50±0.05 0.71±0.05 0.70±0.05 0.95±0.03 0 consider it a well-suited solver. 80000 0.38±0.05 0.55±0.05 0.74±0.05 0.72±0.05 0.93±0.03 100000 0.40±0.05 0.55±0.05 0.75±0.05 0.76±0.05 0.95±0.03 This approach enables us to classify VQAs according to thei"
Mamedaliev et al. - 2026 - A framework to evaluate the performance of Variational Quantum Algorithms.pdf,Mamedaliev et al.,yes,yes,strong,plus-minus-value,4,"VQA as a solver; otherwise, 60000 0.41±0.05 0.50±0.05 0.71±0.05 0.70±0.05 0.95±0.03 0 consider it a well-suited solver. 80000 0.38±0.05 0.55±0.05 0.74±0.05 0.72±0.05 0.93±0.03 100000 0.40±0.05 0.55±0.05 0.75±0.05 0.76±0.05 0.95±0.03 This approach enables us to classify VQAs according to their performa"
Mamedaliev et al. - 2026 - A framework to evaluate the performance of Variational Quantum Algorithms.pdf,Mamedaliev et al.,yes,yes,strong,plus-minus-value,4,"olver; otherwise, 60000 0.41±0.05 0.50±0.05 0.71±0.05 0.70±0.05 0.95±0.03 0 consider it a well-suited solver. 80000 0.38±0.05 0.55±0.05 0.74±0.05 0.72±0.05 0.93±0.03 100000 0.40±0.05 0.55±0.05 0.75±0.05 0.76±0.05 0.95±0.03 This approach enables us to classify VQAs according to their performance in sol"
Mamedaliev et al. - 2026 - A framework to evaluate the performance of Variational Quantum Algorithms.pdf,Mamedaliev et al.,yes,yes,strong,plus-minus-value,4,"erwise, 60000 0.41±0.05 0.50±0.05 0.71±0.05 0.70±0.05 0.95±0.03 0 consider it a well-suited solver. 80000 0.38±0.05 0.55±0.05 0.74±0.05 0.72±0.05 0.93±0.03 100000 0.40±0.05 0.55±0.05 0.75±0.05 0.76±0.05 0.95±0.03 This approach enables us to classify VQAs according to their performance in solving QUBO"
Mamedaliev et al. - 2026 - A framework to evaluate the performance of Variational Quantum Algorithms.pdf,Mamedaliev et al.,yes,yes,strong,plus-minus-value,4,1±0.05 0.50±0.05 0.71±0.05 0.70±0.05 0.95±0.03 0 consider it a well-suited solver. 80000 0.38±0.05 0.55±0.05 0.74±0.05 0.72±0.05 0.93±0.03 100000 0.40±0.05 0.55±0.05 0.75±0.05 0.76±0.05 0.95±0.03 This approach enables us to classify VQAs according to their performance in solving QUBO problems. In the
Mamedaliev et al. - 2026 - A framework to evaluate the performance of Variational Quantum Algorithms.pdf,Mamedaliev et al.,yes,yes,strong,plus-minus-value,4,0±0.05 0.71±0.05 0.70±0.05 0.95±0.03 0 consider it a well-suited solver. 80000 0.38±0.05 0.55±0.05 0.74±0.05 0.72±0.05 0.93±0.03 100000 0.40±0.05 0.55±0.05 0.75±0.05 0.76±0.05 0.95±0.03 This approach enables us to classify VQAs according to their performance in solving QUBO problems. In the next secti
Mamedaliev et al. - 2026 - A framework to evaluate the performance of Variational Quantum Algorithms.pdf,Mamedaliev et al.,yes,yes,strong,plus-minus-value,4,"1±0.05 0.70±0.05 0.95±0.03 0 consider it a well-suited solver. 80000 0.38±0.05 0.55±0.05 0.74±0.05 0.72±0.05 0.93±0.03 100000 0.40±0.05 0.55±0.05 0.75±0.05 0.76±0.05 0.95±0.03 This approach enables us to classify VQAs according to their performance in solving QUBO problems. In the next section, we pre"
Mamedaliev et al. - 2026 - A framework to evaluate the performance of Variational Quantum Algorithms.pdf,Mamedaliev et al.,yes,yes,strong,plus-minus-value,4,"0±0.05 0.95±0.03 0 consider it a well-suited solver. 80000 0.38±0.05 0.55±0.05 0.74±0.05 0.72±0.05 0.93±0.03 100000 0.40±0.05 0.55±0.05 0.75±0.05 0.76±0.05 0.95±0.03 This approach enables us to classify VQAs according to their performance in solving QUBO problems. In the next section, we present a spe"
Mamedaliev et al. - 2026 - A framework to evaluate the performance of Variational Quantum Algorithms.pdf,Mamedaliev et al.,yes,yes,strong,plus-minus-value,4,"5±0.03 0 consider it a well-suited solver. 80000 0.38±0.05 0.55±0.05 0.74±0.05 0.72±0.05 0.93±0.03 100000 0.40±0.05 0.55±0.05 0.75±0.05 0.76±0.05 0.95±0.03 This approach enables us to classify VQAs according to their performance in solving QUBO problems. In the next section, we present a specific QUBO"
Mamedaliev et al. - 2026 - A framework to evaluate the performance of Variational Quantum Algorithms.pdf,Mamedaliev et al.,yes,yes,strong,plus-minus-value,5,"TABLEII QUALITIESOFVQAS,FORDIFFERENTsANDαVALUES,WITHA CONFIDENCELEVELOF95%. s\α 0.15 0.25 0.50 0.75 1.00 1000 0.15±0.04 0.25±0.05 0.50±0.07 0.53±0.08 0.20±0.05 5000 0.34±0.05 0.34±0.05 0.75±0.07 1.31±0.09 1.03±0.08 10000 0.45±0.05 0.26±0.05 0.80±0.07 1.41±0.09 1.20±"
Mamedaliev et al. - 2026 - A framework to evaluate the performance of Variational Quantum Algorithms.pdf,Mamedaliev et al.,yes,yes,strong,plus-minus-value,5,"TABLEII QUALITIESOFVQAS,FORDIFFERENTsANDαVALUES,WITHA CONFIDENCELEVELOF95%. s\α 0.15 0.25 0.50 0.75 1.00 1000 0.15±0.04 0.25±0.05 0.50±0.07 0.53±0.08 0.20±0.05 5000 0.34±0.05 0.34±0.05 0.75±0.07 1.31±0.09 1.03±0.08 10000 0.45±0.05 0.26±0.05 0.80±0.07 1.41±0.09 1.20±0.07 20000"
Mamedaliev et al. - 2026 - A framework to evaluate the performance of Variational Quantum Algorithms.pdf,Mamedaliev et al.,yes,yes,strong,plus-minus-value,5,"TABLEII QUALITIESOFVQAS,FORDIFFERENTsANDαVALUES,WITHA CONFIDENCELEVELOF95%. s\α 0.15 0.25 0.50 0.75 1.00 1000 0.15±0.04 0.25±0.05 0.50±0.07 0.53±0.08 0.20±0.05 5000 0.34±0.05 0.34±0.05 0.75±0.07 1.31±0.09 1.03±0.08 10000 0.45±0.05 0.26±0.05 0.80±0.07 1.41±0.09 1.20±0.07 20000 0.39±0.05"
Mamedaliev et al. - 2026 - A framework to evaluate the performance of Variational Quantum Algorithms.pdf,Mamedaliev et al.,yes,yes,strong,plus-minus-value,5,"TABLEII QUALITIESOFVQAS,FORDIFFERENTsANDαVALUES,WITHA CONFIDENCELEVELOF95%. s\α 0.15 0.25 0.50 0.75 1.00 1000 0.15±0.04 0.25±0.05 0.50±0.07 0.53±0.08 0.20±0.05 5000 0.34±0.05 0.34±0.05 0.75±0.07 1.31±0.09 1.03±0.08 10000 0.45±0.05 0.26±0.05 0.80±0.07 1.41±0.09 1.20±0.07 20000 0.39±0.05 0.26±0.05"
Mamedaliev et al. - 2026 - A framework to evaluate the performance of Variational Quantum Algorithms.pdf,Mamedaliev et al.,yes,yes,strong,plus-minus-value,5,"EII QUALITIESOFVQAS,FORDIFFERENTsANDαVALUES,WITHA CONFIDENCELEVELOF95%. s\α 0.15 0.25 0.50 0.75 1.00 1000 0.15±0.04 0.25±0.05 0.50±0.07 0.53±0.08 0.20±0.05 5000 0.34±0.05 0.34±0.05 0.75±0.07 1.31±0.09 1.03±0.08 10000 0.45±0.05 0.26±0.05 0.80±0.07 1.41±0.09 1.20±0.07 20000 0.39±0.05 0.26±0.05 0.94±0.07"
Mamedaliev et al. - 2026 - A framework to evaluate the performance of Variational Quantum Algorithms.pdf,Mamedaliev et al.,yes,yes,strong,plus-minus-value,5,"VQAS,FORDIFFERENTsANDαVALUES,WITHA CONFIDENCELEVELOF95%. s\α 0.15 0.25 0.50 0.75 1.00 1000 0.15±0.04 0.25±0.05 0.50±0.07 0.53±0.08 0.20±0.05 5000 0.34±0.05 0.34±0.05 0.75±0.07 1.31±0.09 1.03±0.08 10000 0.45±0.05 0.26±0.05 0.80±0.07 1.41±0.09 1.20±0.07 20000 0.39±0.05 0.26±0.05 0.94±0.07 1.34±0.09 1.32"
Mamedaliev et al. - 2026 - A framework to evaluate the performance of Variational Quantum Algorithms.pdf,Mamedaliev et al.,yes,yes,strong,plus-minus-value,5,"FFERENTsANDαVALUES,WITHA CONFIDENCELEVELOF95%. s\α 0.15 0.25 0.50 0.75 1.00 1000 0.15±0.04 0.25±0.05 0.50±0.07 0.53±0.08 0.20±0.05 5000 0.34±0.05 0.34±0.05 0.75±0.07 1.31±0.09 1.03±0.08 10000 0.45±0.05 0.26±0.05 0.80±0.07 1.41±0.09 1.20±0.07 20000 0.39±0.05 0.26±0.05 0.94±0.07 1.34±0.09 1.32±0.06 3000"
Mamedaliev et al. - 2026 - A framework to evaluate the performance of Variational Quantum Algorithms.pdf,Mamedaliev et al.,yes,yes,strong,plus-minus-value,5,"DαVALUES,WITHA CONFIDENCELEVELOF95%. s\α 0.15 0.25 0.50 0.75 1.00 1000 0.15±0.04 0.25±0.05 0.50±0.07 0.53±0.08 0.20±0.05 5000 0.34±0.05 0.34±0.05 0.75±0.07 1.31±0.09 1.03±0.08 10000 0.45±0.05 0.26±0.05 0.80±0.07 1.41±0.09 1.20±0.07 20000 0.39±0.05 0.26±0.05 0.94±0.07 1.34±0.09 1.32±0.06 30000 0.40±0.0"
Mamedaliev et al. - 2026 - A framework to evaluate the performance of Variational Quantum Algorithms.pdf,Mamedaliev et al.,yes,yes,strong,plus-minus-value,5,ITHA CONFIDENCELEVELOF95%. s\α 0.15 0.25 0.50 0.75 1.00 1000 0.15±0.04 0.25±0.05 0.50±0.07 0.53±0.08 0.20±0.05 5000 0.34±0.05 0.34±0.05 0.75±0.07 1.31±0.09 1.03±0.08 10000 0.45±0.05 0.26±0.05 0.80±0.07 1.41±0.09 1.20±0.07 20000 0.39±0.05 0.26±0.05 0.94±0.07 1.34±0.09 1.32±0.06 30000 0.40±0.05 0.32±0.0
Mamedaliev et al. - 2026 - A framework to evaluate the performance of Variational Quantum Algorithms.pdf,Mamedaliev et al.,yes,yes,strong,plus-minus-value,5,DENCELEVELOF95%. s\α 0.15 0.25 0.50 0.75 1.00 1000 0.15±0.04 0.25±0.05 0.50±0.07 0.53±0.08 0.20±0.05 5000 0.34±0.05 0.34±0.05 0.75±0.07 1.31±0.09 1.03±0.08 10000 0.45±0.05 0.26±0.05 0.80±0.07 1.41±0.09 1.20±0.07 20000 0.39±0.05 0.26±0.05 0.94±0.07 1.34±0.09 1.32±0.06 30000 0.40±0.05 0.32±0.05 0.96±0.0
Mamedaliev et al. - 2026 - A framework to evaluate the performance of Variational Quantum Algorithms.pdf,Mamedaliev et al.,yes,yes,strong,plus-minus-value,5,s\α 0.15 0.25 0.50 0.75 1.00 1000 0.15±0.04 0.25±0.05 0.50±0.07 0.53±0.08 0.20±0.05 5000 0.34±0.05 0.34±0.05 0.75±0.07 1.31±0.09 1.03±0.08 10000 0.45±0.05 0.26±0.05 0.80±0.07 1.41±0.09 1.20±0.07 20000 0.39±0.05 0.26±0.05 0.94±0.07 1.34±0.09 1.32±0.06 30000 0.40±0.05 0.32±0.05 0.96±0.07 1.33±0.09 1.36
Mamedaliev et al. - 2026 - A framework to evaluate the performance of Variational Quantum Algorithms.pdf,Mamedaliev et al.,yes,yes,strong,plus-minus-value,5,0.25 0.50 0.75 1.00 1000 0.15±0.04 0.25±0.05 0.50±0.07 0.53±0.08 0.20±0.05 5000 0.34±0.05 0.34±0.05 0.75±0.07 1.31±0.09 1.03±0.08 10000 0.45±0.05 0.26±0.05 0.80±0.07 1.41±0.09 1.20±0.07 20000 0.39±0.05 0.26±0.05 0.94±0.07 1.34±0.09 1.32±0.06 30000 0.40±0.05 0.32±0.05 0.96±0.07 1.33±0.09 1.36±0.05 4000
Mamedaliev et al. - 2026 - A framework to evaluate the performance of Variational Quantum Algorithms.pdf,Mamedaliev et al.,yes,yes,strong,plus-minus-value,5,0.75 1.00 1000 0.15±0.04 0.25±0.05 0.50±0.07 0.53±0.08 0.20±0.05 5000 0.34±0.05 0.34±0.05 0.75±0.07 1.31±0.09 1.03±0.08 10000 0.45±0.05 0.26±0.05 0.80±0.07 1.41±0.09 1.20±0.07 20000 0.39±0.05 0.26±0.05 0.94±0.07 1.34±0.09 1.32±0.06 30000 0.40±0.05 0.32±0.05 0.96±0.07 1.33±0.09 1.36±0.05 40000 0.41±0.0
Mamedaliev et al. - 2026 - A framework to evaluate the performance of Variational Quantum Algorithms.pdf,Mamedaliev et al.,yes,yes,strong,plus-minus-value,5,1000 0.15±0.04 0.25±0.05 0.50±0.07 0.53±0.08 0.20±0.05 5000 0.34±0.05 0.34±0.05 0.75±0.07 1.31±0.09 1.03±0.08 10000 0.45±0.05 0.26±0.05 0.80±0.07 1.41±0.09 1.20±0.07 20000 0.39±0.05 0.26±0.05 0.94±0.07 1.34±0.09 1.32±0.06 30000 0.40±0.05 0.32±0.05 0.96±0.07 1.33±0.09 1.36±0.05 40000 0.41±0.05 0.42±0.0
Mamedaliev et al. - 2026 - A framework to evaluate the performance of Variational Quantum Algorithms.pdf,Mamedaliev et al.,yes,yes,strong,plus-minus-value,5,0.04 0.25±0.05 0.50±0.07 0.53±0.08 0.20±0.05 5000 0.34±0.05 0.34±0.05 0.75±0.07 1.31±0.09 1.03±0.08 10000 0.45±0.05 0.26±0.05 0.80±0.07 1.41±0.09 1.20±0.07 20000 0.39±0.05 0.26±0.05 0.94±0.07 1.34±0.09 1.32±0.06 30000 0.40±0.05 0.32±0.05 0.96±0.07 1.33±0.09 1.36±0.05 40000 0.41±0.05 0.42±0.06 0.92±0.0
Mamedaliev et al. - 2026 - A framework to evaluate the performance of Variational Quantum Algorithms.pdf,Mamedaliev et al.,yes,yes,strong,plus-minus-value,5,.50±0.07 0.53±0.08 0.20±0.05 5000 0.34±0.05 0.34±0.05 0.75±0.07 1.31±0.09 1.03±0.08 10000 0.45±0.05 0.26±0.05 0.80±0.07 1.41±0.09 1.20±0.07 20000 0.39±0.05 0.26±0.05 0.94±0.07 1.34±0.09 1.32±0.06 30000 0.40±0.05 0.32±0.05 0.96±0.07 1.33±0.09 1.36±0.05 40000 0.41±0.05 0.42±0.06 0.92±0.07 1.30±0.10 1.32
Mamedaliev et al. - 2026 - A framework to evaluate the performance of Variational Quantum Algorithms.pdf,Mamedaliev et al.,yes,yes,strong,plus-minus-value,5,.53±0.08 0.20±0.05 5000 0.34±0.05 0.34±0.05 0.75±0.07 1.31±0.09 1.03±0.08 10000 0.45±0.05 0.26±0.05 0.80±0.07 1.41±0.09 1.20±0.07 20000 0.39±0.05 0.26±0.05 0.94±0.07 1.34±0.09 1.32±0.06 30000 0.40±0.05 0.32±0.05 0.96±0.07 1.33±0.09 1.36±0.05 40000 0.41±0.05 0.42±0.06 0.92±0.07 1.30±0.10 1.32±0.05 6000
Mamedaliev et al. - 2026 - A framework to evaluate the performance of Variational Quantum Algorithms.pdf,Mamedaliev et al.,yes,yes,strong,plus-minus-value,5,.20±0.05 5000 0.34±0.05 0.34±0.05 0.75±0.07 1.31±0.09 1.03±0.08 10000 0.45±0.05 0.26±0.05 0.80±0.07 1.41±0.09 1.20±0.07 20000 0.39±0.05 0.26±0.05 0.94±0.07 1.34±0.09 1.32±0.06 30000 0.40±0.05 0.32±0.05 0.96±0.07 1.33±0.09 1.36±0.05 40000 0.41±0.05 0.42±0.06 0.92±0.07 1.30±0.10 1.32±0.05 60000 0.40±0.0
Mamedaliev et al. - 2026 - A framework to evaluate the performance of Variational Quantum Algorithms.pdf,Mamedaliev et al.,yes,yes,strong,plus-minus-value,5,000 0.34±0.05 0.34±0.05 0.75±0.07 1.31±0.09 1.03±0.08 10000 0.45±0.05 0.26±0.05 0.80±0.07 1.41±0.09 1.20±0.07 20000 0.39±0.05 0.26±0.05 0.94±0.07 1.34±0.09 1.32±0.06 30000 0.40±0.05 0.32±0.05 0.96±0.07 1.33±0.09 1.36±0.05 40000 0.41±0.05 0.42±0.06 0.92±0.07 1.30±0.10 1.32±0.05 60000 0.40±0.05 0.52±0.0
Mamedaliev et al. - 2026 - A framework to evaluate the performance of Variational Quantum Algorithms.pdf,Mamedaliev et al.,yes,yes,strong,plus-minus-value,5,.05 0.34±0.05 0.75±0.07 1.31±0.09 1.03±0.08 10000 0.45±0.05 0.26±0.05 0.80±0.07 1.41±0.09 1.20±0.07 20000 0.39±0.05 0.26±0.05 0.94±0.07 1.34±0.09 1.32±0.06 30000 0.40±0.05 0.32±0.05 0.96±0.07 1.33±0.09 1.36±0.05 40000 0.41±0.05 0.42±0.06 0.92±0.07 1.30±0.10 1.32±0.05 60000 0.40±0.05 0.52±0.06 0.97±0.0
Mamedaliev et al. - 2026 - A framework to evaluate the performance of Variational Quantum Algorithms.pdf,Mamedaliev et al.,yes,yes,strong,plus-minus-value,5,75±0.07 1.31±0.09 1.03±0.08 10000 0.45±0.05 0.26±0.05 0.80±0.07 1.41±0.09 1.20±0.07 20000 0.39±0.05 0.26±0.05 0.94±0.07 1.34±0.09 1.32±0.06 30000 0.40±0.05 0.32±0.05 0.96±0.07 1.33±0.09 1.36±0.05 40000 0.41±0.05 0.42±0.06 0.92±0.07 1.30±0.10 1.32±0.05 60000 0.40±0.05 0.52±0.06 0.97±0.07 1.34±0.09 1.40
Mamedaliev et al. - 2026 - A framework to evaluate the performance of Variational Quantum Algorithms.pdf,Mamedaliev et al.,yes,yes,strong,plus-minus-value,5,31±0.09 1.03±0.08 10000 0.45±0.05 0.26±0.05 0.80±0.07 1.41±0.09 1.20±0.07 20000 0.39±0.05 0.26±0.05 0.94±0.07 1.34±0.09 1.32±0.06 30000 0.40±0.05 0.32±0.05 0.96±0.07 1.33±0.09 1.36±0.05 40000 0.41±0.05 0.42±0.06 0.92±0.07 1.30±0.10 1.32±0.05 60000 0.40±0.05 0.52±0.06 0.97±0.07 1.34±0.09 1.40±0.04 8000
Mamedaliev et al. - 2026 - A framework to evaluate the performance of Variational Quantum Algorithms.pdf,Mamedaliev et al.,yes,yes,strong,plus-minus-value,5,03±0.08 10000 0.45±0.05 0.26±0.05 0.80±0.07 1.41±0.09 1.20±0.07 20000 0.39±0.05 0.26±0.05 0.94±0.07 1.34±0.09 1.32±0.06 30000 0.40±0.05 0.32±0.05 0.96±0.07 1.33±0.09 1.36±0.05 40000 0.41±0.05 0.42±0.06 0.92±0.07 1.30±0.10 1.32±0.05 60000 0.40±0.05 0.52±0.06 0.97±0.07 1.34±0.09 1.40±0.04 80000 0.37±0.0
Mamedaliev et al. - 2026 - A framework to evaluate the performance of Variational Quantum Algorithms.pdf,Mamedaliev et al.,yes,yes,strong,plus-minus-value,5,000 0.45±0.05 0.26±0.05 0.80±0.07 1.41±0.09 1.20±0.07 20000 0.39±0.05 0.26±0.05 0.94±0.07 1.34±0.09 1.32±0.06 30000 0.40±0.05 0.32±0.05 0.96±0.07 1.33±0.09 1.36±0.05 40000 0.41±0.05 0.42±0.06 0.92±0.07 1.30±0.10 1.32±0.05 60000 0.40±0.05 0.52±0.06 0.97±0.07 1.34±0.09 1.40±0.04 80000 0.37±0.05 0.58±0.0
Mamedaliev et al. - 2026 - A framework to evaluate the performance of Variational Quantum Algorithms.pdf,Mamedaliev et al.,yes,yes,strong,plus-minus-value,5,.05 0.26±0.05 0.80±0.07 1.41±0.09 1.20±0.07 20000 0.39±0.05 0.26±0.05 0.94±0.07 1.34±0.09 1.32±0.06 30000 0.40±0.05 0.32±0.05 0.96±0.07 1.33±0.09 1.36±0.05 40000 0.41±0.05 0.42±0.06 0.92±0.07 1.30±0.10 1.32±0.05 60000 0.40±0.05 0.52±0.06 0.97±0.07 1.34±0.09 1.40±0.04 80000 0.37±0.05 0.58±0.06 1.01±0.0
Mamedaliev et al. - 2026 - A framework to evaluate the performance of Variational Quantum Algorithms.pdf,Mamedaliev et al.,yes,yes,strong,plus-minus-value,5,80±0.07 1.41±0.09 1.20±0.07 20000 0.39±0.05 0.26±0.05 0.94±0.07 1.34±0.09 1.32±0.06 30000 0.40±0.05 0.32±0.05 0.96±0.07 1.33±0.09 1.36±0.05 40000 0.41±0.05 0.42±0.06 0.92±0.07 1.30±0.10 1.32±0.05 60000 0.40±0.05 0.52±0.06 0.97±0.07 1.34±0.09 1.40±0.04 80000 0.37±0.05 0.58±0.06 1.01±0.06 1.39±0.09 1.34
Mamedaliev et al. - 2026 - A framework to evaluate the performance of Variational Quantum Algorithms.pdf,Mamedaliev et al.,yes,yes,strong,plus-minus-value,5,41±0.09 1.20±0.07 20000 0.39±0.05 0.26±0.05 0.94±0.07 1.34±0.09 1.32±0.06 30000 0.40±0.05 0.32±0.05 0.96±0.07 1.33±0.09 1.36±0.05 40000 0.41±0.05 0.42±0.06 0.92±0.07 1.30±0.10 1.32±0.05 60000 0.40±0.05 0.52±0.06 0.97±0.07 1.34±0.09 1.40±0.04 80000 0.37±0.05 0.58±0.06 1.01±0.06 1.39±0.09 1.34±0.05 Fig.
Mamedaliev et al. - 2026 - A framework to evaluate the performance of Variational Quantum Algorithms.pdf,Mamedaliev et al.,yes,yes,strong,plus-minus-value,5,20±0.07 20000 0.39±0.05 0.26±0.05 0.94±0.07 1.34±0.09 1.32±0.06 30000 0.40±0.05 0.32±0.05 0.96±0.07 1.33±0.09 1.36±0.05 40000 0.41±0.05 0.42±0.06 0.92±0.07 1.30±0.10 1.32±0.05 60000 0.40±0.05 0.52±0.06 0.97±0.07 1.34±0.09 1.40±0.04 80000 0.37±0.05 0.58±0.06 1.01±0.06 1.39±0.09 1.34±0.05 Fig. 4. Scalin
Mamedaliev et al. - 2026 - A framework to evaluate the performance of Variational Quantum Algorithms.pdf,Mamedaliev et al.,yes,yes,strong,plus-minus-value,5,000 0.39±0.05 0.26±0.05 0.94±0.07 1.34±0.09 1.32±0.06 30000 0.40±0.05 0.32±0.05 0.96±0.07 1.33±0.09 1.36±0.05 40000 0.41±0.05 0.42±0.06 0.92±0.07 1.30±0.10 1.32±0.05 60000 0.40±0.05 0.52±0.06 0.97±0.07 1.34±0.09 1.40±0.04 80000 0.37±0.05 0.58±0.06 1.01±0.06 1.39±0.09 1.34±0.05 Fig. 4. Scaling of repro
Mamedaliev et al. - 2026 - A framework to evaluate the performance of Variational Quantum Algorithms.pdf,Mamedaliev et al.,yes,yes,strong,plus-minus-value,5,.05 0.26±0.05 0.94±0.07 1.34±0.09 1.32±0.06 30000 0.40±0.05 0.32±0.05 0.96±0.07 1.33±0.09 1.36±0.05 40000 0.41±0.05 0.42±0.06 0.92±0.07 1.30±0.10 1.32±0.05 60000 0.40±0.05 0.52±0.06 0.97±0.07 1.34±0.09 1.40±0.04 80000 0.37±0.05 0.58±0.06 1.01±0.06 1.39±0.09 1.34±0.05 Fig. 4. Scaling of reproducibility
Mamedaliev et al. - 2026 - A framework to evaluate the performance of Variational Quantum Algorithms.pdf,Mamedaliev et al.,yes,yes,strong,plus-minus-value,5,94±0.07 1.34±0.09 1.32±0.06 30000 0.40±0.05 0.32±0.05 0.96±0.07 1.33±0.09 1.36±0.05 40000 0.41±0.05 0.42±0.06 0.92±0.07 1.30±0.10 1.32±0.05 60000 0.40±0.05 0.52±0.06 0.97±0.07 1.34±0.09 1.40±0.04 80000 0.37±0.05 0.58±0.06 1.01±0.06 1.39±0.09 1.34±0.05 Fig. 4. Scaling of reproducibility with s for ever
Mamedaliev et al. - 2026 - A framework to evaluate the performance of Variational Quantum Algorithms.pdf,Mamedaliev et al.,yes,yes,strong,plus-minus-value,5,34±0.09 1.32±0.06 30000 0.40±0.05 0.32±0.05 0.96±0.07 1.33±0.09 1.36±0.05 40000 0.41±0.05 0.42±0.06 0.92±0.07 1.30±0.10 1.32±0.05 60000 0.40±0.05 0.52±0.06 0.97±0.07 1.34±0.09 1.40±0.04 80000 0.37±0.05 0.58±0.06 1.01±0.06 1.39±0.09 1.34±0.05 Fig. 4. Scaling of reproducibility with s for every cost fun
Mamedaliev et al. - 2026 - A framework to evaluate the performance of Variational Quantum Algorithms.pdf,Mamedaliev et al.,yes,yes,strong,plus-minus-value,5,32±0.06 30000 0.40±0.05 0.32±0.05 0.96±0.07 1.33±0.09 1.36±0.05 40000 0.41±0.05 0.42±0.06 0.92±0.07 1.30±0.10 1.32±0.05 60000 0.40±0.05 0.52±0.06 0.97±0.07 1.34±0.09 1.40±0.04 80000 0.37±0.05 0.58±0.06 1.01±0.06 1.39±0.09 1.34±0.05 Fig. 4. Scaling of reproducibility with s for every cost function CVaR
Mamedaliev et al. - 2026 - A framework to evaluate the performance of Variational Quantum Algorithms.pdf,Mamedaliev et al.,yes,yes,strong,plus-minus-value,5,000 0.40±0.05 0.32±0.05 0.96±0.07 1.33±0.09 1.36±0.05 40000 0.41±0.05 0.42±0.06 0.92±0.07 1.30±0.10 1.32±0.05 60000 0.40±0.05 0.52±0.06 0.97±0.07 1.34±0.09 1.40±0.04 80000 0.37±0.05 0.58±0.06 1.01±0.06 1.39±0.09 1.34±0.05 Fig. 4. Scaling of reproducibility with s for every cost function CVaRα consider
Mamedaliev et al. - 2026 - A framework to evaluate the performance of Variational Quantum Algorithms.pdf,Mamedaliev et al.,yes,yes,strong,plus-minus-value,5,.05 0.32±0.05 0.96±0.07 1.33±0.09 1.36±0.05 40000 0.41±0.05 0.42±0.06 0.92±0.07 1.30±0.10 1.32±0.05 60000 0.40±0.05 0.52±0.06 0.97±0.07 1.34±0.09 1.40±0.04 80000 0.37±0.05 0.58±0.06 1.01±0.06 1.39±0.09 1.34±0.05 Fig. 4. Scaling of reproducibility with s for every cost function CVaRα considered. 100000
Mamedaliev et al. - 2026 - A framework to evaluate the performance of Variational Quantum Algorithms.pdf,Mamedaliev et al.,yes,yes,strong,plus-minus-value,5,96±0.07 1.33±0.09 1.36±0.05 40000 0.41±0.05 0.42±0.06 0.92±0.07 1.30±0.10 1.32±0.05 60000 0.40±0.05 0.52±0.06 0.97±0.07 1.34±0.09 1.40±0.04 80000 0.37±0.05 0.58±0.06 1.01±0.06 1.39±0.09 1.34±0.05 Fig. 4. Scaling of reproducibility with s for every cost function CVaRα considered. 100000 0.40±0.05 0.59±
Mamedaliev et al. - 2026 - A framework to evaluate the performance of Variational Quantum Algorithms.pdf,Mamedaliev et al.,yes,yes,strong,plus-minus-value,5,33±0.09 1.36±0.05 40000 0.41±0.05 0.42±0.06 0.92±0.07 1.30±0.10 1.32±0.05 60000 0.40±0.05 0.52±0.06 0.97±0.07 1.34±0.09 1.40±0.04 80000 0.37±0.05 0.58±0.06 1.01±0.06 1.39±0.09 1.34±0.05 Fig. 4. Scaling of reproducibility with s for every cost function CVaRα considered. 100000 0.40±0.05 0.59±0.06 1.02±
Mamedaliev et al. - 2026 - A framework to evaluate the performance of Variational Quantum Algorithms.pdf,Mamedaliev et al.,yes,yes,strong,plus-minus-value,5,36±0.05 40000 0.41±0.05 0.42±0.06 0.92±0.07 1.30±0.10 1.32±0.05 60000 0.40±0.05 0.52±0.06 0.97±0.07 1.34±0.09 1.40±0.04 80000 0.37±0.05 0.58±0.06 1.01±0.06 1.39±0.09 1.34±0.05 Fig. 4. Scaling of reproducibility with s for every cost function CVaRα considered. 100000 0.40±0.05 0.59±0.06 1.02±0.06 1.46±
Mamedaliev et al. - 2026 - A framework to evaluate the performance of Variational Quantum Algorithms.pdf,Mamedaliev et al.,yes,yes,strong,plus-minus-value,5,000 0.41±0.05 0.42±0.06 0.92±0.07 1.30±0.10 1.32±0.05 60000 0.40±0.05 0.52±0.06 0.97±0.07 1.34±0.09 1.40±0.04 80000 0.37±0.05 0.58±0.06 1.01±0.06 1.39±0.09 1.34±0.05 Fig. 4. Scaling of reproducibility with s for every cost function CVaRα considered. 100000 0.40±0.05 0.59±0.06 1.02±0.06 1.46±0.09 1.38±
Mamedaliev et al. - 2026 - A framework to evaluate the performance of Variational Quantum Algorithms.pdf,Mamedaliev et al.,yes,yes,strong,plus-minus-value,5,.05 0.42±0.06 0.92±0.07 1.30±0.10 1.32±0.05 60000 0.40±0.05 0.52±0.06 0.97±0.07 1.34±0.09 1.40±0.04 80000 0.37±0.05 0.58±0.06 1.01±0.06 1.39±0.09 1.34±0.05 Fig. 4. Scaling of reproducibility with s for every cost function CVaRα considered. 100000 0.40±0.05 0.59±0.06 1.02±0.06 1.46±0.09 1.38±0.04 IV. D
Mamedaliev et al. - 2026 - A framework to evaluate the performance of Variational Quantum Algorithms.pdf,Mamedaliev et al.,yes,yes,strong,plus-minus-value,5,0000 0.37±0.05 0.58±0.06 1.01±0.06 1.39±0.09 1.34±0.05 Fig. 4. Scaling of reproducibility with s for every cost function CVaRα considered. 100000 0.40±0.05 0.59±0.06 1.02±0.06 1.46±0.09 1.38±0.04 IV. DISCUSSION The proposed framework introduces a structured method- ology for evaluating performance of
Mamedaliev et al. - 2026 - A framework to evaluate the performance of Variational Quantum Algorithms.pdf,Mamedaliev et al.,yes,yes,strong,plus-minus-value,5,0.05 0.58±0.06 1.01±0.06 1.39±0.09 1.34±0.05 Fig. 4. Scaling of reproducibility with s for every cost function CVaRα considered. 100000 0.40±0.05 0.59±0.06 1.02±0.06 1.46±0.09 1.38±0.04 IV. DISCUSSION The proposed framework introduces a structured method- ology for evaluating performance of VQAs appli
Mamedaliev et al. - 2026 - A framework to evaluate the performance of Variational Quantum Algorithms.pdf,Mamedaliev et al.,yes,yes,strong,plus-minus-value,5,0.06 1.01±0.06 1.39±0.09 1.34±0.05 Fig. 4. Scaling of reproducibility with s for every cost function CVaRα considered. 100000 0.40±0.05 0.59±0.06 1.02±0.06 1.46±0.09 1.38±0.04 IV. DISCUSSION The proposed framework introduces a structured method- ology for evaluating performance of VQAs applied to solv
Mamedaliev et al. - 2026 - A framework to evaluate the performance of Variational Quantum Algorithms.pdf,Mamedaliev et al.,yes,yes,strong,plus-minus-value,5,0.06 1.39±0.09 1.34±0.05 Fig. 4. Scaling of reproducibility with s for every cost function CVaRα considered. 100000 0.40±0.05 0.59±0.06 1.02±0.06 1.46±0.09 1.38±0.04 IV. DISCUSSION The proposed framework introduces a structured method- ology for evaluating performance of VQAs applied to solve QUBO pro
Mamedaliev et al. - 2026 - A framework to evaluate the performance of Variational Quantum Algorithms.pdf,Mamedaliev et al.,yes,yes,strong,plus-minus-value,5,"0.09 1.34±0.05 Fig. 4. Scaling of reproducibility with s for every cost function CVaRα considered. 100000 0.40±0.05 0.59±0.06 1.02±0.06 1.46±0.09 1.38±0.04 IV. DISCUSSION The proposed framework introduces a structured method- ology for evaluating performance of VQAs applied to solve QUBO problems, add"
Mamedaliev et al. - 2026 - A framework to evaluate the performance of Variational Quantum Algorithms.pdf,Mamedaliev et al.,yes,yes,strong,plus-minus-value,5,"becomesstochasticbecausethecostfunctionisestimatedfrom s\α 0.15 0.25 0.50 0.75 1.00 noisysamplesofthequantumcircuit’soutputdistribution.This 1000 0.69±0.02 0.66±0.03 0.54±0.03 0.51±0.03 0.61±0.03 noisepropagatesthroughtheoptimizationtrajectory,leadingto 5000 0.66±0.02 0.68±0.03 0.48±0.03 0.55±0.03 0.3"
Mamedaliev et al. - 2026 - A framework to evaluate the performance of Variational Quantum Algorithms.pdf,Mamedaliev et al.,yes,yes,strong,plus-minus-value,5,"chasticbecausethecostfunctionisestimatedfrom s\α 0.15 0.25 0.50 0.75 1.00 noisysamplesofthequantumcircuit’soutputdistribution.This 1000 0.69±0.02 0.66±0.03 0.54±0.03 0.51±0.03 0.61±0.03 noisepropagatesthroughtheoptimizationtrajectory,leadingto 5000 0.66±0.02 0.68±0.03 0.48±0.03 0.55±0.03 0.32±0.03 var"
Mamedaliev et al. - 2026 - A framework to evaluate the performance of Variational Quantum Algorithms.pdf,Mamedaliev et al.,yes,yes,strong,plus-minus-value,5,"ausethecostfunctionisestimatedfrom s\α 0.15 0.25 0.50 0.75 1.00 noisysamplesofthequantumcircuit’soutputdistribution.This 1000 0.69±0.02 0.66±0.03 0.54±0.03 0.51±0.03 0.61±0.03 noisepropagatesthroughtheoptimizationtrajectory,leadingto 5000 0.66±0.02 0.68±0.03 0.48±0.03 0.55±0.03 0.32±0.03 variability i"
Mamedaliev et al. - 2026 - A framework to evaluate the performance of Variational Quantum Algorithms.pdf,Mamedaliev et al.,yes,yes,strong,plus-minus-value,5,"tfunctionisestimatedfrom s\α 0.15 0.25 0.50 0.75 1.00 noisysamplesofthequantumcircuit’soutputdistribution.This 1000 0.69±0.02 0.66±0.03 0.54±0.03 0.51±0.03 0.61±0.03 noisepropagatesthroughtheoptimizationtrajectory,leadingto 5000 0.66±0.02 0.68±0.03 0.48±0.03 0.55±0.03 0.32±0.03 variability in the fina"
Mamedaliev et al. - 2026 - A framework to evaluate the performance of Variational Quantum Algorithms.pdf,Mamedaliev et al.,yes,yes,strong,plus-minus-value,5,"sestimatedfrom s\α 0.15 0.25 0.50 0.75 1.00 noisysamplesofthequantumcircuit’soutputdistribution.This 1000 0.69±0.02 0.66±0.03 0.54±0.03 0.51±0.03 0.61±0.03 noisepropagatesthroughtheoptimizationtrajectory,leadingto 5000 0.66±0.02 0.68±0.03 0.48±0.03 0.55±0.03 0.32±0.03 variability in the final solution"
Mamedaliev et al. - 2026 - A framework to evaluate the performance of Variational Quantum Algorithms.pdf,Mamedaliev et al.,yes,yes,strong,plus-minus-value,5,"it’soutputdistribution.This 1000 0.69±0.02 0.66±0.03 0.54±0.03 0.51±0.03 0.61±0.03 noisepropagatesthroughtheoptimizationtrajectory,leadingto 5000 0.66±0.02 0.68±0.03 0.48±0.03 0.55±0.03 0.32±0.03 variability in the final solution even under identical parameter 10000 0.65±0.02 0.72±0.03 0.50±0.03 0.58±"
Mamedaliev et al. - 2026 - A framework to evaluate the performance of Variational Quantum Algorithms.pdf,Mamedaliev et al.,yes,yes,strong,plus-minus-value,5,"distribution.This 1000 0.69±0.02 0.66±0.03 0.54±0.03 0.51±0.03 0.61±0.03 noisepropagatesthroughtheoptimizationtrajectory,leadingto 5000 0.66±0.02 0.68±0.03 0.48±0.03 0.55±0.03 0.32±0.03 variability in the final solution even under identical parameter 10000 0.65±0.02 0.72±0.03 0.50±0.03 0.58±0.03 0.36±"
Mamedaliev et al. - 2026 - A framework to evaluate the performance of Variational Quantum Algorithms.pdf,Mamedaliev et al.,yes,yes,strong,plus-minus-value,5,"on.This 1000 0.69±0.02 0.66±0.03 0.54±0.03 0.51±0.03 0.61±0.03 noisepropagatesthroughtheoptimizationtrajectory,leadingto 5000 0.66±0.02 0.68±0.03 0.48±0.03 0.55±0.03 0.32±0.03 variability in the final solution even under identical parameter 10000 0.65±0.02 0.72±0.03 0.50±0.03 0.58±0.03 0.36±0.03 and h"
Mamedaliev et al. - 2026 - A framework to evaluate the performance of Variational Quantum Algorithms.pdf,Mamedaliev et al.,yes,yes,strong,plus-minus-value,5,"00 0.69±0.02 0.66±0.03 0.54±0.03 0.51±0.03 0.61±0.03 noisepropagatesthroughtheoptimizationtrajectory,leadingto 5000 0.66±0.02 0.68±0.03 0.48±0.03 0.55±0.03 0.32±0.03 variability in the final solution even under identical parameter 10000 0.65±0.02 0.72±0.03 0.50±0.03 0.58±0.03 0.36±0.03 and hyperparame"
Mamedaliev et al. - 2026 - A framework to evaluate the performance of Variational Quantum Algorithms.pdf,Mamedaliev et al.,yes,yes,strong,plus-minus-value,5,"02 0.66±0.03 0.54±0.03 0.51±0.03 0.61±0.03 noisepropagatesthroughtheoptimizationtrajectory,leadingto 5000 0.66±0.02 0.68±0.03 0.48±0.03 0.55±0.03 0.32±0.03 variability in the final solution even under identical parameter 10000 0.65±0.02 0.72±0.03 0.50±0.03 0.58±0.03 0.36±0.03 and hyperparameter settin"
Mamedaliev et al. - 2026 - A framework to evaluate the performance of Variational Quantum Algorithms.pdf,Mamedaliev et al.,yes,yes,strong,plus-minus-value,5,"rajectory,leadingto 5000 0.66±0.02 0.68±0.03 0.48±0.03 0.55±0.03 0.32±0.03 variability in the final solution even under identical parameter 10000 0.65±0.02 0.72±0.03 0.50±0.03 0.58±0.03 0.36±0.03 and hyperparameter settings. Our framework addresses this 20000 0.67±0.02 0.69±0.03 0.48±0.03 0.57±0.03 0."
Mamedaliev et al. - 2026 - A framework to evaluate the performance of Variational Quantum Algorithms.pdf,Mamedaliev et al.,yes,yes,strong,plus-minus-value,5,leadingto 5000 0.66±0.02 0.68±0.03 0.48±0.03 0.55±0.03 0.32±0.03 variability in the final solution even under identical parameter 10000 0.65±0.02 0.72±0.03 0.50±0.03 0.58±0.03 0.36±0.03 and hyperparameter settings. Our framework addresses this 20000 0.67±0.02 0.69±0.03 0.48±0.03 0.57±0.03 0.42±0.03 va
Mamedaliev et al. - 2026 - A framework to evaluate the performance of Variational Quantum Algorithms.pdf,Mamedaliev et al.,yes,yes,strong,plus-minus-value,5,5000 0.66±0.02 0.68±0.03 0.48±0.03 0.55±0.03 0.32±0.03 variability in the final solution even under identical parameter 10000 0.65±0.02 0.72±0.03 0.50±0.03 0.58±0.03 0.36±0.03 and hyperparameter settings. Our framework addresses this 20000 0.67±0.02 0.69±0.03 0.48±0.03 0.57±0.03 0.42±0.03 variability
Mamedaliev et al. - 2026 - A framework to evaluate the performance of Variational Quantum Algorithms.pdf,Mamedaliev et al.,yes,yes,strong,plus-minus-value,5,0.02 0.68±0.03 0.48±0.03 0.55±0.03 0.32±0.03 variability in the final solution even under identical parameter 10000 0.65±0.02 0.72±0.03 0.50±0.03 0.58±0.03 0.36±0.03 and hyperparameter settings. Our framework addresses this 20000 0.67±0.02 0.69±0.03 0.48±0.03 0.57±0.03 0.42±0.03 variability by introdu
Mamedaliev et al. - 2026 - A framework to evaluate the performance of Variational Quantum Algorithms.pdf,Mamedaliev et al.,yes,yes,strong,plus-minus-value,5,0.03 0.48±0.03 0.55±0.03 0.32±0.03 variability in the final solution even under identical parameter 10000 0.65±0.02 0.72±0.03 0.50±0.03 0.58±0.03 0.36±0.03 and hyperparameter settings. Our framework addresses this 20000 0.67±0.02 0.69±0.03 0.48±0.03 0.57±0.03 0.42±0.03 variability by introducing three
Mamedaliev et al. - 2026 - A framework to evaluate the performance of Variational Quantum Algorithms.pdf,Mamedaliev et al.,yes,yes,strong,plus-minus-value,5,under identical parameter 10000 0.65±0.02 0.72±0.03 0.50±0.03 0.58±0.03 0.36±0.03 and hyperparameter settings. Our framework addresses this 20000 0.67±0.02 0.69±0.03 0.48±0.03 0.57±0.03 0.42±0.03 variability by introducing three complementary metrics: 30000 0.65±0.02 0.67±0.02 0.49±0.03 0.60±0.03 0.46
Mamedaliev et al. - 2026 - A framework to evaluate the performance of Variational Quantum Algorithms.pdf,Mamedaliev et al.,yes,yes,strong,plus-minus-value,5,tical parameter 10000 0.65±0.02 0.72±0.03 0.50±0.03 0.58±0.03 0.36±0.03 and hyperparameter settings. Our framework addresses this 20000 0.67±0.02 0.69±0.03 0.48±0.03 0.57±0.03 0.42±0.03 variability by introducing three complementary metrics: 30000 0.65±0.02 0.67±0.02 0.49±0.03 0.60±0.03 0.46±0.04 • Fe
Mamedaliev et al. - 2026 - A framework to evaluate the performance of Variational Quantum Algorithms.pdf,Mamedaliev et al.,yes,yes,strong,plus-minus-value,5,meter 10000 0.65±0.02 0.72±0.03 0.50±0.03 0.58±0.03 0.36±0.03 and hyperparameter settings. Our framework addresses this 20000 0.67±0.02 0.69±0.03 0.48±0.03 0.57±0.03 0.42±0.03 variability by introducing three complementary metrics: 30000 0.65±0.02 0.67±0.02 0.49±0.03 0.60±0.03 0.46±0.04 • Feasibility
Mamedaliev et al. - 2026 - A framework to evaluate the performance of Variational Quantum Algorithms.pdf,Mamedaliev et al.,yes,yes,strong,plus-minus-value,5,0 0.65±0.02 0.72±0.03 0.50±0.03 0.58±0.03 0.36±0.03 and hyperparameter settings. Our framework addresses this 20000 0.67±0.02 0.69±0.03 0.48±0.03 0.57±0.03 0.42±0.03 variability by introducing three complementary metrics: 30000 0.65±0.02 0.67±0.02 0.49±0.03 0.60±0.03 0.46±0.04 • Feasibility quantifies
Mamedaliev et al. - 2026 - A framework to evaluate the performance of Variational Quantum Algorithms.pdf,Mamedaliev et al.,yes,yes,strong,plus-minus-value,5,2 0.72±0.03 0.50±0.03 0.58±0.03 0.36±0.03 and hyperparameter settings. Our framework addresses this 20000 0.67±0.02 0.69±0.03 0.48±0.03 0.57±0.03 0.42±0.03 variability by introducing three complementary metrics: 30000 0.65±0.02 0.67±0.02 0.49±0.03 0.60±0.03 0.46±0.04 • Feasibility quantifies the proba
Mamedaliev et al. - 2026 - A framework to evaluate the performance of Variational Quantum Algorithms.pdf,Mamedaliev et al.,yes,yes,strong,plus-minus-value,5,ur framework addresses this 20000 0.67±0.02 0.69±0.03 0.48±0.03 0.57±0.03 0.42±0.03 variability by introducing three complementary metrics: 30000 0.65±0.02 0.67±0.02 0.49±0.03 0.60±0.03 0.46±0.04 • Feasibility quantifies the probability of achieving a solu- 40000 0.66±0.02 0.65±0.02 0.48±0.02 0.57±0.0
Mamedaliev et al. - 2026 - A framework to evaluate the performance of Variational Quantum Algorithms.pdf,Mamedaliev et al.,yes,yes,strong,plus-minus-value,5,rk addresses this 20000 0.67±0.02 0.69±0.03 0.48±0.03 0.57±0.03 0.42±0.03 variability by introducing three complementary metrics: 30000 0.65±0.02 0.67±0.02 0.49±0.03 0.60±0.03 0.46±0.04 • Feasibility quantifies the probability of achieving a solu- 40000 0.66±0.02 0.65±0.02 0.48±0.02 0.57±0.02 0.50±0.0
Mamedaliev et al. - 2026 - A framework to evaluate the performance of Variational Quantum Algorithms.pdf,Mamedaliev et al.,yes,yes,strong,plus-minus-value,5,es this 20000 0.67±0.02 0.69±0.03 0.48±0.03 0.57±0.03 0.42±0.03 variability by introducing three complementary metrics: 30000 0.65±0.02 0.67±0.02 0.49±0.03 0.60±0.03 0.46±0.04 • Feasibility quantifies the probability of achieving a solu- 40000 0.66±0.02 0.65±0.02 0.48±0.02 0.57±0.02 0.50±0.04 tion abo
Mamedaliev et al. - 2026 - A framework to evaluate the performance of Variational Quantum Algorithms.pdf,Mamedaliev et al.,yes,yes,strong,plus-minus-value,5,000 0.67±0.02 0.69±0.03 0.48±0.03 0.57±0.03 0.42±0.03 variability by introducing three complementary metrics: 30000 0.65±0.02 0.67±0.02 0.49±0.03 0.60±0.03 0.46±0.04 • Feasibility quantifies the probability of achieving a solu- 40000 0.66±0.02 0.65±0.02 0.48±0.02 0.57±0.02 0.50±0.04 tion above a prede
Mamedaliev et al. - 2026 - A framework to evaluate the performance of Variational Quantum Algorithms.pdf,Mamedaliev et al.,yes,yes,strong,plus-minus-value,5,.02 0.69±0.03 0.48±0.03 0.57±0.03 0.42±0.03 variability by introducing three complementary metrics: 30000 0.65±0.02 0.67±0.02 0.49±0.03 0.60±0.03 0.46±0.04 • Feasibility quantifies the probability of achieving a solu- 40000 0.66±0.02 0.65±0.02 0.48±0.02 0.57±0.02 0.50±0.04 tion above a predefined succ
Mamedaliev et al. - 2026 - A framework to evaluate the performance of Variational Quantum Algorithms.pdf,Mamedaliev et al.,yes,yes,strong,plus-minus-value,5,"omplementary metrics: 30000 0.65±0.02 0.67±0.02 0.49±0.03 0.60±0.03 0.46±0.04 • Feasibility quantifies the probability of achieving a solu- 40000 0.66±0.02 0.65±0.02 0.48±0.02 0.57±0.02 0.50±0.04 tion above a predefined success threshold, providing an 60000 0.68±0.02 0.66±0.02 0.50±0.03 0.60±0.03 0.58"
Mamedaliev et al. - 2026 - A framework to evaluate the performance of Variational Quantum Algorithms.pdf,Mamedaliev et al.,yes,yes,strong,plus-minus-value,5,"ry metrics: 30000 0.65±0.02 0.67±0.02 0.49±0.03 0.60±0.03 0.46±0.04 • Feasibility quantifies the probability of achieving a solu- 40000 0.66±0.02 0.65±0.02 0.48±0.02 0.57±0.02 0.50±0.04 tion above a predefined success threshold, providing an 60000 0.68±0.02 0.66±0.02 0.50±0.03 0.60±0.03 0.58±0.04 a pr"
Mamedaliev et al. - 2026 - A framework to evaluate the performance of Variational Quantum Algorithms.pdf,Mamedaliev et al.,yes,yes,strong,plus-minus-value,5,": 30000 0.65±0.02 0.67±0.02 0.49±0.03 0.60±0.03 0.46±0.04 • Feasibility quantifies the probability of achieving a solu- 40000 0.66±0.02 0.65±0.02 0.48±0.02 0.57±0.02 0.50±0.04 tion above a predefined success threshold, providing an 60000 0.68±0.02 0.66±0.02 0.50±0.03 0.60±0.03 0.58±0.04 a priori measu"
Mamedaliev et al. - 2026 - A framework to evaluate the performance of Variational Quantum Algorithms.pdf,Mamedaliev et al.,yes,yes,strong,plus-minus-value,5,"65±0.02 0.67±0.02 0.49±0.03 0.60±0.03 0.46±0.04 • Feasibility quantifies the probability of achieving a solu- 40000 0.66±0.02 0.65±0.02 0.48±0.02 0.57±0.02 0.50±0.04 tion above a predefined success threshold, providing an 60000 0.68±0.02 0.66±0.02 0.50±0.03 0.60±0.03 0.58±0.04 a priori measure of algo"
Mamedaliev et al. - 2026 - A framework to evaluate the performance of Variational Quantum Algorithms.pdf,Mamedaliev et al.,yes,yes,strong,plus-minus-value,5,"67±0.02 0.49±0.03 0.60±0.03 0.46±0.04 • Feasibility quantifies the probability of achieving a solu- 40000 0.66±0.02 0.65±0.02 0.48±0.02 0.57±0.02 0.50±0.04 tion above a predefined success threshold, providing an 60000 0.68±0.02 0.66±0.02 0.50±0.03 0.60±0.03 0.58±0.04 a priori measure of algorithmic re"
Mamedaliev et al. - 2026 - A framework to evaluate the performance of Variational Quantum Algorithms.pdf,Mamedaliev et al.,yes,yes,strong,plus-minus-value,5,"bility of achieving a solu- 40000 0.66±0.02 0.65±0.02 0.48±0.02 0.57±0.02 0.50±0.04 tion above a predefined success threshold, providing an 60000 0.68±0.02 0.66±0.02 0.50±0.03 0.60±0.03 0.58±0.04 a priori measure of algorithmic reliability. 80000 0.67±0.03 0.64±0.02 0.50±0.03 0.59±0.03 0.59±0.03 • Qua"
Mamedaliev et al. - 2026 - A framework to evaluate the performance of Variational Quantum Algorithms.pdf,Mamedaliev et al.,yes,yes,strong,plus-minus-value,5,"achieving a solu- 40000 0.66±0.02 0.65±0.02 0.48±0.02 0.57±0.02 0.50±0.04 tion above a predefined success threshold, providing an 60000 0.68±0.02 0.66±0.02 0.50±0.03 0.60±0.03 0.58±0.04 a priori measure of algorithmic reliability. 80000 0.67±0.03 0.64±0.02 0.50±0.03 0.59±0.03 0.59±0.03 • Quality forma"
Mamedaliev et al. - 2026 - A framework to evaluate the performance of Variational Quantum Algorithms.pdf,Mamedaliev et al.,yes,yes,strong,plus-minus-value,5,"a solu- 40000 0.66±0.02 0.65±0.02 0.48±0.02 0.57±0.02 0.50±0.04 tion above a predefined success threshold, providing an 60000 0.68±0.02 0.66±0.02 0.50±0.03 0.60±0.03 0.58±0.04 a priori measure of algorithmic reliability. 80000 0.67±0.03 0.64±0.02 0.50±0.03 0.59±0.03 0.59±0.03 • Quality formalizes the"
Mamedaliev et al. - 2026 - A framework to evaluate the performance of Variational Quantum Algorithms.pdf,Mamedaliev et al.,yes,yes,strong,plus-minus-value,5,"000 0.66±0.02 0.65±0.02 0.48±0.02 0.57±0.02 0.50±0.04 tion above a predefined success threshold, providing an 60000 0.68±0.02 0.66±0.02 0.50±0.03 0.60±0.03 0.58±0.04 a priori measure of algorithmic reliability. 80000 0.67±0.03 0.64±0.02 0.50±0.03 0.59±0.03 0.59±0.03 • Quality formalizes the trade-off"
Mamedaliev et al. - 2026 - A framework to evaluate the performance of Variational Quantum Algorithms.pdf,Mamedaliev et al.,yes,yes,strong,plus-minus-value,5,".02 0.65±0.02 0.48±0.02 0.57±0.02 0.50±0.04 tion above a predefined success threshold, providing an 60000 0.68±0.02 0.66±0.02 0.50±0.03 0.60±0.03 0.58±0.04 a priori measure of algorithmic reliability. 80000 0.67±0.03 0.64±0.02 0.50±0.03 0.59±0.03 0.59±0.03 • Quality formalizes the trade-off between re"
Mamedaliev et al. - 2026 - A framework to evaluate the performance of Variational Quantum Algorithms.pdf,Mamedaliev et al.,yes,yes,strong,plus-minus-value,5,"efined success threshold, providing an 60000 0.68±0.02 0.66±0.02 0.50±0.03 0.60±0.03 0.58±0.04 a priori measure of algorithmic reliability. 80000 0.67±0.03 0.64±0.02 0.50±0.03 0.59±0.03 0.59±0.03 • Quality formalizes the trade-off between resource con- 100000 0.64±0.03 0.66±0.02 0.49±0.03 0.62±0.03 0."
Mamedaliev et al. - 2026 - A framework to evaluate the performance of Variational Quantum Algorithms.pdf,Mamedaliev et al.,yes,yes,strong,plus-minus-value,5,"cess threshold, providing an 60000 0.68±0.02 0.66±0.02 0.50±0.03 0.60±0.03 0.58±0.04 a priori measure of algorithmic reliability. 80000 0.67±0.03 0.64±0.02 0.50±0.03 0.59±0.03 0.59±0.03 • Quality formalizes the trade-off between resource con- 100000 0.64±0.03 0.66±0.02 0.49±0.03 0.62±0.03 0.63±0.03 su"
Mamedaliev et al. - 2026 - A framework to evaluate the performance of Variational Quantum Algorithms.pdf,Mamedaliev et al.,yes,yes,strong,plus-minus-value,5,"hold, providing an 60000 0.68±0.02 0.66±0.02 0.50±0.03 0.60±0.03 0.58±0.04 a priori measure of algorithmic reliability. 80000 0.67±0.03 0.64±0.02 0.50±0.03 0.59±0.03 0.59±0.03 • Quality formalizes the trade-off between resource con- 100000 0.64±0.03 0.66±0.02 0.49±0.03 0.62±0.03 0.63±0.03 sumption and"
Mamedaliev et al. - 2026 - A framework to evaluate the performance of Variational Quantum Algorithms.pdf,Mamedaliev et al.,yes,yes,strong,plus-minus-value,5,iding an 60000 0.68±0.02 0.66±0.02 0.50±0.03 0.60±0.03 0.58±0.04 a priori measure of algorithmic reliability. 80000 0.67±0.03 0.64±0.02 0.50±0.03 0.59±0.03 0.59±0.03 • Quality formalizes the trade-off between resource con- 100000 0.64±0.03 0.66±0.02 0.49±0.03 0.62±0.03 0.63±0.03 sumption and success p
Mamedaliev et al. - 2026 - A framework to evaluate the performance of Variational Quantum Algorithms.pdf,Mamedaliev et al.,yes,yes,strong,plus-minus-value,5,0000 0.68±0.02 0.66±0.02 0.50±0.03 0.60±0.03 0.58±0.04 a priori measure of algorithmic reliability. 80000 0.67±0.03 0.64±0.02 0.50±0.03 0.59±0.03 0.59±0.03 • Quality formalizes the trade-off between resource con- 100000 0.64±0.03 0.66±0.02 0.49±0.03 0.62±0.03 0.63±0.03 sumption and success probability
Mamedaliev et al. - 2026 - A framework to evaluate the performance of Variational Quantum Algorithms.pdf,Mamedaliev et al.,yes,yes,strong,plus-minus-value,5,"algorithmic reliability. 80000 0.67±0.03 0.64±0.02 0.50±0.03 0.59±0.03 0.59±0.03 • Quality formalizes the trade-off between resource con- 100000 0.64±0.03 0.66±0.02 0.49±0.03 0.62±0.03 0.63±0.03 sumption and success probability through a normalized distance in the quality diagram, enabling comparativ"
Mamedaliev et al. - 2026 - A framework to evaluate the performance of Variational Quantum Algorithms.pdf,Mamedaliev et al.,yes,yes,strong,plus-minus-value,5,"ic reliability. 80000 0.67±0.03 0.64±0.02 0.50±0.03 0.59±0.03 0.59±0.03 • Quality formalizes the trade-off between resource con- 100000 0.64±0.03 0.66±0.02 0.49±0.03 0.62±0.03 0.63±0.03 sumption and success probability through a normalized distance in the quality diagram, enabling comparative efficien"
Mamedaliev et al. - 2026 - A framework to evaluate the performance of Variational Quantum Algorithms.pdf,Mamedaliev et al.,yes,yes,strong,plus-minus-value,5,"lity. 80000 0.67±0.03 0.64±0.02 0.50±0.03 0.59±0.03 0.59±0.03 • Quality formalizes the trade-off between resource con- 100000 0.64±0.03 0.66±0.02 0.49±0.03 0.62±0.03 0.63±0.03 sumption and success probability through a normalized distance in the quality diagram, enabling comparative efficiency analysi"
Mamedaliev et al. - 2026 - A framework to evaluate the performance of Variational Quantum Algorithms.pdf,Mamedaliev et al.,yes,yes,strong,plus-minus-value,5,"0 0.67±0.03 0.64±0.02 0.50±0.03 0.59±0.03 0.59±0.03 • Quality formalizes the trade-off between resource con- 100000 0.64±0.03 0.66±0.02 0.49±0.03 0.62±0.03 0.63±0.03 sumption and success probability through a normalized distance in the quality diagram, enabling comparative efficiency analysis. does no"
Mamedaliev et al. - 2026 - A framework to evaluate the performance of Variational Quantum Algorithms.pdf,Mamedaliev et al.,yes,yes,strong,plus-minus-value,5,"3 0.64±0.02 0.50±0.03 0.59±0.03 0.59±0.03 • Quality formalizes the trade-off between resource con- 100000 0.64±0.03 0.66±0.02 0.49±0.03 0.62±0.03 0.63±0.03 sumption and success probability through a normalized distance in the quality diagram, enabling comparative efficiency analysis. does not signific"
Mamedaliev et al. - 2026 - A framework to evaluate the performance of Variational Quantum Algorithms.pdf,Mamedaliev et al.,yes,yes,strong,variance-reported,7,"ticeHall,1975. The delta method [41], [44] yields a consistent estimator [45] John R. Taylor. An Introduction to Error Analysis: The Study of for the variance: Uncertainties in Physical Measurements. University Science Books, 2ndedition,1997.  K (cid:32) K (cid:33)2 1 (cid:88) (cid:88) APPENDIXA σˆ S 2 ="
Mamedaliev et al. - 2026 - A framework to evaluate the performance of Variational Quantum Algorithms.pdf,Mamedaliev et al.,yes,yes,weak,uncertainty,5,"of entropy as a reproducibility metric is theo- conclude that the VQAs most suited to solve the defined retically motivated by its ability to capture uncertainty in QUBO problem, given the initial quantum circuit, are: probability distributions. A concentrated distribution implies {(0.75,10000),(0.75,30000),(0"
Mamedaliev et al. - 2026 - A framework to evaluate the performance of Variational Quantum Algorithms.pdf,Mamedaliev et al.,yes,yes,weak,spread,3,"ircuitswiththesamep usingthesameamountofresources min of the algorithm: n .Conversely,abroaderVQA distribution impliesthatthe calls outcomes are more spread across D. To quantify this spread, VQA:=(U,[C,s,A])(cid:55)−→(F[ρ],Q[ρ],R[ρ]), (12) weusetheShannonentropy[36](initsdiscreteform),sinceit where F[ρ],"
Mamedaliev et al. - 2026 - A framework to evaluate the performance of Variational Quantum Algorithms.pdf,Mamedaliev et al.,yes,yes,weak,spread,3,"ountofresources min of the algorithm: n .Conversely,abroaderVQA distribution impliesthatthe calls outcomes are more spread across D. To quantify this spread, VQA:=(U,[C,s,A])(cid:55)−→(F[ρ],Q[ρ],R[ρ]), (12) weusetheShannonentropy[36](initsdiscreteform),sinceit where F[ρ], Q[ρ], and R[ρ] denote feasibility"
Mamedaliev et al. - 2026 - A framework to evaluate the performance of Variational Quantum Algorithms.pdf,Mamedaliev et al.,yes,yes,weak,spread,3,"onentropy[36](initsdiscreteform),sinceit where F[ρ], Q[ρ], and R[ρ] denote feasibility, quality, and is maximized for a uniform distribution (maximal spread) and reproducibility, respectively. equalszeroforafullyconcentrateddistribution.Therefore,we To define a selection criterion for considering a VQA as"
Mamedaliev et al. - 2026 - A framework to evaluate the performance of Variational Quantum Algorithms.pdf,Mamedaliev et al.,yes,yes,weak,spread,4,"the results are by considering the spread of the VQA TABLEI distribution. FEASIBILITIESOFVQAS,FORDIFFERENTsANDαVALUES,WITHA CONFIDENCELEVELOF95%. We propose defining performance metric thresh"
Mamedaliev et al. - 2026 - A framework to evaluate the performance of Variational Quantum Algorithms.pdf,Mamedaliev et al.,yes,yes,weak,variance-general,7,"ticeHall,1975. The delta method [41], [44] yields a consistent estimator [45] John R. Taylor. An Introduction to Error Analysis: The Study of for the variance: Uncertainties in Physical Measurements. University Science Books, 2ndedition,1997.  K (cid:32) K (cid:33)2 1 (cid:88) (cid:88) APPENDIXA σˆ S 2 ="
"Maupin et al. - 2024 - Error mitigation, optimization, and extrapolation on a trapped ion testbed.pdf",Maupin et al.,yes,yes,strong,error-bar,11,"esults, between a squared ratio of how far away each data point is from -15kHz and -7.5kHz. For larger detunings outside this the fit compared to the error bars of that point, also range, the gate fidelity asymptotes to the experimental known as the residual sum-of-squares: ideal of ∼ 98.5%, with little chan"
"Maupin et al. - 2024 - Error mitigation, optimization, and extrapolation on a trapped ion testbed.pdf",Maupin et al.,yes,yes,strong,error-bar,12,"n we don’t have a full picture of tionsinFIG.6barebothgreaterthanone,onaccountof noise present in our device. In this section, we outline the small y-error bars relative to the difference between one such noise scaling method that is more agnostic to the data points and fits. We obtain values of 5.85 and noi"
"Maupin et al. - 2024 - Error mitigation, optimization, and extrapolation on a trapped ion testbed.pdf",Maupin et al.,yes,yes,strong,error-bar,16,"tic(orange has the effect of changing the location of the minimum dot-dashed) least-squares fit to the data. The linear fit energy. falls outside the error bars of the data points, but de- This is in contrast with experiment, where we see less scribes the overall trend well, and results in a zero noise of a"
"Maupin et al. - 2024 - Error mitigation, optimization, and extrapolation on a trapped ion testbed.pdf",Maupin et al.,yes,yes,strong,error-bar,16,"f 15. These values indicate that the two fits generally the MS Before & After experiment. However, using this matches the data (R2 ∼ 1), but that the error bars are technique, we are limited to only three insertions before too small to explain the residuals seen in the noisy en- the energy curve flattens, in"
"Maupin et al. - 2024 - Error mitigation, optimization, and extrapolation on a trapped ion testbed.pdf",Maupin et al.,yes,yes,strong,error-bar,16,"sertions before too small to explain the residuals seen in the noisy en- the energy curve flattens, indicating too much noise in ergies (χ2 ≫ 1). Our error bars capture the sampling the circuit. error within each data point, but do not account for co- We initially assumed in our theoretical discussion in her"
"Maupin et al. - 2024 - Error mitigation, optimization, and extrapolation on a trapped ion testbed.pdf",Maupin et al.,yes,yes,strong,std-error,3,"of depolarizing noise, an exponential Hamiltonian [22]. The error on this estimate is obtained extrapolationisagoodstartingpointformostnoisescal- by standard error propagation from the uncertainties on ing techniques. However, other kinds of noise may skew the terms. the fit. In this work, we calculate the stand"
"Maupin et al. - 2024 - Error mitigation, optimization, and extrapolation on a trapped ion testbed.pdf",Maupin et al.,yes,yes,strong,std-error,3,"error propagation from the uncertainties on ing techniques. However, other kinds of noise may skew the terms. the fit. In this work, we calculate the standard error on the meanofourestimatesoftheenergyexpectationvalueby Itispossiblethatcoherenterrorsmightcausethenoise instead summing the output samples along the"
"Maupin et al. - 2024 - Error mitigation, optimization, and extrapolation on a trapped ion testbed.pdf",Maupin et al.,yes,yes,strong,std-error,3,"e variance constant scales expo- with accompanying percentage uncertainty σ calculated nentially with m, the number of sampled estimates. As from the standard error of the mean of our measured such, if the noise trend is imprecise, it is less useful to fit expectation values σ measured : higher order polynomials."
"Maupin et al. - 2024 - Error mitigation, optimization, and extrapolation on a trapped ion testbed.pdf",Maupin et al.,yes,yes,strong,std-error,18,", these methods only multiplica- We achieve a zero noise energy estimate with bias tively scale the number of samples required to estimate −0.004 and standard error ±0.04 Hartree, within er- thegroundstateenergy,andthereforefutureexperiments ror bounds of the ground state energy of the HeH+ for larger molecules a"
"Maupin et al. - 2024 - Error mitigation, optimization, and extrapolation on a trapped ion testbed.pdf",Maupin et al.,yes,yes,strong,std-error,18,"ng HeH+ [21] of error mitigation. estimated the ground state energy at R = 0.8˚A with Inordertorealizelargerapplicationsofquantumcom- bias ∼ 0.05 and standard error ±0.05 Hartree, relative puting on near-term devices, a better understanding of totheexactvaluewithoutmanuallycorrectingforerrors, error mitigation te"
"Maupin et al. - 2024 - Error mitigation, optimization, and extrapolation on a trapped ion testbed.pdf",Maupin et al.,yes,yes,strong,std-error,18,"r understanding of totheexactvaluewithoutmanuallycorrectingforerrors, error mitigation techniques in the presence of finite sam- and bias ∼−0.005 and standard error ±0.05 Hartree af- plingisneeded. Ifcurrenttechniquesfailonsmallscales, ter correction. Previous experiments [35] using trapped then they are unlikely"
"Maupin et al. - 2024 - Error mitigation, optimization, and extrapolation on a trapped ion testbed.pdf",Maupin et al.,yes,yes,strong,std-error,18,"andmorecomplicatederrormodels. How the ground state energy at R = 0.75˚A with bias ∼ 0.04 error mitigation techniques such as zero noise extrapo- and standard error ±0.01 Hartree, relative to the exact lation interface with different qubit architectures, exist- ground state energy. The original work [17] applying"
"Maupin et al. - 2024 - Error mitigation, optimization, and extrapolation on a trapped ion testbed.pdf",Maupin et al.,yes,yes,strong,std-error,18,"algorithms,andothererrormitigationtech- Richardson Extrapolation to H achieved a result with 2 niques will be crucial going forward. bias ∼ 0.005 and standard error ±0.01 Hartree, relative to the ground state energy, bootstrapping a larger data set to reduce the effects of finite sampling. VIII. ACKNOWLEDGEMENTS"
"Maupin et al. - 2024 - Error mitigation, optimization, and extrapolation on a trapped ion testbed.pdf",Maupin et al.,yes,yes,strong,plus-minus-value,1,"e identity insertions and extrapolating after variational optimization, we achieve error suppression of 96.8%, resultinginanenergyestimatewithin−0.004±0.04Hartreeofthegroundstateenergy. Thisisan improvement,butstilloutsidethechemicalaccuracythresholdof0.0016Hartree. Ourresultsshow thattheefficacyofthi"
"Maupin et al. - 2024 - Error mitigation, optimization, and extrapolation on a trapped ion testbed.pdf",Maupin et al.,yes,yes,strong,plus-minus-value,2,2 Time Stretch Data Detuning Data Gate Insertion Data Two-Qubit Gate Estimated State Fidelity 98.62 ± 0.37 % 98.86 ± 1.11 % 98.79 ± 0.66 % Single-Qubit Estimated Gate Fidelity 99.24 ± 0.56 % 99.42 ± 0.96% 99.75 ± 0.68 % Qubit Frequency 12.643 GHz [11] C
"Maupin et al. - 2024 - Error mitigation, optimization, and extrapolation on a trapped ion testbed.pdf",Maupin et al.,yes,yes,strong,plus-minus-value,2,2 Time Stretch Data Detuning Data Gate Insertion Data Two-Qubit Gate Estimated State Fidelity 98.62 ± 0.37 % 98.86 ± 1.11 % 98.79 ± 0.66 % Single-Qubit Estimated Gate Fidelity 99.24 ± 0.56 % 99.42 ± 0.96% 99.75 ± 0.68 % Qubit Frequency 12.643 GHz [11] Counterprop Cohe
"Maupin et al. - 2024 - Error mitigation, optimization, and extrapolation on a trapped ion testbed.pdf",Maupin et al.,yes,yes,strong,plus-minus-value,2,2 Time Stretch Data Detuning Data Gate Insertion Data Two-Qubit Gate Estimated State Fidelity 98.62 ± 0.37 % 98.86 ± 1.11 % 98.79 ± 0.66 % Single-Qubit Estimated Gate Fidelity 99.24 ± 0.56 % 99.42 ± 0.96% 99.75 ± 0.68 % Qubit Frequency 12.643 GHz [11] Counterprop Coherence Time 22.2
"Maupin et al. - 2024 - Error mitigation, optimization, and extrapolation on a trapped ion testbed.pdf",Maupin et al.,yes,yes,strong,plus-minus-value,2,a Gate Insertion Data Two-Qubit Gate Estimated State Fidelity 98.62 ± 0.37 % 98.86 ± 1.11 % 98.79 ± 0.66 % Single-Qubit Estimated Gate Fidelity 99.24 ± 0.56 % 99.42 ± 0.96% 99.75 ± 0.68 % Qubit Frequency 12.643 GHz [11] Counterprop Coherence Time 22.2 ± 0.9 ms [11] Microwave Coherence Time 12.6 ± 0.3 s
"Maupin et al. - 2024 - Error mitigation, optimization, and extrapolation on a trapped ion testbed.pdf",Maupin et al.,yes,yes,strong,plus-minus-value,2,n Data Two-Qubit Gate Estimated State Fidelity 98.62 ± 0.37 % 98.86 ± 1.11 % 98.79 ± 0.66 % Single-Qubit Estimated Gate Fidelity 99.24 ± 0.56 % 99.42 ± 0.96% 99.75 ± 0.68 % Qubit Frequency 12.643 GHz [11] Counterprop Coherence Time 22.2 ± 0.9 ms [11] Microwave Coherence Time 12.6 ± 0.3 s [11] TABLE I.
"Maupin et al. - 2024 - Error mitigation, optimization, and extrapolation on a trapped ion testbed.pdf",Maupin et al.,yes,yes,strong,plus-minus-value,2,it Gate Estimated State Fidelity 98.62 ± 0.37 % 98.86 ± 1.11 % 98.79 ± 0.66 % Single-Qubit Estimated Gate Fidelity 99.24 ± 0.56 % 99.42 ± 0.96% 99.75 ± 0.68 % Qubit Frequency 12.643 GHz [11] Counterprop Coherence Time 22.2 ± 0.9 ms [11] Microwave Coherence Time 12.6 ± 0.3 s [11] TABLE I. Specifications
"Maupin et al. - 2024 - Error mitigation, optimization, and extrapolation on a trapped ion testbed.pdf",Maupin et al.,yes,yes,strong,plus-minus-value,2,66 % Single-Qubit Estimated Gate Fidelity 99.24 ± 0.56 % 99.42 ± 0.96% 99.75 ± 0.68 % Qubit Frequency 12.643 GHz [11] Counterprop Coherence Time 22.2 ± 0.9 ms [11] Microwave Coherence Time 12.6 ± 0.3 s [11] TABLE I. Specifications of the QSCOUT device approach quantifies errors by their impact on the r
"Maupin et al. - 2024 - Error mitigation, optimization, and extrapolation on a trapped ion testbed.pdf",Maupin et al.,yes,yes,strong,plus-minus-value,2,.24 ± 0.56 % 99.42 ± 0.96% 99.75 ± 0.68 % Qubit Frequency 12.643 GHz [11] Counterprop Coherence Time 22.2 ± 0.9 ms [11] Microwave Coherence Time 12.6 ± 0.3 s [11] TABLE I. Specifications of the QSCOUT device approach quantifies errors by their impact on the result on another arm is used to generate a s
"Maupin et al. - 2024 - Error mitigation, optimization, and extrapolation on a trapped ion testbed.pdf",Maupin et al.,yes,yes,strong,plus-minus-value,17,"e ange dot-dashed) function. The linear fit results in a zero choice of specific gate insertion method impacts the ef- noise energy estimate of −2.860±0.040 Hartree, with 96.8% fectivenessoferrormitigation. Forourparticulardevice, error suppression compared to the unaltered circuit. The with the major"
"Maupin et al. - 2024 - Error mitigation, optimization, and extrapolation on a trapped ion testbed.pdf",Maupin et al.,yes,yes,strong,plus-minus-value,17,"suppression compared to the unaltered circuit. The with the majority of noise coming from the implementa- quadratic fit results in an energy of −2.940±0.017 Hartree, tion of our two qubit gates and an absence of too many with34%errorsuppressioncomparedtotheunalteredcircuit. cancellingcoherenterrors,ga"
"Maupin et al. - 2024 - Error mitigation, optimization, and extrapolation on a trapped ion testbed.pdf",Maupin et al.,yes,yes,strong,plus-minus-value,17,"st. For devices with unknown error models or compli- Fit Linear Quadratic cated relationships between gate parameters and noise, Absolute Error −0.004±0.009 −0.085±0.017 this method may be best, as it is more agnostic to noise Relative Error 0.143%±0.312% 2.96%±0.610% source. Error 96.8% 34% With a bu"
"Maupin et al. - 2024 - Error mitigation, optimization, and extrapolation on a trapped ion testbed.pdf",Maupin et al.,yes,yes,strong,plus-minus-value,17,"es with unknown error models or compli- Fit Linear Quadratic cated relationships between gate parameters and noise, Absolute Error −0.004±0.009 −0.085±0.017 this method may be best, as it is more agnostic to noise Relative Error 0.143%±0.312% 2.96%±0.610% source. Error 96.8% 34% With a budget of 2000"
"Maupin et al. - 2024 - Error mitigation, optimization, and extrapolation on a trapped ion testbed.pdf",Maupin et al.,yes,yes,strong,plus-minus-value,17,"een gate parameters and noise, Absolute Error −0.004±0.009 −0.085±0.017 this method may be best, as it is more agnostic to noise Relative Error 0.143%±0.312% 2.96%±0.610% source. Error 96.8% 34% With a budget of 2000 samples for each Pauli mea- Suppression surement, we were able to show an improvement"
"Maupin et al. - 2024 - Error mitigation, optimization, and extrapolation on a trapped ion testbed.pdf",Maupin et al.,yes,yes,strong,plus-minus-value,17,"meters and noise, Absolute Error −0.004±0.009 −0.085±0.017 this method may be best, as it is more agnostic to noise Relative Error 0.143%±0.312% 2.96%±0.610% source. Error 96.8% 34% With a budget of 2000 samples for each Pauli mea- Suppression surement, we were able to show an improvement using a gate"
"Maupin et al. - 2024 - Error mitigation, optimization, and extrapolation on a trapped ion testbed.pdf",Maupin et al.,yes,yes,strong,plus-minus-value,18,"only multiplica- We achieve a zero noise energy estimate with bias tively scale the number of samples required to estimate −0.004 and standard error ±0.04 Hartree, within er- thegroundstateenergy,andthereforefutureexperiments ror bounds of the ground state energy of the HeH+ for larger molecules are"
"Maupin et al. - 2024 - Error mitigation, optimization, and extrapolation on a trapped ion testbed.pdf",Maupin et al.,yes,yes,strong,plus-minus-value,18,"error mitigation. estimated the ground state energy at R = 0.8˚A with Inordertorealizelargerapplicationsofquantumcom- bias ∼ 0.05 and standard error ±0.05 Hartree, relative puting on near-term devices, a better understanding of totheexactvaluewithoutmanuallycorrectingforerrors, error mitigation techn"
"Maupin et al. - 2024 - Error mitigation, optimization, and extrapolation on a trapped ion testbed.pdf",Maupin et al.,yes,yes,strong,plus-minus-value,18,"of totheexactvaluewithoutmanuallycorrectingforerrors, error mitigation techniques in the presence of finite sam- and bias ∼−0.005 and standard error ±0.05 Hartree af- plingisneeded. Ifcurrenttechniquesfailonsmallscales, ter correction. Previous experiments [35] using trapped then they are unlikely to"
"Maupin et al. - 2024 - Error mitigation, optimization, and extrapolation on a trapped ion testbed.pdf",Maupin et al.,yes,yes,strong,plus-minus-value,18,"tederrormodels. How the ground state energy at R = 0.75˚A with bias ∼ 0.04 error mitigation techniques such as zero noise extrapo- and standard error ±0.01 Hartree, relative to the exact lation interface with different qubit architectures, exist- ground state energy. The original work [17] applying in"
"Maupin et al. - 2024 - Error mitigation, optimization, and extrapolation on a trapped ion testbed.pdf",Maupin et al.,yes,yes,strong,plus-minus-value,18,"thererrormitigationtech- Richardson Extrapolation to H achieved a result with 2 niques will be crucial going forward. bias ∼ 0.005 and standard error ±0.01 Hartree, relative to the ground state energy, bootstrapping a larger data set to reduce the effects of finite sampling. VIII. ACKNOWLEDGEMENTS Fur"
"Maupin et al. - 2024 - Error mitigation, optimization, and extrapolation on a trapped ion testbed.pdf",Maupin et al.,yes,yes,strong,sigma-value,3,"s useful to fit expectation values σ measured : higher order polynomials. This turns out to the case in σ this work, as discussed more in Section VI. σ =100∗ measured (2) E theory Another important consideration is how many sam- Whencomparinganextrapolatedexpectationvalueto pled estimates (i.e., distinc"
"Maupin et al. - 2024 - Error mitigation, optimization, and extrapolation on a trapped ion testbed.pdf",Maupin et al.,yes,yes,strong,variance-reported,2,"been symmetrically detuned from different kinds of device noise, such as error arising from red and blue sidebands. In our system, this is equivalent variance in our gate control parameters or heating due to an ‘XX’ interaction. The inverse gate (MS†) is per- to environmental effects. Moreover, these tests"
"Maupin et al. - 2024 - Error mitigation, optimization, and extrapolation on a trapped ion testbed.pdf",Maupin et al.,yes,yes,strong,variance-reported,3,"mples of M pled estimates must be made, each needing samples to Hamiltonian terms is a set of sM variables p(k) where j meet a desired precision. The variance in the zero noise 1 ≤ j ≤ M and 1 ≤ k ≤ s. We consider the Hamilto- estimatenecessarilydependsuponthevarianceofeachof nian terms to label the rows of"
"Maupin et al. - 2024 - Error mitigation, optimization, and extrapolation on a trapped ion testbed.pdf",Maupin et al.,yes,yes,strong,variance-reported,3,"uble down on the trade-off inherent to extrapolation, further reducing the ϵ=100∗ |E measured −E theory | (1) bias of our estimate but increasing the variance [24]. In E theory thecaseofRichardsonextrapolation,thenumberofsam- ples required to keep the variance constant scales expo- with accompanying percent"
"Maupin et al. - 2024 - Error mitigation, optimization, and extrapolation on a trapped ion testbed.pdf",Maupin et al.,yes,yes,strong,variance-reported,3,"y | (1) bias of our estimate but increasing the variance [24]. In E theory thecaseofRichardsonextrapolation,thenumberofsam- ples required to keep the variance constant scales expo- with accompanying percentage uncertainty σ calculated nentially with m, the number of sampled estimates. As from the standard e"
"Maupin et al. - 2024 - Error mitigation, optimization, and extrapolation on a trapped ion testbed.pdf",Maupin et al.,yes,yes,strong,variance-reported,6,"nt noise, such as that modeled by a high-resolutionextrapolationattheminimum. Methodchas depolarizingchannel,andsomesourcesofothercoherent the lowest variance across the varied number of samples and noise. Thisisthehypothesisweshalltestexperimentally is the simplest to implement. All estimates fall outside"
"Maupin et al. - 2024 - Error mitigation, optimization, and extrapolation on a trapped ion testbed.pdf",Maupin et al.,yes,yes,weak,uncertainty,3,"]. In E theory thecaseofRichardsonextrapolation,thenumberofsam- ples required to keep the variance constant scales expo- with accompanying percentage uncertainty σ calculated nentially with m, the number of sampled estimates. As from the standard error of the mean of our measured such, if the noise trend is im"
"Maupin et al. - 2024 - Error mitigation, optimization, and extrapolation on a trapped ion testbed.pdf",Maupin et al.,yes,yes,weak,uncertainty,8,"ill make small contributions to the gate dynam- ics, and we consider their contributions to be negligible C. Other Experimental Noise compared to the uncertainty in other model parameters. Forthetime-stretchedMS gates,weimplementdiffer- The IonSim noise model still leaves out other known entgatesbasedonthevalu"
"Maupin et al. - 2024 - Error mitigation, optimization, and extrapolation on a trapped ion testbed.pdf",Maupin et al.,yes,yes,weak,uncertainty,11,"te the fidelity of in the noisy energies themselves, as well as the x-error that operation, two MS gates are stacked to yield a |11⟩ derived from our uncertainty of the gate fidelity for dif- state; the square root of |11⟩ population then becomes ferent values of the detuning parameter. anestimatedupperboundfo"
"Maupin et al. - 2024 - Error mitigation, optimization, and extrapolation on a trapped ion testbed.pdf",Maupin et al.,yes,yes,weak,fluctuation,3,"scaling is very precise, as the resulting zero noise |E −E | unaltered theory estimate will have high accuracy and precision. How- ever, if there are fluctuations in the values of sampled where this percentage represents how much of the error estimates that are not directly derived from the noise hasbeenmitiga"
"Maupin et al. - 2024 - Error mitigation, optimization, and extrapolation on a trapped ion testbed.pdf",Maupin et al.,yes,yes,weak,fluctuation,8,"ut errors, which we define as MS†. to coherent under rotations of gates within circuits. In We then construct the IonSim noise model by in- addition, fluctuations in the radio frequencies used to troducing errors into the R and MS gate simulations. create the potential well to trap the ions can impact the Thes"
"Maupin et al. - 2024 - Error mitigation, optimization, and extrapolation on a trapped ion testbed.pdf",Maupin et al.,yes,yes,weak,fluctuation,8,"SCOUTdevicemaydifferfromoursimulations. cluding non-Markovian effects like within-circuit drifts, With these sources of noise in mind, we now turn to fluctuations, and context-dependent errors. While non- evaluating the effectiveness of various noise scaling tech- Markovian effects likely occur in the QSCOUT d"
"Maupin et al. - 2024 - Error mitigation, optimization, and extrapolation on a trapped ion testbed.pdf",Maupin et al.,yes,yes,weak,fluctuation,10,"cuitsfromnormaloperat- ing pulse duration conditions did not increase the noise enough to differentiate the noisy energy estimates in the presence of fluctuations due to sampling error and qubit drift. As simulations suggest, we are not able to ex- trapolate to an accurate zero noise estimate. We also separate"
"Maupin et al. - 2024 - Error mitigation, optimization, and extrapolation on a trapped ion testbed.pdf",Maupin et al.,yes,yes,weak,fluctuation,12,"ingtotalleast-squares eratechangesinthesidebanddetuningaresimilartothe toalinearfunction(blue,dashed)andquadraticfunction(or- magnitude of the random fluctuations in gate parame- ange,dot-dashed). Thequadraticfunctionbestdescribesthe ters in their analysis, leading to similar scaling in energy data,leadingtoaz"
"Maupin et al. - 2024 - Error mitigation, optimization, and extrapolation on a trapped ion testbed.pdf",Maupin et al.,yes,yes,weak,variance-general,2,"been symmetrically detuned from different kinds of device noise, such as error arising from red and blue sidebands. In our system, this is equivalent variance in our gate control parameters or heating due to an ‘XX’ interaction. The inverse gate (MS†) is per- to environmental effects. Moreover, these tests"
"Maupin et al. - 2024 - Error mitigation, optimization, and extrapolation on a trapped ion testbed.pdf",Maupin et al.,yes,yes,weak,variance-general,3,"mples of M pled estimates must be made, each needing samples to Hamiltonian terms is a set of sM variables p(k) where j meet a desired precision. The variance in the zero noise 1 ≤ j ≤ M and 1 ≤ k ≤ s. We consider the Hamilto- estimatenecessarilydependsuponthevarianceofeachof nian terms to label the rows of"
"Maupin et al. - 2024 - Error mitigation, optimization, and extrapolation on a trapped ion testbed.pdf",Maupin et al.,yes,yes,weak,variance-general,3,"uble down on the trade-off inherent to extrapolation, further reducing the ϵ=100∗ |E measured −E theory | (1) bias of our estimate but increasing the variance [24]. In E theory thecaseofRichardsonextrapolation,thenumberofsam- ples required to keep the variance constant scales expo- with accompanying percent"
"Maupin et al. - 2024 - Error mitigation, optimization, and extrapolation on a trapped ion testbed.pdf",Maupin et al.,yes,yes,weak,variance-general,3,"y | (1) bias of our estimate but increasing the variance [24]. In E theory thecaseofRichardsonextrapolation,thenumberofsam- ples required to keep the variance constant scales expo- with accompanying percentage uncertainty σ calculated nentially with m, the number of sampled estimates. As from the standard e"
"Maupin et al. - 2024 - Error mitigation, optimization, and extrapolation on a trapped ion testbed.pdf",Maupin et al.,yes,yes,weak,variance-general,6,"nt noise, such as that modeled by a high-resolutionextrapolationattheminimum. Methodchas depolarizingchannel,andsomesourcesofothercoherent the lowest variance across the varied number of samples and noise. Thisisthehypothesisweshalltestexperimentally is the simplest to implement. All estimates fall outside"
McDonough et al. - 2022 - Automated quantum error mitigation based on probabilistic error reduction.pdf,McDonough et al.,partial,yes,strong,std-dev,10,"r qubits over 15 Trotter steps. shows the individual estimators (blue) and their average with Our results demonstrate that PER combined with vZNE can standard deviation (red crosses) at ξ = 0 (upper plot) and yield results of the same accuracy as PEC, but at much ξ = 0.5 (lower plot). The variance increases as the no"
McDonough et al. - 2022 - Automated quantum error mitigation based on probabilistic error reduction.pdf,McDonough et al.,partial,yes,strong,variance-reported,2,"on IBM hardware [10]. asignproblem,andrequiresanexponentialsamplingoverhead Our key contributions are the following: 1) We combine the to reduce the variance below a desired threshold. At current advantages of PNT with the sampling overhead reduction of hardware noise levels, the sampling overhead limits P"
McDonough et al. - 2022 - Automated quantum error mitigation based on probabilistic error reduction.pdf,McDonough et al.,partial,yes,strong,variance-reported,5,"thm 1. 1 ξ ≥1 The total overhead is a product of the overhead of the individual layers l, γ(ξ) = (cid:81) γ(ξ), and so it still scales quantifies the variance in the estimator. This channel Λ(ξ) tot l l exponentially in the number of layers. However, by making exhibitssimilarusefulpropertiesasweobservedwith"
McDonough et al. - 2022 - Automated quantum error mitigation based on probabilistic error reduction.pdf,McDonough et al.,partial,yes,strong,variance-reported,10,"tation values of individual qubits at n=15 Trotter steps as a function of noise strength ξ. We use 1000 PER circuits, each evaluated with 1024 shots. Variance increases and bias decreases for smaller ξ. vZNE with expo- nential fit using ξ ∈{0.5,1,2} yields an expectation value of similaraccuracyasPEC.Thesta"
McDonough et al. - 2022 - Automated quantum error mitigation based on probabilistic error reduction.pdf,McDonough et al.,partial,yes,strong,variance-reported,10,"vZNE can standard deviation (red crosses) at ξ = 0 (upper plot) and yield results of the same accuracy as PEC, but at much ξ = 0.5 (lower plot). The variance increases as the noise smaller sampling costs. Finally, as increasingly complex error strength approaches zero, and the estimator values approach mit"
McDonough et al. - 2022 - Automated quantum error mitigation based on probabilistic error reduction.pdf,McDonough et al.,partial,yes,weak,uncertainty,3,"igation workflow using Mitiq. γ =2.67,leadingtoanevenmoresteeplyincreasingsampling GST results exhibit a gauge degree of freedom related to cost. the uncertainty in both state-preparation and measurement As shown in Fig. 2(b), although the price of reducing the processes, which results in a set of PTMs which a"
McDonough et al. - 2022 - Automated quantum error mitigation based on probabilistic error reduction.pdf,McDonough et al.,partial,yes,weak,variance-general,2,"on IBM hardware [10]. asignproblem,andrequiresanexponentialsamplingoverhead Our key contributions are the following: 1) We combine the to reduce the variance below a desired threshold. At current advantages of PNT with the sampling overhead reduction of hardware noise levels, the sampling overhead limits P"
McDonough et al. - 2022 - Automated quantum error mitigation based on probabilistic error reduction.pdf,McDonough et al.,partial,yes,weak,variance-general,5,"thm 1. 1 ξ ≥1 The total overhead is a product of the overhead of the individual layers l, γ(ξ) = (cid:81) γ(ξ), and so it still scales quantifies the variance in the estimator. This channel Λ(ξ) tot l l exponentially in the number of layers. However, by making exhibitssimilarusefulpropertiesasweobservedwith"
McDonough et al. - 2022 - Automated quantum error mitigation based on probabilistic error reduction.pdf,McDonough et al.,partial,yes,weak,variance-general,10,"tation values of individual qubits at n=15 Trotter steps as a function of noise strength ξ. We use 1000 PER circuits, each evaluated with 1024 shots. Variance increases and bias decreases for smaller ξ. vZNE with expo- nential fit using ξ ∈{0.5,1,2} yields an expectation value of similaraccuracyasPEC.Thesta"
McDonough et al. - 2022 - Automated quantum error mitigation based on probabilistic error reduction.pdf,McDonough et al.,partial,yes,weak,variance-general,10,"vZNE can standard deviation (red crosses) at ξ = 0 (upper plot) and yield results of the same accuracy as PEC, but at much ξ = 0.5 (lower plot). The variance increases as the noise smaller sampling costs. Finally, as increasingly complex error strength approaches zero, and the estimator values approach mit"
Moguel et al. - 2024 - Quantum software experiments A reporting and laboratory package structure guidelines.pdf,Moguel et al.,na,partial,weak,uncertainty,3,"anglement. ofexperimentalmaterialstakingintoaccountthepeculiaritiesof Inspiredbytheanalysisofthesimilaritiesanddifferencesbe- QuantumComputing,suchas:uncertainty (Heisenberg’suncer- tweenclassicalandquantumprogramming,therearealreadypro- taintyprinciple),beforemeasurement,qubitsareinsuperposition posalsthatado"
Niroula et al. - 2025 - Error Mitigation Thresholds in Noisy Random Quantum Circuits.pdf,Niroula et al.,partial,yes,strong,std-dev,4,"ly random noise rates that are constant in time. We (cid:112) two operators are I and S (the SWAP gate). We expect define σ = p(1 p)(q 2 q 1 ) as the standard deviation − − this model to be sufficient to capture many of the prop- ofthenoiserates. Weprovethatthequenched1Dmodel ertiesofthetransition,ashasbeenarguedinth"
Niroula et al. - 2025 - Error Mitigation Thresholds in Noisy Random Quantum Circuits.pdf,Niroula et al.,partial,yes,strong,std-dev,4,"A the bound- romagnetic domain in the presence of the random field arycostofthedomainwallscalesas A(D−1)/D,whereas will scale as σLD/2 where σ is the standard deviation of the amplification from the antinoise | sc | ales as A1/2. As | | the disorder. On the other hand, the energy cost associ- a result, with quenched"
Niroula et al. - 2025 - Error Mitigation Thresholds in Noisy Random Quantum Circuits.pdf,Niroula et al.,partial,yes,strong,plus-minus-value,4,"m be the minimum inte- t s h p e a n cet w im e e ca c n on w fig ri u t r e at ρ i 2 on = s w ρ i + 2 th − a ρ p − 2 o , si w tiv h e e / re ne ρ g ± 2 ati s v u e m sig o n v . er g Γ e = r s l u n c [( h 1 th q at )m (1 / − (1 q 1 q )m ) / m (1 ] − 2 q l a n ) 5 m /2 > Ta (5 k / in 2 g )2 a a c n o"
Niroula et al. - 2025 - Error Mitigation Thresholds in Noisy Random Quantum Circuits.pdf,Niroula et al.,partial,yes,strong,sigma-value,5,"een the two qubits52,53. These low-order correla- simulations of random circuits, together with noise and tions are exponentially suppressed in N for σ = 0, but antinoise,tocharacterizethisphasetransitionintwoset- theydevelopapeakatthecriticalpointwherelong-range tings. In the first case [see Fig. 2(a-d)"
Niroula et al. - 2025 - Error Mitigation Thresholds in Noisy Random Quantum Circuits.pdf,Niroula et al.,partial,yes,weak,uncertainty,1,"Pauli noise dimensions D 2 when the noise is imperfectly char- ≥ estimation25,26 or Hamiltonian learning27,28), thresholds acterized, i.e., there is uncertainty in the parameters of in learnability are possible and likely arise under some the noise model that have random fluctuations in space circumstances. H"
Niroula et al. - 2025 - Error Mitigation Thresholds in Noisy Random Quantum Circuits.pdf,Niroula et al.,partial,yes,weak,fluctuation,1,"acterized, i.e., there is uncertainty in the parameters of in learnability are possible and likely arise under some the noise model that have random fluctuations in space circumstances. However, toourknowledge, thresholdre- and/or time. We consider a model of random unitary sultsfortherobustnessofquantumerror"
Niroula et al. - 2025 - Error Mitigation Thresholds in Noisy Random Quantum Circuits.pdf,Niroula et al.,partial,yes,weak,fluctuation,2,"viates from one only due tion in finite-dimensional models. In Sec. V, we present √ a rigorous result on the absence of an ordered phase in to random fluctuations as e±O( d) (i.e., the exponential 1D with quenched disorder, as well as simple heuristic growth rate is suppressed by a factor √d). arguments for th"
Noel et al. - 2022 - Observation of measurement-induced quantum phases in a trapped-ion quantum computer.pdf,Noel et al.,yes,yes,strong,error-bar,9,"nbythereddashedline). Inthisexample,theentropyis measuredbyperformingsingle-qubittomographyofthereferencebymakingmeasurementsin the x, y and z-basis. Error bars (1σ) are smaller than the markers, with 4000 and 10000 shots forexperimentandsimulation,respectively. Missingexperimentdataareduetoionlossevents, wh"
Noel et al. - 2022 - Observation of measurement-induced quantum phases in a trapped-ion quantum computer.pdf,Noel et al.,yes,yes,weak,uncertainty,11,"ermediate(middle),andpurephase(bottom) with p = 0, p = 0.5, and p = 1 respectively with size-scaling as predicted in Fig. 2B. Error x x x bars are 1σ uncertainty with 300 circuits for p = 0,1 and 100 circuits for p = 0.5 (B) Simu- x x latedresultsshowingthelate-timedecayrateτ of(cid:104)S (cid:105)nearthetrans"
Noel et al. - 2022 - Observation of measurement-induced quantum phases in a trapped-ion quantum computer.pdf,Noel et al.,yes,yes,weak,fluctuation,23,"mechanisms that likely contribute to the shift observed in the data include T dephasing, random over/under rotation errors caused 2 by beam position fluctuations, spurious entanglement of qubits with the axial modes of the ion 7"
Pascuzzi et al. - 2022 - Computationally efficient zero-noise extrapolation for quantum-gate-error mitigation.pdf,Pascuzzi et al.,yes,yes,strong,error-bar,5,"olation were ob- tainedwithcircuitswhereeachCNOTgatewasreplacedbyone, three, or five CNOT gates. Each circuit was executed with 448 random instances. Error bars represent the standard error of processed data. Exact solution takes the Trotter–Suzuki decom- position into account. 270502-4"
Pascuzzi et al. - 2022 - Computationally efficient zero-noise extrapolation for quantum-gate-error mitigation.pdf,Pascuzzi et al.,yes,yes,strong,std-error,5,"thcircuitswhereeachCNOTgatewasreplacedbyone, three, or five CNOT gates. Each circuit was executed with 448 random instances. Error bars represent the standard error of processed data. Exact solution takes the Trotter–Suzuki decom- position into account. 270502-4"
Pascuzzi et al. - 2022 - Computationally efficient zero-noise extrapolation for quantum-gate-error mitigation.pdf,Pascuzzi et al.,yes,yes,weak,uncertainty,6,".Morris,T.Papenbrock,R.C.Pooser,D.J.Dean,andP. enough randomized samples are collected to achieve low Lougovski, Phys. Rev. Lett. 120, 210501 (2018). uncertainty [47]. [18] S.Endo,S.C.Benjamin,andY.Li,Phys.Rev.X8,031027 (2018). This work was supported by the U.S. Department of [19] A. Kandala, K. Temme, A.D. C"
Patil et al. - 2023 - Folding-Free ZNE A Comprehensive Quantum Zero-Noise Extrapolation Approach for Mitigating Depolariz.pdf,Patil et al.,yes,no,none,,,
Pelofske et al. - 2024 - Increasing the Measured Effective Quantum Volume with Zero Noise Extrapolation.pdf,Pelofske et al.,yes,yes,strong,CI,14,"(2022), pp. 1–19. doi: 10.1109/TQE.2022.3184764. [5] CharlesH.Baldwinetal.“Re-examiningthequantumvolumetest:Idealdistributions,compileroptimizations, confidence intervals, and scalable resource estimations”. In: Quantum 6 (2022), p. 707. issn: 2521-327X. doi: 10.22331/q-2022-05-09-707. url: https://doi.org/10.22331/q-"
Pelofske et al. - 2024 - Increasing the Measured Effective Quantum Volume with Zero Noise Extrapolation.pdf,Pelofske et al.,yes,yes,weak,fluctuation,9,"such deviations beyond the theoretical upper bound and, for a few cases, the extrapolated HOP is even larger than 1. The amplification of statistical fluctuations is a known aspect of ZNE and is expected for individual circuits due to the very small number of sample (100 shots). However, at least when using li"
Prodius et al. - 2025 - Robust design under uncertainty in quantum error mitigation.pdf,Prodius et al.,yes,yes,strong,variance-reported,2,"ict minimiza- II. ROBUST DESIGN UNDER UNCERTAINTY tion of (a) expected error, (b) worst case error (tail value at FOR ERROR MITIGATION risk), and (c) variance of mitigated results, with the initial distribution in black, and the optimized one in red. The red Here, we are mitigating Onoisy - a noisy estimate"
Prodius et al. - 2025 - Robust design under uncertainty in quantum error mitigation.pdf,Prodius et al.,yes,yes,strong,variance-reported,3,"3 P(Omitigated). termine uncertainty and quality of error mitigation as a At present, only algorithms to estimate the variance function of its hyperparameters and to find the optimal of Omitigated for some error mitigation methods [19, 54] hyperparameter values. For example,"
Prodius et al. - 2025 - Robust design under uncertainty in quantum error mitigation.pdf,Prodius et al.,yes,yes,strong,variance-reported,3,"η as the cost function [5]. Simi- which is heavy-tailed, and does not have a well-defined larly, onecanoptimizeo ⟨ th ⟩ erpropertiesofOmitigated orη variance[60]. SucharatioofobservablesgivesOmitigated distributions. Suchanapproachenablesonetousestate- in the case of Virtual Distillation [25]. of-the-artcl"
Prodius et al. - 2025 - Robust design under uncertainty in quantum error mitigation.pdf,Prodius et al.,yes,yes,strong,variance-reported,4,"est- sample estimates are also random variables that have ⟨ ⟩ neighbor sites. For this circuit, we mitigate the expec- probability distributions with variance dependent on tation value of a two-site correlator X 0 X 3 . To prepare N. To show the usefulness of this approach, we analyze thegroundstate,weuseah"
Prodius et al. - 2025 - Robust design under uncertainty in quantum error mitigation.pdf,Prodius et al.,yes,yes,weak,uncertainty,1,"Robust design under uncertainty in quantum error mitigation Maksym Prodius,1,∗ Piotr Czarnik,1,2,∗ Michael McKerns,3,4 Andrew T. Sornborger,3,5 and Lukasz Cincio6,5 1Institute of Th"
Prodius et al. - 2025 - Robust design under uncertainty in quantum error mitigation.pdf,Prodius et al.,yes,yes,weak,uncertainty,1,"or Complex Systems Research, Jagiellonian University, Kraków, Poland 3Information Sciences, Los Alamos National Laboratory, Los Alamos, NM, USA. 4The Uncertainty Quantification Foundation, Wilmington, DE 19801, USA. 5Quantum Science Center, Oak Ridge, TN 37931, USA. 6Theoretical Division, Los Alamos National L"
Prodius et al. - 2025 - Robust design under uncertainty in quantum error mitigation.pdf,Prodius et al.,yes,yes,weak,uncertainty,1,"e shot num- decoupling [10], measurement error mitigation [11, 12], bers the accuracy of these estimates is limited. This effect is called shot noise uncertainty. Shot noise un- certainty propagates through a classical post-processing procedure affecting error-mitigated expectation values. ∗ Thefirsttwoauthors"
Prodius et al. - 2025 - Robust design under uncertainty in quantum error mitigation.pdf,Prodius et al.,yes,yes,weak,uncertainty,2,"f training circuits for learning-based error mitigation produce bias. Taking into account these limitations, it is crucial to account for the outcome uncertainty while applying and designing error mitigation methods to correct noisy ob- servables. While methods to estimate shot uncertainty are known for some p"
Prodius et al. - 2025 - Robust design under uncertainty in quantum error mitigation.pdf,Prodius et al.,yes,yes,weak,uncertainty,2,"ount for the outcome uncertainty while applying and designing error mitigation methods to correct noisy ob- servables. While methods to estimate shot uncertainty are known for some particular techniques [19, 48, 54], nogeneralapproachtoquantifytheuncertaintyoferror- mitigated results or to optimize the robustn"
Prodius et al. - 2025 - Robust design under uncertainty in quantum error mitigation.pdf,Prodius et al.,yes,yes,weak,uncertainty,2,"ebeenproposed. In this work, we fill this gap by introducing such methods, as shown schematically in Fig. 1. We build upon a rig- orous framework for uncertainty quantification based on the observation that, given a set of assumptions and in- formationabouttheproblem,thereexistoptimalbounds on uncertainties th"
Prodius et al. - 2025 - Robust design under uncertainty in quantum error mitigation.pdf,Prodius et al.,yes,yes,weak,uncertainty,2,"test-cases in Sections IIIA1, IIIB1. In Sections IIIA2, IIIB2 we demonstrate quantifica- FIG. 1. Robust design of error mitigation under un- tion of uncertainty for these applications, while in Sec- certainty (a cartoon depiction). Inthiswork,wepresent tions IIIA3, IIIB3, IIIB4 we demonstrate design of ro- te"
Prodius et al. - 2025 - Robust design under uncertainty in quantum error mitigation.pdf,Prodius et al.,yes,yes,weak,uncertainty,2,"am- eters (such as choice of ZNE noise levels or learning-based error mitigation training circuits). Here we depict minimiza- II. ROBUST DESIGN UNDER UNCERTAINTY tion of (a) expected error, (b) worst case error (tail value at FOR ERROR MITIGATION risk), and (c) variance of mitigated results, with the initial d"
Prodius et al. - 2025 - Robust design under uncertainty in quantum error mitigation.pdf,Prodius et al.,yes,yes,weak,uncertainty,2,"observable computed for the optimized quantities, respectively. a circuit of interest. We assume that an error-mitigated cally have larger shot noise uncertainty than their noisy estimateofthisexpectationvalue,Omitigated,isobtained counterparts [48]. Furthermore, for a wide class of error- by classical post-pr"
Prodius et al. - 2025 - Robust design under uncertainty in quantum error mitigation.pdf,Prodius et al.,yes,yes,weak,uncertainty,2,"g of the expectation values of mitigation protocols, the number of shots required for a noisy observables obtained from the circuit of interest given uncertainty grows exponentially with circuit depth or its modifications. As these noisy expectation val- fundamentallylimitingthepoweroferrormitigation[49– ues a"
Prodius et al. - 2025 - Robust design under uncertainty in quantum error mitigation.pdf,Prodius et al.,yes,yes,weak,uncertainty,3,"3 P(Omitigated). termine uncertainty and quality of error mitigation as a At present, only algorithms to estimate the variance function of its hyperparameters and to find the optimal of"
Prodius et al. - 2025 - Robust design under uncertainty in quantum error mitigation.pdf,Prodius et al.,yes,yes,weak,uncertainty,3,"values of a distribution are A. Clifford Data Regression crucial for robust design. In this work, we demonstrate the feasibility of this approach to uncertainty quantifica- First, we use Clifford Data Regression (CDR) to tionoferrormitigation,bysamplingadistributionofthe demonstrate our uncertainty quantifica"
Prodius et al. - 2025 - Robust design under uncertainty in quantum error mitigation.pdf,Prodius et al.,yes,yes,weak,uncertainty,3,"pproach to uncertainty quantifica- First, we use Clifford Data Regression (CDR) to tionoferrormitigation,bysamplingadistributionofthe demonstrate our uncertainty quantification and robust relative error of Omitigated defined as design methods. Clifford Data Regression (CDR) is a Oexact Omitigated learning-base"
Prodius et al. - 2025 - Robust design under uncertainty in quantum error mitigation.pdf,Prodius et al.,yes,yes,weak,uncertainty,3,"srobustunderuncertainty. Forinstance,one same type [34]. For example, in the case of a rota- can consider the balance of error mitigation bias versus uncertainty for a given shot budget, Ntot. In particular, tion around the z-axis, R Z (θ)=e−i(θ/2)Z with arbitrary s θ, one can replace R with a power of a phase"
Prodius et al. - 2025 - Robust design under uncertainty in quantum error mitigation.pdf,Prodius et al.,yes,yes,weak,uncertainty,3,"which is a Clifford gate. Here Z is tion leads to a lower bias while resulting in larger shot a Pauli operator. As long as the number of non-Clifford uncertainty for a fixed shot budget [21]. Similarly, in gatesinatrainingcircuitremainssmallenough,thegates the case of Virtual Distillation, increasing the numbe"
Prodius et al. - 2025 - Robust design under uncertainty in quantum error mitigation.pdf,Prodius et al.,yes,yes,weak,uncertainty,3,"The Clifford of state copies results in better suppression of coherent substitutions can be performed randomly [34]. Alterna- errors increasing shot uncertainty [27]. tively, they can be done with a Markov Chain Monte For learning-based error mitigation, an analogous ef- Carlo (MCMC) procedure to impose const"
Prodius et al. - 2025 - Robust design under uncertainty in quantum error mitigation.pdf,Prodius et al.,yes,yes,weak,uncertainty,4,"ofdistributingthetraining state-of-the-art error mitigation methods while mitigat- data proposed in Ref. [61]. ing real-device noise [34, 54, 63]. 2. Uncertainty quantification 1. The setup To demonstrate our uncertainty quantification Asatestcase,weuseacircuitthatpreparestheground method, we perform error mit"
Prodius et al. - 2025 - Robust design under uncertainty in quantum error mitigation.pdf,Prodius et al.,yes,yes,weak,uncertainty,4,"methods while mitigat- data proposed in Ref. [61]. ing real-device noise [34, 54, 63]. 2. Uncertainty quantification 1. The setup To demonstrate our uncertainty quantification Asatestcase,weuseacircuitthatpreparestheground method, we perform error mitigation for our test-case state of a 6-qubit, one-dimension"
Prodius et al. - 2025 - Robust design under uncertainty in quantum error mitigation.pdf,Prodius et al.,yes,yes,weak,uncertainty,4,"formed noisy simulations using IBM’s indicating that they can be used in practice to quantify Toronto quantum computer noise model obtained using the uncertainty. In contrast, the maxima appear to a built-in Qiskit [65] function that creates a noise model diverge logarithmically with N. Therefore, the maxima b"
Prodius et al. - 2025 - Robust design under uncertainty in quantum error mitigation.pdf,Prodius et al.,yes,yes,weak,uncertainty,4,"the mitigated observables, which can ≤ ≥ begeneratedbyMCMC[61]. Here,weusethistechnique where P(η ηβ) is the probability of η being smaller or in an uncertainty quantification context. We use train- equal to ηβ≤ . We then define, ingcircuitswithy uniformlydistributedbetween y i max andy . Thesecircuitsaregene"
Prodius et al. - 2025 - Robust design under uncertainty in quantum error mitigation.pdf,Prodius et al.,yes,yes,weak,uncertainty,5,"5 FIG. 2. Uncertainty quantification. Finite-sample estimates of the mean (a), minimum (b), maximum (c), and tail value at risk TVaRright (d) of the relative error (Eq. (1"
Prodius et al. - 2025 - Robust design under uncertainty in quantum error mitigation.pdf,Prodius et al.,yes,yes,weak,uncertainty,6,"obtained with N = 1000 bution of shots among the noise levels does not result samplesisplottedversusanumberofoptimizationiterations. in uniform shot uncertainty for the data points. There- Theinsetsshowthebesthyperparametervaluesasafunction fore, the optimal choice of shot allocation under a fixed of iteratio"
Prodius et al. - 2025 - Robust design under uncertainty in quantum error mitigation.pdf,Prodius et al.,yes,yes,weak,uncertainty,6,"n, we use Ntot =105. s B. Zero Noise Extrapolation Inthissection,weuseZeroNoiseExtrapolation(ZNE) 1. The setup to demonstrate that the utility of our uncertainty quan- tification and robust design methods extends beyond We start with the same circuit of interest and observ- CDR. Zero Noise Extrapolation (ZNE)"
Prodius et al. - 2025 - Robust design under uncertainty in quantum error mitigation.pdf,Prodius et al.,yes,yes,weak,uncertainty,7,"assume that the R (α) gates are noiseless, Z which yields error rates for the gates that are similar to 0.09 the real-world gate error rates. 0.07 2. Uncertainty quantification Inthedemonstrationofouruncertaintyquantification 10 30 100 300 1000 3000 method for ZNE, we begin with a fixed choice of the N hyperpa"
Prodius et al. - 2025 - Robust design under uncertainty in quantum error mitigation.pdf,Prodius et al.,yes,yes,weak,uncertainty,7,"ensitive to the choice of α and n. Toinvestigatetherobustnessofourefficientsurrogate- based optimization method, we perform 30 optimization η FIG. 4. Uncertainty quantification for the ZNE er- ror mitigation. Finite-sample estimates of the tail value at risk TVaRright of the relative error (Eq. (1)) of the ZNE"
Prodius et al. - 2025 - Robust design under uncertainty in quantum error mitigation.pdf,Prodius et al.,yes,yes,weak,uncertainty,8,"noiseless expectated values of the observable of interest, X X , in the range [ 0.444,0.444]. The original circuit 0 3 − has X X = 0.444. As the shot uncertainty of the 0 3 ⟨ ⟩ − observable depends on its expectated value, we expect that the robustness for ZNE is correlated with X X . 0 3 ⟨ ⟩ First, we minimiz"
Prodius et al. - 2025 - Robust design under uncertainty in quantum error mitigation.pdf,Prodius et al.,yes,yes,weak,uncertainty,9,"erparameters to maxi- mize the resilience of error mitigation to shot noise un- certainty and bias. In this work, we propose to optimize estimates of uncertainty and error of error-mitigated ex- pectation values over error mitigation hyperparameters. This approach enables one to systematically determine the se"
Prodius et al. - 2025 - Robust design under uncertainty in quantum error mitigation.pdf,Prodius et al.,yes,yes,weak,uncertainty,9,"ation. ters. Themainplotshowsthetailvaluesatrisk, TVaRright, 0.9 for the optimal (the purple dots) and transferred (the blue Here we demonstrate both uncertainty quantification dots) values of the hyperparameters n and α plotted for 20 and robust design for test cases of CDR and ZNE er- circuits with the noise"
Prodius et al. - 2025 - Robust design under uncertainty in quantum error mitigation.pdf,Prodius et al.,yes,yes,weak,uncertainty,9,"hyperpa- work, we address these limitations by introducing meth- rameterscanbegeneralizedtoabroaderclassofcircuits. ods to quantify and minimize the uncertainty and error In this work, we optimize the relative error of the mit- of error-mitigated expectation values. Our error uncer- igated observables. This c"
Prodius et al. - 2025 - Robust design under uncertainty in quantum error mitigation.pdf,Prodius et al.,yes,yes,weak,uncertainty,10,10 V. ACKNOWLEDGMENTS knowledges support by the Uncertainty Quantification Foundation under the Statistical Learning program. Re- We thank Frédéric Sauvage and Mike Martin for help- search presented in this pa
Prodius et al. - 2025 - Robust design under uncertainty in quantum error mitigation.pdf,Prodius et al.,yes,yes,weak,uncertainty,11,"ARXIV.2204.09725. inquantumsimulations,” PhysicalReviewE104,035309 [55] H. Owhadi, C. Scovel, T. Sullivan, M. McKerns, and (2021). M. Ortiz, “Optimal Uncertainty Quantification,” SIAM [38] Miroslav Urbanek, Benjamin Nachman, Vincent R Pas- Review 55, 271 (2013). cuzzi, Andre He, Christian W Bauer, and Wibe A ["
Prodius et al. - 2025 - Robust design under uncertainty in quantum error mitigation.pdf,Prodius et al.,yes,yes,weak,uncertainty,11,"er, and Wibe A [56] T.J. Sullivan, M. McKerns, D. Meyer, F. Theil, deJong,“Mitigatingdepolarizingnoiseonquantumcom- H. Owhadi, and M. Ortiz, “Optimal uncertainty quan- puters with noise-estimation circuits,” Phys. Rev. Lett. tification for legacy data observations of lipschitz func- 127, 270502 (2021). tions,”"
Prodius et al. - 2025 - Robust design under uncertainty in quantum error mitigation.pdf,Prodius et al.,yes,yes,weak,uncertainty,11,"driven quantum error mitiga- tiz,H.Owhadi, andT.J.Sullivan,“Optimaluncertainty tion,” Phys. Rev. Research 3, 033098 (2021). quantification with model uncertainty and legacy data,” [40] Daniel Bultrini, Max Hunter Gordon, Piotr Czarnik, Journal of the Mechanics and Physics of Solids 72, 1–19 Andrew Arrasmith, P"
Prodius et al. - 2025 - Robust design under uncertainty in quantum error mitigation.pdf,Prodius et al.,yes,yes,weak,uncertainty,12,"olution – a simple and efficient heuristic for global optimization overcontinuousspaces,” JournalofGlobalOptimization 11, 341–359 (1997). Appendix A: Uncertainty quantification with a quantile of the relative error Here, we show the convergence of finite-sample esti- mates of a quantile η0.9 with increasing N"
Prodius et al. - 2025 - Robust design under uncertainty in quantum error mitigation.pdf,Prodius et al.,yes,yes,weak,variance-general,2,"ict minimiza- II. ROBUST DESIGN UNDER UNCERTAINTY tion of (a) expected error, (b) worst case error (tail value at FOR ERROR MITIGATION risk), and (c) variance of mitigated results, with the initial distribution in black, and the optimized one in red. The red Here, we are mitigating Onoisy - a noisy estimate"
Prodius et al. - 2025 - Robust design under uncertainty in quantum error mitigation.pdf,Prodius et al.,yes,yes,weak,variance-general,3,"3 P(Omitigated). termine uncertainty and quality of error mitigation as a At present, only algorithms to estimate the variance function of its hyperparameters and to find the optimal of Omitigated for some error mitigation methods [19, 54] hyperparameter values. For example,"
Prodius et al. - 2025 - Robust design under uncertainty in quantum error mitigation.pdf,Prodius et al.,yes,yes,weak,variance-general,3,"η as the cost function [5]. Simi- which is heavy-tailed, and does not have a well-defined larly, onecanoptimizeo ⟨ th ⟩ erpropertiesofOmitigated orη variance[60]. SucharatioofobservablesgivesOmitigated distributions. Suchanapproachenablesonetousestate- in the case of Virtual Distillation [25]. of-the-artcl"
Prodius et al. - 2025 - Robust design under uncertainty in quantum error mitigation.pdf,Prodius et al.,yes,yes,weak,variance-general,4,"est- sample estimates are also random variables that have ⟨ ⟩ neighbor sites. For this circuit, we mitigate the expec- probability distributions with variance dependent on tation value of a two-site correlator X 0 X 3 . To prepare N. To show the usefulness of this approach, we analyze thegroundstate,weuseah"
Qin et al. - 2023 - Error statistics and scalability of quantum error mitigation formulas.pdf,Qin et al.,yes,yes,strong,error-bar,11,".10 Rootmeansquareerrors(RMSE)invirtualdistillation(VD) y0 C 0 ¼ð1(cid:4)ϵ0 0 Þy0 C , where ϵ0 0 and y0 C are respectively the average protocols. The error bar represents one standard deviation. Other depolarisingrateandexpectedvalueinthevirtualmachine.Then details such as the circuit configuration and error"
Qin et al. - 2023 - Error statistics and scalability of quantum error mitigation formulas.pdf,Qin et al.,yes,yes,strong,std-dev,7,"ber of Pauli circuit-dependentfluctuation.Wecharacterisethefluctuationwith error channels. Each two-qubit gate contributes 15 Pauli error theweighted standard deviation channelsaccordingtotheproductformofthePaulierrormodel.For sffiffiffiffiffiffiffiffiffiffiffiffiffiffiffiffiffiffiffi acircuitwithN0two-qubitgates,the"
Qin et al. - 2023 - Error statistics and scalability of quantum error mitigation formulas.pdf,Qin et al.,yes,yes,strong,std-dev,8,"eglect O(p2) k terms, the average depolaripsinffiffigffiffiffiffiffiffirffiffiaffiffitffieffiffiffiffiffiffiiffisffiffiffiffiffiffiϵ ≃2pMP, and the 0 standard deviation is Δ’ 2pMPð1(cid:4)PÞ. Note that M is proportional tothegate number. In large circuits, the global depolarising model with the depolarising rate ϵ is"
Qin et al. - 2023 - Error statistics and scalability of quantum error mitigation formulas.pdf,Qin et al.,yes,yes,strong,std-dev,8,"andomvariablesinthesummationislarger.Accordingtothelaw Fig. 5 Distributions of the bias for six-qubit periodic-cycling of large numbers, the relative standard deviation of the circuits with 72 two-qubit gates under the gate depolarising summationdecreases withthe numberofrandom variables,i.e. noise. The error rate pe"
Qin et al. - 2023 - Error statistics and scalability of quantum error mitigation formulas.pdf,Qin et al.,yes,yes,strong,std-dev,10,"ngeneral,wecanworkoutthedecompositionasfollows. If U is the unitary operator of the ideal gate, the completely Fig. 8 Average depolarising rate ϵ and standard deviation Δ in i 0 positivemapofthenoisygateisN ½U(cid:3).Wecancancelthenoise six-qubitperiodic-cyclingcircuits.Theaxisontheleftcorresponds Pi t t w o o ϵ - 0"
Qin et al. - 2023 - Error statistics and scalability of quantum error mitigation formulas.pdf,Qin et al.,yes,yes,strong,std-dev,11,"RMSE)invirtualdistillation(VD) y0 C 0 ¼ð1(cid:4)ϵ0 0 Þy0 C , where ϵ0 0 and y0 C are respectively the average protocols. The error bar represents one standard deviation. Other depolarisingrateandexpectedvalueinthevirtualmachine.Then details such as the circuit configuration and error model are the theresidualbiasofy0"
Qin et al. - 2023 - Error statistics and scalability of quantum error mitigation formulas.pdf,Qin et al.,yes,yes,strong,plus-minus-value,4,"combination of Pauli operators and computing the expected valueofeach term. TheexpectedvalueofaPaulioperatorinaCliffordcircuittakes three values 0 and±1. We can reexpress the error-free expected value as fC ¼TrðQ U j0ih0j(cid:2)nÞ, where Q U =U†QU is the effective observable. When U is Clifford, Q is"
Qin et al. - 2023 - Error statistics and scalability of quantum error mitigation formulas.pdf,Qin et al.,yes,yes,strong,plus-minus-value,4,"t-i, Q U =± P 1 ⊗P 2 ⊗⋯⊗P n . Then fC ¼ ± n i¼1 h0jP i j0i. If any single-qubit PaulioperatorP isXorY,theexpectedvalueiszero.IfallP areIor i i Z, fC =±1, and the sign is the same as Q U . For a randomly generated Clifford circuit, it is likely that some single-qubit Pauli operators contained inQ U are"
Qin et al. - 2023 - Error statistics and scalability of quantum error mitigation formulas.pdf,Qin et al.,yes,yes,strong,plus-minus-value,4,"te number N, and the standard qubitPaulioperatorsinitseffectiveobservableQ U areeitherIorZ. deviationisproportionalto N. Then,theexpected valueis fC =±1. npjQuantumInformation(2023) 35 PublishedinpartnershipwithTheUniversityofNewSouthWales"
Qin et al. - 2023 - Error statistics and scalability of quantum error mitigation formulas.pdf,Qin et al.,yes,yes,strong,plus-minus-value,7,"d Paulie (cid:5) rror mod (cid:6) elasan example,the noisemapreads equal sign is a consequence of fC =0 when C∉CES and 16ϵ 16ϵ η¼jCESj=jCj. Using fC =±1 for error-sensitive circuits, we can N i ¼ 1(cid:4) 15 ½I(cid:2)n(cid:3)þ 15 D 1;2 ; (20) obtain where η¼hf2 Ci U ; (28) X D 1;2 (cid:8) 1 1 6 P1 ;P2"
Qin et al. - 2023 - Error statistics and scalability of quantum error mitigation formulas.pdf,Qin et al.,yes,yes,strong,variance-reported,12,"x it a o ig m n a p t t e h le d e , A i ¼ 1þ 2 Z þ þ (cid:3) pffi ϵ ffi 1 ffi i; ffi a ffi (cid:4) ffi Xþ ϵ 2 i i Y ;a(cid:4) 1(cid:4) 2 Z (39) the variance in calculating the expectation value of the result is the amplitude damping on qubit-i. This model is used to increases with the error rate. Another"
Qin et al. - 2023 - Error statistics and scalability of quantum error mitigation formulas.pdf,Qin et al.,yes,yes,weak,fluctuation,3,"a in m g e m im od p e a l ct is o f n re t e he of e fl x u p c e t c u te at d io v n a , lu i. e e . . The impact is a factor of 1−ϵ. Without the fluctuation, there are Here, we have used that y C i ¼0 if any gate is replaced with D. many simple error mitigation formulas that can simultaneously Therefore,t"
Qin et al. - 2023 - Error statistics and scalability of quantum error mitigation formulas.pdf,Qin et al.,yes,yes,weak,fluctuation,6,"t Clifford effectively represented by a globalpdffiffieffiffipolarising model with gates, which contributes a factor of 24; If P0≠I, RyP0R ¼ ±Z for 8 fluctuation,andthefluctuationisOð1= NÞtimessmallerthanthe i i i i single-qubit Clifford gates, which contributes a factor of 8. The depolarising rate. This resul"
Qin et al. - 2023 - Error statistics and scalability of quantum error mitigation formulas.pdf,Qin et al.,yes,yes,weak,fluctuation,7,"Wecanunderstandthisphenomenonas alltheerrormodels. follows.Ifwechoosethecircuitrandomlyfromthecircuitset,each We focus on Pauli errors to analyse the fluctuation in the errorchannelisswitchedonandoffrandomly,i.e.eacht takesa k phenomenological-error model. For general errors, we can use randomvalue.Undertheass"
Qin et al. - 2023 - Error statistics and scalability of quantum error mitigation formulas.pdf,Qin et al.,yes,yes,weak,fluctuation,8,"ffectiveglobaldepolarisingerrorisremovedbyerrormitigation, mitigationprotocol isillustrated inFig.5. the remaining error p (fficffiffiffiaused by the fluctuation) scales with the Similar protocols that mitigate errors according to the global gate number as 1= N. In addition, we numerically illustrate the depol"
Qin et al. - 2023 - Error statistics and scalability of quantum error mitigation formulas.pdf,Qin et al.,yes,yes,weak,fluctuation,8,"an measure ϵ 0 (and Δ) by uniformly sampling error-sensitive depolarisingmodelisusedtoderivethephenomenological-error circuits. Actually, because the fluctuation is small, we can even model, but the conclusion holds for other error models. The take ^ϵ 0 ¼1(cid:4)y C fC for one randomly generated error-sensitiv"
Qin et al. - 2023 - Error statistics and scalability of quantum error mitigation formulas.pdf,Qin et al.,yes,yes,weak,fluctuation,9,". deviation is Δ. Because C and C are the same circuit, their i 1 2 Weinclude theexperimental results inpSffiuffiffipffiffiffipffiffilementary Note6. fluctuations are correlated: Suppose effective depolarising rates InFig.7,theerproffirffiffiffisffiffiuffiffippre p ssffiiffioffiffinratio L=L0 forall-to-all-net"
Qin et al. - 2023 - Error statistics and scalability of quantum error mitigation formulas.pdf,Qin et al.,yes,yes,weak,fluctuation,11,"ote that ingrates)bytakingpropervariationalparametersintheformula, perfectimplementationrequirestheexactknowledgeoftheerror the bias is determined by fluctuations. For virtual distillation, modelorexactcontroloftheerrormodel.Invirtualdistillation,we F av ða e 1 ra fC g 1 e ;a d 2 e f p C o 2 Þ la ¼ ris a in 1"
Qin et al. - 2023 - Error statistics and scalability of quantum error mitigation formulas.pdf,Qin et al.,yes,yes,weak,fluctuation,12,"The optimised formula removes the average cponffiffitffiffiribu- Severalerrormodels are used inthenumerical simulations. tion of noise and leaves the fluctuation proportional to N. We Gate depolarising model. The model is given in Eq. (20), and verifythisresultwiththenumericalsimulationofvariouscircuits, onlyt"
Qin et al. - 2023 - Error statistics and scalability of quantum error mitigation formulas.pdf,Qin et al.,yes,yes,weak,variance-general,12,"x it a o ig m n a p t t e h le d e , A i ¼ 1þ 2 Z þ þ (cid:3) pffi ϵ ffi 1 ffi i; ffi a ffi (cid:4) ffi Xþ ϵ 2 i i Y ;a(cid:4) 1(cid:4) 2 Z (39) the variance in calculating the expectation value of the result is the amplitude damping on qubit-i. This model is used to increases with the error rate. Another"
Quek et al. - 2024 - Exponentially tighter bounds on limitations of quantum error mitigation.pdf,Quek et al.,na,yes,strong,plus-minus-value,6,"ition, consists of all operators of the form ikXaZb, where entropy, that is, limα→1Dα(ρ∥σ)=D(ρ∥σ). k ∈ {0, 1, 2, 3} and a, b ∈ {0, 1}n. Let 𝒬𝒬n∶=𝒫𝒫n𝕀{±1,±i} be the quotient group that results from disregarding global phases in 𝒫𝒫n . For every Pauli opera- • Maximum relative entropy. For supp(ρ) ⊆ supp"
Quek et al. - 2024 - Exponentially tighter bounds on limitations of quantum error mitigation.pdf,Quek et al.,na,yes,weak,spread,5,"the identity gate. of circuits carries over into a typical use case? We believe that the We point out that the aforementioned applications pertain to spread of entanglement has to play a role. Broadly speaking, we see noisy intermediate-scale quantum processors. Such processors run two regimes emerge once"
Quek et al. - 2024 - Exponentially tighter bounds on limitations of quantum error mitigation.pdf,Quek et al.,na,yes,weak,spread,5,"emerge once we go to the Heisenberg picture. For the first, shallow quantum circuits, which means that their depth scales like the evolution does not spread out the observables or generate much D=O(log(n)), so that the rate of convergence in the aforementioned entanglement. However, in this regime, we exp"
Quek et al. - 2024 - Exponentially tighter bounds on limitations of quantum error mitigation.pdf,Quek et al.,na,yes,weak,spread,5,no exponential quantum computing. Although it is known that entanglement needs quantum speed-ups for estimating expectation values in the presence to spread extensively over the architecture so that one can hope for a of noise. This is because there are classical algorithms that exhibit the quantum advant
Quek et al. - 2024 - Exponentially tighter bounds on limitations of quantum error mitigation.pdf,Quek et al.,na,yes,weak,spread,5,"hope for a of noise. This is because there are classical algorithms that exhibit the quantum advantage, we see here (as well as in ref. 38) that this spread- same exponential scaling with complexity32,33 exhibited by our results. ing of entanglement can be an adversary, as it also assists noise in As such"
Quek et al. - 2024 - Exponentially tighter bounds on limitations of quantum error mitigation.pdf,Quek et al.,na,yes,weak,spread,10,"maps each Pauli to a uniformly 16. Takagi, R., Endo, S., Minagawa, S. & Gu, M. Fundamental limits of random Pauli. Intuitively, such random circuits spread entanglement quantum error mitigation. npj Quantum Inf. 8, 114 (2022). very fast, as such a uniform distribution puts significant weight on the 17. T"
Roy et al. - 2024 - Simulating open quantum systems using noise models and NISQ devices with error mitigation.pdf,Roy et al.,no,no,none,,,
Russo et al. - 2023 - Testing Platform-Independent Quantum Error Mitigation on Noisy Quantum Computers.pdf,Russo et al.,yes,yes,strong,plus-minus-value,16,"caling a surface code logical qubit,” 2022, arXiv:2207.06431, doi: experiments,werandomlysamplebetweentwofixedsmall 10.48550/arXiv.2207.06431. angles(±10 −4)asreportedinListing6. [4] Amazon Web Services, Amazon Braket, 2020. [Online]. Available: Note, that all our ZNE experiments on IonQ hardware http"
Russo et al. - 2023 - Testing Platform-Independent Quantum Error Mitigation on Noisy Quantum Computers.pdf,Russo et al.,yes,yes,strong,variance-reported,10,"t of very weak noise, the bias of expectation values FIGURE7. (Toppanel)Improvementfactor(6)associatedtothe is negligible compared to the statistical variance which is observableAwintroducedin(13)asafunctionofw,i.e.,thenumberof typicallynotreducedbyerrormitigation(actually,itisoften qubitsonwhichAwactsnontr"
Russo et al. - 2023 - Testing Platform-Independent Quantum Error Mitigation on Noisy Quantum Computers.pdf,Russo et al.,yes,yes,weak,fluctuation,9,"ofrandomcircuits.Suchanaverageover PECseemstobemorescalablewithrespecttotheobservable differentcircuitsisprobablyenoughtosmooththestatistical weight. fluctuationsoftheimprovementfactor. VOLUME4,2023 2500318"
Russo et al. - 2023 - Testing Platform-Independent Quantum Error Mitigation on Noisy Quantum Computers.pdf,Russo et al.,yes,yes,weak,variance-general,10,"t of very weak noise, the bias of expectation values FIGURE7. (Toppanel)Improvementfactor(6)associatedtothe is negligible compared to the statistical variance which is observableAwintroducedin(13)asafunctionofw,i.e.,thenumberof typicallynotreducedbyerrormitigation(actually,itisoften qubitsonwhichAwactsnontr"
Régent - 2025 - Awesome Quantum Computing Experiments Benchmarking Experimental Progress Towards Fault-Tolerant Qua.pdf,Regent,partial,yes,strong,plus-minus-value,11,"and distance-5 logical qubits (logical error per cycle of 2.914% vs 3.028%)[135], the following demonstration achieved significant suppression (Λ=2.14±0.02) when scaling from distance-5 to distance-7 [136]. This latter work also reported operating both distance-5 and distance-7 surface codes below the"
Régent - 2025 - Awesome Quantum Computing Experiments Benchmarking Experimental Progress Towards Fault-Tolerant Qua.pdf,Regent,partial,yes,strong,plus-minus-value,11,"eported operating both distance-5 and distance-7 surface codes below the fault-tolerance threshold, achieving a logical error rate per cycle of 0.143%±0.003% for the 101-qubit distance-7 code [136]. Furthermore, this distance-7 logical memory surpassed the break-even point, exhibiting a lifetime 2.4±0"
Régent - 2025 - Awesome Quantum Computing Experiments Benchmarking Experimental Progress Towards Fault-Tolerant Qua.pdf,Regent,partial,yes,strong,plus-minus-value,11,"±0.003% for the 101-qubit distance-7 code [136]. Furthermore, this distance-7 logical memory surpassed the break-even point, exhibiting a lifetime 2.4±0.3 times longer than its best constituent physical qubit [136]. Although these recent achievements mark critical milestones, the overall number of suc"
Régent - 2025 - Awesome Quantum Computing Experiments Benchmarking Experimental Progress Towards Fault-Tolerant Qua.pdf,Regent,partial,yes,strong,variance-reported,27,"cient of determination, R2, which is simply the square of the Pearson correlation coefficient (R2 =r2). The R2 value represents the proportion of the variance in the dependent variable (log (metric)) that is predictable from the independent variable (year). An R2 10 value ranges from 0 to 1, where 1 indicat"
Régent - 2025 - Awesome Quantum Computing Experiments Benchmarking Experimental Progress Towards Fault-Tolerant Qua.pdf,Regent,partial,yes,strong,variance-reported,27,"s predictable from the independent variable (year). An R2 10 value ranges from 0 to 1, where 1 indicates that the linear model perfectly explains the variance in the transformed data (corresponding to a perfect exponential fit for the original data), and 0 indicates no linear correlation. Values close to 1"
Régent - 2025 - Awesome Quantum Computing Experiments Benchmarking Experimental Progress Towards Fault-Tolerant Qua.pdf,Regent,partial,yes,strong,variance-reported,29,"The R2 values presented in Table 3 are generally high (many above 0.85), suggesting that the exponential model captures a significant portion of the variance in the historical trends for most platforms and metrics analyzed. This supports the visual impression from Figure 1, Figure 2, Figure 3 and provides"
Régent - 2025 - Awesome Quantum Computing Experiments Benchmarking Experimental Progress Towards Fault-Tolerant Qua.pdf,Regent,partial,yes,weak,variance-general,27,"cient of determination, R2, which is simply the square of the Pearson correlation coefficient (R2 =r2). The R2 value represents the proportion of the variance in the dependent variable (log (metric)) that is predictable from the independent variable (year). An R2 10 value ranges from 0 to 1, where 1 indicat"
Régent - 2025 - Awesome Quantum Computing Experiments Benchmarking Experimental Progress Towards Fault-Tolerant Qua.pdf,Regent,partial,yes,weak,variance-general,27,"s predictable from the independent variable (year). An R2 10 value ranges from 0 to 1, where 1 indicates that the linear model perfectly explains the variance in the transformed data (corresponding to a perfect exponential fit for the original data), and 0 indicates no linear correlation. Values close to 1"
Régent - 2025 - Awesome Quantum Computing Experiments Benchmarking Experimental Progress Towards Fault-Tolerant Qua.pdf,Regent,partial,yes,weak,variance-general,29,"The R2 values presented in Table 3 are generally high (many above 0.85), suggesting that the exponential model captures a significant portion of the variance in the historical trends for most platforms and metrics analyzed. This supports the visual impression from Figure 1, Figure 2, Figure 3 and provides"
Sahu and Gupta - 2024 - NAC-QFL Noise Aware Clustered Quantum Federated Learning.pdf,Sahu & Gupta,yes,yes,strong,plus-minus-value,8,"tion,R-RandomDeviceSelection;N-Noisydatasetwithnoisylabel. Setting Method MNIST-Bin MNIST-Full P-MNIST MNIST-Bin(N) MNIST-Full(N) P-MNIST(N) QNN 56.28±0.45 48.86±4.32 48.66±3.47 41.24±4.96 39.29±4.72 40.29±1.53 S1 QNN(PEC) 78.46±5.10 62.65±5.64 52.50±3.90 54.77±2.98 48.03±0.88 48.64±0.46 QNN(ZNE) 82.3"
Sahu and Gupta - 2024 - NAC-QFL Noise Aware Clustered Quantum Federated Learning.pdf,Sahu & Gupta,yes,yes,strong,plus-minus-value,8,omDeviceSelection;N-Noisydatasetwithnoisylabel. Setting Method MNIST-Bin MNIST-Full P-MNIST MNIST-Bin(N) MNIST-Full(N) P-MNIST(N) QNN 56.28±0.45 48.86±4.32 48.66±3.47 41.24±4.96 39.29±4.72 40.29±1.53 S1 QNN(PEC) 78.46±5.10 62.65±5.64 52.50±3.90 54.77±2.98 48.03±0.88 48.64±0.46 QNN(ZNE) 82.35±3.10 64.0
Sahu and Gupta - 2024 - NAC-QFL Noise Aware Clustered Quantum Federated Learning.pdf,Sahu & Gupta,yes,yes,strong,plus-minus-value,8,ection;N-Noisydatasetwithnoisylabel. Setting Method MNIST-Bin MNIST-Full P-MNIST MNIST-Bin(N) MNIST-Full(N) P-MNIST(N) QNN 56.28±0.45 48.86±4.32 48.66±3.47 41.24±4.96 39.29±4.72 40.29±1.53 S1 QNN(PEC) 78.46±5.10 62.65±5.64 52.50±3.90 54.77±2.98 48.03±0.88 48.64±0.46 QNN(ZNE) 82.35±3.10 64.00±3.64 54.9
Sahu and Gupta - 2024 - NAC-QFL Noise Aware Clustered Quantum Federated Learning.pdf,Sahu & Gupta,yes,yes,strong,plus-minus-value,8,isydatasetwithnoisylabel. Setting Method MNIST-Bin MNIST-Full P-MNIST MNIST-Bin(N) MNIST-Full(N) P-MNIST(N) QNN 56.28±0.45 48.86±4.32 48.66±3.47 41.24±4.96 39.29±4.72 40.29±1.53 S1 QNN(PEC) 78.46±5.10 62.65±5.64 52.50±3.90 54.77±2.98 48.03±0.88 48.64±0.46 QNN(ZNE) 82.35±3.10 64.00±3.64 54.95±2.55 56.2
Sahu and Gupta - 2024 - NAC-QFL Noise Aware Clustered Quantum Federated Learning.pdf,Sahu & Gupta,yes,yes,strong,plus-minus-value,8,ithnoisylabel. Setting Method MNIST-Bin MNIST-Full P-MNIST MNIST-Bin(N) MNIST-Full(N) P-MNIST(N) QNN 56.28±0.45 48.86±4.32 48.66±3.47 41.24±4.96 39.29±4.72 40.29±1.53 S1 QNN(PEC) 78.46±5.10 62.65±5.64 52.50±3.90 54.77±2.98 48.03±0.88 48.64±0.46 QNN(ZNE) 82.35±3.10 64.00±3.64 54.95±2.55 56.26±1.2 51.82
Sahu and Gupta - 2024 - NAC-QFL Noise Aware Clustered Quantum Federated Learning.pdf,Sahu & Gupta,yes,yes,strong,plus-minus-value,8,el. Setting Method MNIST-Bin MNIST-Full P-MNIST MNIST-Bin(N) MNIST-Full(N) P-MNIST(N) QNN 56.28±0.45 48.86±4.32 48.66±3.47 41.24±4.96 39.29±4.72 40.29±1.53 S1 QNN(PEC) 78.46±5.10 62.65±5.64 52.50±3.90 54.77±2.98 48.03±0.88 48.64±0.46 QNN(ZNE) 82.35±3.10 64.00±3.64 54.95±2.55 56.26±1.2 51.82±0.81 52.97
Sahu and Gupta - 2024 - NAC-QFL Noise Aware Clustered Quantum Federated Learning.pdf,Sahu & Gupta,yes,yes,strong,plus-minus-value,8,T-Bin MNIST-Full P-MNIST MNIST-Bin(N) MNIST-Full(N) P-MNIST(N) QNN 56.28±0.45 48.86±4.32 48.66±3.47 41.24±4.96 39.29±4.72 40.29±1.53 S1 QNN(PEC) 78.46±5.10 62.65±5.64 52.50±3.90 54.77±2.98 48.03±0.88 48.64±0.46 QNN(ZNE) 82.35±3.10 64.00±3.64 54.95±2.55 56.26±1.2 51.82±0.81 52.97±0.67 DQNN(R) 84.01±4.2
Sahu and Gupta - 2024 - NAC-QFL Noise Aware Clustered Quantum Federated Learning.pdf,Sahu & Gupta,yes,yes,strong,plus-minus-value,8,-Full P-MNIST MNIST-Bin(N) MNIST-Full(N) P-MNIST(N) QNN 56.28±0.45 48.86±4.32 48.66±3.47 41.24±4.96 39.29±4.72 40.29±1.53 S1 QNN(PEC) 78.46±5.10 62.65±5.64 52.50±3.90 54.77±2.98 48.03±0.88 48.64±0.46 QNN(ZNE) 82.35±3.10 64.00±3.64 54.95±2.55 56.26±1.2 51.82±0.81 52.97±0.67 DQNN(R) 84.01±4.20 85.65±2.1
Sahu and Gupta - 2024 - NAC-QFL Noise Aware Clustered Quantum Federated Learning.pdf,Sahu & Gupta,yes,yes,strong,plus-minus-value,8,ST MNIST-Bin(N) MNIST-Full(N) P-MNIST(N) QNN 56.28±0.45 48.86±4.32 48.66±3.47 41.24±4.96 39.29±4.72 40.29±1.53 S1 QNN(PEC) 78.46±5.10 62.65±5.64 52.50±3.90 54.77±2.98 48.03±0.88 48.64±0.46 QNN(ZNE) 82.35±3.10 64.00±3.64 54.95±2.55 56.26±1.2 51.82±0.81 52.97±0.67 DQNN(R) 84.01±4.20 85.65±2.12 82.70±3.1
Sahu and Gupta - 2024 - NAC-QFL Noise Aware Clustered Quantum Federated Learning.pdf,Sahu & Gupta,yes,yes,strong,plus-minus-value,8,n(N) MNIST-Full(N) P-MNIST(N) QNN 56.28±0.45 48.86±4.32 48.66±3.47 41.24±4.96 39.29±4.72 40.29±1.53 S1 QNN(PEC) 78.46±5.10 62.65±5.64 52.50±3.90 54.77±2.98 48.03±0.88 48.64±0.46 QNN(ZNE) 82.35±3.10 64.00±3.64 54.95±2.55 56.26±1.2 51.82±0.81 52.97±0.67 DQNN(R) 84.01±4.20 85.65±2.12 82.70±3.10 80.34±4.1
Sahu and Gupta - 2024 - NAC-QFL Noise Aware Clustered Quantum Federated Learning.pdf,Sahu & Gupta,yes,yes,strong,plus-minus-value,8,Full(N) P-MNIST(N) QNN 56.28±0.45 48.86±4.32 48.66±3.47 41.24±4.96 39.29±4.72 40.29±1.53 S1 QNN(PEC) 78.46±5.10 62.65±5.64 52.50±3.90 54.77±2.98 48.03±0.88 48.64±0.46 QNN(ZNE) 82.35±3.10 64.00±3.64 54.95±2.55 56.26±1.2 51.82±0.81 52.97±0.67 DQNN(R) 84.01±4.20 85.65±2.12 82.70±3.10 80.34±4.13 74.73±3.7
Sahu and Gupta - 2024 - NAC-QFL Noise Aware Clustered Quantum Federated Learning.pdf,Sahu & Gupta,yes,yes,strong,plus-minus-value,8,NIST(N) QNN 56.28±0.45 48.86±4.32 48.66±3.47 41.24±4.96 39.29±4.72 40.29±1.53 S1 QNN(PEC) 78.46±5.10 62.65±5.64 52.50±3.90 54.77±2.98 48.03±0.88 48.64±0.46 QNN(ZNE) 82.35±3.10 64.00±3.64 54.95±2.55 56.26±1.2 51.82±0.81 52.97±0.67 DQNN(R) 84.01±4.20 85.65±2.12 82.70±3.10 80.34±4.13 74.73±3.76 70.53±3.6
Sahu and Gupta - 2024 - NAC-QFL Noise Aware Clustered Quantum Federated Learning.pdf,Sahu & Gupta,yes,yes,strong,plus-minus-value,8,45 48.86±4.32 48.66±3.47 41.24±4.96 39.29±4.72 40.29±1.53 S1 QNN(PEC) 78.46±5.10 62.65±5.64 52.50±3.90 54.77±2.98 48.03±0.88 48.64±0.46 QNN(ZNE) 82.35±3.10 64.00±3.64 54.95±2.55 56.26±1.2 51.82±0.81 52.97±0.67 DQNN(R) 84.01±4.20 85.65±2.12 82.70±3.10 80.34±4.13 74.73±3.76 70.53±3.64 DQNN(NA) 84.45±2.6
Sahu and Gupta - 2024 - NAC-QFL Noise Aware Clustered Quantum Federated Learning.pdf,Sahu & Gupta,yes,yes,strong,plus-minus-value,8,32 48.66±3.47 41.24±4.96 39.29±4.72 40.29±1.53 S1 QNN(PEC) 78.46±5.10 62.65±5.64 52.50±3.90 54.77±2.98 48.03±0.88 48.64±0.46 QNN(ZNE) 82.35±3.10 64.00±3.64 54.95±2.55 56.26±1.2 51.82±0.81 52.97±0.67 DQNN(R) 84.01±4.20 85.65±2.12 82.70±3.10 80.34±4.13 74.73±3.76 70.53±3.64 DQNN(NA) 84.45±2.60 85.90±2.4
Sahu and Gupta - 2024 - NAC-QFL Noise Aware Clustered Quantum Federated Learning.pdf,Sahu & Gupta,yes,yes,strong,plus-minus-value,8,47 41.24±4.96 39.29±4.72 40.29±1.53 S1 QNN(PEC) 78.46±5.10 62.65±5.64 52.50±3.90 54.77±2.98 48.03±0.88 48.64±0.46 QNN(ZNE) 82.35±3.10 64.00±3.64 54.95±2.55 56.26±1.2 51.82±0.81 52.97±0.67 DQNN(R) 84.01±4.20 85.65±2.12 82.70±3.10 80.34±4.13 74.73±3.76 70.53±3.64 DQNN(NA) 84.45±2.60 85.90±2.43 84.25±1.3
Sahu and Gupta - 2024 - NAC-QFL Noise Aware Clustered Quantum Federated Learning.pdf,Sahu & Gupta,yes,yes,strong,plus-minus-value,8,96 39.29±4.72 40.29±1.53 S1 QNN(PEC) 78.46±5.10 62.65±5.64 52.50±3.90 54.77±2.98 48.03±0.88 48.64±0.46 QNN(ZNE) 82.35±3.10 64.00±3.64 54.95±2.55 56.26±1.2 51.82±0.81 52.97±0.67 DQNN(R) 84.01±4.20 85.65±2.12 82.70±3.10 80.34±4.13 74.73±3.76 70.53±3.64 DQNN(NA) 84.45±2.60 85.90±2.43 84.25±1.30 83.85±3.8
Sahu and Gupta - 2024 - NAC-QFL Noise Aware Clustered Quantum Federated Learning.pdf,Sahu & Gupta,yes,yes,strong,plus-minus-value,8,.72 40.29±1.53 S1 QNN(PEC) 78.46±5.10 62.65±5.64 52.50±3.90 54.77±2.98 48.03±0.88 48.64±0.46 QNN(ZNE) 82.35±3.10 64.00±3.64 54.95±2.55 56.26±1.2 51.82±0.81 52.97±0.67 DQNN(R) 84.01±4.20 85.65±2.12 82.70±3.10 80.34±4.13 74.73±3.76 70.53±3.64 DQNN(NA) 84.45±2.60 85.90±2.43 84.25±1.30 83.85±3.82 75.81±3.
Sahu and Gupta - 2024 - NAC-QFL Noise Aware Clustered Quantum Federated Learning.pdf,Sahu & Gupta,yes,yes,strong,plus-minus-value,8,.53 S1 QNN(PEC) 78.46±5.10 62.65±5.64 52.50±3.90 54.77±2.98 48.03±0.88 48.64±0.46 QNN(ZNE) 82.35±3.10 64.00±3.64 54.95±2.55 56.26±1.2 51.82±0.81 52.97±0.67 DQNN(R) 84.01±4.20 85.65±2.12 82.70±3.10 80.34±4.13 74.73±3.76 70.53±3.64 DQNN(NA) 84.45±2.60 85.90±2.43 84.25±1.30 83.85±3.82 75.81±3.71 72.10±2.
Sahu and Gupta - 2024 - NAC-QFL Noise Aware Clustered Quantum Federated Learning.pdf,Sahu & Gupta,yes,yes,strong,plus-minus-value,8,46±5.10 62.65±5.64 52.50±3.90 54.77±2.98 48.03±0.88 48.64±0.46 QNN(ZNE) 82.35±3.10 64.00±3.64 54.95±2.55 56.26±1.2 51.82±0.81 52.97±0.67 DQNN(R) 84.01±4.20 85.65±2.12 82.70±3.10 80.34±4.13 74.73±3.76 70.53±3.64 DQNN(NA) 84.45±2.60 85.90±2.43 84.25±1.30 83.85±3.82 75.81±3.71 72.10±2.49 S2 DQNN(R+ZNE) 8
Sahu and Gupta - 2024 - NAC-QFL Noise Aware Clustered Quantum Federated Learning.pdf,Sahu & Gupta,yes,yes,strong,plus-minus-value,8,65±5.64 52.50±3.90 54.77±2.98 48.03±0.88 48.64±0.46 QNN(ZNE) 82.35±3.10 64.00±3.64 54.95±2.55 56.26±1.2 51.82±0.81 52.97±0.67 DQNN(R) 84.01±4.20 85.65±2.12 82.70±3.10 80.34±4.13 74.73±3.76 70.53±3.64 DQNN(NA) 84.45±2.60 85.90±2.43 84.25±1.30 83.85±3.82 75.81±3.71 72.10±2.49 S2 DQNN(R+ZNE) 89.22±4.80 9
Sahu and Gupta - 2024 - NAC-QFL Noise Aware Clustered Quantum Federated Learning.pdf,Sahu & Gupta,yes,yes,strong,plus-minus-value,8,50±3.90 54.77±2.98 48.03±0.88 48.64±0.46 QNN(ZNE) 82.35±3.10 64.00±3.64 54.95±2.55 56.26±1.2 51.82±0.81 52.97±0.67 DQNN(R) 84.01±4.20 85.65±2.12 82.70±3.10 80.34±4.13 74.73±3.76 70.53±3.64 DQNN(NA) 84.45±2.60 85.90±2.43 84.25±1.30 83.85±3.82 75.81±3.71 72.10±2.49 S2 DQNN(R+ZNE) 89.22±4.80 90.50±1.94 8
Sahu and Gupta - 2024 - NAC-QFL Noise Aware Clustered Quantum Federated Learning.pdf,Sahu & Gupta,yes,yes,strong,plus-minus-value,8,77±2.98 48.03±0.88 48.64±0.46 QNN(ZNE) 82.35±3.10 64.00±3.64 54.95±2.55 56.26±1.2 51.82±0.81 52.97±0.67 DQNN(R) 84.01±4.20 85.65±2.12 82.70±3.10 80.34±4.13 74.73±3.76 70.53±3.64 DQNN(NA) 84.45±2.60 85.90±2.43 84.25±1.30 83.85±3.82 75.81±3.71 72.10±2.49 S2 DQNN(R+ZNE) 89.22±4.80 90.50±1.94 86.06±1.10 8
Sahu and Gupta - 2024 - NAC-QFL Noise Aware Clustered Quantum Federated Learning.pdf,Sahu & Gupta,yes,yes,strong,plus-minus-value,8,03±0.88 48.64±0.46 QNN(ZNE) 82.35±3.10 64.00±3.64 54.95±2.55 56.26±1.2 51.82±0.81 52.97±0.67 DQNN(R) 84.01±4.20 85.65±2.12 82.70±3.10 80.34±4.13 74.73±3.76 70.53±3.64 DQNN(NA) 84.45±2.60 85.90±2.43 84.25±1.30 83.85±3.82 75.81±3.71 72.10±2.49 S2 DQNN(R+ZNE) 89.22±4.80 90.50±1.94 86.06±1.10 85.38±1.91 7
Sahu and Gupta - 2024 - NAC-QFL Noise Aware Clustered Quantum Federated Learning.pdf,Sahu & Gupta,yes,yes,strong,plus-minus-value,8,64±0.46 QNN(ZNE) 82.35±3.10 64.00±3.64 54.95±2.55 56.26±1.2 51.82±0.81 52.97±0.67 DQNN(R) 84.01±4.20 85.65±2.12 82.70±3.10 80.34±4.13 74.73±3.76 70.53±3.64 DQNN(NA) 84.45±2.60 85.90±2.43 84.25±1.30 83.85±3.82 75.81±3.71 72.10±2.49 S2 DQNN(R+ZNE) 89.22±4.80 90.50±1.94 86.06±1.10 85.38±1.91 78.43±1.63 7
Sahu and Gupta - 2024 - NAC-QFL Noise Aware Clustered Quantum Federated Learning.pdf,Sahu & Gupta,yes,yes,strong,plus-minus-value,8,35±3.10 64.00±3.64 54.95±2.55 56.26±1.2 51.82±0.81 52.97±0.67 DQNN(R) 84.01±4.20 85.65±2.12 82.70±3.10 80.34±4.13 74.73±3.76 70.53±3.64 DQNN(NA) 84.45±2.60 85.90±2.43 84.25±1.30 83.85±3.82 75.81±3.71 72.10±2.49 S2 DQNN(R+ZNE) 89.22±4.80 90.50±1.94 86.06±1.10 85.38±1.91 78.43±1.63 75.50±2.28 DQNN(NA+ZN
Sahu and Gupta - 2024 - NAC-QFL Noise Aware Clustered Quantum Federated Learning.pdf,Sahu & Gupta,yes,yes,strong,plus-minus-value,8,00±3.64 54.95±2.55 56.26±1.2 51.82±0.81 52.97±0.67 DQNN(R) 84.01±4.20 85.65±2.12 82.70±3.10 80.34±4.13 74.73±3.76 70.53±3.64 DQNN(NA) 84.45±2.60 85.90±2.43 84.25±1.30 83.85±3.82 75.81±3.71 72.10±2.49 S2 DQNN(R+ZNE) 89.22±4.80 90.50±1.94 86.06±1.10 85.38±1.91 78.43±1.63 75.50±2.28 DQNN(NA+ZNE) 88.10±3.
Sahu and Gupta - 2024 - NAC-QFL Noise Aware Clustered Quantum Federated Learning.pdf,Sahu & Gupta,yes,yes,strong,plus-minus-value,8,95±2.55 56.26±1.2 51.82±0.81 52.97±0.67 DQNN(R) 84.01±4.20 85.65±2.12 82.70±3.10 80.34±4.13 74.73±3.76 70.53±3.64 DQNN(NA) 84.45±2.60 85.90±2.43 84.25±1.30 83.85±3.82 75.81±3.71 72.10±2.49 S2 DQNN(R+ZNE) 89.22±4.80 90.50±1.94 86.06±1.10 85.38±1.91 78.43±1.63 75.50±2.28 DQNN(NA+ZNE) 88.10±3.20 87.22±1.
Sahu and Gupta - 2024 - NAC-QFL Noise Aware Clustered Quantum Federated Learning.pdf,Sahu & Gupta,yes,yes,strong,plus-minus-value,8,26±1.2 51.82±0.81 52.97±0.67 DQNN(R) 84.01±4.20 85.65±2.12 82.70±3.10 80.34±4.13 74.73±3.76 70.53±3.64 DQNN(NA) 84.45±2.60 85.90±2.43 84.25±1.30 83.85±3.82 75.81±3.71 72.10±2.49 S2 DQNN(R+ZNE) 89.22±4.80 90.50±1.94 86.06±1.10 85.38±1.91 78.43±1.63 75.50±2.28 DQNN(NA+ZNE) 88.10±3.20 87.22±1.39 90.45±0.
Sahu and Gupta - 2024 - NAC-QFL Noise Aware Clustered Quantum Federated Learning.pdf,Sahu & Gupta,yes,yes,strong,plus-minus-value,8,2±0.81 52.97±0.67 DQNN(R) 84.01±4.20 85.65±2.12 82.70±3.10 80.34±4.13 74.73±3.76 70.53±3.64 DQNN(NA) 84.45±2.60 85.90±2.43 84.25±1.30 83.85±3.82 75.81±3.71 72.10±2.49 S2 DQNN(R+ZNE) 89.22±4.80 90.50±1.94 86.06±1.10 85.38±1.91 78.43±1.63 75.50±2.28 DQNN(NA+ZNE) 88.10±3.20 87.22±1.39 90.45±0.30 85.29±0.
Sahu and Gupta - 2024 - NAC-QFL Noise Aware Clustered Quantum Federated Learning.pdf,Sahu & Gupta,yes,yes,strong,plus-minus-value,8,7±0.67 DQNN(R) 84.01±4.20 85.65±2.12 82.70±3.10 80.34±4.13 74.73±3.76 70.53±3.64 DQNN(NA) 84.45±2.60 85.90±2.43 84.25±1.30 83.85±3.82 75.81±3.71 72.10±2.49 S2 DQNN(R+ZNE) 89.22±4.80 90.50±1.94 86.06±1.10 85.38±1.91 78.43±1.63 75.50±2.28 DQNN(NA+ZNE) 88.10±3.20 87.22±1.39 90.45±0.30 85.29±0.58 82.75±0.
Sahu and Gupta - 2024 - NAC-QFL Noise Aware Clustered Quantum Federated Learning.pdf,Sahu & Gupta,yes,yes,strong,plus-minus-value,8,85.65±2.12 82.70±3.10 80.34±4.13 74.73±3.76 70.53±3.64 DQNN(NA) 84.45±2.60 85.90±2.43 84.25±1.30 83.85±3.82 75.81±3.71 72.10±2.49 S2 DQNN(R+ZNE) 89.22±4.80 90.50±1.94 86.06±1.10 85.38±1.91 78.43±1.63 75.50±2.28 DQNN(NA+ZNE) 88.10±3.20 87.22±1.39 90.45±0.30 85.29±0.58 82.75±0.84 84.97±1.19 DQNN(R) 82.3
Sahu and Gupta - 2024 - NAC-QFL Noise Aware Clustered Quantum Federated Learning.pdf,Sahu & Gupta,yes,yes,strong,plus-minus-value,8,82.70±3.10 80.34±4.13 74.73±3.76 70.53±3.64 DQNN(NA) 84.45±2.60 85.90±2.43 84.25±1.30 83.85±3.82 75.81±3.71 72.10±2.49 S2 DQNN(R+ZNE) 89.22±4.80 90.50±1.94 86.06±1.10 85.38±1.91 78.43±1.63 75.50±2.28 DQNN(NA+ZNE) 88.10±3.20 87.22±1.39 90.45±0.30 85.29±0.58 82.75±0.84 84.97±1.19 DQNN(R) 82.33±3.60 83.1
Sahu and Gupta - 2024 - NAC-QFL Noise Aware Clustered Quantum Federated Learning.pdf,Sahu & Gupta,yes,yes,strong,plus-minus-value,8,80.34±4.13 74.73±3.76 70.53±3.64 DQNN(NA) 84.45±2.60 85.90±2.43 84.25±1.30 83.85±3.82 75.81±3.71 72.10±2.49 S2 DQNN(R+ZNE) 89.22±4.80 90.50±1.94 86.06±1.10 85.38±1.91 78.43±1.63 75.50±2.28 DQNN(NA+ZNE) 88.10±3.20 87.22±1.39 90.45±0.30 85.29±0.58 82.75±0.84 84.97±1.19 DQNN(R) 82.33±3.60 83.10±3.64 81.5
Sahu and Gupta - 2024 - NAC-QFL Noise Aware Clustered Quantum Federated Learning.pdf,Sahu & Gupta,yes,yes,strong,plus-minus-value,8,74.73±3.76 70.53±3.64 DQNN(NA) 84.45±2.60 85.90±2.43 84.25±1.30 83.85±3.82 75.81±3.71 72.10±2.49 S2 DQNN(R+ZNE) 89.22±4.80 90.50±1.94 86.06±1.10 85.38±1.91 78.43±1.63 75.50±2.28 DQNN(NA+ZNE) 88.10±3.20 87.22±1.39 90.45±0.30 85.29±0.58 82.75±0.84 84.97±1.19 DQNN(R) 82.33±3.60 83.10±3.64 81.50±4.40 81.9
Sahu and Gupta - 2024 - NAC-QFL Noise Aware Clustered Quantum Federated Learning.pdf,Sahu & Gupta,yes,yes,strong,plus-minus-value,8,70.53±3.64 DQNN(NA) 84.45±2.60 85.90±2.43 84.25±1.30 83.85±3.82 75.81±3.71 72.10±2.49 S2 DQNN(R+ZNE) 89.22±4.80 90.50±1.94 86.06±1.10 85.38±1.91 78.43±1.63 75.50±2.28 DQNN(NA+ZNE) 88.10±3.20 87.22±1.39 90.45±0.30 85.29±0.58 82.75±0.84 84.97±1.19 DQNN(R) 82.33±3.60 83.10±3.64 81.50±4.40 81.92±4.73 78.3
Sahu and Gupta - 2024 - NAC-QFL Noise Aware Clustered Quantum Federated Learning.pdf,Sahu & Gupta,yes,yes,strong,plus-minus-value,8,DQNN(NA) 84.45±2.60 85.90±2.43 84.25±1.30 83.85±3.82 75.81±3.71 72.10±2.49 S2 DQNN(R+ZNE) 89.22±4.80 90.50±1.94 86.06±1.10 85.38±1.91 78.43±1.63 75.50±2.28 DQNN(NA+ZNE) 88.10±3.20 87.22±1.39 90.45±0.30 85.29±0.58 82.75±0.84 84.97±1.19 DQNN(R) 82.33±3.60 83.10±3.64 81.50±4.40 81.92±4.73 78.36±3.65 76.5
Sahu and Gupta - 2024 - NAC-QFL Noise Aware Clustered Quantum Federated Learning.pdf,Sahu & Gupta,yes,yes,strong,plus-minus-value,8,0±2.43 84.25±1.30 83.85±3.82 75.81±3.71 72.10±2.49 S2 DQNN(R+ZNE) 89.22±4.80 90.50±1.94 86.06±1.10 85.38±1.91 78.43±1.63 75.50±2.28 DQNN(NA+ZNE) 88.10±3.20 87.22±1.39 90.45±0.30 85.29±0.58 82.75±0.84 84.97±1.19 DQNN(R) 82.33±3.60 83.10±3.64 81.50±4.40 81.92±4.73 78.36±3.65 76.50±2.84 DQNN(NA) 84.88±3.
Sahu and Gupta - 2024 - NAC-QFL Noise Aware Clustered Quantum Federated Learning.pdf,Sahu & Gupta,yes,yes,strong,plus-minus-value,8,5±1.30 83.85±3.82 75.81±3.71 72.10±2.49 S2 DQNN(R+ZNE) 89.22±4.80 90.50±1.94 86.06±1.10 85.38±1.91 78.43±1.63 75.50±2.28 DQNN(NA+ZNE) 88.10±3.20 87.22±1.39 90.45±0.30 85.29±0.58 82.75±0.84 84.97±1.19 DQNN(R) 82.33±3.60 83.10±3.64 81.50±4.40 81.92±4.73 78.36±3.65 76.50±2.84 DQNN(NA) 84.88±3.50 83.29±2.
Sahu and Gupta - 2024 - NAC-QFL Noise Aware Clustered Quantum Federated Learning.pdf,Sahu & Gupta,yes,yes,strong,plus-minus-value,8,5±3.82 75.81±3.71 72.10±2.49 S2 DQNN(R+ZNE) 89.22±4.80 90.50±1.94 86.06±1.10 85.38±1.91 78.43±1.63 75.50±2.28 DQNN(NA+ZNE) 88.10±3.20 87.22±1.39 90.45±0.30 85.29±0.58 82.75±0.84 84.97±1.19 DQNN(R) 82.33±3.60 83.10±3.64 81.50±4.40 81.92±4.73 78.36±3.65 76.50±2.84 DQNN(NA) 84.88±3.50 83.29±2.76 83.45±3.
Sahu and Gupta - 2024 - NAC-QFL Noise Aware Clustered Quantum Federated Learning.pdf,Sahu & Gupta,yes,yes,strong,plus-minus-value,8,1±3.71 72.10±2.49 S2 DQNN(R+ZNE) 89.22±4.80 90.50±1.94 86.06±1.10 85.38±1.91 78.43±1.63 75.50±2.28 DQNN(NA+ZNE) 88.10±3.20 87.22±1.39 90.45±0.30 85.29±0.58 82.75±0.84 84.97±1.19 DQNN(R) 82.33±3.60 83.10±3.64 81.50±4.40 81.92±4.73 78.36±3.65 76.50±2.84 DQNN(NA) 84.88±3.50 83.29±2.76 83.45±3.18 81.67±3.
Sahu and Gupta - 2024 - NAC-QFL Noise Aware Clustered Quantum Federated Learning.pdf,Sahu & Gupta,yes,yes,strong,plus-minus-value,8,0±2.49 S2 DQNN(R+ZNE) 89.22±4.80 90.50±1.94 86.06±1.10 85.38±1.91 78.43±1.63 75.50±2.28 DQNN(NA+ZNE) 88.10±3.20 87.22±1.39 90.45±0.30 85.29±0.58 82.75±0.84 84.97±1.19 DQNN(R) 82.33±3.60 83.10±3.64 81.50±4.40 81.92±4.73 78.36±3.65 76.50±2.84 DQNN(NA) 84.88±3.50 83.29±2.76 83.45±3.18 81.67±3.40 77.97±2.
Sahu and Gupta - 2024 - NAC-QFL Noise Aware Clustered Quantum Federated Learning.pdf,Sahu & Gupta,yes,yes,strong,plus-minus-value,8,QNN(R+ZNE) 89.22±4.80 90.50±1.94 86.06±1.10 85.38±1.91 78.43±1.63 75.50±2.28 DQNN(NA+ZNE) 88.10±3.20 87.22±1.39 90.45±0.30 85.29±0.58 82.75±0.84 84.97±1.19 DQNN(R) 82.33±3.60 83.10±3.64 81.50±4.40 81.92±4.73 78.36±3.65 76.50±2.84 DQNN(NA) 84.88±3.50 83.29±2.76 83.45±3.18 81.67±3.40 77.97±2.48 78.93±1.
Sahu and Gupta - 2024 - NAC-QFL Noise Aware Clustered Quantum Federated Learning.pdf,Sahu & Gupta,yes,yes,strong,plus-minus-value,8,80 90.50±1.94 86.06±1.10 85.38±1.91 78.43±1.63 75.50±2.28 DQNN(NA+ZNE) 88.10±3.20 87.22±1.39 90.45±0.30 85.29±0.58 82.75±0.84 84.97±1.19 DQNN(R) 82.33±3.60 83.10±3.64 81.50±4.40 81.92±4.73 78.36±3.65 76.50±2.84 DQNN(NA) 84.88±3.50 83.29±2.76 83.45±3.18 81.67±3.40 77.97±2.48 78.93±1.39 S3 DQNN(R+ZNE) 8
Sahu and Gupta - 2024 - NAC-QFL Noise Aware Clustered Quantum Federated Learning.pdf,Sahu & Gupta,yes,yes,strong,plus-minus-value,8,94 86.06±1.10 85.38±1.91 78.43±1.63 75.50±2.28 DQNN(NA+ZNE) 88.10±3.20 87.22±1.39 90.45±0.30 85.29±0.58 82.75±0.84 84.97±1.19 DQNN(R) 82.33±3.60 83.10±3.64 81.50±4.40 81.92±4.73 78.36±3.65 76.50±2.84 DQNN(NA) 84.88±3.50 83.29±2.76 83.45±3.18 81.67±3.40 77.97±2.48 78.93±1.39 S3 DQNN(R+ZNE) 88.10±2.30 8
Sahu and Gupta - 2024 - NAC-QFL Noise Aware Clustered Quantum Federated Learning.pdf,Sahu & Gupta,yes,yes,strong,plus-minus-value,8,10 85.38±1.91 78.43±1.63 75.50±2.28 DQNN(NA+ZNE) 88.10±3.20 87.22±1.39 90.45±0.30 85.29±0.58 82.75±0.84 84.97±1.19 DQNN(R) 82.33±3.60 83.10±3.64 81.50±4.40 81.92±4.73 78.36±3.65 76.50±2.84 DQNN(NA) 84.88±3.50 83.29±2.76 83.45±3.18 81.67±3.40 77.97±2.48 78.93±1.39 S3 DQNN(R+ZNE) 88.10±2.30 85.30±2.08 8
Sahu and Gupta - 2024 - NAC-QFL Noise Aware Clustered Quantum Federated Learning.pdf,Sahu & Gupta,yes,yes,strong,plus-minus-value,8,91 78.43±1.63 75.50±2.28 DQNN(NA+ZNE) 88.10±3.20 87.22±1.39 90.45±0.30 85.29±0.58 82.75±0.84 84.97±1.19 DQNN(R) 82.33±3.60 83.10±3.64 81.50±4.40 81.92±4.73 78.36±3.65 76.50±2.84 DQNN(NA) 84.88±3.50 83.29±2.76 83.45±3.18 81.67±3.40 77.97±2.48 78.93±1.39 S3 DQNN(R+ZNE) 88.10±2.30 85.30±2.08 84.43±1.73 8
Sahu and Gupta - 2024 - NAC-QFL Noise Aware Clustered Quantum Federated Learning.pdf,Sahu & Gupta,yes,yes,strong,plus-minus-value,8,63 75.50±2.28 DQNN(NA+ZNE) 88.10±3.20 87.22±1.39 90.45±0.30 85.29±0.58 82.75±0.84 84.97±1.19 DQNN(R) 82.33±3.60 83.10±3.64 81.50±4.40 81.92±4.73 78.36±3.65 76.50±2.84 DQNN(NA) 84.88±3.50 83.29±2.76 83.45±3.18 81.67±3.40 77.97±2.48 78.93±1.39 S3 DQNN(R+ZNE) 88.10±2.30 85.30±2.08 84.43±1.73 84.01±1.58 8
Sahu and Gupta - 2024 - NAC-QFL Noise Aware Clustered Quantum Federated Learning.pdf,Sahu & Gupta,yes,yes,strong,plus-minus-value,8,28 DQNN(NA+ZNE) 88.10±3.20 87.22±1.39 90.45±0.30 85.29±0.58 82.75±0.84 84.97±1.19 DQNN(R) 82.33±3.60 83.10±3.64 81.50±4.40 81.92±4.73 78.36±3.65 76.50±2.84 DQNN(NA) 84.88±3.50 83.29±2.76 83.45±3.18 81.67±3.40 77.97±2.48 78.93±1.39 S3 DQNN(R+ZNE) 88.10±2.30 85.30±2.08 84.43±1.73 84.01±1.58 80.50±1.66 8
Sahu and Gupta - 2024 - NAC-QFL Noise Aware Clustered Quantum Federated Learning.pdf,Sahu & Gupta,yes,yes,strong,plus-minus-value,8,0±3.20 87.22±1.39 90.45±0.30 85.29±0.58 82.75±0.84 84.97±1.19 DQNN(R) 82.33±3.60 83.10±3.64 81.50±4.40 81.92±4.73 78.36±3.65 76.50±2.84 DQNN(NA) 84.88±3.50 83.29±2.76 83.45±3.18 81.67±3.40 77.97±2.48 78.93±1.39 S3 DQNN(R+ZNE) 88.10±2.30 85.30±2.08 84.43±1.73 84.01±1.58 80.50±1.66 80.58±1.31 DQNN(NA+ZN
Sahu and Gupta - 2024 - NAC-QFL Noise Aware Clustered Quantum Federated Learning.pdf,Sahu & Gupta,yes,yes,strong,plus-minus-value,8,2±1.39 90.45±0.30 85.29±0.58 82.75±0.84 84.97±1.19 DQNN(R) 82.33±3.60 83.10±3.64 81.50±4.40 81.92±4.73 78.36±3.65 76.50±2.84 DQNN(NA) 84.88±3.50 83.29±2.76 83.45±3.18 81.67±3.40 77.97±2.48 78.93±1.39 S3 DQNN(R+ZNE) 88.10±2.30 85.30±2.08 84.43±1.73 84.01±1.58 80.50±1.66 80.58±1.31 DQNN(NA+ZNE) 88.02±3.
Sahu and Gupta - 2024 - NAC-QFL Noise Aware Clustered Quantum Federated Learning.pdf,Sahu & Gupta,yes,yes,strong,plus-minus-value,8,5±0.30 85.29±0.58 82.75±0.84 84.97±1.19 DQNN(R) 82.33±3.60 83.10±3.64 81.50±4.40 81.92±4.73 78.36±3.65 76.50±2.84 DQNN(NA) 84.88±3.50 83.29±2.76 83.45±3.18 81.67±3.40 77.97±2.48 78.93±1.39 S3 DQNN(R+ZNE) 88.10±2.30 85.30±2.08 84.43±1.73 84.01±1.58 80.50±1.66 80.58±1.31 DQNN(NA+ZNE) 88.02±3.40 87.46±0.
Sahu and Gupta - 2024 - NAC-QFL Noise Aware Clustered Quantum Federated Learning.pdf,Sahu & Gupta,yes,yes,strong,plus-minus-value,8,9±0.58 82.75±0.84 84.97±1.19 DQNN(R) 82.33±3.60 83.10±3.64 81.50±4.40 81.92±4.73 78.36±3.65 76.50±2.84 DQNN(NA) 84.88±3.50 83.29±2.76 83.45±3.18 81.67±3.40 77.97±2.48 78.93±1.39 S3 DQNN(R+ZNE) 88.10±2.30 85.30±2.08 84.43±1.73 84.01±1.58 80.50±1.66 80.58±1.31 DQNN(NA+ZNE) 88.02±3.40 87.46±0.98 90.15±0.
Sahu and Gupta - 2024 - NAC-QFL Noise Aware Clustered Quantum Federated Learning.pdf,Sahu & Gupta,yes,yes,strong,plus-minus-value,8,5±0.84 84.97±1.19 DQNN(R) 82.33±3.60 83.10±3.64 81.50±4.40 81.92±4.73 78.36±3.65 76.50±2.84 DQNN(NA) 84.88±3.50 83.29±2.76 83.45±3.18 81.67±3.40 77.97±2.48 78.93±1.39 S3 DQNN(R+ZNE) 88.10±2.30 85.30±2.08 84.43±1.73 84.01±1.58 80.50±1.66 80.58±1.31 DQNN(NA+ZNE) 88.02±3.40 87.46±0.98 90.15±0.66 85.39±0.
Sahu and Gupta - 2024 - NAC-QFL Noise Aware Clustered Quantum Federated Learning.pdf,Sahu & Gupta,yes,yes,strong,plus-minus-value,8,7±1.19 DQNN(R) 82.33±3.60 83.10±3.64 81.50±4.40 81.92±4.73 78.36±3.65 76.50±2.84 DQNN(NA) 84.88±3.50 83.29±2.76 83.45±3.18 81.67±3.40 77.97±2.48 78.93±1.39 S3 DQNN(R+ZNE) 88.10±2.30 85.30±2.08 84.43±1.73 84.01±1.58 80.50±1.66 80.58±1.31 DQNN(NA+ZNE) 88.02±3.40 87.46±0.98 90.15±0.66 85.39±0.32 81.25±0.
Sahu and Gupta - 2024 - NAC-QFL Noise Aware Clustered Quantum Federated Learning.pdf,Sahu & Gupta,yes,yes,strong,plus-minus-value,8,83.10±3.64 81.50±4.40 81.92±4.73 78.36±3.65 76.50±2.84 DQNN(NA) 84.88±3.50 83.29±2.76 83.45±3.18 81.67±3.40 77.97±2.48 78.93±1.39 S3 DQNN(R+ZNE) 88.10±2.30 85.30±2.08 84.43±1.73 84.01±1.58 80.50±1.66 80.58±1.31 DQNN(NA+ZNE) 88.02±3.40 87.46±0.98 90.15±0.66 85.39±0.32 81.25±0.64 82.67±0.86 FedAvg(R) 90
Sahu and Gupta - 2024 - NAC-QFL Noise Aware Clustered Quantum Federated Learning.pdf,Sahu & Gupta,yes,yes,strong,plus-minus-value,8,81.50±4.40 81.92±4.73 78.36±3.65 76.50±2.84 DQNN(NA) 84.88±3.50 83.29±2.76 83.45±3.18 81.67±3.40 77.97±2.48 78.93±1.39 S3 DQNN(R+ZNE) 88.10±2.30 85.30±2.08 84.43±1.73 84.01±1.58 80.50±1.66 80.58±1.31 DQNN(NA+ZNE) 88.02±3.40 87.46±0.98 90.15±0.66 85.39±0.32 81.25±0.64 82.67±0.86 FedAvg(R) 90.83±0.45 90
Sahu and Gupta - 2024 - NAC-QFL Noise Aware Clustered Quantum Federated Learning.pdf,Sahu & Gupta,yes,yes,strong,plus-minus-value,8,81.92±4.73 78.36±3.65 76.50±2.84 DQNN(NA) 84.88±3.50 83.29±2.76 83.45±3.18 81.67±3.40 77.97±2.48 78.93±1.39 S3 DQNN(R+ZNE) 88.10±2.30 85.30±2.08 84.43±1.73 84.01±1.58 80.50±1.66 80.58±1.31 DQNN(NA+ZNE) 88.02±3.40 87.46±0.98 90.15±0.66 85.39±0.32 81.25±0.64 82.67±0.86 FedAvg(R) 90.83±0.45 90.57±2.32 88
Sahu and Gupta - 2024 - NAC-QFL Noise Aware Clustered Quantum Federated Learning.pdf,Sahu & Gupta,yes,yes,strong,plus-minus-value,8,78.36±3.65 76.50±2.84 DQNN(NA) 84.88±3.50 83.29±2.76 83.45±3.18 81.67±3.40 77.97±2.48 78.93±1.39 S3 DQNN(R+ZNE) 88.10±2.30 85.30±2.08 84.43±1.73 84.01±1.58 80.50±1.66 80.58±1.31 DQNN(NA+ZNE) 88.02±3.40 87.46±0.98 90.15±0.66 85.39±0.32 81.25±0.64 82.67±0.86 FedAvg(R) 90.83±0.45 90.57±2.32 88.65±1.48 90
Sahu and Gupta - 2024 - NAC-QFL Noise Aware Clustered Quantum Federated Learning.pdf,Sahu & Gupta,yes,yes,strong,plus-minus-value,8,76.50±2.84 DQNN(NA) 84.88±3.50 83.29±2.76 83.45±3.18 81.67±3.40 77.97±2.48 78.93±1.39 S3 DQNN(R+ZNE) 88.10±2.30 85.30±2.08 84.43±1.73 84.01±1.58 80.50±1.66 80.58±1.31 DQNN(NA+ZNE) 88.02±3.40 87.46±0.98 90.15±0.66 85.39±0.32 81.25±0.64 82.67±0.86 FedAvg(R) 90.83±0.45 90.57±2.32 88.65±1.48 90.46±1.47 77
Sahu and Gupta - 2024 - NAC-QFL Noise Aware Clustered Quantum Federated Learning.pdf,Sahu & Gupta,yes,yes,strong,plus-minus-value,8,DQNN(NA) 84.88±3.50 83.29±2.76 83.45±3.18 81.67±3.40 77.97±2.48 78.93±1.39 S3 DQNN(R+ZNE) 88.10±2.30 85.30±2.08 84.43±1.73 84.01±1.58 80.50±1.66 80.58±1.31 DQNN(NA+ZNE) 88.02±3.40 87.46±0.98 90.15±0.66 85.39±0.32 81.25±0.64 82.67±0.86 FedAvg(R) 90.83±0.45 90.57±2.32 88.65±1.48 90.46±1.47 77.33±0.48 84
Sahu and Gupta - 2024 - NAC-QFL Noise Aware Clustered Quantum Federated Learning.pdf,Sahu & Gupta,yes,yes,strong,plus-minus-value,8,9±2.76 83.45±3.18 81.67±3.40 77.97±2.48 78.93±1.39 S3 DQNN(R+ZNE) 88.10±2.30 85.30±2.08 84.43±1.73 84.01±1.58 80.50±1.66 80.58±1.31 DQNN(NA+ZNE) 88.02±3.40 87.46±0.98 90.15±0.66 85.39±0.32 81.25±0.64 82.67±0.86 FedAvg(R) 90.83±0.45 90.57±2.32 88.65±1.48 90.46±1.47 77.33±0.48 84.25±1.85 FedAvg(NA) 94.7
Sahu and Gupta - 2024 - NAC-QFL Noise Aware Clustered Quantum Federated Learning.pdf,Sahu & Gupta,yes,yes,strong,plus-minus-value,8,5±3.18 81.67±3.40 77.97±2.48 78.93±1.39 S3 DQNN(R+ZNE) 88.10±2.30 85.30±2.08 84.43±1.73 84.01±1.58 80.50±1.66 80.58±1.31 DQNN(NA+ZNE) 88.02±3.40 87.46±0.98 90.15±0.66 85.39±0.32 81.25±0.64 82.67±0.86 FedAvg(R) 90.83±0.45 90.57±2.32 88.65±1.48 90.46±1.47 77.33±0.48 84.25±1.85 FedAvg(NA) 94.75±0.72 90.8
Sahu and Gupta - 2024 - NAC-QFL Noise Aware Clustered Quantum Federated Learning.pdf,Sahu & Gupta,yes,yes,strong,plus-minus-value,8,7±3.40 77.97±2.48 78.93±1.39 S3 DQNN(R+ZNE) 88.10±2.30 85.30±2.08 84.43±1.73 84.01±1.58 80.50±1.66 80.58±1.31 DQNN(NA+ZNE) 88.02±3.40 87.46±0.98 90.15±0.66 85.39±0.32 81.25±0.64 82.67±0.86 FedAvg(R) 90.83±0.45 90.57±2.32 88.65±1.48 90.46±1.47 77.33±0.48 84.25±1.85 FedAvg(NA) 94.75±0.72 90.83±1.34 88.3
Sahu and Gupta - 2024 - NAC-QFL Noise Aware Clustered Quantum Federated Learning.pdf,Sahu & Gupta,yes,yes,strong,plus-minus-value,8,7±2.48 78.93±1.39 S3 DQNN(R+ZNE) 88.10±2.30 85.30±2.08 84.43±1.73 84.01±1.58 80.50±1.66 80.58±1.31 DQNN(NA+ZNE) 88.02±3.40 87.46±0.98 90.15±0.66 85.39±0.32 81.25±0.64 82.67±0.86 FedAvg(R) 90.83±0.45 90.57±2.32 88.65±1.48 90.46±1.47 77.33±0.48 84.25±1.85 FedAvg(NA) 94.75±0.72 90.83±1.34 88.31±1.93 92.5
Sahu and Gupta - 2024 - NAC-QFL Noise Aware Clustered Quantum Federated Learning.pdf,Sahu & Gupta,yes,yes,strong,plus-minus-value,8,3±1.39 S3 DQNN(R+ZNE) 88.10±2.30 85.30±2.08 84.43±1.73 84.01±1.58 80.50±1.66 80.58±1.31 DQNN(NA+ZNE) 88.02±3.40 87.46±0.98 90.15±0.66 85.39±0.32 81.25±0.64 82.67±0.86 FedAvg(R) 90.83±0.45 90.57±2.32 88.65±1.48 90.46±1.47 77.33±0.48 84.25±1.85 FedAvg(NA) 94.75±0.72 90.83±1.34 88.31±1.93 92.58±0.26 79.6
Sahu and Gupta - 2024 - NAC-QFL Noise Aware Clustered Quantum Federated Learning.pdf,Sahu & Gupta,yes,yes,strong,plus-minus-value,8,QNN(R+ZNE) 88.10±2.30 85.30±2.08 84.43±1.73 84.01±1.58 80.50±1.66 80.58±1.31 DQNN(NA+ZNE) 88.02±3.40 87.46±0.98 90.15±0.66 85.39±0.32 81.25±0.64 82.67±0.86 FedAvg(R) 90.83±0.45 90.57±2.32 88.65±1.48 90.46±1.47 77.33±0.48 84.25±1.85 FedAvg(NA) 94.75±0.72 90.83±1.34 88.31±1.93 92.58±0.26 79.64±0.06 86.8
Sahu and Gupta - 2024 - NAC-QFL Noise Aware Clustered Quantum Federated Learning.pdf,Sahu & Gupta,yes,yes,strong,plus-minus-value,8,85.30±2.08 84.43±1.73 84.01±1.58 80.50±1.66 80.58±1.31 DQNN(NA+ZNE) 88.02±3.40 87.46±0.98 90.15±0.66 85.39±0.32 81.25±0.64 82.67±0.86 FedAvg(R) 90.83±0.45 90.57±2.32 88.65±1.48 90.46±1.47 77.33±0.48 84.25±1.85 FedAvg(NA) 94.75±0.72 90.83±1.34 88.31±1.93 92.58±0.26 79.64±0.06 86.85±1.57 S4 FedAvg(NA+P
Sahu and Gupta - 2024 - NAC-QFL Noise Aware Clustered Quantum Federated Learning.pdf,Sahu & Gupta,yes,yes,strong,plus-minus-value,8,84.43±1.73 84.01±1.58 80.50±1.66 80.58±1.31 DQNN(NA+ZNE) 88.02±3.40 87.46±0.98 90.15±0.66 85.39±0.32 81.25±0.64 82.67±0.86 FedAvg(R) 90.83±0.45 90.57±2.32 88.65±1.48 90.46±1.47 77.33±0.48 84.25±1.85 FedAvg(NA) 94.75±0.72 90.83±1.34 88.31±1.93 92.58±0.26 79.64±0.06 86.85±1.57 S4 FedAvg(NA+PEC) 96.32±0
Sahu and Gupta - 2024 - NAC-QFL Noise Aware Clustered Quantum Federated Learning.pdf,Sahu & Gupta,yes,yes,strong,plus-minus-value,8,84.01±1.58 80.50±1.66 80.58±1.31 DQNN(NA+ZNE) 88.02±3.40 87.46±0.98 90.15±0.66 85.39±0.32 81.25±0.64 82.67±0.86 FedAvg(R) 90.83±0.45 90.57±2.32 88.65±1.48 90.46±1.47 77.33±0.48 84.25±1.85 FedAvg(NA) 94.75±0.72 90.83±1.34 88.31±1.93 92.58±0.26 79.64±0.06 86.85±1.57 S4 FedAvg(NA+PEC) 96.32±0.16 93.41±0
Sahu and Gupta - 2024 - NAC-QFL Noise Aware Clustered Quantum Federated Learning.pdf,Sahu & Gupta,yes,yes,strong,plus-minus-value,8,80.50±1.66 80.58±1.31 DQNN(NA+ZNE) 88.02±3.40 87.46±0.98 90.15±0.66 85.39±0.32 81.25±0.64 82.67±0.86 FedAvg(R) 90.83±0.45 90.57±2.32 88.65±1.48 90.46±1.47 77.33±0.48 84.25±1.85 FedAvg(NA) 94.75±0.72 90.83±1.34 88.31±1.93 92.58±0.26 79.64±0.06 86.85±1.57 S4 FedAvg(NA+PEC) 96.32±0.16 93.41±0.58 91.27±1
Sahu and Gupta - 2024 - NAC-QFL Noise Aware Clustered Quantum Federated Learning.pdf,Sahu & Gupta,yes,yes,strong,plus-minus-value,8,80.58±1.31 DQNN(NA+ZNE) 88.02±3.40 87.46±0.98 90.15±0.66 85.39±0.32 81.25±0.64 82.67±0.86 FedAvg(R) 90.83±0.45 90.57±2.32 88.65±1.48 90.46±1.47 77.33±0.48 84.25±1.85 FedAvg(NA) 94.75±0.72 90.83±1.34 88.31±1.93 92.58±0.26 79.64±0.06 86.85±1.57 S4 FedAvg(NA+PEC) 96.32±0.16 93.41±0.58 91.27±1.42 94.29±0
Sahu and Gupta - 2024 - NAC-QFL Noise Aware Clustered Quantum Federated Learning.pdf,Sahu & Gupta,yes,yes,strong,plus-minus-value,8,DQNN(NA+ZNE) 88.02±3.40 87.46±0.98 90.15±0.66 85.39±0.32 81.25±0.64 82.67±0.86 FedAvg(R) 90.83±0.45 90.57±2.32 88.65±1.48 90.46±1.47 77.33±0.48 84.25±1.85 FedAvg(NA) 94.75±0.72 90.83±1.34 88.31±1.93 92.58±0.26 79.64±0.06 86.85±1.57 S4 FedAvg(NA+PEC) 96.32±0.16 93.41±0.58 91.27±1.42 94.29±0.79 81.49±0
Sahu and Gupta - 2024 - NAC-QFL Noise Aware Clustered Quantum Federated Learning.pdf,Sahu & Gupta,yes,yes,strong,plus-minus-value,8,40 87.46±0.98 90.15±0.66 85.39±0.32 81.25±0.64 82.67±0.86 FedAvg(R) 90.83±0.45 90.57±2.32 88.65±1.48 90.46±1.47 77.33±0.48 84.25±1.85 FedAvg(NA) 94.75±0.72 90.83±1.34 88.31±1.93 92.58±0.26 79.64±0.06 86.85±1.57 S4 FedAvg(NA+PEC) 96.32±0.16 93.41±0.58 91.27±1.42 94.29±0.79 81.49±0.96 88.36±0.96 FedAvg(
Sahu and Gupta - 2024 - NAC-QFL Noise Aware Clustered Quantum Federated Learning.pdf,Sahu & Gupta,yes,yes,strong,plus-minus-value,8,98 90.15±0.66 85.39±0.32 81.25±0.64 82.67±0.86 FedAvg(R) 90.83±0.45 90.57±2.32 88.65±1.48 90.46±1.47 77.33±0.48 84.25±1.85 FedAvg(NA) 94.75±0.72 90.83±1.34 88.31±1.93 92.58±0.26 79.64±0.06 86.85±1.57 S4 FedAvg(NA+PEC) 96.32±0.16 93.41±0.58 91.27±1.42 94.29±0.79 81.49±0.96 88.36±0.96 FedAvg(NA+ZNE) 97.
Sahu and Gupta - 2024 - NAC-QFL Noise Aware Clustered Quantum Federated Learning.pdf,Sahu & Gupta,yes,yes,strong,plus-minus-value,8,66 85.39±0.32 81.25±0.64 82.67±0.86 FedAvg(R) 90.83±0.45 90.57±2.32 88.65±1.48 90.46±1.47 77.33±0.48 84.25±1.85 FedAvg(NA) 94.75±0.72 90.83±1.34 88.31±1.93 92.58±0.26 79.64±0.06 86.85±1.57 S4 FedAvg(NA+PEC) 96.32±0.16 93.41±0.58 91.27±1.42 94.29±0.79 81.49±0.96 88.36±0.96 FedAvg(NA+ZNE) 97.53±0.82 94.
Sahu and Gupta - 2024 - NAC-QFL Noise Aware Clustered Quantum Federated Learning.pdf,Sahu & Gupta,yes,yes,strong,plus-minus-value,8,32 81.25±0.64 82.67±0.86 FedAvg(R) 90.83±0.45 90.57±2.32 88.65±1.48 90.46±1.47 77.33±0.48 84.25±1.85 FedAvg(NA) 94.75±0.72 90.83±1.34 88.31±1.93 92.58±0.26 79.64±0.06 86.85±1.57 S4 FedAvg(NA+PEC) 96.32±0.16 93.41±0.58 91.27±1.42 94.29±0.79 81.49±0.96 88.36±0.96 FedAvg(NA+ZNE) 97.53±0.82 94.82±0.40 91.
Sahu and Gupta - 2024 - NAC-QFL Noise Aware Clustered Quantum Federated Learning.pdf,Sahu & Gupta,yes,yes,strong,plus-minus-value,8,64 82.67±0.86 FedAvg(R) 90.83±0.45 90.57±2.32 88.65±1.48 90.46±1.47 77.33±0.48 84.25±1.85 FedAvg(NA) 94.75±0.72 90.83±1.34 88.31±1.93 92.58±0.26 79.64±0.06 86.85±1.57 S4 FedAvg(NA+PEC) 96.32±0.16 93.41±0.58 91.27±1.42 94.29±0.79 81.49±0.96 88.36±0.96 FedAvg(NA+ZNE) 97.53±0.82 94.82±0.40 91.73±0.71 94.
Sahu and Gupta - 2024 - NAC-QFL Noise Aware Clustered Quantum Federated Learning.pdf,Sahu & Gupta,yes,yes,strong,plus-minus-value,8,86 FedAvg(R) 90.83±0.45 90.57±2.32 88.65±1.48 90.46±1.47 77.33±0.48 84.25±1.85 FedAvg(NA) 94.75±0.72 90.83±1.34 88.31±1.93 92.58±0.26 79.64±0.06 86.85±1.57 S4 FedAvg(NA+PEC) 96.32±0.16 93.41±0.58 91.27±1.42 94.29±0.79 81.49±0.96 88.36±0.96 FedAvg(NA+ZNE) 97.53±0.82 94.82±0.40 91.73±0.71 94.65±0.38 83.
Sahu and Gupta - 2024 - NAC-QFL Noise Aware Clustered Quantum Federated Learning.pdf,Sahu & Gupta,yes,yes,strong,plus-minus-value,8,±2.32 88.65±1.48 90.46±1.47 77.33±0.48 84.25±1.85 FedAvg(NA) 94.75±0.72 90.83±1.34 88.31±1.93 92.58±0.26 79.64±0.06 86.85±1.57 S4 FedAvg(NA+PEC) 96.32±0.16 93.41±0.58 91.27±1.42 94.29±0.79 81.49±0.96 88.36±0.96 FedAvg(NA+ZNE) 97.53±0.82 94.82±0.40 91.73±0.71 94.65±0.38 83.71±0.11 90.49±0.28 FedAvg(R)
Sahu and Gupta - 2024 - NAC-QFL Noise Aware Clustered Quantum Federated Learning.pdf,Sahu & Gupta,yes,yes,strong,plus-minus-value,8,±1.48 90.46±1.47 77.33±0.48 84.25±1.85 FedAvg(NA) 94.75±0.72 90.83±1.34 88.31±1.93 92.58±0.26 79.64±0.06 86.85±1.57 S4 FedAvg(NA+PEC) 96.32±0.16 93.41±0.58 91.27±1.42 94.29±0.79 81.49±0.96 88.36±0.96 FedAvg(NA+ZNE) 97.53±0.82 94.82±0.40 91.73±0.71 94.65±0.38 83.71±0.11 90.49±0.28 FedAvg(R) 92.52±0.89
Sahu and Gupta - 2024 - NAC-QFL Noise Aware Clustered Quantum Federated Learning.pdf,Sahu & Gupta,yes,yes,strong,plus-minus-value,8,±1.47 77.33±0.48 84.25±1.85 FedAvg(NA) 94.75±0.72 90.83±1.34 88.31±1.93 92.58±0.26 79.64±0.06 86.85±1.57 S4 FedAvg(NA+PEC) 96.32±0.16 93.41±0.58 91.27±1.42 94.29±0.79 81.49±0.96 88.36±0.96 FedAvg(NA+ZNE) 97.53±0.82 94.82±0.40 91.73±0.71 94.65±0.38 83.71±0.11 90.49±0.28 FedAvg(R) 92.52±0.89 91.64±2.85
Sahu and Gupta - 2024 - NAC-QFL Noise Aware Clustered Quantum Federated Learning.pdf,Sahu & Gupta,yes,yes,strong,plus-minus-value,8,±0.48 84.25±1.85 FedAvg(NA) 94.75±0.72 90.83±1.34 88.31±1.93 92.58±0.26 79.64±0.06 86.85±1.57 S4 FedAvg(NA+PEC) 96.32±0.16 93.41±0.58 91.27±1.42 94.29±0.79 81.49±0.96 88.36±0.96 FedAvg(NA+ZNE) 97.53±0.82 94.82±0.40 91.73±0.71 94.65±0.38 83.71±0.11 90.49±0.28 FedAvg(R) 92.52±0.89 91.64±2.85 89.45±1.37
Sahu and Gupta - 2024 - NAC-QFL Noise Aware Clustered Quantum Federated Learning.pdf,Sahu & Gupta,yes,yes,strong,plus-minus-value,8,±1.85 FedAvg(NA) 94.75±0.72 90.83±1.34 88.31±1.93 92.58±0.26 79.64±0.06 86.85±1.57 S4 FedAvg(NA+PEC) 96.32±0.16 93.41±0.58 91.27±1.42 94.29±0.79 81.49±0.96 88.36±0.96 FedAvg(NA+ZNE) 97.53±0.82 94.82±0.40 91.73±0.71 94.65±0.38 83.71±0.11 90.49±0.28 FedAvg(R) 92.52±0.89 91.64±2.85 89.45±1.37 90.03±1.63
Sahu and Gupta - 2024 - NAC-QFL Noise Aware Clustered Quantum Federated Learning.pdf,Sahu & Gupta,yes,yes,strong,plus-minus-value,8,g(NA) 94.75±0.72 90.83±1.34 88.31±1.93 92.58±0.26 79.64±0.06 86.85±1.57 S4 FedAvg(NA+PEC) 96.32±0.16 93.41±0.58 91.27±1.42 94.29±0.79 81.49±0.96 88.36±0.96 FedAvg(NA+ZNE) 97.53±0.82 94.82±0.40 91.73±0.71 94.65±0.38 83.71±0.11 90.49±0.28 FedAvg(R) 92.52±0.89 91.64±2.85 89.45±1.37 90.03±1.63 89.15±1.85
Sahu and Gupta - 2024 - NAC-QFL Noise Aware Clustered Quantum Federated Learning.pdf,Sahu & Gupta,yes,yes,strong,plus-minus-value,8,4 88.31±1.93 92.58±0.26 79.64±0.06 86.85±1.57 S4 FedAvg(NA+PEC) 96.32±0.16 93.41±0.58 91.27±1.42 94.29±0.79 81.49±0.96 88.36±0.96 FedAvg(NA+ZNE) 97.53±0.82 94.82±0.40 91.73±0.71 94.65±0.38 83.71±0.11 90.49±0.28 FedAvg(R) 92.52±0.89 91.64±2.85 89.45±1.37 90.03±1.63 89.15±1.85 86.41±2.59 FedAvg(NA) 96.0
Sahu and Gupta - 2024 - NAC-QFL Noise Aware Clustered Quantum Federated Learning.pdf,Sahu & Gupta,yes,yes,strong,plus-minus-value,8,3 92.58±0.26 79.64±0.06 86.85±1.57 S4 FedAvg(NA+PEC) 96.32±0.16 93.41±0.58 91.27±1.42 94.29±0.79 81.49±0.96 88.36±0.96 FedAvg(NA+ZNE) 97.53±0.82 94.82±0.40 91.73±0.71 94.65±0.38 83.71±0.11 90.49±0.28 FedAvg(R) 92.52±0.89 91.64±2.85 89.45±1.37 90.03±1.63 89.15±1.85 86.41±2.59 FedAvg(NA) 96.03±0.91 92.4
Sahu and Gupta - 2024 - NAC-QFL Noise Aware Clustered Quantum Federated Learning.pdf,Sahu & Gupta,yes,yes,strong,plus-minus-value,8,6 79.64±0.06 86.85±1.57 S4 FedAvg(NA+PEC) 96.32±0.16 93.41±0.58 91.27±1.42 94.29±0.79 81.49±0.96 88.36±0.96 FedAvg(NA+ZNE) 97.53±0.82 94.82±0.40 91.73±0.71 94.65±0.38 83.71±0.11 90.49±0.28 FedAvg(R) 92.52±0.89 91.64±2.85 89.45±1.37 90.03±1.63 89.15±1.85 86.41±2.59 FedAvg(NA) 96.03±0.91 92.42±1.73 90.9
Sahu and Gupta - 2024 - NAC-QFL Noise Aware Clustered Quantum Federated Learning.pdf,Sahu & Gupta,yes,yes,strong,plus-minus-value,8,6 86.85±1.57 S4 FedAvg(NA+PEC) 96.32±0.16 93.41±0.58 91.27±1.42 94.29±0.79 81.49±0.96 88.36±0.96 FedAvg(NA+ZNE) 97.53±0.82 94.82±0.40 91.73±0.71 94.65±0.38 83.71±0.11 90.49±0.28 FedAvg(R) 92.52±0.89 91.64±2.85 89.45±1.37 90.03±1.63 89.15±1.85 86.41±2.59 FedAvg(NA) 96.03±0.91 92.42±1.73 90.95±1.03 93.2
Sahu and Gupta - 2024 - NAC-QFL Noise Aware Clustered Quantum Federated Learning.pdf,Sahu & Gupta,yes,yes,strong,plus-minus-value,8,7 S4 FedAvg(NA+PEC) 96.32±0.16 93.41±0.58 91.27±1.42 94.29±0.79 81.49±0.96 88.36±0.96 FedAvg(NA+ZNE) 97.53±0.82 94.82±0.40 91.73±0.71 94.65±0.38 83.71±0.11 90.49±0.28 FedAvg(R) 92.52±0.89 91.64±2.85 89.45±1.37 90.03±1.63 89.15±1.85 86.41±2.59 FedAvg(NA) 96.03±0.91 92.42±1.73 90.95±1.03 93.27±0.92 90.4
Sahu and Gupta - 2024 - NAC-QFL Noise Aware Clustered Quantum Federated Learning.pdf,Sahu & Gupta,yes,yes,strong,plus-minus-value,8,(NA+PEC) 96.32±0.16 93.41±0.58 91.27±1.42 94.29±0.79 81.49±0.96 88.36±0.96 FedAvg(NA+ZNE) 97.53±0.82 94.82±0.40 91.73±0.71 94.65±0.38 83.71±0.11 90.49±0.28 FedAvg(R) 92.52±0.89 91.64±2.85 89.45±1.37 90.03±1.63 89.15±1.85 86.41±2.59 FedAvg(NA) 96.03±0.91 92.42±1.73 90.95±1.03 93.27±0.92 90.46±0.24 88.5
Sahu and Gupta - 2024 - NAC-QFL Noise Aware Clustered Quantum Federated Learning.pdf,Sahu & Gupta,yes,yes,strong,plus-minus-value,8,3.41±0.58 91.27±1.42 94.29±0.79 81.49±0.96 88.36±0.96 FedAvg(NA+ZNE) 97.53±0.82 94.82±0.40 91.73±0.71 94.65±0.38 83.71±0.11 90.49±0.28 FedAvg(R) 92.52±0.89 91.64±2.85 89.45±1.37 90.03±1.63 89.15±1.85 86.41±2.59 FedAvg(NA) 96.03±0.91 92.42±1.73 90.95±1.03 93.27±0.92 90.46±0.24 88.59±1.36 S5 FedAvg(NA+P
Sahu and Gupta - 2024 - NAC-QFL Noise Aware Clustered Quantum Federated Learning.pdf,Sahu & Gupta,yes,yes,strong,plus-minus-value,8,1.27±1.42 94.29±0.79 81.49±0.96 88.36±0.96 FedAvg(NA+ZNE) 97.53±0.82 94.82±0.40 91.73±0.71 94.65±0.38 83.71±0.11 90.49±0.28 FedAvg(R) 92.52±0.89 91.64±2.85 89.45±1.37 90.03±1.63 89.15±1.85 86.41±2.59 FedAvg(NA) 96.03±0.91 92.42±1.73 90.95±1.03 93.27±0.92 90.46±0.24 88.59±1.36 S5 FedAvg(NA+PEC) 97.94±0
Sahu and Gupta - 2024 - NAC-QFL Noise Aware Clustered Quantum Federated Learning.pdf,Sahu & Gupta,yes,yes,strong,plus-minus-value,8,4.29±0.79 81.49±0.96 88.36±0.96 FedAvg(NA+ZNE) 97.53±0.82 94.82±0.40 91.73±0.71 94.65±0.38 83.71±0.11 90.49±0.28 FedAvg(R) 92.52±0.89 91.64±2.85 89.45±1.37 90.03±1.63 89.15±1.85 86.41±2.59 FedAvg(NA) 96.03±0.91 92.42±1.73 90.95±1.03 93.27±0.92 90.46±0.24 88.59±1.36 S5 FedAvg(NA+PEC) 97.94±0.04 94.01±0
Sahu and Gupta - 2024 - NAC-QFL Noise Aware Clustered Quantum Federated Learning.pdf,Sahu & Gupta,yes,yes,strong,plus-minus-value,8,1.49±0.96 88.36±0.96 FedAvg(NA+ZNE) 97.53±0.82 94.82±0.40 91.73±0.71 94.65±0.38 83.71±0.11 90.49±0.28 FedAvg(R) 92.52±0.89 91.64±2.85 89.45±1.37 90.03±1.63 89.15±1.85 86.41±2.59 FedAvg(NA) 96.03±0.91 92.42±1.73 90.95±1.03 93.27±0.92 90.46±0.24 88.59±1.36 S5 FedAvg(NA+PEC) 97.94±0.04 94.01±0.58 91.15±1
Sahu and Gupta - 2024 - NAC-QFL Noise Aware Clustered Quantum Federated Learning.pdf,Sahu & Gupta,yes,yes,strong,plus-minus-value,8,8.36±0.96 FedAvg(NA+ZNE) 97.53±0.82 94.82±0.40 91.73±0.71 94.65±0.38 83.71±0.11 90.49±0.28 FedAvg(R) 92.52±0.89 91.64±2.85 89.45±1.37 90.03±1.63 89.15±1.85 86.41±2.59 FedAvg(NA) 96.03±0.91 92.42±1.73 90.95±1.03 93.27±0.92 90.46±0.24 88.59±1.36 S5 FedAvg(NA+PEC) 97.94±0.04 94.01±0.58 91.15±1.85 95.84±0
Sahu and Gupta - 2024 - NAC-QFL Noise Aware Clustered Quantum Federated Learning.pdf,Sahu & Gupta,yes,yes,strong,plus-minus-value,8,edAvg(NA+ZNE) 97.53±0.82 94.82±0.40 91.73±0.71 94.65±0.38 83.71±0.11 90.49±0.28 FedAvg(R) 92.52±0.89 91.64±2.85 89.45±1.37 90.03±1.63 89.15±1.85 86.41±2.59 FedAvg(NA) 96.03±0.91 92.42±1.73 90.95±1.03 93.27±0.92 90.46±0.24 88.59±1.36 S5 FedAvg(NA+PEC) 97.94±0.04 94.01±0.58 91.15±1.85 95.84±0.10 89.36±0
Sahu and Gupta - 2024 - NAC-QFL Noise Aware Clustered Quantum Federated Learning.pdf,Sahu & Gupta,yes,yes,strong,plus-minus-value,8,82 94.82±0.40 91.73±0.71 94.65±0.38 83.71±0.11 90.49±0.28 FedAvg(R) 92.52±0.89 91.64±2.85 89.45±1.37 90.03±1.63 89.15±1.85 86.41±2.59 FedAvg(NA) 96.03±0.91 92.42±1.73 90.95±1.03 93.27±0.92 90.46±0.24 88.59±1.36 S5 FedAvg(NA+PEC) 97.94±0.04 94.01±0.58 91.15±1.85 95.84±0.10 89.36±0.03 89.26±1.11 FedAvg(
Sahu and Gupta - 2024 - NAC-QFL Noise Aware Clustered Quantum Federated Learning.pdf,Sahu & Gupta,yes,yes,strong,plus-minus-value,8,40 91.73±0.71 94.65±0.38 83.71±0.11 90.49±0.28 FedAvg(R) 92.52±0.89 91.64±2.85 89.45±1.37 90.03±1.63 89.15±1.85 86.41±2.59 FedAvg(NA) 96.03±0.91 92.42±1.73 90.95±1.03 93.27±0.92 90.46±0.24 88.59±1.36 S5 FedAvg(NA+PEC) 97.94±0.04 94.01±0.58 91.15±1.85 95.84±0.10 89.36±0.03 89.26±1.11 FedAvg(NA+ZNE) 98.
Sahu and Gupta - 2024 - NAC-QFL Noise Aware Clustered Quantum Federated Learning.pdf,Sahu & Gupta,yes,yes,strong,plus-minus-value,8,71 94.65±0.38 83.71±0.11 90.49±0.28 FedAvg(R) 92.52±0.89 91.64±2.85 89.45±1.37 90.03±1.63 89.15±1.85 86.41±2.59 FedAvg(NA) 96.03±0.91 92.42±1.73 90.95±1.03 93.27±0.92 90.46±0.24 88.59±1.36 S5 FedAvg(NA+PEC) 97.94±0.04 94.01±0.58 91.15±1.85 95.84±0.10 89.36±0.03 89.26±1.11 FedAvg(NA+ZNE) 98.02±0.73 95.
Sahu and Gupta - 2024 - NAC-QFL Noise Aware Clustered Quantum Federated Learning.pdf,Sahu & Gupta,yes,yes,strong,plus-minus-value,8,38 83.71±0.11 90.49±0.28 FedAvg(R) 92.52±0.89 91.64±2.85 89.45±1.37 90.03±1.63 89.15±1.85 86.41±2.59 FedAvg(NA) 96.03±0.91 92.42±1.73 90.95±1.03 93.27±0.92 90.46±0.24 88.59±1.36 S5 FedAvg(NA+PEC) 97.94±0.04 94.01±0.58 91.15±1.85 95.84±0.10 89.36±0.03 89.26±1.11 FedAvg(NA+ZNE) 98.02±0.73 95.15±0.64 92.
Sahu and Gupta - 2024 - NAC-QFL Noise Aware Clustered Quantum Federated Learning.pdf,Sahu & Gupta,yes,yes,strong,plus-minus-value,8,11 90.49±0.28 FedAvg(R) 92.52±0.89 91.64±2.85 89.45±1.37 90.03±1.63 89.15±1.85 86.41±2.59 FedAvg(NA) 96.03±0.91 92.42±1.73 90.95±1.03 93.27±0.92 90.46±0.24 88.59±1.36 S5 FedAvg(NA+PEC) 97.94±0.04 94.01±0.58 91.15±1.85 95.84±0.10 89.36±0.03 89.26±1.11 FedAvg(NA+ZNE) 98.02±0.73 95.15±0.64 92.19±0.63 95.
Sahu and Gupta - 2024 - NAC-QFL Noise Aware Clustered Quantum Federated Learning.pdf,Sahu & Gupta,yes,yes,strong,plus-minus-value,8,28 FedAvg(R) 92.52±0.89 91.64±2.85 89.45±1.37 90.03±1.63 89.15±1.85 86.41±2.59 FedAvg(NA) 96.03±0.91 92.42±1.73 90.95±1.03 93.27±0.92 90.46±0.24 88.59±1.36 S5 FedAvg(NA+PEC) 97.94±0.04 94.01±0.58 91.15±1.85 95.84±0.10 89.36±0.03 89.26±1.11 FedAvg(NA+ZNE) 98.02±0.73 95.15±0.64 92.19±0.63 95.22±0.16 90.
Sahu and Gupta - 2024 - NAC-QFL Noise Aware Clustered Quantum Federated Learning.pdf,Sahu & Gupta,yes,yes,strong,plus-minus-value,8,±2.85 89.45±1.37 90.03±1.63 89.15±1.85 86.41±2.59 FedAvg(NA) 96.03±0.91 92.42±1.73 90.95±1.03 93.27±0.92 90.46±0.24 88.59±1.36 S5 FedAvg(NA+PEC) 97.94±0.04 94.01±0.58 91.15±1.85 95.84±0.10 89.36±0.03 89.26±1.11 FedAvg(NA+ZNE) 98.02±0.73 95.15±0.64 92.19±0.63 95.22±0.16 90.49±0.27 90.55±0.85 Table3:Clu
Sahu and Gupta - 2024 - NAC-QFL Noise Aware Clustered Quantum Federated Learning.pdf,Sahu & Gupta,yes,yes,strong,plus-minus-value,8,±1.37 90.03±1.63 89.15±1.85 86.41±2.59 FedAvg(NA) 96.03±0.91 92.42±1.73 90.95±1.03 93.27±0.92 90.46±0.24 88.59±1.36 S5 FedAvg(NA+PEC) 97.94±0.04 94.01±0.58 91.15±1.85 95.84±0.10 89.36±0.03 89.26±1.11 FedAvg(NA+ZNE) 98.02±0.73 95.15±0.64 92.19±0.63 95.22±0.16 90.49±0.27 90.55±0.85 Table3:Clusterconfigu
Sahu and Gupta - 2024 - NAC-QFL Noise Aware Clustered Quantum Federated Learning.pdf,Sahu & Gupta,yes,yes,strong,plus-minus-value,8,±1.63 89.15±1.85 86.41±2.59 FedAvg(NA) 96.03±0.91 92.42±1.73 90.95±1.03 93.27±0.92 90.46±0.24 88.59±1.36 S5 FedAvg(NA+PEC) 97.94±0.04 94.01±0.58 91.15±1.85 95.84±0.10 89.36±0.03 89.26±1.11 FedAvg(NA+ZNE) 98.02±0.73 95.15±0.64 92.19±0.63 95.22±0.16 90.49±0.27 90.55±0.85 Table3:Clusterconfiguration. Tab
Sahu and Gupta - 2024 - NAC-QFL Noise Aware Clustered Quantum Federated Learning.pdf,Sahu & Gupta,yes,yes,strong,plus-minus-value,8,±1.85 86.41±2.59 FedAvg(NA) 96.03±0.91 92.42±1.73 90.95±1.03 93.27±0.92 90.46±0.24 88.59±1.36 S5 FedAvg(NA+PEC) 97.94±0.04 94.01±0.58 91.15±1.85 95.84±0.10 89.36±0.03 89.26±1.11 FedAvg(NA+ZNE) 98.02±0.73 95.15±0.64 92.19±0.63 95.22±0.16 90.49±0.27 90.55±0.85 Table3:Clusterconfiguration. Table4: AvgF1-
Sahu and Gupta - 2024 - NAC-QFL Noise Aware Clustered Quantum Federated Learning.pdf,Sahu & Gupta,yes,yes,strong,plus-minus-value,8,±2.59 FedAvg(NA) 96.03±0.91 92.42±1.73 90.95±1.03 93.27±0.92 90.46±0.24 88.59±1.36 S5 FedAvg(NA+PEC) 97.94±0.04 94.01±0.58 91.15±1.85 95.84±0.10 89.36±0.03 89.26±1.11 FedAvg(NA+ZNE) 98.02±0.73 95.15±0.64 92.19±0.63 95.22±0.16 90.49±0.27 90.55±0.85 Table3:Clusterconfiguration. Table4: AvgF1-score. Sett
Sahu and Gupta - 2024 - NAC-QFL Noise Aware Clustered Quantum Federated Learning.pdf,Sahu & Gupta,yes,yes,strong,plus-minus-value,8,g(NA) 96.03±0.91 92.42±1.73 90.95±1.03 93.27±0.92 90.46±0.24 88.59±1.36 S5 FedAvg(NA+PEC) 97.94±0.04 94.01±0.58 91.15±1.85 95.84±0.10 89.36±0.03 89.26±1.11 FedAvg(NA+ZNE) 98.02±0.73 95.15±0.64 92.19±0.63 95.22±0.16 90.49±0.27 90.55±0.85 Table3:Clusterconfiguration. Table4: AvgF1-score. Setting Method
Sahu and Gupta - 2024 - NAC-QFL Noise Aware Clustered Quantum Federated Learning.pdf,Sahu & Gupta,yes,yes,strong,plus-minus-value,8,3 90.95±1.03 93.27±0.92 90.46±0.24 88.59±1.36 S5 FedAvg(NA+PEC) 97.94±0.04 94.01±0.58 91.15±1.85 95.84±0.10 89.36±0.03 89.26±1.11 FedAvg(NA+ZNE) 98.02±0.73 95.15±0.64 92.19±0.63 95.22±0.16 90.49±0.27 90.55±0.85 Table3:Clusterconfiguration. Table4: AvgF1-score. Setting Method MNIST- P- MNIST- P- Cluste
Sahu and Gupta - 2024 - NAC-QFL Noise Aware Clustered Quantum Federated Learning.pdf,Sahu & Gupta,yes,yes,strong,plus-minus-value,8,3 93.27±0.92 90.46±0.24 88.59±1.36 S5 FedAvg(NA+PEC) 97.94±0.04 94.01±0.58 91.15±1.85 95.84±0.10 89.36±0.03 89.26±1.11 FedAvg(NA+ZNE) 98.02±0.73 95.15±0.64 92.19±0.63 95.22±0.16 90.49±0.27 90.55±0.85 Table3:Clusterconfiguration. Table4: AvgF1-score. Setting Method MNIST- P- MNIST- P- Cluster-ID Device
Sahu and Gupta - 2024 - NAC-QFL Noise Aware Clustered Quantum Federated Learning.pdf,Sahu & Gupta,yes,yes,strong,plus-minus-value,8,2 90.46±0.24 88.59±1.36 S5 FedAvg(NA+PEC) 97.94±0.04 94.01±0.58 91.15±1.85 95.84±0.10 89.36±0.03 89.26±1.11 FedAvg(NA+ZNE) 98.02±0.73 95.15±0.64 92.19±0.63 95.22±0.16 90.49±0.27 90.55±0.85 Table3:Clusterconfiguration. Table4: AvgF1-score. Setting Method MNIST- P- MNIST- P- Cluster-ID Devices-IBM_fakeb
Sahu and Gupta - 2024 - NAC-QFL Noise Aware Clustered Quantum Federated Learning.pdf,Sahu & Gupta,yes,yes,strong,plus-minus-value,8,4 88.59±1.36 S5 FedAvg(NA+PEC) 97.94±0.04 94.01±0.58 91.15±1.85 95.84±0.10 89.36±0.03 89.26±1.11 FedAvg(NA+ZNE) 98.02±0.73 95.15±0.64 92.19±0.63 95.22±0.16 90.49±0.27 90.55±0.85 Table3:Clusterconfiguration. Table4: AvgF1-score. Setting Method MNIST- P- MNIST- P- Cluster-ID Devices-IBM_fakebackend Full
Sahu and Gupta - 2024 - NAC-QFL Noise Aware Clustered Quantum Federated Learning.pdf,Sahu & Gupta,yes,yes,strong,plus-minus-value,8,6 S5 FedAvg(NA+PEC) 97.94±0.04 94.01±0.58 91.15±1.85 95.84±0.10 89.36±0.03 89.26±1.11 FedAvg(NA+ZNE) 98.02±0.73 95.15±0.64 92.19±0.63 95.22±0.16 90.49±0.27 90.55±0.85 Table3:Clusterconfiguration. Table4: AvgF1-score. Setting Method MNIST- P- MNIST- P- Cluster-ID Devices-IBM_fakebackend Full MNIST Full
Sahu and Gupta - 2024 - NAC-QFL Noise Aware Clustered Quantum Federated Learning.pdf,Sahu & Gupta,yes,yes,strong,plus-minus-value,8,(NA+PEC) 97.94±0.04 94.01±0.58 91.15±1.85 95.84±0.10 89.36±0.03 89.26±1.11 FedAvg(NA+ZNE) 98.02±0.73 95.15±0.64 92.19±0.63 95.22±0.16 90.49±0.27 90.55±0.85 Table3:Clusterconfiguration. Table4: AvgF1-score. Setting Method MNIST- P- MNIST- P- Cluster-ID Devices-IBM_fakebackend Full MNIST Full(N) MNIST(N
Sahu and Gupta - 2024 - NAC-QFL Noise Aware Clustered Quantum Federated Learning.pdf,Sahu & Gupta,yes,yes,strong,plus-minus-value,9,"ignificant decrease in model accuracies Channel Intesity→ 0.01 0.05 0.10 0.25 forMNIST-Full,rangingfrom3%to10%acrossdifferentsettings. MNIST-Bin 97.33±0.6 96.22±0.4 92.05±0.8 80.22±0.3 BitFlip InS4,forinstance,theaccuracyofFedAvg(NA)onaveragedrops MNIST-Bin(N) 94.29±0.5 92.00±0.2 88.22±0.5 68.44±4.4 M"
Sahu and Gupta - 2024 - NAC-QFL Noise Aware Clustered Quantum Federated Learning.pdf,Sahu & Gupta,yes,yes,strong,plus-minus-value,9,"decrease in model accuracies Channel Intesity→ 0.01 0.05 0.10 0.25 forMNIST-Full,rangingfrom3%to10%acrossdifferentsettings. MNIST-Bin 97.33±0.6 96.22±0.4 92.05±0.8 80.22±0.3 BitFlip InS4,forinstance,theaccuracyofFedAvg(NA)onaveragedrops MNIST-Bin(N) 94.29±0.5 92.00±0.2 88.22±0.5 68.44±4.4 MNIST-Bin 9"
Sahu and Gupta - 2024 - NAC-QFL Noise Aware Clustered Quantum Federated Learning.pdf,Sahu & Gupta,yes,yes,strong,plus-minus-value,9,"in model accuracies Channel Intesity→ 0.01 0.05 0.10 0.25 forMNIST-Full,rangingfrom3%to10%acrossdifferentsettings. MNIST-Bin 97.33±0.6 96.22±0.4 92.05±0.8 80.22±0.3 BitFlip InS4,forinstance,theaccuracyofFedAvg(NA)onaveragedrops MNIST-Bin(N) 94.29±0.5 92.00±0.2 88.22±0.5 68.44±4.4 MNIST-Bin 94.26±0.4 9"
Sahu and Gupta - 2024 - NAC-QFL Noise Aware Clustered Quantum Federated Learning.pdf,Sahu & Gupta,yes,yes,strong,plus-minus-value,9,"ccuracies Channel Intesity→ 0.01 0.05 0.10 0.25 forMNIST-Full,rangingfrom3%to10%acrossdifferentsettings. MNIST-Bin 97.33±0.6 96.22±0.4 92.05±0.8 80.22±0.3 BitFlip InS4,forinstance,theaccuracyofFedAvg(NA)onaveragedrops MNIST-Bin(N) 94.29±0.5 92.00±0.2 88.22±0.5 68.44±4.4 MNIST-Bin 94.26±0.4 93.65±0.3 9"
Sahu and Gupta - 2024 - NAC-QFL Noise Aware Clustered Quantum Federated Learning.pdf,Sahu & Gupta,yes,yes,strong,plus-minus-value,9,"differentsettings. MNIST-Bin 97.33±0.6 96.22±0.4 92.05±0.8 80.22±0.3 BitFlip InS4,forinstance,theaccuracyofFedAvg(NA)onaveragedrops MNIST-Bin(N) 94.29±0.5 92.00±0.2 88.22±0.5 68.44±4.4 MNIST-Bin 94.26±0.4 93.65±0.3 90.35±3.1 83.27±4.3 from90%to80%.Similartrendsareshownindifferentsettingsalso. PhaseFli"
Sahu and Gupta - 2024 - NAC-QFL Noise Aware Clustered Quantum Federated Learning.pdf,Sahu & Gupta,yes,yes,strong,plus-minus-value,9,"ettings. MNIST-Bin 97.33±0.6 96.22±0.4 92.05±0.8 80.22±0.3 BitFlip InS4,forinstance,theaccuracyofFedAvg(NA)onaveragedrops MNIST-Bin(N) 94.29±0.5 92.00±0.2 88.22±0.5 68.44±4.4 MNIST-Bin 94.26±0.4 93.65±0.3 90.35±3.1 83.27±4.3 from90%to80%.Similartrendsareshownindifferentsettingsalso. PhaseFlip MNIST-Bi"
Sahu and Gupta - 2024 - NAC-QFL Noise Aware Clustered Quantum Federated Learning.pdf,Sahu & Gupta,yes,yes,strong,plus-minus-value,9,"NIST-Bin 97.33±0.6 96.22±0.4 92.05±0.8 80.22±0.3 BitFlip InS4,forinstance,theaccuracyofFedAvg(NA)onaveragedrops MNIST-Bin(N) 94.29±0.5 92.00±0.2 88.22±0.5 68.44±4.4 MNIST-Bin 94.26±0.4 93.65±0.3 90.35±3.1 83.27±4.3 from90%to80%.Similartrendsareshownindifferentsettingsalso. PhaseFlip MNIST-Bin(N) 92.97"
Sahu and Gupta - 2024 - NAC-QFL Noise Aware Clustered Quantum Federated Learning.pdf,Sahu & Gupta,yes,yes,strong,plus-minus-value,9,"7.33±0.6 96.22±0.4 92.05±0.8 80.22±0.3 BitFlip InS4,forinstance,theaccuracyofFedAvg(NA)onaveragedrops MNIST-Bin(N) 94.29±0.5 92.00±0.2 88.22±0.5 68.44±4.4 MNIST-Bin 94.26±0.4 93.65±0.3 90.35±3.1 83.27±4.3 from90%to80%.Similartrendsareshownindifferentsettingsalso. PhaseFlip MNIST-Bin(N) 92.97±0.9 88.26"
Sahu and Gupta - 2024 - NAC-QFL Noise Aware Clustered Quantum Federated Learning.pdf,Sahu & Gupta,yes,yes,strong,plus-minus-value,9,"2.05±0.8 80.22±0.3 BitFlip InS4,forinstance,theaccuracyofFedAvg(NA)onaveragedrops MNIST-Bin(N) 94.29±0.5 92.00±0.2 88.22±0.5 68.44±4.4 MNIST-Bin 94.26±0.4 93.65±0.3 90.35±3.1 83.27±4.3 from90%to80%.Similartrendsareshownindifferentsettingsalso. PhaseFlip MNIST-Bin(N) 92.97±0.9 88.26±1.4 87.65±3.3 82.35"
Sahu and Gupta - 2024 - NAC-QFL Noise Aware Clustered Quantum Federated Learning.pdf,Sahu & Gupta,yes,yes,strong,plus-minus-value,9,"0.22±0.3 BitFlip InS4,forinstance,theaccuracyofFedAvg(NA)onaveragedrops MNIST-Bin(N) 94.29±0.5 92.00±0.2 88.22±0.5 68.44±4.4 MNIST-Bin 94.26±0.4 93.65±0.3 90.35±3.1 83.27±4.3 from90%to80%.Similartrendsareshownindifferentsettingsalso. PhaseFlip MNIST-Bin(N) 92.97±0.9 88.26±1.4 87.65±3.3 82.35±4.1 Thepr"
Sahu and Gupta - 2024 - NAC-QFL Noise Aware Clustered Quantum Federated Learning.pdf,Sahu & Gupta,yes,yes,strong,plus-minus-value,9,"itFlip InS4,forinstance,theaccuracyofFedAvg(NA)onaveragedrops MNIST-Bin(N) 94.29±0.5 92.00±0.2 88.22±0.5 68.44±4.4 MNIST-Bin 94.26±0.4 93.65±0.3 90.35±3.1 83.27±4.3 from90%to80%.Similartrendsareshownindifferentsettingsalso. PhaseFlip MNIST-Bin(N) 92.97±0.9 88.26±1.4 87.65±3.3 82.35±4.1 Theprimaryreaso"
Sahu and Gupta - 2024 - NAC-QFL Noise Aware Clustered Quantum Federated Learning.pdf,Sahu & Gupta,yes,yes,strong,plus-minus-value,9,"4,forinstance,theaccuracyofFedAvg(NA)onaveragedrops MNIST-Bin(N) 94.29±0.5 92.00±0.2 88.22±0.5 68.44±4.4 MNIST-Bin 94.26±0.4 93.65±0.3 90.35±3.1 83.27±4.3 from90%to80%.Similartrendsareshownindifferentsettingsalso. PhaseFlip MNIST-Bin(N) 92.97±0.9 88.26±1.4 87.65±3.3 82.35±4.1 Theprimaryreasonbehindthe"
Sahu and Gupta - 2024 - NAC-QFL Noise Aware Clustered Quantum Federated Learning.pdf,Sahu & Gupta,yes,yes,strong,plus-minus-value,9,.5 68.44±4.4 MNIST-Bin 94.26±0.4 93.65±0.3 90.35±3.1 83.27±4.3 from90%to80%.Similartrendsareshownindifferentsettingsalso. PhaseFlip MNIST-Bin(N) 92.97±0.9 88.26±1.4 87.65±3.3 82.35±4.1 Theprimaryreasonbehindtheperformancedropisthemultiplica- MNIST-Bin 96.87±0.4 95.66±0.5 87.37±2.1 85.28±0.3 Depolarizi
Sahu and Gupta - 2024 - NAC-QFL Noise Aware Clustered Quantum Federated Learning.pdf,Sahu & Gupta,yes,yes,strong,plus-minus-value,9,.4 MNIST-Bin 94.26±0.4 93.65±0.3 90.35±3.1 83.27±4.3 from90%to80%.Similartrendsareshownindifferentsettingsalso. PhaseFlip MNIST-Bin(N) 92.97±0.9 88.26±1.4 87.65±3.3 82.35±4.1 Theprimaryreasonbehindtheperformancedropisthemultiplica- MNIST-Bin 96.87±0.4 95.66±0.5 87.37±2.1 85.28±0.3 Depolarizing tiveeff
Sahu and Gupta - 2024 - NAC-QFL Noise Aware Clustered Quantum Federated Learning.pdf,Sahu & Gupta,yes,yes,strong,plus-minus-value,9,in 94.26±0.4 93.65±0.3 90.35±3.1 83.27±4.3 from90%to80%.Similartrendsareshownindifferentsettingsalso. PhaseFlip MNIST-Bin(N) 92.97±0.9 88.26±1.4 87.65±3.3 82.35±4.1 Theprimaryreasonbehindtheperformancedropisthemultiplica- MNIST-Bin 96.87±0.4 95.66±0.5 87.37±2.1 85.28±0.3 Depolarizing tiveeffectofsyste
Sahu and Gupta - 2024 - NAC-QFL Noise Aware Clustered Quantum Federated Learning.pdf,Sahu & Gupta,yes,yes,strong,plus-minus-value,9,.4 93.65±0.3 90.35±3.1 83.27±4.3 from90%to80%.Similartrendsareshownindifferentsettingsalso. PhaseFlip MNIST-Bin(N) 92.97±0.9 88.26±1.4 87.65±3.3 82.35±4.1 Theprimaryreasonbehindtheperformancedropisthemultiplica- MNIST-Bin 96.87±0.4 95.66±0.5 87.37±2.1 85.28±0.3 Depolarizing tiveeffectofsystemnoiseover
Sahu and Gupta - 2024 - NAC-QFL Noise Aware Clustered Quantum Federated Learning.pdf,Sahu & Gupta,yes,yes,strong,plus-minus-value,9,"tsettingsalso. PhaseFlip MNIST-Bin(N) 92.97±0.9 88.26±1.4 87.65±3.3 82.35±4.1 Theprimaryreasonbehindtheperformancedropisthemultiplica- MNIST-Bin 96.87±0.4 95.66±0.5 87.37±2.1 85.28±0.3 Depolarizing tiveeffectofsystemnoiseovernoisydatasets.However,applying MNIST-Bin(N) 94.54±0.9 93.68±0.7 89.60±0.3 72."
Sahu and Gupta - 2024 - NAC-QFL Noise Aware Clustered Quantum Federated Learning.pdf,Sahu & Gupta,yes,yes,strong,plus-minus-value,9,"lso. PhaseFlip MNIST-Bin(N) 92.97±0.9 88.26±1.4 87.65±3.3 82.35±4.1 Theprimaryreasonbehindtheperformancedropisthemultiplica- MNIST-Bin 96.87±0.4 95.66±0.5 87.37±2.1 85.28±0.3 Depolarizing tiveeffectofsystemnoiseovernoisydatasets.However,applying MNIST-Bin(N) 94.54±0.9 93.68±0.7 89.60±0.3 72.85±3.1 Amp"
Sahu and Gupta - 2024 - NAC-QFL Noise Aware Clustered Quantum Federated Learning.pdf,Sahu & Gupta,yes,yes,strong,plus-minus-value,9,"Flip MNIST-Bin(N) 92.97±0.9 88.26±1.4 87.65±3.3 82.35±4.1 Theprimaryreasonbehindtheperformancedropisthemultiplica- MNIST-Bin 96.87±0.4 95.66±0.5 87.37±2.1 85.28±0.3 Depolarizing tiveeffectofsystemnoiseovernoisydatasets.However,applying MNIST-Bin(N) 94.54±0.9 93.68±0.7 89.60±0.3 72.85±3.1 Amplitude MNI"
Sahu and Gupta - 2024 - NAC-QFL Noise Aware Clustered Quantum Federated Learning.pdf,Sahu & Gupta,yes,yes,strong,plus-minus-value,9,"-Bin(N) 92.97±0.9 88.26±1.4 87.65±3.3 82.35±4.1 Theprimaryreasonbehindtheperformancedropisthemultiplica- MNIST-Bin 96.87±0.4 95.66±0.5 87.37±2.1 85.28±0.3 Depolarizing tiveeffectofsystemnoiseovernoisydatasets.However,applying MNIST-Bin(N) 94.54±0.9 93.68±0.7 89.60±0.3 72.85±3.1 Amplitude MNIST-Bin 97."
Sahu and Gupta - 2024 - NAC-QFL Noise Aware Clustered Quantum Federated Learning.pdf,Sahu & Gupta,yes,yes,strong,plus-minus-value,9,"ultiplica- MNIST-Bin 96.87±0.4 95.66±0.5 87.37±2.1 85.28±0.3 Depolarizing tiveeffectofsystemnoiseovernoisydatasets.However,applying MNIST-Bin(N) 94.54±0.9 93.68±0.7 89.60±0.3 72.85±3.1 Amplitude MNIST-Bin 97.45±1.1 94.74±0.4 90.68±1.8 87.47±0.3 noisemitigationtechniquesyieldspromisingresults.Specifica"
Sahu and Gupta - 2024 - NAC-QFL Noise Aware Clustered Quantum Federated Learning.pdf,Sahu & Gupta,yes,yes,strong,plus-minus-value,9,"MNIST-Bin 96.87±0.4 95.66±0.5 87.37±2.1 85.28±0.3 Depolarizing tiveeffectofsystemnoiseovernoisydatasets.However,applying MNIST-Bin(N) 94.54±0.9 93.68±0.7 89.60±0.3 72.85±3.1 Amplitude MNIST-Bin 97.45±1.1 94.74±0.4 90.68±1.8 87.47±0.3 noisemitigationtechniquesyieldspromisingresults.Specifically, Dampi"
Sahu and Gupta - 2024 - NAC-QFL Noise Aware Clustered Quantum Federated Learning.pdf,Sahu & Gupta,yes,yes,strong,plus-minus-value,9,"96.87±0.4 95.66±0.5 87.37±2.1 85.28±0.3 Depolarizing tiveeffectofsystemnoiseovernoisydatasets.However,applying MNIST-Bin(N) 94.54±0.9 93.68±0.7 89.60±0.3 72.85±3.1 Amplitude MNIST-Bin 97.45±1.1 94.74±0.4 90.68±1.8 87.47±0.3 noisemitigationtechniquesyieldspromisingresults.Specifically, Damping MNIST-B"
Sahu and Gupta - 2024 - NAC-QFL Noise Aware Clustered Quantum Federated Learning.pdf,Sahu & Gupta,yes,yes,strong,plus-minus-value,9,"95.66±0.5 87.37±2.1 85.28±0.3 Depolarizing tiveeffectofsystemnoiseovernoisydatasets.However,applying MNIST-Bin(N) 94.54±0.9 93.68±0.7 89.60±0.3 72.85±3.1 Amplitude MNIST-Bin 97.45±1.1 94.74±0.4 90.68±1.8 87.47±0.3 noisemitigationtechniquesyieldspromisingresults.Specifically, Damping MNIST-Bin(N) 95.6"
Sahu and Gupta - 2024 - NAC-QFL Noise Aware Clustered Quantum Federated Learning.pdf,Sahu & Gupta,yes,yes,strong,plus-minus-value,9,"Depolarizing tiveeffectofsystemnoiseovernoisydatasets.However,applying MNIST-Bin(N) 94.54±0.9 93.68±0.7 89.60±0.3 72.85±3.1 Amplitude MNIST-Bin 97.45±1.1 94.74±0.4 90.68±1.8 87.47±0.3 noisemitigationtechniquesyieldspromisingresults.Specifically, Damping MNIST-Bin(N) 95.69±0.9 92.39±0.5 87.48±0.3 72.3"
Sahu and Gupta - 2024 - NAC-QFL Noise Aware Clustered Quantum Federated Learning.pdf,Sahu & Gupta,yes,yes,strong,plus-minus-value,9,"ing tiveeffectofsystemnoiseovernoisydatasets.However,applying MNIST-Bin(N) 94.54±0.9 93.68±0.7 89.60±0.3 72.85±3.1 Amplitude MNIST-Bin 97.45±1.1 94.74±0.4 90.68±1.8 87.47±0.3 noisemitigationtechniquesyieldspromisingresults.Specifically, Damping MNIST-Bin(N) 95.69±0.9 92.39±0.5 87.48±0.3 72.35±2.2"
Sahu and Gupta - 2024 - NAC-QFL Noise Aware Clustered Quantum Federated Learning.pdf,Sahu & Gupta,yes,yes,strong,plus-minus-value,9,"fectofsystemnoiseovernoisydatasets.However,applying MNIST-Bin(N) 94.54±0.9 93.68±0.7 89.60±0.3 72.85±3.1 Amplitude MNIST-Bin 97.45±1.1 94.74±0.4 90.68±1.8 87.47±0.3 noisemitigationtechniquesyieldspromisingresults.Specifically, Damping MNIST-Bin(N) 95.69±0.9 92.39±0.5 87.48±0.3 72.35±2.2"
Sahu and Gupta - 2024 - NAC-QFL Noise Aware Clustered Quantum Federated Learning.pdf,Sahu & Gupta,yes,yes,strong,plus-minus-value,9,"emnoiseovernoisydatasets.However,applying MNIST-Bin(N) 94.54±0.9 93.68±0.7 89.60±0.3 72.85±3.1 Amplitude MNIST-Bin 97.45±1.1 94.74±0.4 90.68±1.8 87.47±0.3 noisemitigationtechniquesyieldspromisingresults.Specifically, Damping MNIST-Bin(N) 95.69±0.9 92.39±0.5 87.48±0.3 72.35±2.2"
Sahu and Gupta - 2024 - NAC-QFL Noise Aware Clustered Quantum Federated Learning.pdf,Sahu & Gupta,yes,yes,strong,plus-minus-value,9,"1 Amplitude MNIST-Bin 97.45±1.1 94.74±0.4 90.68±1.8 87.47±0.3 noisemitigationtechniquesyieldspromisingresults.Specifically, Damping MNIST-Bin(N) 95.69±0.9 92.39±0.5 87.48±0.3 72.35±2.2"
Sahu and Gupta - 2024 - NAC-QFL Noise Aware Clustered Quantum Federated Learning.pdf,Sahu & Gupta,yes,yes,strong,plus-minus-value,9,"e MNIST-Bin 97.45±1.1 94.74±0.4 90.68±1.8 87.47±0.3 noisemitigationtechniquesyieldspromisingresults.Specifically, Damping MNIST-Bin(N) 95.69±0.9 92.39±0.5 87.48±0.3 72.35±2.2"
Sahu and Gupta - 2024 - NAC-QFL Noise Aware Clustered Quantum Federated Learning.pdf,Sahu & Gupta,yes,yes,strong,plus-minus-value,9,"n 97.45±1.1 94.74±0.4 90.68±1.8 87.47±0.3 noisemitigationtechniquesyieldspromisingresults.Specifically, Damping MNIST-Bin(N) 95.69±0.9 92.39±0.5 87.48±0.3 72.35±2.2"
Sahu and Gupta - 2024 - NAC-QFL Noise Aware Clustered Quantum Federated Learning.pdf,Sahu & Gupta,yes,yes,strong,plus-minus-value,9,"1 94.74±0.4 90.68±1.8 87.47±0.3 noisemitigationtechniquesyieldspromisingresults.Specifically, Damping MNIST-Bin(N) 95.69±0.9 92.39±0.5 87.48±0.3 72.35±2.2"
Saki et al. - 2023 - Hypothesis Testing for Error Mitigation How to Evaluate Error Mitigation.pdf,Saki et al.,yes,yes,strong,CI,11,"ANUARY10,2023 Pipelines with Linear fitting gnittif citardauQ htiw senilepiP ibm_lagos Pipelines with Linear fitting gnittif citardauQ htiw senilepiP Confidence intervals from comparing two proportions Red cellsindicate that ibm_perth the pipeline on the row is better than the pipeline on the column Blank cells indica"
Saki et al. - 2023 - Hypothesis Testing for Error Mitigation How to Evaluate Error Mitigation.pdf,Saki et al.,yes,yes,strong,plus-minus-value,5,"APREPRINT-JANUARY10,2023 SupposewegetCI = 80%±10%forapipelineP . Ittellsusthatthepipelinesuccessfullymitigateserrors(i.e., A generatesREM <1)70%to90%ofexperiments. Ausermightbeinterestedinpipelines"
Saki et al. - 2023 - Hypothesis Testing for Error Mitigation How to Evaluate Error Mitigation.pdf,Saki et al.,yes,yes,strong,plus-minus-value,5,"+(pˆ (1−pˆ )/n )2andz∗ =1.96for95%confidencelevel. A A A B B B TheintervaltellsushowmuchmoresuccessfulthepipelineP isthanpipelineP . SupposewegetCI =8±2%. It A B willmeanthaterrormitigationwithP willgenerate6%to10%moresuccessfullyerror-mitigatedexperiments(i.e., A REM <1)thanP at95%confidencelevel. B"
Schultz et al. - 2022 - Impact of time-correlated noise on zero-noise extrapolation.pdf,Schultz et al.,yes,yes,strong,error-bar,6,"he results in Fig. 6 have the theobservable. Pointsshowtheaverageresultsoverfiftysuch highestvarianceofthethreecircuittypes,butonaverage circuits and error bars show one standard deviation. we still see that global unitary folding is closest to true noise scaling out of all scaling methods considered. The co"
Schultz et al. - 2022 - Impact of time-correlated noise on zero-noise extrapolation.pdf,Schultz et al.,yes,yes,strong,std-dev,5,were taken to estimate the probability of the ground state as the observable. Points showtheaverageresultsoverfiftysuchcircuitsanderrorbars show one standard deviation. B. Comparing noise scaling methods FIG. 3. Comparison of different zero-noise extrapolations obtained with different noise scaling methods. We consi
Schultz et al. - 2022 - Impact of time-correlated noise on zero-noise extrapolation.pdf,Schultz et al.,yes,yes,strong,std-dev,6,"have the theobservable. Pointsshowtheaverageresultsoverfiftysuch highestvarianceofthethreecircuittypes,butonaverage circuits and error bars show one standard deviation. we still see that global unitary folding is closest to true noise scaling out of all scaling methods considered. The conclusions of this subsection"
Schultz et al. - 2022 - Impact of time-correlated noise on zero-noise extrapolation.pdf,Schultz et al.,yes,yes,strong,std-dev,6,oise.) Pointsshow ratelyinthepresenceoftime-correlatednoiseaswehave theaverageresultsoverfiftysuchcircuitsanderrorbarsshow shown in this section. one standard deviation. IV. DISCUSSION AND PHYSICAL pass through) frequencies that have signal content while INTERPRETATION attenuating frequencies that contain only noise.
Seif et al. - 2023 - Shadow Distillation Quantum Error Mitigation with Classical Shadows for Near-Term Quantum Processor.pdf,Seif et al.,yes,yes,strong,error-bar,4,"y,tr(ρ2),forN S = small-N regime. In these cases it might be beneficial to N U =1024.ThelegendindicatesthechoicesforO[seeEq.(5)] U in panels (a)–(c). Error bars are standard deviations of (cid:5)2 over incorporate prior knowledge about the value of the purity tr(ρ2)toreducetheerrors.Wefurtherexplorethisideai"
Seif et al. - 2023 - Shadow Distillation Quantum Error Mitigation with Classical Shadows for Near-Term Quantum Processor.pdf,Seif et al.,yes,yes,strong,error-bar,5,"redlinesshowthecontoursoffixed showstheexpectationvalue.IncreasingN U reducestheerroron T=N U (1000+N S )forT=1.5×107 andT=2.8×107,with the estimate. Error bars are standard deviations obtained from the circles indicating the optimal choices of N U and N S . In the bootstrapsamplinginSDandfromnormalapproxima"
Seif et al. - 2023 - Shadow Distillation Quantum Error Mitigation with Classical Shadows for Near-Term Quantum Processor.pdf,Seif et al.,yes,yes,strong,bootstrap,3,"rage takenoverdieff rentrealizationsofmeasurementsforeach tors from random local Clioff rd gates, and let {|b (ij )(cid:2)N ij S =1 } U R obtained by bootstrap sampling over 250 instances; denote the measurement outcomes of N S (cid:3)measurements see Appendix B for more information on the bootstrap fixingU="
Seif et al. - 2023 - Shadow Distillation Quantum Error Mitigation with Classical Shadows for Near-Term Quantum Processor.pdf,Seif et al.,yes,yes,strong,bootstrap,3,"ained by bootstrap sampling over 250 instances; denote the measurement outcomes of N S (cid:3)measurements see Appendix B for more information on the bootstrap fixingU=U j .Wethendefineρˆ j =(1/N S ) N ij S =1 ρˆ Uj,b (ij ), resampling techniques. We emphasize that (cid:5) only cap- which corresponds to the"
Seif et al. - 2023 - Shadow Distillation Quantum Error Mitigation with Classical Shadows for Near-Term Quantum Processor.pdf,Seif et al.,yes,yes,strong,bootstrap,5,"ively (shown in Fig. 3), we observe that the error U S scales as O(M2). If our numerical error scaling persists bars (standard deviations obtained by bootstrap resam- [see Fig. 2(d)], we expect M ∼20.82nq. Note that the pling) in the mitigated values decrease (see Fig. 4). Note second-order mitigation (m=2)"
Seif et al. - 2023 - Shadow Distillation Quantum Error Mitigation with Classical Shadows for Near-Term Quantum Processor.pdf,Seif et al.,yes,yes,strong,variance-reported,4,"errors. In fact, the scaling that we observe anderrorstrengthε=0.1:(a)thenumberofunitariesN witha U in Figs. 2(a)–2(b) agrees with our bound for the variance fixednumberofshotsN =1024;(b)thenumberofshotswith S of the numerator. Additionally, errors in sˆ can lead to afixedN =1024.Theinsetshowstheconvergenc"
Seif et al. - 2023 - Shadow Distillation Quantum Error Mitigation with Classical Shadows for Near-Term Quantum Processor.pdf,Seif et al.,yes,yes,strong,variance-reported,5,"tothedirectunmitigatedmethod,increasingthenumberof matrix by taking the average of the measurement snap- measurements in the latter only reduces the variance and shots,whichallowsmitigationwithanarbitrarym.There- cannot help with reducing the bias errors from physical fore,theultimatemitigation(m→∞)canbeac"
Seif et al. - 2023 - Shadow Distillation Quantum Error Mitigation with Classical Shadows for Near-Term Quantum Processor.pdf,Seif et al.,yes,yes,strong,variance-reported,9,"( ( O 2) ρ ρˆ 2 j ) ⊗ . N (O ow ρˆ j(cid:7) w )) e . Var[oˆ ]= (cid:5) N U (cid:6) −1 (cid:5) 2(N −2) (cid:5) u (A,ρ)+ 1 u (A,ρ) (cid:6) compute its variance. Let O(2) := 1 2 (V(2)(I ⊗O)+(I ⊗ 2 (cid:5) 2 U 0 N S 1 (cid:6)(cid:6) O)V(2)).Wehave 1 + u (O (2) ,ρ⊗ρ)+ u (O (2) ,ρ⊗ρ) 0 1 (cid:5) N (cid:6) −1(cid"
Seif et al. - 2023 - Shadow Distillation Quantum Error Mitigation with Classical Shadows for Near-Term Quantum Processor.pdf,Seif et al.,yes,yes,strong,variance-reported,10,"tr(ρ2) and assume that s +αμ /N we have a prior belief that μ∼N(μ ,σ2), i.e., a normal μ(cid:7) = 2 0 U . (E6) 0 0 1+α/N distribution with mean μ and variance σ2. Next, assume U 0 0 thatafterperforminganexperimentweestimatethepurity Wecanthentreatαasahyperparameterthatquantifiesour tobes .Wealsoassumethatth"
Seif et al. - 2023 - Shadow Distillation Quantum Error Mitigation with Classical Shadows for Near-Term Quantum Processor.pdf,Seif et al.,yes,yes,weak,variance-general,4,"errors. In fact, the scaling that we observe anderrorstrengthε=0.1:(a)thenumberofunitariesN witha U in Figs. 2(a)–2(b) agrees with our bound for the variance fixednumberofshotsN =1024;(b)thenumberofshotswith S of the numerator. Additionally, errors in sˆ can lead to afixedN =1024.Theinsetshowstheconvergenc"
Seif et al. - 2023 - Shadow Distillation Quantum Error Mitigation with Classical Shadows for Near-Term Quantum Processor.pdf,Seif et al.,yes,yes,weak,variance-general,5,"tothedirectunmitigatedmethod,increasingthenumberof matrix by taking the average of the measurement snap- measurements in the latter only reduces the variance and shots,whichallowsmitigationwithanarbitrarym.There- cannot help with reducing the bias errors from physical fore,theultimatemitigation(m→∞)canbeac"
Seif et al. - 2023 - Shadow Distillation Quantum Error Mitigation with Classical Shadows for Near-Term Quantum Processor.pdf,Seif et al.,yes,yes,weak,variance-general,9,"( ( O 2) ρ ρˆ 2 j ) ⊗ . N (O ow ρˆ j(cid:7) w )) e . Var[oˆ ]= (cid:5) N U (cid:6) −1 (cid:5) 2(N −2) (cid:5) u (A,ρ)+ 1 u (A,ρ) (cid:6) compute its variance. Let O(2) := 1 2 (V(2)(I ⊗O)+(I ⊗ 2 (cid:5) 2 U 0 N S 1 (cid:6)(cid:6) O)V(2)).Wehave 1 + u (O (2) ,ρ⊗ρ)+ u (O (2) ,ρ⊗ρ) 0 1 (cid:5) N (cid:6) −1(cid"
Seif et al. - 2023 - Shadow Distillation Quantum Error Mitigation with Classical Shadows for Near-Term Quantum Processor.pdf,Seif et al.,yes,yes,weak,variance-general,10,"tr(ρ2) and assume that s +αμ /N we have a prior belief that μ∼N(μ ,σ2), i.e., a normal μ(cid:7) = 2 0 U . (E6) 0 0 1+α/N distribution with mean μ and variance σ2. Next, assume U 0 0 thatafterperforminganexperimentweestimatethepurity Wecanthentreatαasahyperparameterthatquantifiesour tobes .Wealsoassumethatth"
Senapati et al. - 2023 - Towards Redefining the Reproducibility in Quantum Computing A Data Analysis Approach on NISQ Device.pdf,Senapati et al. (2023),yes,partial,weak,uncertainty,2,elation between the consis- thefidelityofhigh-performancecomputing(HPC)simulations tency of test accuracies of the trained models and and facilitates uncertainty quantification [27]. A person can the noise of a quantum computer. perform a similar experiment and either accept or refute 469 Authorized licensed u
Senapati et al. - 2024 - PQML Enabling the Predictive Reproducibility on NISQ Machines for Quantum ML Applications.pdf,Senapati et al. (2024),yes,yes,strong,std-dev,9,", 0.08, 0.1, 0.24, 0.08, 0.14, 0.24, Net [50] 89.1% 87.3% 69.6% 89.2% 87.3% 70% 89.2% 87.3% 69.6% TABLE I: The table presents the L error norm, error standard deviation, and prediction accuracy for each of the 15 ensemble 2 regressionanddeeplearningmethodsacrossthethreedimensionalityreductiontechniquesforthethreeIBMq"
Senapati et al. - 2024 - PQML Enabling the Predictive Reproducibility on NISQ Machines for Quantum ML Applications.pdf,Senapati et al. (2024),yes,yes,strong,std-dev,9,"ters analyzed in our study. Each cell in the table contains three items: the first item represents the L error norm, the second item 2 represents the standard deviation of the error, and the third item represents the prediction accuracy. 1421 Authorized licensed use limited to: Ostbayerische Technische Hochschule Reg"
Senapati et al. - 2024 - PQML Enabling the Predictive Reproducibility on NISQ Machines for Quantum ML Applications.pdf,Senapati et al. (2024),yes,yes,strong,variance-reported,1,"lications on the same machine may testingquantumcomputingapplications,leadingtoconsiderable yield divergent outcomes. Here, we refrain from employing variance in application results. Furthermore, the diverse noise characteristics observed across different machines exacerbate quantum error mitigation techniq"
Senapati et al. - 2024 - PQML Enabling the Predictive Reproducibility on NISQ Machines for Quantum ML Applications.pdf,Senapati et al. (2024),yes,yes,strong,variance-reported,1,"um computers, by leveraging the Bhattacharyya coefficient, BC(P,Q), to with IBM projecting the development of a 10,000 qubit quantify the statistical variance in results. To evaluate the machine by 2027, underscores the immense potential of reproducibility of quantum circuits, Dasgupta et al. [1] utilize Th"
Senapati et al. - 2024 - PQML Enabling the Predictive Reproducibility on NISQ Machines for Quantum ML Applications.pdf,Senapati et al. (2024),yes,yes,strong,variance-reported,1,"y quantum circuits. They derive only. Nothing contained in this article should be construed as investment an analytical bound on the observed outcome variance by advice. Wells Fargo makes no express or implied warranties and expressly disclaimsalllegal,tax,andaccountingimplicationsrelatedtothisarticle. cons"
Senapati et al. - 2024 - PQML Enabling the Predictive Reproducibility on NISQ Machines for Quantum ML Applications.pdf,Senapati et al. (2024),yes,yes,weak,uncertainty,5,"ed, the number learning approach assists in mitigating the impacts of model of CX gates utilized, and the distribution of these gates. and input data uncertainty [37] when predicting the test accu- Essentially, we gather three types of data: calibration fea- racy of the three utilized quantum computers. Follow"
Senapati et al. - 2024 - PQML Enabling the Predictive Reproducibility on NISQ Machines for Quantum ML Applications.pdf,Senapati et al. (2024),yes,yes,weak,uncertainty,10,"ble approach to enhance the test accuracy of PQML computer. By significantly reducing the time spent gathering and mitigate the impacts of input data uncertainty. Employing data from quantum computers, our tool predicts the accuracy both linear (PCA [6] and Kernel PCA [7]) and non-linear of the machine learnin"
Senapati et al. - 2024 - PQML Enabling the Predictive Reproducibility on NISQ Machines for Quantum ML Applications.pdf,Senapati et al. (2024),yes,yes,weak,fluctuation,3,rning inference(classical re- tifying these metrics and refining their theoretical framework gressionmodel’spredictionaccuracy).Aistheprediction [19].Fluctuationsinquantumcomputernoisecancompromise accuracy(obtained from running on quantum computers) the stability of Noisy Intermediate-Scale Quantum (NISQ) of
Senapati et al. - 2024 - PQML Enabling the Predictive Reproducibility on NISQ Machines for Quantum ML Applications.pdf,Senapati et al. (2024),yes,yes,weak,variance-general,1,"lications on the same machine may testingquantumcomputingapplications,leadingtoconsiderable yield divergent outcomes. Here, we refrain from employing variance in application results. Furthermore, the diverse noise characteristics observed across different machines exacerbate quantum error mitigation techniq"
Senapati et al. - 2024 - PQML Enabling the Predictive Reproducibility on NISQ Machines for Quantum ML Applications.pdf,Senapati et al. (2024),yes,yes,weak,variance-general,1,"um computers, by leveraging the Bhattacharyya coefficient, BC(P,Q), to with IBM projecting the development of a 10,000 qubit quantify the statistical variance in results. To evaluate the machine by 2027, underscores the immense potential of reproducibility of quantum circuits, Dasgupta et al. [1] utilize Th"
Senapati et al. - 2024 - PQML Enabling the Predictive Reproducibility on NISQ Machines for Quantum ML Applications.pdf,Senapati et al. (2024),yes,yes,weak,variance-general,1,"y quantum circuits. They derive only. Nothing contained in this article should be construed as investment an analytical bound on the observed outcome variance by advice. Wells Fargo makes no express or implied warranties and expressly disclaimsalllegal,tax,andaccountingimplicationsrelatedtothisarticle. cons"
Shi and Malaney - 2023 - Error-Mitigated Quantum Routing on Noisy Devices.pdf,Shi & Malaney,partial,no,none,,,
Takagi et al. - 2022 - Fundamental limits of quantum error mitigation.pdf,Takagi et al. (2022),na,yes,strong,plus-minus-value,9,"0 jγ r j; measured by a generalization of the SWAP test where CYCLE gate C is leadingtoΔe max(cid:3) R r¼0 jγ r j.Ontheotherhand,anyobservableAhaving ±1/2 eigenvalues saturates this inequality. Therefore, we get the exact controlledonthesingleancillaryqubit.SimilarlytothecaseofSWAP,the CYCLEgateCcanbe"
Takagi et al. - 2022 - Fundamental limits of quantum error mitigation.pdf,Takagi et al. (2022),na,yes,strong,variance-reported,4,"stinguishabilityplacesafundamentalconstrainton non-shallowcircuits. required sampling costs to mitigate error. For details of the We note that if the variance of E A happens to be small, the associated proof,see Methods. actual sampling cost required to achieve the accuracy δ and Observe that our bound invo"
Takagi et al. - 2022 - Fundamental limits of quantum error mitigation.pdf,Takagi et al. (2022),na,yes,strong,variance-reported,4,"number M that one would practically use in the worst-case interacting the outputs of a finite number of NISQ devices— scenario. However, knowing the variance of E beforehand is a reflectingthehybridnatureof quantumerrormitigationutilizing A formidable task in general, and the worst-case estimate gives a qu"
Takagi et al. - 2022 - Fundamental limits of quantum error mitigation.pdf,Takagi et al. (2022),na,yes,weak,spread,1,"hat requires no adaptive quantum operations (see Fig. 1). We Recent advances in quantum technologies have resulted in the introduce maximum estimator spread as a universal benchmark availability of noisy intermediate-scale quantum (NISQ) devices, for error-mitigation performance—a quantity that tells us h"
Takagi et al. - 2022 - Fundamental limits of quantum error mitigation.pdf,Takagi et al. (2022),na,yes,weak,spread,1,"thin some desired accuracy threshold. We then derive funda- noiseremainsacriticalroadblockfortheirpracticaluse;everygate mental lower bounds for this spread—that no current or yet- has a chance of error, and their continuing accumulation will undiscovered error-mitigation strategy can violate. Our bounds"
Takagi et al. - 2022 - Fundamental limits of quantum error mitigation.pdf,Takagi et al. (2022),na,yes,weak,spread,4,"shability failure rate ε can be smaller than the estimate based on the D (ρ,σ) rather than the standard trace distance D ðρ;σÞ. This is LM tr maximum spread. In this sense, Δe max quantifies the round duetotheconstraintsweplacedofP thatlimitsittocoherently number M that one would practically use in the wo"
Takagi et al. - 2022 - Fundamental limits of quantum error mitigation.pdf,Takagi et al. (2022),na,yes,weak,spread,5,"mintheright-handsidesof(6)and(8) donotneedtobeevaluatedexactly;anychoiceofstatesψandϕ Alternative bounds provides a valid lower bound for the maximum spread. While While the bounds derived above in terms of distinguishability these alternative bounds may not be as tight, they still serve as have a clear o"
Takagi et al. - 2022 - Fundamental limits of quantum error mitigation.pdf,Takagi et al. (2022),na,yes,weak,spread,5,"-errormitigationwithmaximum boundsthe maximumspread: biasb max appliedton-qubitcircuitswithL-layerunitariesunderlocal depolarizing noise, the maximum spread is lower bounded as: Δe max (cid:5) m ψ; a ϕ xrffi 1 ffiffiffi (cid:2) ffiffiffiffiffi Q ffiffiffiffi Q q ffiffi ¼ ffi D ffiffi 1 ffitffir Q ffi ð ff"
Takagi et al. - 2022 - Fundamental limits of quantum error mitigation.pdf,Takagi et al. (2022),na,yes,weak,spread,6,"althoughweherefocusontheexponential growthofthemaximumspreadwithrespecttothecircuitdepthL for the sake of generality, one can expect that the maximum spread grows exponentially with the total gate number nQKL rather thanjust thelayer numberLinmany practical cases. Protocolbenchmarking Theorems 1 and 3 pla"
Takagi et al. - 2022 - Fundamental limits of quantum error mitigation.pdf,Takagi et al. (2022),na,yes,weak,spread,6,"resulting in the outcome pair (a,j). Taking ePEC ða;jÞ ¼ j A j Wecanalsoapplysimilartechniquestostudytheperformance γsgnðcÞa, we see that the maximum spread of this estimator is j j of other prominent error-mitigation protocols. Here, we plot the givenby: estimator spread for probabilistic error cancellat"
Takagi et al. - 2022 - Fundamental limits of quantum error mitigation.pdf,Takagi et al. (2022),na,yes,weak,spread,6,"γsgnðcÞa, we see that the maximum spread of this estimator is j j of other prominent error-mitigation protocols. Here, we plot the givenby: estimator spread for probabilistic error cancellation, virtual ΔePEC ¼γ; (10) distillation,andnoiseextrapolation,andtheircorrespondinglower max bounds for local depha"
Takagi et al. - 2022 - Fundamental limits of quantum error mitigation.pdf,Takagi et al. (2022),na,yes,weak,spread,6,"cuits by post-processing Supplementary Note 2. Remarkably, the two quantities—the measurement data from imperfect counterparts. This involved maximum spread for the probabilistic error cancellation and the identifying a universal performance measure—applicable to any lower bound for arbitrary unbiased mit"
Takagi et al. - 2022 - Fundamental limits of quantum error mitigation.pdf,Takagi et al. (2022),na,yes,weak,spread,7,"surpass. Our bounds forsomefunctionb A (ψ)calledbias,and: particularly demonstrate that probabilistic error cancellation is YK optimal in the maximum spread to mitigate local dephasing noise p i :¼ Tr½Eð 1 kÞðψÞ(cid:6)(cid:7)(cid:7)(cid:7)(cid:6)Eð Q kÞðψÞMð ið k kÞ Þ(cid:8) (16) among all unbiased error-"
Takagi et al. - 2022 - Fundamental limits of quantum error mitigation.pdf,Takagi et al. (2022),na,yes,weak,variance-general,4,"stinguishabilityplacesafundamentalconstrainton non-shallowcircuits. required sampling costs to mitigate error. For details of the We note that if the variance of E A happens to be small, the associated proof,see Methods. actual sampling cost required to achieve the accuracy δ and Observe that our bound invo"
Takagi et al. - 2022 - Fundamental limits of quantum error mitigation.pdf,Takagi et al. (2022),na,yes,weak,variance-general,4,"number M that one would practically use in the worst-case interacting the outputs of a finite number of NISQ devices— scenario. However, knowing the variance of E beforehand is a reflectingthehybridnatureof quantumerrormitigationutilizing A formidable task in general, and the worst-case estimate gives a qu"
Takagi et al. - 2023 - Universal Sampling Lower Bounds for Quantum Error Mitigation.pdf,Takagi et al. (2023),yes,yes,strong,std-dev,3,"usefulinsightsasweseelater secondisthecombinationofthebiasb AðρÞ≔hEˆ AðρÞi−TrðAρÞ in the context ofnoisy layeredcircuits. We also stress that and the standard deviation σQ A EM of Eˆ AðρÞ. the above bounds hold for an arbitrary choice of E, 210602-3"
Takagi et al. - 2023 - Universal Sampling Lower Bounds for Quantum Error Mitigation.pdf,Takagi et al. (2023),yes,yes,strong,std-dev,4,"e factor of 3 to 6. basedonthestandarddeviationandthebiasoftheestimate. Although this does not guarantee that our bound behaves Let σQ A EMðρÞ be the standard deviation of Eˆ AðρÞ for an similarly for other scenarios in general, this ensures that observable A∈O, which represents the uncertainty of the there is a sett"
Takagi et al. - 2023 - Universal Sampling Lower Bounds for Quantum Error Mitigation.pdf,Takagi et al. (2023),yes,yes,strong,std-dev,4,"r show in error mitigation protocol should come with a small fluc- Appendix E [53] that the scaling of the lower bound in tuation in its outcome, the standard deviation of the Theorem 2 with noise strength can be achieved by the underlying distribution for the estimate can serve as a probabilistic error cancellation"
Takagi et al. - 2023 - Universal Sampling Lower Bounds for Quantum Error Mitigation.pdf,Takagi et al. (2023),yes,yes,strong,std-dev,4,"nderlying distribution for the estimate can serve as a probabilistic error cancellation method in a certain sce- performance quantifier. However, the standard deviation nario. This shows that probabilistic error cancellation itself is not sufficient to characterize the error mitigation serves as an optimal protocol i"
Takagi et al. - 2023 - Universal Sampling Lower Bounds for Quantum Error Mitigation.pdf,Takagi et al. (2023),yes,yes,strong,std-dev,4,"nt observation on the optimality strategy that always outputs a fixed outcome, which has of probabilistic error cancellation established for the zero standard deviation. This issue can be addressed by maximum estimator spread measure [39]. considering the deviation of the expected value of the Noisy layered circuits."
Takagi et al. - 2023 - Universal Sampling Lower Bounds for Quantum Error Mitigation.pdf,Takagi et al. (2023),yes,yes,strong,std-dev,4,"l depolarizing noise, ideal states and measurements. This motivates us to our results can be extended to a number of other noise consider the maximum standard deviation σQEM ≔ models as we discuss later. max maxA∈Omaxρ∈S σQ A EMðρÞ and the maximum bias b max ≔ Suppose that an M-qubit quantum circuit consists of maxA∈"
Takagi et al. - 2023 - Universal Sampling Lower Bounds for Quantum Error Mitigation.pdf,Takagi et al. (2023),yes,yes,strong,std-dev,4,"s a noise strength, Theorem 2.—The sampling cost for an error-mitigation appliestoeachqubit.Weaimtoestimateidealexpectation strategy with the maximum standard deviation σQEM and valuesforthetargetstatesSandobservablesObyusingN max the maximum bias b is lower bounded as suchnoisylayeredcircuits.Althoughthenoisestrengt"
Takagi et al. - 2023 - Universal Sampling Lower Bounds for Quantum Error Mitigation.pdf,Takagi et al. (2023),yes,yes,strong,std-dev,4,"th layer in the nth noisy circuit as ⊗M m¼1 D γ n;l;m , where deviation, bias, and the required sampling cost. To realize γ n;l;m ≥γ∀n;l;m. the small standard deviation and bias, error mitigation Here, we focus on the error-mitigation protocols that needs to use many samples; in fact, the lower bound apply an arbitra"
Takagi et al. - 2023 - Universal Sampling Lower Bounds for Quantum Error Mitigation.pdf,Takagi et al. (2023),yes,yes,strong,std-dev,5,"tegy withrespecttomultipleperformancequantifiers—accuracy describedaboveisappliedtoanM-qubitcircuittomitigate and success probability, as well as the standard deviation local depolarizing channels with strength at least γ that andbias—eachofwhichhasitsownoperationalrelevance. follow L layers of unitaries, and achieve"
Takagi et al. - 2023 - Universal Sampling Lower Bounds for Quantum Error Mitigation.pdf,Takagi et al. (2023),yes,yes,weak,uncertainty,4,"A EMðρÞ be the standard deviation of Eˆ AðρÞ for an similarly for other scenarios in general, this ensures that observable A∈O, which represents the uncertainty of the there is a setting in which the bound in Theorem 1 can finalestimateofanerrormitigationprotocol.Sinceagood provide a nearly tight estimate. We"
Takagi et al. - 2023 - Universal Sampling Lower Bounds for Quantum Error Mitigation.pdf,Takagi et al. (2023),yes,yes,weak,spread,2,"neral framework of quantum error mitigation and estab- isthesamplingnumberN,thetotalnumberN ofdistorted lished lower bounds for the maximum estimator spread, states used in the error mitigation process. i.e.,therangeoftheoutcomesoftheestimator,imposedon We quantify the performance of an error-mitigation a"
Takagi et al. - 2023 - Universal Sampling Lower Bounds for Quantum Error Mitigation.pdf,Takagi et al. (2023),yes,yes,weak,spread,2,"luesforagivensetOofobservablesandasetSof bounds were then employed to show that the maximum ideal states, which we call target observables and target spread grows exponentially with the circuit depth to states respectively. We keep the choices of these sets mitigate local depolarizing noise. Reference [40"
Takagi et al. - 2023 - Universal Sampling Lower Bounds for Quantum Error Mitigation.pdf,Takagi et al. (2023),yes,yes,weak,spread,4,"outcome, which has of probabilistic error cancellation established for the zero standard deviation. This issue can be addressed by maximum estimator spread measure [39]. considering the deviation of the expected value of the Noisy layered circuits.—The above results clarify the estimatefromthetrueexpecta"
Tindall et al. - 2024 - Efficient Tensor Network Simulation of IBM’s Eagle Kicked Ising Experiment.pdf,Tindall et al.,partial,no,none,,,
Tran et al. - 2023 - Locality and Error Mitigation of Quantum Circuits.pdf,Tran et al.,yes,yes,strong,std-error,5,"id:12) νk in different randomly generated circuits. The circuits have a fixeddepthof10anddifferentsystemsizes. WeappliedZNE In Fig. 3, we compare the standard error bound in with K = 2, g = 1,g = 2, and g = 4. We estimated the Eq.(24),thelocalerrorboundinEq.(26),andtheexact 0 1 2 exact error using m = 106 samples"
Tran et al. - 2023 - Locality and Error Mitigation of Quantum Circuits.pdf,Tran et al.,yes,yes,strong,plus-minus-value,2,"ly rescale the measurement results to account for Upon applying U˜ on an initial state ρ, we measure the normalization factor γ . Explicitly, let σ = ±1 in the computational basis z ∈ {0,1}n to obtain m i,j i,j indicate whether P was applied (−1) or not (1) and i,j samples {z 1 ,...,z m }. We use the"
Tran et al. - 2023 - Locality and Error Mitigation of Quantum Circuits.pdf,Tran et al.,yes,yes,strong,plus-minus-value,2,"is z ∈ {0,1}n to obtain m i,j i,j indicate whether P was applied (−1) or not (1) and i,j samples {z 1 ,...,z m }. We use the samples to estimate σ ∈ {±1}dJ be a vector containing all σ . Ref. [3] (cid:80) i,j the expectation value of an observable O = o |z(cid:105)(cid:104)z|: z z shows that (cid:104)"
Tran et al. - 2023 - Locality and Error Mitigation of Quantum Circuits.pdf,Tran et al.,yes,yes,strong,plus-minus-value,7,"ere p(σ )=1−p if σ =1 and p(σ )=p otherwise. By construction, we have i,j i,j i,j i,j i,j (cid:88) γ σ p(σ )Pσi,j =N−1, (A5) i,j i,j i,j i,j i,j σi,j=±1 (cid:88) p(σ )Pσi,j =N . (A6) i,j i,j i,j σi,j=±1 Therefore      1 J (cid:89) (cid:89) (cid:89) (cid:89) E σ E z [oˆL z oPEC]=Trρ  N i − ,j 1"
Tran et al. - 2023 - Locality and Error Mitigation of Quantum Circuits.pdf,Tran et al.,yes,yes,strong,plus-minus-value,7,"nstruction, we have i,j i,j i,j i,j i,j (cid:88) γ σ p(σ )Pσi,j =N−1, (A5) i,j i,j i,j i,j i,j σi,j=±1 (cid:88) p(σ )Pσi,j =N . (A6) i,j i,j i,j σi,j=±1 Therefore      1 J (cid:89) (cid:89) (cid:89) (cid:89) E σ E z [oˆL z oPEC]=Trρ  N i − ,j 1  N i,j N i,j U i †(O). (A7) i=d j:(i,j)∈µ j:("
Tran et al. - 2023 - Locality and Error Mitigation of Quantum Circuits.pdf,Tran et al.,yes,yes,strong,sigma-value,7,"Trρ (cid:89) (cid:89) P i σ (cid:48) i ,j (cid:48), (cid:48) j(cid:48)U˜ i † (cid:48) (O), (A4) σ (i,j)∈µ i(cid:48)=dj(cid:48)=1 where p(σ )=1−p if σ =1 and p(σ )=p otherwise. By construction, we have i,j i,j i,j i,j i,j (cid:88) γ σ p(σ )Pσi,j =N−1, (A5) i,j i,j i,j i,j i,j σi,j=±1 (cid:88) p(σ )Pσi,"
Tran et al. - 2023 - Locality and Error Mitigation of Quantum Circuits.pdf,Tran et al.,yes,yes,strong,variance-reported,2,"rop the implicit dependence on σ III. PEC FOR LOCAL OBSERVABLES and simply write o and oˆPEC in the rest of the paper. z z Eq. (7) indicates that the variance of oˆPEC, z The presence of noise deviates the expectation value   of O from its ideal value. PEC mitigates this effect by additionallyimplementing"
Tran et al. - 2023 - Locality and Error Mitigation of Quantum Circuits.pdf,Tran et al.,yes,yes,strong,variance-reported,3,"(cid:11) = local Pauli operator. Let supp(O) denote the support of O and (cid:10) U†(O) (cid:11) ,whichisalsotheidealexpectationvalue. How- ever, the variance of this local estimator is O(1) instead µ ⊇supp(U†U† ···U†(O)) (11) ofO (cid:0) γ2(cid:1) . Generalizingthisargumenttod,J ≥1proves i i i+1 d our clai"
Tran et al. - 2023 - Locality and Error Mitigation of Quantum Circuits.pdf,Tran et al.,yes,yes,strong,variance-reported,3,"we fix the depth of the circuits (d = PEC estimator oˆLoPEC has a simple, intuitive feature: 10) and plot the sampling overhead for estimating z its variance several observables—namely Z 1 ,Z 1 Z 10 , and Z 1 Z 4 Z 10 — givencircuitsofdifferentn. Here,thesamplingoverhead Var[oˆLoPEC]=O (cid:16) e4(cid:80)"
Tran et al. - 2023 - Locality and Error Mitigation of Quantum Circuits.pdf,Tran et al.,yes,yes,strong,variance-reported,3,"1 Z 10 , and Z 1 Z 4 Z 10 — givencircuitsofdifferentn. Here,thesamplingoverhead Var[oˆLoPEC]=O (cid:16) e4(cid:80) (i,j)∈µ λi,j (cid:17) (14) is the variance of the estimator divided by ε2, where z ε = 0.01 is the desired precision. While the sampling only involves λ that correspond to noise channels in- o"
Tran et al. - 2023 - Locality and Error Mitigation of Quantum Circuits.pdf,Tran et al.,yes,yes,strong,variance-reported,7,"upper bound on the ZNE remainder. In Appendix C, we provide detailed specifications for the numerics presented in the main text. Appendix A: Mean and variance of the local PEC estimator In this section, we prove the claim in Eq. (13) that the mean of oˆLoPEC is the ideal expectation value of the z observabl"
Tran et al. - 2023 - Locality and Error Mitigation of Quantum Circuits.pdf,Tran et al.,yes,yes,weak,uncertainty,3,"th probability p. On Therefore, p i,j and the corresponding λ i,j should not average, the standard PEC estimator in Eq. (7) returns contribute to the uncertainty in estimating (cid:104)O(cid:105). the ideal expectation value For a concrete analysis, we first define the light cone (cid:104) (cid:68) (cid:69) (c"
Tran et al. - 2023 - Locality and Error Mitigation of Quantum Circuits.pdf,Tran et al.,yes,yes,weak,variance-general,2,"rop the implicit dependence on σ III. PEC FOR LOCAL OBSERVABLES and simply write o and oˆPEC in the rest of the paper. z z Eq. (7) indicates that the variance of oˆPEC, z The presence of noise deviates the expectation value   of O from its ideal value. PEC mitigates this effect by additionallyimplementing"
Tran et al. - 2023 - Locality and Error Mitigation of Quantum Circuits.pdf,Tran et al.,yes,yes,weak,variance-general,3,"(cid:11) = local Pauli operator. Let supp(O) denote the support of O and (cid:10) U†(O) (cid:11) ,whichisalsotheidealexpectationvalue. How- ever, the variance of this local estimator is O(1) instead µ ⊇supp(U†U† ···U†(O)) (11) ofO (cid:0) γ2(cid:1) . Generalizingthisargumenttod,J ≥1proves i i i+1 d our clai"
Tran et al. - 2023 - Locality and Error Mitigation of Quantum Circuits.pdf,Tran et al.,yes,yes,weak,variance-general,3,"we fix the depth of the circuits (d = PEC estimator oˆLoPEC has a simple, intuitive feature: 10) and plot the sampling overhead for estimating z its variance several observables—namely Z 1 ,Z 1 Z 10 , and Z 1 Z 4 Z 10 — givencircuitsofdifferentn. Here,thesamplingoverhead Var[oˆLoPEC]=O (cid:16) e4(cid:80)"
Tran et al. - 2023 - Locality and Error Mitigation of Quantum Circuits.pdf,Tran et al.,yes,yes,weak,variance-general,3,"1 Z 10 , and Z 1 Z 4 Z 10 — givencircuitsofdifferentn. Here,thesamplingoverhead Var[oˆLoPEC]=O (cid:16) e4(cid:80) (i,j)∈µ λi,j (cid:17) (14) is the variance of the estimator divided by ε2, where z ε = 0.01 is the desired precision. While the sampling only involves λ that correspond to noise channels in- o"
Tran et al. - 2023 - Locality and Error Mitigation of Quantum Circuits.pdf,Tran et al.,yes,yes,weak,variance-general,7,"upper bound on the ZNE remainder. In Appendix C, we provide detailed specifications for the numerics presented in the main text. Appendix A: Mean and variance of the local PEC estimator In this section, we prove the claim in Eq. (13) that the mean of oˆLoPEC is the ideal expectation value of the z observabl"
Urbanek et al. - 2021 - Mitigating Depolarizing Noise on Quantum Computers with Noise-Estimation Circuits.pdf,Urbanek et al.,yes,yes,strong,error-bar,4,"h CNOT Appendix A: Zero-noise extrapolation gate was replaced by one, three, or five CNOT gates. Each circuit was executed with 448 random instances. Error bars We replaced each CNOT gate in our circuits with represent the standard deviation of processed data. Exact one, three, or five consecutive CNOT gates"
Urbanek et al. - 2021 - Mitigating Depolarizing Noise on Quantum Computers with Noise-Estimation Circuits.pdf,Urbanek et al.,yes,yes,strong,error-bar,6,FIG. 4. Fidelity 1−p measured with the estimation circuits. Each point is a mean of values obtained by executing 448 ran- domized circuit instances. Error bars represent the standard error of the mean. Readout error correction was applied to measured data. 1.0 0.5 0.0 −0.5 −1.0 0.0 0.5 1.0 1.5 2.0 2.5 3.0 e
Urbanek et al. - 2021 - Mitigating Depolarizing Noise on Quantum Computers with Noise-Estimation Circuits.pdf,Urbanek et al.,yes,yes,strong,error-bar,6,G. 5. Local magnetization measured with the target cir- cuits. Each point is a mean of values obtained by executing 448 randomized circuit instances. Error bars represent the standard error of the mean. Readout error correction was ap- pliedtomeasureddata. Localmagnetizationwasextrapolated to the zero-noise
Urbanek et al. - 2021 - Mitigating Depolarizing Noise on Quantum Computers with Noise-Estimation Circuits.pdf,Urbanek et al.,yes,yes,strong,error-bar,7,3 × CNOT 1 × CNOT Extrapolation Exact Time FIG. 6. Mitigated local magnetization obtained from the the outputs of the estimation and target circuits. Error bars represent the standard deviation. Local magnetization was extrapolated to the zero-noise limit.
Urbanek et al. - 2021 - Mitigating Depolarizing Noise on Quantum Computers with Noise-Estimation Circuits.pdf,Urbanek et al.,yes,yes,strong,std-dev,4,"ee, or five CNOT gates. Each circuit was executed with 448 random instances. Error bars We replaced each CNOT gate in our circuits with represent the standard deviation of processed data. Exact one, three, or five consecutive CNOT gates to artificially solution takes the Trotter–Suzuki decomposition into account. inc"
Urbanek et al. - 2021 - Mitigating Depolarizing Noise on Quantum Computers with Noise-Estimation Circuits.pdf,Urbanek et al.,yes,yes,strong,std-dev,7,lation Exact Time FIG. 6. Mitigated local magnetization obtained from the the outputs of the estimation and target circuits. Error bars represent the standard deviation. Local magnetization was extrapolated to the zero-noise limit.
Urbanek et al. - 2021 - Mitigating Depolarizing Noise on Quantum Computers with Noise-Estimation Circuits.pdf,Urbanek et al.,yes,yes,strong,std-error,6,sured with the estimation circuits. Each point is a mean of values obtained by executing 448 ran- domized circuit instances. Error bars represent the standard error of the mean. Readout error correction was applied to measured data. 1.0 0.5 0.0 −0.5 −1.0 0.0 0.5 1.0 1.5 2.0 2.5 3.0 etis tsal eht ta noitazitengam
Urbanek et al. - 2021 - Mitigating Depolarizing Noise on Quantum Computers with Noise-Estimation Circuits.pdf,Urbanek et al.,yes,yes,strong,std-error,6,measured with the target cir- cuits. Each point is a mean of values obtained by executing 448 randomized circuit instances. Error bars represent the standard error of the mean. Readout error correction was ap- pliedtomeasureddata. Localmagnetizationwasextrapolated to the zero-noise limit.
Urbanek et al. - 2021 - Mitigating Depolarizing Noise on Quantum Computers with Noise-Estimation Circuits.pdf,Urbanek et al.,yes,yes,weak,uncertainty,4,"CNOT gates. Themethod Mitigated is scalable to any number of qubits and gates given that Exact enough randomized samples are collected to achieve low uncertainty. ACKNOWLEDGMENTS This work was supported by the U.S. Department of Energy(DOE)underContractNo.DE-AC02-05CH11231, Time through the Office of Advanced"
Venere et al. - 2024 - Characterizing the Effects of Zero-Noise Extrapolation on a QAOA Workflow.pdf,Venere et al.,partial,no,none,,,
Wahl et al. - 2023 - Zero Noise Extrapolation on Logical Qubits by Scaling the Error Correction Code Distance.pdf,Wahl et al.,partial,yes,strong,error-bar,7,"o be available in a given m=100,m=1000andm=10,000,isplottedtogetherwith quantumprocessor.ForDS-ZNE,weusedj ∈{0,2,4,6}.For its standard deviation (the error bar) for each maximum code unitaryfoldingZNE,weusedλ ∈{1,3,5,7}.Thetwoplots n distance d . The horizontal axis d is the highest available show the result"
Wahl et al. - 2023 - Zero Noise Extrapolation on Logical Qubits by Scaling the Error Correction Code Distance.pdf,Wahl et al.,partial,yes,strong,std-dev,6,"ould i,j physical error rate, and randomized benchmarking circuits in be employed. this example, the distance-scaled expectation values are well- The standard deviation of the error-mitigated expectation approximated by a third-order polynomial curve, i.e., by (4) values, is up to 6x larger than that of the unmitigat"
Wahl et al. - 2023 - Zero Noise Extrapolation on Logical Qubits by Scaling the Error Correction Code Distance.pdf,Wahl et al.,partial,yes,strong,std-dev,6,"be partly due to all unmitigated samples being taken technique(asdescribedinSec.II-B)wasappliedtoeachsetof without noise scaling, i.e. λ=1. Also, the standard deviation distance-scaledexpectationvaluestoobtainthecorresponding of the distance-scaled expectation values is up to 5x larger zero noise expectation values."
Wahl et al. - 2023 - Zero Noise Extrapolation on Logical Qubits by Scaling the Error Correction Code Distance.pdf,Wahl et al.,partial,yes,strong,std-dev,7,"istance that we assume to be available in a given m=100,m=1000andm=10,000,isplottedtogetherwith quantumprocessor.ForDS-ZNE,weusedj ∈{0,2,4,6}.For its standard deviation (the error bar) for each maximum code unitaryfoldingZNE,weusedλ ∈{1,3,5,7}.Thetwoplots n distance d . The horizontal axis d is the highest available"
Wang et al. - 2021 - Noise-induced barren plateaus in variational quantum algorithms.pdf,Wang et al.,yes,yes,strong,plus-minus-value,3,"ons). Finally, as detailed in the Methods, the UCC ansatz can be expressed as Y Y UðθÞ¼ U lm ðθ lm Þ¼ e iθ lm ∑ i μi lm σi n; ð6Þ lm lm where μi 2f0; ±1g, and where θ are the coupled cluster lm lm amplitudes. Moreover, we denote N b ¼jμ j as the number of lm lm non-zero elements in ∑μi σi. i lm n Assh"
Wang et al. - 2021 - Noise-induced barren plateaus in variational quantum algorithms.pdf,Wang et al.,yes,yes,strong,plus-minus-value,9,")τy Þ¼i∑μi σi. (cid:7)∂ lm C e(cid:7)⩽ 8ln2N O kH lm k 1 kωk 1 n1=2qLþ1; ð34Þ lm lm i lm n Then,fromafirst-orderTrotterizationweobtain(6).Here,μi 2f0;±1g.InFig.6c completingtheproof. lm wedepictthecircuitdescriptionofarepresentativecomponentoftheUCCansatz. ProofofProposition1.HerewesketchtheproofofPro"
Wang et al. - 2021 - Noise-induced barren plateaus in variational quantum algorithms.pdf,Wang et al.,yes,yes,strong,variance-reported,8,"inggradientscannotremovetheexponentialscaling ofagivenHamiltonianH .TheorderpoftheTrotterizationdeterminesthe P of NIBPs as this simply increases the variance of any finite-shot solutionprecisionandthecircuitdepth.Givenaninitialstatejsi,usuallythelinear evaluationofderivatives,anditdoesnotimprovetheresolvab"
Wang et al. - 2021 - Noise-induced barren plateaus in variational quantum algorithms.pdf,Wang et al.,yes,yes,weak,fluctuation,7,"y visible in our data. Even though we observe performance for n=5 and p=4 that is NP-hard to samplebudgetof8192shots.Thus,fromthispointonwardweexpect fluctuationsinthepartialderivativetobedominatedbyshotnoise,and achieveclassically,anypossibleadvantagewouldbelostforlarge gradientstobeunresolvable.cThedifferenc"
Wang et al. - 2021 - Noise-induced barren plateaus in variational quantum algorithms.pdf,Wang et al.,yes,yes,weak,variance-general,8,"inggradientscannotremovetheexponentialscaling ofagivenHamiltonianH .TheorderpoftheTrotterizationdeterminesthe P of NIBPs as this simply increases the variance of any finite-shot solutionprecisionandthecircuitdepth.Givenaninitialstatejsi,usuallythelinear evaluationofderivatives,anditdoesnotimprovetheresolvab"
Weaving et al. - 2023 - Benchmarking noisy intermediate scale quantum error mitigation strategies for ground state preparati.pdf,Weaving et al.,yes,yes,strong,std-dev,12,"0] and is essential estimate,ahighlyunfavorablesituation. to obtain good results from dual-state purification. We stress The shot budget yields a raw standard deviation of that,althoughstatetomographyisnotscalableingeneral,here 2<σ <3 mHa, quantified via a bootstrapping procedure itisappliedtoasinglequbitandhencedoes"
Weaving et al. - 2023 - Benchmarking noisy intermediate scale quantum error mitigation strategies for ground state preparati.pdf,Weaving et al.,yes,yes,strong,std-dev,12,"- and ibm_geneva where extrapolation failed (Fig. 7), albeit niques served to consistently lower both the estimator bias at a significant increase in standard deviation. On the other and standard deviation, which can be attributed to these ap- hand, performing noise amplification on the ancilla qubit for proaches rec"
Weaving et al. - 2023 - Benchmarking noisy intermediate scale quantum error mitigation strategies for ground state preparati.pdf,Weaving et al.,yes,yes,strong,std-dev,12,"failed (Fig. 7), albeit niques served to consistently lower both the estimator bias at a significant increase in standard deviation. On the other and standard deviation, which can be attributed to these ap- hand, performing noise amplification on the ancilla qubit for proaches rectifying readout errors. Used in combi"
Weaving et al. - 2023 - Benchmarking noisy intermediate scale quantum error mitigation strategies for ground state preparati.pdf,Weaving et al.,yes,yes,strong,std-dev,14,"TIMWEAVINGetal. PHYSICALREVIEWRESEARCH5,043054(2023) although the increase in standard deviation is slightly less a suppression of 98.783%. This was obtained for three out (2.113timestherawvalueonaverage). of eight instances of DSP+TP (on the hig"
Weaving et al. - 2023 - Benchmarking noisy intermediate scale quantum error mitigation strategies for ground state preparati.pdf,Weaving et al.,yes,yes,strong,std-dev,14,"ithfurtherdevicespecificationsgiven respectableerrorsuppression(82.678%onaverage)ontopof inTableI)andasingleinstanceofMEM+SV+ZNE(onthe a reduction in standard deviation (0.638 times the raw value QV=128 system ibmq_mumbai), bearing in mind the stan- on average). Furthermore, there is no required modification darddevi"
Weaving et al. - 2023 - Benchmarking noisy intermediate scale quantum error mitigation strategies for ground state preparati.pdf,Weaving et al.,yes,yes,strong,std-dev,15,"ainst theD’Agostino-Pearsontest[71]. the overall sample. The 225 quantum experiments provide Suppose we perform an n-shot quantum experiment a target standard deviation σ, indicated by the vertical line and obtain a collection of binary measurement outcomes in Fig. 15, and we compare with this the bootstrap standard"
Weaving et al. - 2023 - Benchmarking noisy intermediate scale quantum error mitigation strategies for ground state preparati.pdf,Weaving et al.,yes,yes,strong,plus-minus-value,2,",andreadoutoperations. z Coherence GateSpecification QV Chosen5qCluster Type Time[μS] Type Time[nS] Error×103 ibmq_montreal 128 {0,1,2,3,4} T1: 140.92±16.77 Entangling: 471.11±78.69 7.85±1.06 T2: 82.16±39.10 Local: 35.56±0.00 0.22±0.03 Readout: 5201.78±0.00 14.08±2.52 ibmq_kolkata 128 {16,19,20,22,25}"
Weaving et al. - 2023 - Benchmarking noisy intermediate scale quantum error mitigation strategies for ground state preparati.pdf,Weaving et al.,yes,yes,strong,plus-minus-value,2,"Coherence GateSpecification QV Chosen5qCluster Type Time[μS] Type Time[nS] Error×103 ibmq_montreal 128 {0,1,2,3,4} T1: 140.92±16.77 Entangling: 471.11±78.69 7.85±1.06 T2: 82.16±39.10 Local: 35.56±0.00 0.22±0.03 Readout: 5201.78±0.00 14.08±2.52 ibmq_kolkata 128 {16,19,20,22,25} T1: 150.92±16.80 Entangl"
Weaving et al. - 2023 - Benchmarking noisy intermediate scale quantum error mitigation strategies for ground state preparati.pdf,Weaving et al.,yes,yes,strong,plus-minus-value,2,"ateSpecification QV Chosen5qCluster Type Time[μS] Type Time[nS] Error×103 ibmq_montreal 128 {0,1,2,3,4} T1: 140.92±16.77 Entangling: 471.11±78.69 7.85±1.06 T2: 82.16±39.10 Local: 35.56±0.00 0.22±0.03 Readout: 5201.78±0.00 14.08±2.52 ibmq_kolkata 128 {16,19,20,22,25} T1: 150.92±16.80 Entangling: 348.44"
Weaving et al. - 2023 - Benchmarking noisy intermediate scale quantum error mitigation strategies for ground state preparati.pdf,Weaving et al.,yes,yes,strong,plus-minus-value,2,"n QV Chosen5qCluster Type Time[μS] Type Time[nS] Error×103 ibmq_montreal 128 {0,1,2,3,4} T1: 140.92±16.77 Entangling: 471.11±78.69 7.85±1.06 T2: 82.16±39.10 Local: 35.56±0.00 0.22±0.03 Readout: 5201.78±0.00 14.08±2.52 ibmq_kolkata 128 {16,19,20,22,25} T1: 150.92±16.80 Entangling: 348.44±177.77 5.14±0."
Weaving et al. - 2023 - Benchmarking noisy intermediate scale quantum error mitigation strategies for ground state preparati.pdf,Weaving et al.,yes,yes,strong,plus-minus-value,2,"r Type Time[μS] Type Time[nS] Error×103 ibmq_montreal 128 {0,1,2,3,4} T1: 140.92±16.77 Entangling: 471.11±78.69 7.85±1.06 T2: 82.16±39.10 Local: 35.56±0.00 0.22±0.03 Readout: 5201.78±0.00 14.08±2.52 ibmq_kolkata 128 {16,19,20,22,25} T1: 150.92±16.80 Entangling: 348.44±177.77 5.14±0.65 T2: 135.59±66.36"
Weaving et al. - 2023 - Benchmarking noisy intermediate scale quantum error mitigation strategies for ground state preparati.pdf,Weaving et al.,yes,yes,strong,plus-minus-value,2,"e[μS] Type Time[nS] Error×103 ibmq_montreal 128 {0,1,2,3,4} T1: 140.92±16.77 Entangling: 471.11±78.69 7.85±1.06 T2: 82.16±39.10 Local: 35.56±0.00 0.22±0.03 Readout: 5201.78±0.00 14.08±2.52 ibmq_kolkata 128 {16,19,20,22,25} T1: 150.92±16.80 Entangling: 348.44±177.77 5.14±0.65 T2: 135.59±66.36 Local: 35"
Weaving et al. - 2023 - Benchmarking noisy intermediate scale quantum error mitigation strategies for ground state preparati.pdf,Weaving et al.,yes,yes,strong,plus-minus-value,2,"ror×103 ibmq_montreal 128 {0,1,2,3,4} T1: 140.92±16.77 Entangling: 471.11±78.69 7.85±1.06 T2: 82.16±39.10 Local: 35.56±0.00 0.22±0.03 Readout: 5201.78±0.00 14.08±2.52 ibmq_kolkata 128 {16,19,20,22,25} T1: 150.92±16.80 Entangling: 348.44±177.77 5.14±0.65 T2: 135.59±66.36 Local: 35.56±0.00 0.17±0.04 Rea"
Weaving et al. - 2023 - Benchmarking noisy intermediate scale quantum error mitigation strategies for ground state preparati.pdf,Weaving et al.,yes,yes,strong,plus-minus-value,2,"q_montreal 128 {0,1,2,3,4} T1: 140.92±16.77 Entangling: 471.11±78.69 7.85±1.06 T2: 82.16±39.10 Local: 35.56±0.00 0.22±0.03 Readout: 5201.78±0.00 14.08±2.52 ibmq_kolkata 128 {16,19,20,22,25} T1: 150.92±16.80 Entangling: 348.44±177.77 5.14±0.65 T2: 135.59±66.36 Local: 35.56±0.00 0.17±0.04 Readout: 675.5"
Weaving et al. - 2023 - Benchmarking noisy intermediate scale quantum error mitigation strategies for ground state preparati.pdf,Weaving et al.,yes,yes,strong,plus-minus-value,2,"ling: 471.11±78.69 7.85±1.06 T2: 82.16±39.10 Local: 35.56±0.00 0.22±0.03 Readout: 5201.78±0.00 14.08±2.52 ibmq_kolkata 128 {16,19,20,22,25} T1: 150.92±16.80 Entangling: 348.44±177.77 5.14±0.65 T2: 135.59±66.36 Local: 35.56±0.00 0.17±0.04 Readout: 675.56±0.00 10.68±1.99 ibmq_mumbai 128 {0,1,2,3,4} T1:"
Weaving et al. - 2023 - Benchmarking noisy intermediate scale quantum error mitigation strategies for ground state preparati.pdf,Weaving et al.,yes,yes,strong,plus-minus-value,2,".06 T2: 82.16±39.10 Local: 35.56±0.00 0.22±0.03 Readout: 5201.78±0.00 14.08±2.52 ibmq_kolkata 128 {16,19,20,22,25} T1: 150.92±16.80 Entangling: 348.44±177.77 5.14±0.65 T2: 135.59±66.36 Local: 35.56±0.00 0.17±0.04 Readout: 675.56±0.00 10.68±1.99 ibmq_mumbai 128 {0,1,2,3,4} T1: 129.80±28.12 Entangling:"
Weaving et al. - 2023 - Benchmarking noisy intermediate scale quantum error mitigation strategies for ground state preparati.pdf,Weaving et al.,yes,yes,strong,plus-minus-value,2,"6±39.10 Local: 35.56±0.00 0.22±0.03 Readout: 5201.78±0.00 14.08±2.52 ibmq_kolkata 128 {16,19,20,22,25} T1: 150.92±16.80 Entangling: 348.44±177.77 5.14±0.65 T2: 135.59±66.36 Local: 35.56±0.00 0.17±0.04 Readout: 675.56±0.00 10.68±1.99 ibmq_mumbai 128 {0,1,2,3,4} T1: 129.80±28.12 Entangling: 556.44±136.7"
Weaving et al. - 2023 - Benchmarking noisy intermediate scale quantum error mitigation strategies for ground state preparati.pdf,Weaving et al.,yes,yes,strong,plus-minus-value,2,"5.56±0.00 0.22±0.03 Readout: 5201.78±0.00 14.08±2.52 ibmq_kolkata 128 {16,19,20,22,25} T1: 150.92±16.80 Entangling: 348.44±177.77 5.14±0.65 T2: 135.59±66.36 Local: 35.56±0.00 0.17±0.04 Readout: 675.56±0.00 10.68±1.99 ibmq_mumbai 128 {0,1,2,3,4} T1: 129.80±28.12 Entangling: 556.44±136.77 8.63±2.20 T2:"
Weaving et al. - 2023 - Benchmarking noisy intermediate scale quantum error mitigation strategies for ground state preparati.pdf,Weaving et al.,yes,yes,strong,plus-minus-value,2,"Readout: 5201.78±0.00 14.08±2.52 ibmq_kolkata 128 {16,19,20,22,25} T1: 150.92±16.80 Entangling: 348.44±177.77 5.14±0.65 T2: 135.59±66.36 Local: 35.56±0.00 0.17±0.04 Readout: 675.56±0.00 10.68±1.99 ibmq_mumbai 128 {0,1,2,3,4} T1: 129.80±28.12 Entangling: 556.44±136.77 8.63±2.20 T2: 104.20±69.62 Local:"
Weaving et al. - 2023 - Benchmarking noisy intermediate scale quantum error mitigation strategies for ground state preparati.pdf,Weaving et al.,yes,yes,strong,plus-minus-value,2,"5201.78±0.00 14.08±2.52 ibmq_kolkata 128 {16,19,20,22,25} T1: 150.92±16.80 Entangling: 348.44±177.77 5.14±0.65 T2: 135.59±66.36 Local: 35.56±0.00 0.17±0.04 Readout: 675.56±0.00 10.68±1.99 ibmq_mumbai 128 {0,1,2,3,4} T1: 129.80±28.12 Entangling: 556.44±136.77 8.63±2.20 T2: 104.20±69.62 Local: 35.56±0.0"
Weaving et al. - 2023 - Benchmarking noisy intermediate scale quantum error mitigation strategies for ground state preparati.pdf,Weaving et al.,yes,yes,strong,plus-minus-value,2,"52 ibmq_kolkata 128 {16,19,20,22,25} T1: 150.92±16.80 Entangling: 348.44±177.77 5.14±0.65 T2: 135.59±66.36 Local: 35.56±0.00 0.17±0.04 Readout: 675.56±0.00 10.68±1.99 ibmq_mumbai 128 {0,1,2,3,4} T1: 129.80±28.12 Entangling: 556.44±136.77 8.63±2.20 T2: 104.20±69.62 Local: 35.56±0.00 0.31±0.17 Readout:"
Weaving et al. - 2023 - Benchmarking noisy intermediate scale quantum error mitigation strategies for ground state preparati.pdf,Weaving et al.,yes,yes,strong,plus-minus-value,2,"kata 128 {16,19,20,22,25} T1: 150.92±16.80 Entangling: 348.44±177.77 5.14±0.65 T2: 135.59±66.36 Local: 35.56±0.00 0.17±0.04 Readout: 675.56±0.00 10.68±1.99 ibmq_mumbai 128 {0,1,2,3,4} T1: 129.80±28.12 Entangling: 556.44±136.77 8.63±2.20 T2: 104.20±69.62 Local: 35.56±0.00 0.31±0.17 Readout: 3552.00±0.0"
Weaving et al. - 2023 - Benchmarking noisy intermediate scale quantum error mitigation strategies for ground state preparati.pdf,Weaving et al.,yes,yes,strong,plus-minus-value,2,"ntangling: 348.44±177.77 5.14±0.65 T2: 135.59±66.36 Local: 35.56±0.00 0.17±0.04 Readout: 675.56±0.00 10.68±1.99 ibmq_mumbai 128 {0,1,2,3,4} T1: 129.80±28.12 Entangling: 556.44±136.77 8.63±2.20 T2: 104.20±69.62 Local: 35.56±0.00 0.31±0.17 Readout: 3552.00±0.00 18.24±0.91 ibm_hanoi 64 {0,1,2,4,7} T1: 13"
Weaving et al. - 2023 - Benchmarking noisy intermediate scale quantum error mitigation strategies for ground state preparati.pdf,Weaving et al.,yes,yes,strong,plus-minus-value,2,"5.14±0.65 T2: 135.59±66.36 Local: 35.56±0.00 0.17±0.04 Readout: 675.56±0.00 10.68±1.99 ibmq_mumbai 128 {0,1,2,3,4} T1: 129.80±28.12 Entangling: 556.44±136.77 8.63±2.20 T2: 104.20±69.62 Local: 35.56±0.00 0.31±0.17 Readout: 3552.00±0.00 18.24±0.91 ibm_hanoi 64 {0,1,2,4,7} T1: 135.29±54.61 Entangling: 27"
Weaving et al. - 2023 - Benchmarking noisy intermediate scale quantum error mitigation strategies for ground state preparati.pdf,Weaving et al.,yes,yes,strong,plus-minus-value,2,": 135.59±66.36 Local: 35.56±0.00 0.17±0.04 Readout: 675.56±0.00 10.68±1.99 ibmq_mumbai 128 {0,1,2,3,4} T1: 129.80±28.12 Entangling: 556.44±136.77 8.63±2.20 T2: 104.20±69.62 Local: 35.56±0.00 0.31±0.17 Readout: 3552.00±0.00 18.24±0.91 ibm_hanoi 64 {0,1,2,4,7} T1: 135.29±54.61 Entangling: 270.67±59.21 6"
Weaving et al. - 2023 - Benchmarking noisy intermediate scale quantum error mitigation strategies for ground state preparati.pdf,Weaving et al.,yes,yes,strong,plus-minus-value,2,"ocal: 35.56±0.00 0.17±0.04 Readout: 675.56±0.00 10.68±1.99 ibmq_mumbai 128 {0,1,2,3,4} T1: 129.80±28.12 Entangling: 556.44±136.77 8.63±2.20 T2: 104.20±69.62 Local: 35.56±0.00 0.31±0.17 Readout: 3552.00±0.00 18.24±0.91 ibm_hanoi 64 {0,1,2,4,7} T1: 135.29±54.61 Entangling: 270.67±59.21 6.99±2.65 T2: 174"
Weaving et al. - 2023 - Benchmarking noisy intermediate scale quantum error mitigation strategies for ground state preparati.pdf,Weaving et al.,yes,yes,strong,plus-minus-value,2,"17±0.04 Readout: 675.56±0.00 10.68±1.99 ibmq_mumbai 128 {0,1,2,3,4} T1: 129.80±28.12 Entangling: 556.44±136.77 8.63±2.20 T2: 104.20±69.62 Local: 35.56±0.00 0.31±0.17 Readout: 3552.00±0.00 18.24±0.91 ibm_hanoi 64 {0,1,2,4,7} T1: 135.29±54.61 Entangling: 270.67±59.21 6.99±2.65 T2: 174.89±83.31 Local: 32"
Weaving et al. - 2023 - Benchmarking noisy intermediate scale quantum error mitigation strategies for ground state preparati.pdf,Weaving et al.,yes,yes,strong,plus-minus-value,2,"adout: 675.56±0.00 10.68±1.99 ibmq_mumbai 128 {0,1,2,3,4} T1: 129.80±28.12 Entangling: 556.44±136.77 8.63±2.20 T2: 104.20±69.62 Local: 35.56±0.00 0.31±0.17 Readout: 3552.00±0.00 18.24±0.91 ibm_hanoi 64 {0,1,2,4,7} T1: 135.29±54.61 Entangling: 270.67±59.21 6.99±2.65 T2: 174.89±83.31 Local: 32.00±0.00 0"
Weaving et al. - 2023 - Benchmarking noisy intermediate scale quantum error mitigation strategies for ground state preparati.pdf,Weaving et al.,yes,yes,strong,plus-minus-value,2,"68±1.99 ibmq_mumbai 128 {0,1,2,3,4} T1: 129.80±28.12 Entangling: 556.44±136.77 8.63±2.20 T2: 104.20±69.62 Local: 35.56±0.00 0.31±0.17 Readout: 3552.00±0.00 18.24±0.91 ibm_hanoi 64 {0,1,2,4,7} T1: 135.29±54.61 Entangling: 270.67±59.21 6.99±2.65 T2: 174.89±83.31 Local: 32.00±0.00 0.21±0.10 Readout: 817."
Weaving et al. - 2023 - Benchmarking noisy intermediate scale quantum error mitigation strategies for ground state preparati.pdf,Weaving et al.,yes,yes,strong,plus-minus-value,2,"q_mumbai 128 {0,1,2,3,4} T1: 129.80±28.12 Entangling: 556.44±136.77 8.63±2.20 T2: 104.20±69.62 Local: 35.56±0.00 0.31±0.17 Readout: 3552.00±0.00 18.24±0.91 ibm_hanoi 64 {0,1,2,4,7} T1: 135.29±54.61 Entangling: 270.67±59.21 6.99±2.65 T2: 174.89±83.31 Local: 32.00±0.00 0.21±0.10 Readout: 817.78±0.00 8.9"
Weaving et al. - 2023 - Benchmarking noisy intermediate scale quantum error mitigation strategies for ground state preparati.pdf,Weaving et al.,yes,yes,strong,plus-minus-value,2,"Entangling: 556.44±136.77 8.63±2.20 T2: 104.20±69.62 Local: 35.56±0.00 0.31±0.17 Readout: 3552.00±0.00 18.24±0.91 ibm_hanoi 64 {0,1,2,4,7} T1: 135.29±54.61 Entangling: 270.67±59.21 6.99±2.65 T2: 174.89±83.31 Local: 32.00±0.00 0.21±0.10 Readout: 817.78±0.00 8.94±1.59 ibm_cairo 64 {8,11,13,14,16} T1: 9"
Weaving et al. - 2023 - Benchmarking noisy intermediate scale quantum error mitigation strategies for ground state preparati.pdf,Weaving et al.,yes,yes,strong,plus-minus-value,2,"7 8.63±2.20 T2: 104.20±69.62 Local: 35.56±0.00 0.31±0.17 Readout: 3552.00±0.00 18.24±0.91 ibm_hanoi 64 {0,1,2,4,7} T1: 135.29±54.61 Entangling: 270.67±59.21 6.99±2.65 T2: 174.89±83.31 Local: 32.00±0.00 0.21±0.10 Readout: 817.78±0.00 8.94±1.59 ibm_cairo 64 {8,11,13,14,16} T1: 95.59±37.85 Entangling: 46"
Weaving et al. - 2023 - Benchmarking noisy intermediate scale quantum error mitigation strategies for ground state preparati.pdf,Weaving et al.,yes,yes,strong,plus-minus-value,2,"T2: 104.20±69.62 Local: 35.56±0.00 0.31±0.17 Readout: 3552.00±0.00 18.24±0.91 ibm_hanoi 64 {0,1,2,4,7} T1: 135.29±54.61 Entangling: 270.67±59.21 6.99±2.65 T2: 174.89±83.31 Local: 32.00±0.00 0.21±0.10 Readout: 817.78±0.00 8.94±1.59 ibm_cairo 64 {8,11,13,14,16} T1: 95.59±37.85 Entangling: 462.22±296.50"
Weaving et al. - 2023 - Benchmarking noisy intermediate scale quantum error mitigation strategies for ground state preparati.pdf,Weaving et al.,yes,yes,strong,plus-minus-value,2,"2 Local: 35.56±0.00 0.31±0.17 Readout: 3552.00±0.00 18.24±0.91 ibm_hanoi 64 {0,1,2,4,7} T1: 135.29±54.61 Entangling: 270.67±59.21 6.99±2.65 T2: 174.89±83.31 Local: 32.00±0.00 0.21±0.10 Readout: 817.78±0.00 8.94±1.59 ibm_cairo 64 {8,11,13,14,16} T1: 95.59±37.85 Entangling: 462.22±296.50 9.17±4.30 T2: 9"
Weaving et al. - 2023 - Benchmarking noisy intermediate scale quantum error mitigation strategies for ground state preparati.pdf,Weaving et al.,yes,yes,strong,plus-minus-value,2,"0.31±0.17 Readout: 3552.00±0.00 18.24±0.91 ibm_hanoi 64 {0,1,2,4,7} T1: 135.29±54.61 Entangling: 270.67±59.21 6.99±2.65 T2: 174.89±83.31 Local: 32.00±0.00 0.21±0.10 Readout: 817.78±0.00 8.94±1.59 ibm_cairo 64 {8,11,13,14,16} T1: 95.59±37.85 Entangling: 462.22±296.50 9.17±4.30 T2: 92.76±69.45 Local: 2"
Weaving et al. - 2023 - Benchmarking noisy intermediate scale quantum error mitigation strategies for ground state preparati.pdf,Weaving et al.,yes,yes,strong,plus-minus-value,2,"Readout: 3552.00±0.00 18.24±0.91 ibm_hanoi 64 {0,1,2,4,7} T1: 135.29±54.61 Entangling: 270.67±59.21 6.99±2.65 T2: 174.89±83.31 Local: 32.00±0.00 0.21±0.10 Readout: 817.78±0.00 8.94±1.59 ibm_cairo 64 {8,11,13,14,16} T1: 95.59±37.85 Entangling: 462.22±296.50 9.17±4.30 T2: 92.76±69.45 Local: 24.89±0.00"
Weaving et al. - 2023 - Benchmarking noisy intermediate scale quantum error mitigation strategies for ground state preparati.pdf,Weaving et al.,yes,yes,strong,plus-minus-value,2,"0 18.24±0.91 ibm_hanoi 64 {0,1,2,4,7} T1: 135.29±54.61 Entangling: 270.67±59.21 6.99±2.65 T2: 174.89±83.31 Local: 32.00±0.00 0.21±0.10 Readout: 817.78±0.00 8.94±1.59 ibm_cairo 64 {8,11,13,14,16} T1: 95.59±37.85 Entangling: 462.22±296.50 9.17±4.30 T2: 92.76±69.45 Local: 24.89±0.00 0.22±0.06 Readout: 73"
Weaving et al. - 2023 - Benchmarking noisy intermediate scale quantum error mitigation strategies for ground state preparati.pdf,Weaving et al.,yes,yes,strong,plus-minus-value,2,"91 ibm_hanoi 64 {0,1,2,4,7} T1: 135.29±54.61 Entangling: 270.67±59.21 6.99±2.65 T2: 174.89±83.31 Local: 32.00±0.00 0.21±0.10 Readout: 817.78±0.00 8.94±1.59 ibm_cairo 64 {8,11,13,14,16} T1: 95.59±37.85 Entangling: 462.22±296.50 9.17±4.30 T2: 92.76±69.45 Local: 24.89±0.00 0.22±0.06 Readout: 732.44±0.00"
Weaving et al. - 2023 - Benchmarking noisy intermediate scale quantum error mitigation strategies for ground state preparati.pdf,Weaving et al.,yes,yes,strong,plus-minus-value,2,"Entangling: 270.67±59.21 6.99±2.65 T2: 174.89±83.31 Local: 32.00±0.00 0.21±0.10 Readout: 817.78±0.00 8.94±1.59 ibm_cairo 64 {8,11,13,14,16} T1: 95.59±37.85 Entangling: 462.22±296.50 9.17±4.30 T2: 92.76±69.45 Local: 24.89±0.00 0.22±0.06 Readout: 732.44±0.00 20.86±11.74 ibm_auckland 64 {8,11,13,14,16}"
Weaving et al. - 2023 - Benchmarking noisy intermediate scale quantum error mitigation strategies for ground state preparati.pdf,Weaving et al.,yes,yes,strong,plus-minus-value,2,"6.99±2.65 T2: 174.89±83.31 Local: 32.00±0.00 0.21±0.10 Readout: 817.78±0.00 8.94±1.59 ibm_cairo 64 {8,11,13,14,16} T1: 95.59±37.85 Entangling: 462.22±296.50 9.17±4.30 T2: 92.76±69.45 Local: 24.89±0.00 0.22±0.06 Readout: 732.44±0.00 20.86±11.74 ibm_auckland 64 {8,11,13,14,16} T1: 162.99±73.58 Entangli"
Weaving et al. - 2023 - Benchmarking noisy intermediate scale quantum error mitigation strategies for ground state preparati.pdf,Weaving et al.,yes,yes,strong,plus-minus-value,2,"2: 174.89±83.31 Local: 32.00±0.00 0.21±0.10 Readout: 817.78±0.00 8.94±1.59 ibm_cairo 64 {8,11,13,14,16} T1: 95.59±37.85 Entangling: 462.22±296.50 9.17±4.30 T2: 92.76±69.45 Local: 24.89±0.00 0.22±0.06 Readout: 732.44±0.00 20.86±11.74 ibm_auckland 64 {8,11,13,14,16} T1: 162.99±73.58 Entangling: 376.89±2"
Weaving et al. - 2023 - Benchmarking noisy intermediate scale quantum error mitigation strategies for ground state preparati.pdf,Weaving et al.,yes,yes,strong,plus-minus-value,2,"Local: 32.00±0.00 0.21±0.10 Readout: 817.78±0.00 8.94±1.59 ibm_cairo 64 {8,11,13,14,16} T1: 95.59±37.85 Entangling: 462.22±296.50 9.17±4.30 T2: 92.76±69.45 Local: 24.89±0.00 0.22±0.06 Readout: 732.44±0.00 20.86±11.74 ibm_auckland 64 {8,11,13,14,16} T1: 162.99±73.58 Entangling: 376.89±28.61 6.28±1.22"
Weaving et al. - 2023 - Benchmarking noisy intermediate scale quantum error mitigation strategies for ground state preparati.pdf,Weaving et al.,yes,yes,strong,plus-minus-value,2,"0.21±0.10 Readout: 817.78±0.00 8.94±1.59 ibm_cairo 64 {8,11,13,14,16} T1: 95.59±37.85 Entangling: 462.22±296.50 9.17±4.30 T2: 92.76±69.45 Local: 24.89±0.00 0.22±0.06 Readout: 732.44±0.00 20.86±11.74 ibm_auckland 64 {8,11,13,14,16} T1: 162.99±73.58 Entangling: 376.89±28.61 6.28±1.22 T2: 123.67±72.80 Lo"
Weaving et al. - 2023 - Benchmarking noisy intermediate scale quantum error mitigation strategies for ground state preparati.pdf,Weaving et al.,yes,yes,strong,plus-minus-value,2,"Readout: 817.78±0.00 8.94±1.59 ibm_cairo 64 {8,11,13,14,16} T1: 95.59±37.85 Entangling: 462.22±296.50 9.17±4.30 T2: 92.76±69.45 Local: 24.89±0.00 0.22±0.06 Readout: 732.44±0.00 20.86±11.74 ibm_auckland 64 {8,11,13,14,16} T1: 162.99±73.58 Entangling: 376.89±28.61 6.28±1.22 T2: 123.67±72.80 Local: 35.56"
Weaving et al. - 2023 - Benchmarking noisy intermediate scale quantum error mitigation strategies for ground state preparati.pdf,Weaving et al.,yes,yes,strong,plus-minus-value,2,"8.94±1.59 ibm_cairo 64 {8,11,13,14,16} T1: 95.59±37.85 Entangling: 462.22±296.50 9.17±4.30 T2: 92.76±69.45 Local: 24.89±0.00 0.22±0.06 Readout: 732.44±0.00 20.86±11.74 ibm_auckland 64 {8,11,13,14,16} T1: 162.99±73.58 Entangling: 376.89±28.61 6.28±1.22 T2: 123.67±72.80 Local: 35.56±0.00 0.23±0.03 Reado"
Weaving et al. - 2023 - Benchmarking noisy intermediate scale quantum error mitigation strategies for ground state preparati.pdf,Weaving et al.,yes,yes,strong,plus-minus-value,2,"bm_cairo 64 {8,11,13,14,16} T1: 95.59±37.85 Entangling: 462.22±296.50 9.17±4.30 T2: 92.76±69.45 Local: 24.89±0.00 0.22±0.06 Readout: 732.44±0.00 20.86±11.74 ibm_auckland 64 {8,11,13,14,16} T1: 162.99±73.58 Entangling: 376.89±28.61 6.28±1.22 T2: 123.67±72.80 Local: 35.56±0.00 0.23±0.03 Readout: 757.33±"
Weaving et al. - 2023 - Benchmarking noisy intermediate scale quantum error mitigation strategies for ground state preparati.pdf,Weaving et al.,yes,yes,strong,plus-minus-value,2,"gling: 462.22±296.50 9.17±4.30 T2: 92.76±69.45 Local: 24.89±0.00 0.22±0.06 Readout: 732.44±0.00 20.86±11.74 ibm_auckland 64 {8,11,13,14,16} T1: 162.99±73.58 Entangling: 376.89±28.61 6.28±1.22 T2: 123.67±72.80 Local: 35.56±0.00 0.23±0.03 Readout: 757.33±0.00 8.30±1.55 ibmq_toronto 32 {5,8,9,11,14} T1:"
Weaving et al. - 2023 - Benchmarking noisy intermediate scale quantum error mitigation strategies for ground state preparati.pdf,Weaving et al.,yes,yes,strong,plus-minus-value,2,"±4.30 T2: 92.76±69.45 Local: 24.89±0.00 0.22±0.06 Readout: 732.44±0.00 20.86±11.74 ibm_auckland 64 {8,11,13,14,16} T1: 162.99±73.58 Entangling: 376.89±28.61 6.28±1.22 T2: 123.67±72.80 Local: 35.56±0.00 0.23±0.03 Readout: 757.33±0.00 8.30±1.55 ibmq_toronto 32 {5,8,9,11,14} T1: 113.96±6.53 Entangling: 3"
Weaving et al. - 2023 - Benchmarking noisy intermediate scale quantum error mitigation strategies for ground state preparati.pdf,Weaving et al.,yes,yes,strong,plus-minus-value,2,"2.76±69.45 Local: 24.89±0.00 0.22±0.06 Readout: 732.44±0.00 20.86±11.74 ibm_auckland 64 {8,11,13,14,16} T1: 162.99±73.58 Entangling: 376.89±28.61 6.28±1.22 T2: 123.67±72.80 Local: 35.56±0.00 0.23±0.03 Readout: 757.33±0.00 8.30±1.55 ibmq_toronto 32 {5,8,9,11,14} T1: 113.96±6.53 Entangling: 382.22±61.35"
Weaving et al. - 2023 - Benchmarking noisy intermediate scale quantum error mitigation strategies for ground state preparati.pdf,Weaving et al.,yes,yes,strong,plus-minus-value,2,": 24.89±0.00 0.22±0.06 Readout: 732.44±0.00 20.86±11.74 ibm_auckland 64 {8,11,13,14,16} T1: 162.99±73.58 Entangling: 376.89±28.61 6.28±1.22 T2: 123.67±72.80 Local: 35.56±0.00 0.23±0.03 Readout: 757.33±0.00 8.30±1.55 ibmq_toronto 32 {5,8,9,11,14} T1: 113.96±6.53 Entangling: 382.22±61.35 7.96±0.83 T2: 1"
Weaving et al. - 2023 - Benchmarking noisy intermediate scale quantum error mitigation strategies for ground state preparati.pdf,Weaving et al.,yes,yes,strong,plus-minus-value,2,".06 Readout: 732.44±0.00 20.86±11.74 ibm_auckland 64 {8,11,13,14,16} T1: 162.99±73.58 Entangling: 376.89±28.61 6.28±1.22 T2: 123.67±72.80 Local: 35.56±0.00 0.23±0.03 Readout: 757.33±0.00 8.30±1.55 ibmq_toronto 32 {5,8,9,11,14} T1: 113.96±6.53 Entangling: 382.22±61.35 7.96±0.83 T2: 171.38±19.39 Local:"
Weaving et al. - 2023 - Benchmarking noisy intermediate scale quantum error mitigation strategies for ground state preparati.pdf,Weaving et al.,yes,yes,strong,plus-minus-value,2,"t: 732.44±0.00 20.86±11.74 ibm_auckland 64 {8,11,13,14,16} T1: 162.99±73.58 Entangling: 376.89±28.61 6.28±1.22 T2: 123.67±72.80 Local: 35.56±0.00 0.23±0.03 Readout: 757.33±0.00 8.30±1.55 ibmq_toronto 32 {5,8,9,11,14} T1: 113.96±6.53 Entangling: 382.22±61.35 7.96±0.83 T2: 171.38±19.39 Local: 35.56±0.00"
Weaving et al. - 2023 - Benchmarking noisy intermediate scale quantum error mitigation strategies for ground state preparati.pdf,Weaving et al.,yes,yes,strong,plus-minus-value,2,"11.74 ibm_auckland 64 {8,11,13,14,16} T1: 162.99±73.58 Entangling: 376.89±28.61 6.28±1.22 T2: 123.67±72.80 Local: 35.56±0.00 0.23±0.03 Readout: 757.33±0.00 8.30±1.55 ibmq_toronto 32 {5,8,9,11,14} T1: 113.96±6.53 Entangling: 382.22±61.35 7.96±0.83 T2: 171.38±19.39 Local: 35.56±0.00 0.28±0.06 Readout: 5"
Weaving et al. - 2023 - Benchmarking noisy intermediate scale quantum error mitigation strategies for ground state preparati.pdf,Weaving et al.,yes,yes,strong,plus-minus-value,2,"auckland 64 {8,11,13,14,16} T1: 162.99±73.58 Entangling: 376.89±28.61 6.28±1.22 T2: 123.67±72.80 Local: 35.56±0.00 0.23±0.03 Readout: 757.33±0.00 8.30±1.55 ibmq_toronto 32 {5,8,9,11,14} T1: 113.96±6.53 Entangling: 382.22±61.35 7.96±0.83 T2: 171.38±19.39 Local: 35.56±0.00 0.28±0.06 Readout: 5962.67±0.0"
Weaving et al. - 2023 - Benchmarking noisy intermediate scale quantum error mitigation strategies for ground state preparati.pdf,Weaving et al.,yes,yes,strong,plus-minus-value,2,"ntangling: 376.89±28.61 6.28±1.22 T2: 123.67±72.80 Local: 35.56±0.00 0.23±0.03 Readout: 757.33±0.00 8.30±1.55 ibmq_toronto 32 {5,8,9,11,14} T1: 113.96±6.53 Entangling: 382.22±61.35 7.96±0.83 T2: 171.38±19.39 Local: 35.56±0.00 0.28±0.06 Readout: 5962.67±0.00 12.04±4.30 ibm_geneva 32 {5,8,9,11,14} T1: 3"
Weaving et al. - 2023 - Benchmarking noisy intermediate scale quantum error mitigation strategies for ground state preparati.pdf,Weaving et al.,yes,yes,strong,plus-minus-value,2,"6.28±1.22 T2: 123.67±72.80 Local: 35.56±0.00 0.23±0.03 Readout: 757.33±0.00 8.30±1.55 ibmq_toronto 32 {5,8,9,11,14} T1: 113.96±6.53 Entangling: 382.22±61.35 7.96±0.83 T2: 171.38±19.39 Local: 35.56±0.00 0.28±0.06 Readout: 5962.67±0.00 12.04±4.30 ibm_geneva 32 {5,8,9,11,14} T1: 311.27±101.19 Entangling:"
Weaving et al. - 2023 - Benchmarking noisy intermediate scale quantum error mitigation strategies for ground state preparati.pdf,Weaving et al.,yes,yes,strong,plus-minus-value,2,"2: 123.67±72.80 Local: 35.56±0.00 0.23±0.03 Readout: 757.33±0.00 8.30±1.55 ibmq_toronto 32 {5,8,9,11,14} T1: 113.96±6.53 Entangling: 382.22±61.35 7.96±0.83 T2: 171.38±19.39 Local: 35.56±0.00 0.28±0.06 Readout: 5962.67±0.00 12.04±4.30 ibm_geneva 32 {5,8,9,11,14} T1: 311.27±101.19 Entangling: 586.67±110"
Weaving et al. - 2023 - Benchmarking noisy intermediate scale quantum error mitigation strategies for ground state preparati.pdf,Weaving et al.,yes,yes,strong,plus-minus-value,2,"Local: 35.56±0.00 0.23±0.03 Readout: 757.33±0.00 8.30±1.55 ibmq_toronto 32 {5,8,9,11,14} T1: 113.96±6.53 Entangling: 382.22±61.35 7.96±0.83 T2: 171.38±19.39 Local: 35.56±0.00 0.28±0.06 Readout: 5962.67±0.00 12.04±4.30 ibm_geneva 32 {5,8,9,11,14} T1: 311.27±101.19 Entangling: 586.67±110.22 3.97±0.31 T2"
Weaving et al. - 2023 - Benchmarking noisy intermediate scale quantum error mitigation strategies for ground state preparati.pdf,Weaving et al.,yes,yes,strong,plus-minus-value,2,".23±0.03 Readout: 757.33±0.00 8.30±1.55 ibmq_toronto 32 {5,8,9,11,14} T1: 113.96±6.53 Entangling: 382.22±61.35 7.96±0.83 T2: 171.38±19.39 Local: 35.56±0.00 0.28±0.06 Readout: 5962.67±0.00 12.04±4.30 ibm_geneva 32 {5,8,9,11,14} T1: 311.27±101.19 Entangling: 586.67±110.22 3.97±0.31 T2: 300.56±127.31 Loc"
Weaving et al. - 2023 - Benchmarking noisy intermediate scale quantum error mitigation strategies for ground state preparati.pdf,Weaving et al.,yes,yes,strong,plus-minus-value,2,"eadout: 757.33±0.00 8.30±1.55 ibmq_toronto 32 {5,8,9,11,14} T1: 113.96±6.53 Entangling: 382.22±61.35 7.96±0.83 T2: 171.38±19.39 Local: 35.56±0.00 0.28±0.06 Readout: 5962.67±0.00 12.04±4.30 ibm_geneva 32 {5,8,9,11,14} T1: 311.27±101.19 Entangling: 586.67±110.22 3.97±0.31 T2: 300.56±127.31 Local: 38.40±"
Weaving et al. - 2023 - Benchmarking noisy intermediate scale quantum error mitigation strategies for ground state preparati.pdf,Weaving et al.,yes,yes,strong,plus-minus-value,2,"30±1.55 ibmq_toronto 32 {5,8,9,11,14} T1: 113.96±6.53 Entangling: 382.22±61.35 7.96±0.83 T2: 171.38±19.39 Local: 35.56±0.00 0.28±0.06 Readout: 5962.67±0.00 12.04±4.30 ibm_geneva 32 {5,8,9,11,14} T1: 311.27±101.19 Entangling: 586.67±110.22 3.97±0.31 T2: 300.56±127.31 Local: 38.40±5.69 0.20±0.17 Readout"
Weaving et al. - 2023 - Benchmarking noisy intermediate scale quantum error mitigation strategies for ground state preparati.pdf,Weaving et al.,yes,yes,strong,plus-minus-value,2,"q_toronto 32 {5,8,9,11,14} T1: 113.96±6.53 Entangling: 382.22±61.35 7.96±0.83 T2: 171.38±19.39 Local: 35.56±0.00 0.28±0.06 Readout: 5962.67±0.00 12.04±4.30 ibm_geneva 32 {5,8,9,11,14} T1: 311.27±101.19 Entangling: 586.67±110.22 3.97±0.31 T2: 300.56±127.31 Local: 38.40±5.69 0.20±0.17 Readout: 1600.00±0"
Weaving et al. - 2023 - Benchmarking noisy intermediate scale quantum error mitigation strategies for ground state preparati.pdf,Weaving et al.,yes,yes,strong,plus-minus-value,2,"ntangling: 382.22±61.35 7.96±0.83 T2: 171.38±19.39 Local: 35.56±0.00 0.28±0.06 Readout: 5962.67±0.00 12.04±4.30 ibm_geneva 32 {5,8,9,11,14} T1: 311.27±101.19 Entangling: 586.67±110.22 3.97±0.31 T2: 300.56±127.31 Local: 38.40±5.69 0.20±0.17 Readout: 1600.00±0.00 30.26±13.08 043054-2"
Weaving et al. - 2023 - Benchmarking noisy intermediate scale quantum error mitigation strategies for ground state preparati.pdf,Weaving et al.,yes,yes,strong,plus-minus-value,2,"96±0.83 T2: 171.38±19.39 Local: 35.56±0.00 0.28±0.06 Readout: 5962.67±0.00 12.04±4.30 ibm_geneva 32 {5,8,9,11,14} T1: 311.27±101.19 Entangling: 586.67±110.22 3.97±0.31 T2: 300.56±127.31 Local: 38.40±5.69 0.20±0.17 Readout: 1600.00±0.00 30.26±13.08 043054-2"
Weaving et al. - 2023 - Benchmarking noisy intermediate scale quantum error mitigation strategies for ground state preparati.pdf,Weaving et al.,yes,yes,strong,plus-minus-value,2,"171.38±19.39 Local: 35.56±0.00 0.28±0.06 Readout: 5962.67±0.00 12.04±4.30 ibm_geneva 32 {5,8,9,11,14} T1: 311.27±101.19 Entangling: 586.67±110.22 3.97±0.31 T2: 300.56±127.31 Local: 38.40±5.69 0.20±0.17 Readout: 1600.00±0.00 30.26±13.08 043054-2"
Weaving et al. - 2023 - Benchmarking noisy intermediate scale quantum error mitigation strategies for ground state preparati.pdf,Weaving et al.,yes,yes,strong,plus-minus-value,2,"al: 35.56±0.00 0.28±0.06 Readout: 5962.67±0.00 12.04±4.30 ibm_geneva 32 {5,8,9,11,14} T1: 311.27±101.19 Entangling: 586.67±110.22 3.97±0.31 T2: 300.56±127.31 Local: 38.40±5.69 0.20±0.17 Readout: 1600.00±0.00 30.26±13.08 043054-2"
Weaving et al. - 2023 - Benchmarking noisy intermediate scale quantum error mitigation strategies for ground state preparati.pdf,Weaving et al.,yes,yes,strong,plus-minus-value,2,"0.06 Readout: 5962.67±0.00 12.04±4.30 ibm_geneva 32 {5,8,9,11,14} T1: 311.27±101.19 Entangling: 586.67±110.22 3.97±0.31 T2: 300.56±127.31 Local: 38.40±5.69 0.20±0.17 Readout: 1600.00±0.00 30.26±13.08 043054-2"
Weaving et al. - 2023 - Benchmarking noisy intermediate scale quantum error mitigation strategies for ground state preparati.pdf,Weaving et al.,yes,yes,strong,plus-minus-value,2,"ut: 5962.67±0.00 12.04±4.30 ibm_geneva 32 {5,8,9,11,14} T1: 311.27±101.19 Entangling: 586.67±110.22 3.97±0.31 T2: 300.56±127.31 Local: 38.40±5.69 0.20±0.17 Readout: 1600.00±0.00 30.26±13.08 043054-2"
Weaving et al. - 2023 - Benchmarking noisy intermediate scale quantum error mitigation strategies for ground state preparati.pdf,Weaving et al.,yes,yes,strong,plus-minus-value,2,"±4.30 ibm_geneva 32 {5,8,9,11,14} T1: 311.27±101.19 Entangling: 586.67±110.22 3.97±0.31 T2: 300.56±127.31 Local: 38.40±5.69 0.20±0.17 Readout: 1600.00±0.00 30.26±13.08 043054-2"
Weaving et al. - 2023 - Benchmarking noisy intermediate scale quantum error mitigation strategies for ground state preparati.pdf,Weaving et al.,yes,yes,strong,plus-minus-value,2,"eneva 32 {5,8,9,11,14} T1: 311.27±101.19 Entangling: 586.67±110.22 3.97±0.31 T2: 300.56±127.31 Local: 38.40±5.69 0.20±0.17 Readout: 1600.00±0.00 30.26±13.08 043054-2"
Weaving et al. - 2023 - Benchmarking noisy intermediate scale quantum error mitigation strategies for ground state preparati.pdf,Weaving et al.,yes,yes,strong,plus-minus-value,5,"es with P) i and obtain eigenstates |m(cid:3) such that P|m(cid:3)=m|m(cid:3), where i i i i More realistically, what we will actually have access m =±1toestimatetheexpectationvalue(cid:11)P(cid:3) :=(cid:11)ψ|P|ψ(cid:3). i ψ to is |μ (cid:3), the output from some quantum experi- Therawestimatoris noi"
Weaving et al. - 2023 - Benchmarking noisy intermediate scale quantum error mitigation strategies for ground state preparati.pdf,Weaving et al.,yes,yes,strong,bootstrap,12,"<3 mHa, quantified via a bootstrapping procedure itisappliedtoasinglequbitandhencedoesnotcontributea (discussed in Appendix). In Fig. 13 we plot the bootstrap significantcostinthenumberofmeasurementsrequired. distributions for a selection of the best performing QEM We found mixed success with ZNE-based stra"
Weaving et al. - 2023 - Benchmarking noisy intermediate scale quantum error mitigation strategies for ground state preparati.pdf,Weaving et al.,yes,yes,strong,bootstrap,15,"standard deviation σ, indicated by the vertical line and obtain a collection of binary measurement outcomes in Fig. 15, and we compare with this the bootstrap standard M ={m ,...,m },wherem ∈ZN.OurvariousQEMstrate- deviationsobtainedperexperiment. 1 n i 2 gies combine these measurements in some way to yield"
Weaving et al. - 2023 - Benchmarking noisy intermediate scale quantum error mitigation strategies for ground state preparati.pdf,Weaving et al.,yes,yes,strong,variance-reported,7,"E, we shall as- bias in all but two cases: ibm_hanoi and ibm_geneva. In the sumethattheindividualnoiseamplifiedestimateshavebeen former we have a low-variance, low-bias point at λ=1 that obtained via an estimator E λ so that Eλ =E(E λ), which is pinning the extrapolation while the noisier estimates vary mig"
Weaving et al. - 2023 - Benchmarking noisy intermediate scale quantum error mitigation strategies for ground state preparati.pdf,Weaving et al.,yes,yes,strong,variance-reported,7,"had some other QEM strategy ap- dramatically, whereas the latter exhibits a problematic low- plied. We shall then evaluate estimates for λ∈{1,2,3,4} variance, negatively biased point at λ=2 that is causing the before performing weighted least-squares (WLS) regression extrapolationtofail. 043054-7"
Weaving et al. - 2023 - Benchmarking noisy intermediate scale quantum error mitigation strategies for ground state preparati.pdf,Weaving et al.,yes,yes,strong,variance-reported,12,"success with ZNE-based strategies de- strategiestoillustratethetradeoffbetweenestimatorbiasand pending on which other QEM techniques were deployed in variance in practice, serving as a valuable comparison with combination.AppliedontopofMEMandSV,weobserveda previoustheoreticalanalyses[22]. significantimprove"
Weaving et al. - 2023 - Benchmarking noisy intermediate scale quantum error mitigation strategies for ground state preparati.pdf,Weaving et al.,yes,yes,weak,uncertainty,11,"VE) with or without goalofthisworktopracticallyevaluatethistradeoffbetween tomographypurification(TP).Thelinearregressionfunction- absolute error and uncertainty in the energy estimate, which ality of statsmodels [67] was utilized for the purposes of hasbeennotedinnumerousstudies[22,24]. ZNE,andtherelevantpost"
Weaving et al. - 2023 - Benchmarking noisy intermediate scale quantum error mitigation strategies for ground state preparati.pdf,Weaving et al.,yes,yes,weak,uncertainty,15,"strapping test and an energy estimate E(M), but we would like to say some- see reasonable agreement with the true energy distribution thing about the uncertainty in each estimator without having obtainedfromtheNISQhardware;thestandarddeviationsall coincide with the experimentally obtained value to O(10−3) (on"
Weaving et al. - 2023 - Benchmarking noisy intermediate scale quantum error mitigation strategies for ground state preparati.pdf,Weaving et al.,yes,yes,weak,variance-general,7,"E, we shall as- bias in all but two cases: ibm_hanoi and ibm_geneva. In the sumethattheindividualnoiseamplifiedestimateshavebeen former we have a low-variance, low-bias point at λ=1 that obtained via an estimator E λ so that Eλ =E(E λ), which is pinning the extrapolation while the noisier estimates vary mig"
Weaving et al. - 2023 - Benchmarking noisy intermediate scale quantum error mitigation strategies for ground state preparati.pdf,Weaving et al.,yes,yes,weak,variance-general,7,"had some other QEM strategy ap- dramatically, whereas the latter exhibits a problematic low- plied. We shall then evaluate estimates for λ∈{1,2,3,4} variance, negatively biased point at λ=2 that is causing the before performing weighted least-squares (WLS) regression extrapolationtofail. 043054-7"
Weaving et al. - 2023 - Benchmarking noisy intermediate scale quantum error mitigation strategies for ground state preparati.pdf,Weaving et al.,yes,yes,weak,variance-general,12,"success with ZNE-based strategies de- strategiestoillustratethetradeoffbetweenestimatorbiasand pending on which other QEM techniques were deployed in variance in practice, serving as a valuable comparison with combination.AppliedontopofMEMandSV,weobserveda previoustheoreticalanalyses[22]. significantimprove"
Weidinger et al. - 2023 - Error Mitigation for Quantum Approximate Optimization.pdf,Weidinger et al.,yes,yes,strong,error-bar,4,".0}. In particular, we consider prob- tree, M =1, reachesamedianP ofabout0.5forp=1, S lems with N =3,4,5,6,7 logical qubits for the rerouting but the error bars range from 0 to 0.7. This means that method,whichcorrespondtoK =3,6,10,15,21physical half of the simulated instances return a P within this S qubits"
Weidinger et al. - 2023 - Error Mitigation for Quantum Approximate Optimization.pdf,Weidinger et al.,yes,yes,strong,plus-minus-value,4,"s M improves P . In addition, the error S Eq. (4) with uniformly distributed couplings J ∈ bars decrease with increasing M. For example, a single ij {±0.1,±0.2,...,±1.0}. In particular, we consider prob- tree, M =1, reachesamedianP ofabout0.5forp=1, S lems with N =3,4,5,6,7 logical qubits for the rero"
Weidinger et al. - 2023 - Error Mitigation for Quantum Approximate Optimization.pdf,Weidinger et al.,yes,yes,strong,plus-minus-value,4,"mproves P . In addition, the error S Eq. (4) with uniformly distributed couplings J ∈ bars decrease with increasing M. For example, a single ij {±0.1,±0.2,...,±1.0}. In particular, we consider prob- tree, M =1, reachesamedianP ofabout0.5forp=1, S lems with N =3,4,5,6,7 logical qubits for the rerouting"
Weidinger et al. - 2023 - Error Mitigation for Quantum Approximate Optimization.pdf,Weidinger et al.,yes,yes,strong,plus-minus-value,4,". In addition, the error S Eq. (4) with uniformly distributed couplings J ∈ bars decrease with increasing M. For example, a single ij {±0.1,±0.2,...,±1.0}. In particular, we consider prob- tree, M =1, reachesamedianP ofabout0.5forp=1, S lems with N =3,4,5,6,7 logical qubits for the rerouting but the"
Weidinger et al. - 2023 - Error Mitigation for Quantum Approximate Optimization.pdf,Weidinger et al.,yes,yes,strong,plus-minus-value,8,"tion we use a different measure for the suc- rameters β∗ and γ∗ or β∗,γ∗ and Ω∗. With the choice cess probability P than outlined in Sec. IIC. S J ∈ {±0.1,±0.2,...,±1.0} the search space of param- In the main text, after measuring the optimal vari- ij eter γ is restricted to [0,10π). The search space"
Weidinger et al. - 2023 - Error Mitigation for Quantum Approximate Optimization.pdf,Weidinger et al.,yes,yes,strong,plus-minus-value,8,"we use a different measure for the suc- rameters β∗ and γ∗ or β∗,γ∗ and Ω∗. With the choice cess probability P than outlined in Sec. IIC. S J ∈ {±0.1,±0.2,...,±1.0} the search space of param- In the main text, after measuring the optimal vari- ij eter γ is restricted to [0,10π). The search space of th"
Weidinger et al. - 2023 - Error Mitigation for Quantum Approximate Optimization.pdf,Weidinger et al.,yes,yes,strong,plus-minus-value,8,"different measure for the suc- rameters β∗ and γ∗ or β∗,γ∗ and Ω∗. With the choice cess probability P than outlined in Sec. IIC. S J ∈ {±0.1,±0.2,...,±1.0} the search space of param- In the main text, after measuring the optimal vari- ij eter γ is restricted to [0,10π). The search space of the ational"
White - 2025 - MANAGING ERRORS IN QUANTUM METROLOGY VIA QUANTUM ERROR MITIGATION.pdf,White,yes,yes,strong,plus-minus-value,145,"1 ⎜Γδtf 0 0 Γδtg ⎟ L(2)t = ⎜ + + ⎟, (A.50) 8 ⎜Γδtf 0 0 Γδtg ⎟ ⎝ − − ⎠ −Γ2δt2 −iBTΓδt iBTΓδt −Γ2δt2 where we have defined f ≡ γδt±iBT ± (A.51) g ≡ γδt±3iBT ± for compactness. Once again, the transition probabilities are computed by acting on [︂ ]︂ the state |0⟩ with the operation exp (2m+1)(L(1)t+L(2)"
White - 2025 - MANAGING ERRORS IN QUANTUM METROLOGY VIA QUANTUM ERROR MITIGATION.pdf,White,yes,yes,strong,sigma-value,15,"4Numerical results for MSE in the case of the global folding protocol implemented in the variance detection regime, as a function of BT and τ . Again σ = 0.05 is fixed. . . . . . . . . . 83 c Figure 4-5Numerical results for MSE in the case of the global folding protocol implemented in the variance detect"
White - 2025 - MANAGING ERRORS IN QUANTUM METROLOGY VIA QUANTUM ERROR MITIGATION.pdf,White,yes,yes,strong,sigma-value,15,"gure 4-6Numerical results for MSE in B in the local folding protocol est implemented in the slope detection regime, as a function of τ c and BT. Here σ = 0.05. . . . . . . . . . . . . . . . . . . . . . 85 Figure 4-7Numerical results for MSE in the local folding protocol imple- mented in the slope detecti"
White - 2025 - MANAGING ERRORS IN QUANTUM METROLOGY VIA QUANTUM ERROR MITIGATION.pdf,White,yes,yes,strong,sigma-value,15,". . . . . . 86 Figure 4-8Numerical results for MSE in local folding, implemented in the variance detection regime, as a function of τ and BT. Here c σ = 0.05. . . . . . . . . . . . . . . . . . . . . . . . . . . . . . . 86 Figure 4-9Numerical results for MSE in local folding, implemented in the variance"
White - 2025 - MANAGING ERRORS IN QUANTUM METROLOGY VIA QUANTUM ERROR MITIGATION.pdf,White,yes,yes,strong,sigma-value,16,"ure4-12Numerical results for MSE in B in the global folding protocol est implemented in the slope detection regime, as a function of τ c and BT. Here σ = 0.05. . . . . . . . . . . . . . . . . . . . . . 93 xvi"
White - 2025 - MANAGING ERRORS IN QUANTUM METROLOGY VIA QUANTUM ERROR MITIGATION.pdf,White,yes,yes,strong,sigma-value,17,"ure4-13Numerical results for MSE in B in the global folding protocol est implemented in the slope detection regime, as a function of τ c and BT. Here σ = 0.05. . . . . . . . . . . . . . . . . . . . . . 93 Figure4-14Numerical results for MSE in B in the global folding protocol est implemented in the varia"
White - 2025 - MANAGING ERRORS IN QUANTUM METROLOGY VIA QUANTUM ERROR MITIGATION.pdf,White,yes,yes,strong,sigma-value,17,"re4-14Numerical results for MSE in B in the global folding protocol est implemented in the variance detection regime, as a function of τ and BT. Here σ = 0.05. . . . . . . . . . . . . . . . . . . . . 94 c Figure4-15Numerical results for MSE in B in the global folding protocol est implemented in the varia"
White - 2025 - MANAGING ERRORS IN QUANTUM METROLOGY VIA QUANTUM ERROR MITIGATION.pdf,White,yes,yes,strong,sigma-value,17,"re4-15Numerical results for MSE in B in the global folding protocol est implemented in the variance detection regime, as a function of τ and BT. Here σ = 0.05. . . . . . . . . . . . . . . . . . . . . 94 c Figure4-16Numerical results for MSE in B in the local folding protocol est implemented in the slope"
White - 2025 - MANAGING ERRORS IN QUANTUM METROLOGY VIA QUANTUM ERROR MITIGATION.pdf,White,yes,yes,strong,sigma-value,17,"gure4-16Numerical results for MSE in B in the local folding protocol est implemented in the slope detection regime, as a function of τ c and BT. Here σ = 0.05. . . . . . . . . . . . . . . . . . . . . . 95 Figure4-17Numerical results for MSE in B in the local folding protocol est implemented in the slope"
White - 2025 - MANAGING ERRORS IN QUANTUM METROLOGY VIA QUANTUM ERROR MITIGATION.pdf,White,yes,yes,strong,sigma-value,17,"gure4-17Numerical results for MSE in B in the local folding protocol est implemented in the slope detection regime, as a function of τ c and BT. Here σ = 0.05. . . . . . . . . . . . . . . . . . . . . . 95 Figure4-18Numerical results for MSE in B in the local folding protocol est implemented in the varian"
White - 2025 - MANAGING ERRORS IN QUANTUM METROLOGY VIA QUANTUM ERROR MITIGATION.pdf,White,yes,yes,strong,sigma-value,17,"ure4-18Numerical results for MSE in B in the local folding protocol est implemented in the variance detection regime, as a function of τ and BT. Here σ = 0.05. . . . . . . . . . . . . . . . . . . . . 96 c Figure4-19Numerical results for MSE in B in the local folding protocol est implemented in the varian"
White - 2025 - MANAGING ERRORS IN QUANTUM METROLOGY VIA QUANTUM ERROR MITIGATION.pdf,White,yes,yes,strong,sigma-value,17,"ure4-19Numerical results for MSE in B in the local folding protocol est implemented in the variance detection regime, as a function of τ and BT. Here σ = 0.05. . . . . . . . . . . . . . . . . . . . . 96 c Figure4-20Global folding filter functions for control noise. . . . . . . . . . 97 Figure4-21Local fo"
White - 2025 - MANAGING ERRORS IN QUANTUM METROLOGY VIA QUANTUM ERROR MITIGATION.pdf,White,yes,yes,strong,sigma-value,100,"periment as a function of the correlation time of the noise τ (in units of the time of a single control pulse τ and c g of BT for a fixed noise power σ = 0.05. The three right plots depict the difference between the MSE for a Ramsey experiment and the MSE of a ZNE experiment using a linear, quadratic, or"
White - 2025 - MANAGING ERRORS IN QUANTUM METROLOGY VIA QUANTUM ERROR MITIGATION.pdf,White,yes,yes,strong,sigma-value,102,"umerical results for MSE in the case of the global folding protocol implemented in the variance detection regime, as a function of BT and τ . Again c σ = 0.05 is fixed. noise. In the case of linear and quadratic fitting, Ramsey performs substantially better, while for the exponential fit, Ramsey is entir"
White - 2025 - MANAGING ERRORS IN QUANTUM METROLOGY VIA QUANTUM ERROR MITIGATION.pdf,White,yes,yes,strong,sigma-value,103,"ance detection regime, as a function of τ and σ for fixed c BT = 0.05. shown in Fig. 4-4. Here we again consider MSE as a function of BT and τ with c σ = 0.05 fixed. In this case, all three forms of ZNE significantly outperform the unmitigated Ramsey result; however, this is because the Ramsey protocol p"
White - 2025 - MANAGING ERRORS IN QUANTUM METROLOGY VIA QUANTUM ERROR MITIGATION.pdf,White,yes,yes,strong,sigma-value,104,"gure 4-6: Numerical results for MSE in B in the local folding protocol implemented est in the slope detection regime, as a function of τ and BT. Here σ = 0.05. c generally outperforming for values on either side of that band. However, due to the extremely poor performance of ZNE as well as unmitigated Ra"
White - 2025 - MANAGING ERRORS IN QUANTUM METROLOGY VIA QUANTUM ERROR MITIGATION.pdf,White,yes,yes,strong,sigma-value,105,"h of BT = 0.05. Figure 4-8: Numerical results for MSE in local folding, implemented in the variance detection regime, as a function of τ and BT. Here σ = 0.05. c BT = 0.05 fixed. In this case, we find no relative improvement for ZNE for weak noise values. For larger noise values, we find regimes for whic"
White - 2025 - MANAGING ERRORS IN QUANTUM METROLOGY VIA QUANTUM ERROR MITIGATION.pdf,White,yes,yes,strong,sigma-value,105,"features of the differences. We now consider the case of variance detection. First, in Fig. 4-8, we study the MSE as a function of τ and BT for fixed σ = 0.05. In this case, the performance c of the unmitigated Ramsey experiment is once again much worse, as expected for variance detection of a DC signal."
White - 2025 - MANAGING ERRORS IN QUANTUM METROLOGY VIA QUANTUM ERROR MITIGATION.pdf,White,yes,yes,strong,sigma-value,110,"global folding. We begin by considering Fig. 4-12, comparing the MSE for Ramsey and ZNE magnetometry as a function of τ and BT with fixed noise power σ = 0.05. c Unlike in the case of dephasing noise, here we see overwhelmingly negative results for ZNE in comparison to Ramsey. The MSE is substantially hi"
White - 2025 - MANAGING ERRORS IN QUANTUM METROLOGY VIA QUANTUM ERROR MITIGATION.pdf,White,yes,yes,strong,sigma-value,112,"4-12: Numerical results for MSE in B in the global folding protocol imple- est mented in the slope detection regime, as a function of τ and BT. Here σ = 0.05. c Figure 4-13: Numerical results for MSE in B in the global folding protocol imple- est mented in the slope detection regime, as a function of τ"
White - 2025 - MANAGING ERRORS IN QUANTUM METROLOGY VIA QUANTUM ERROR MITIGATION.pdf,White,yes,yes,strong,sigma-value,112,"4-13: Numerical results for MSE in B in the global folding protocol imple- est mented in the slope detection regime, as a function of τ and BT. Here σ = 0.05. c a noticeable change in the transition probabilities, but not so strong that ZNE is unable to effectively mitigate the results. We note here tha"
White - 2025 - MANAGING ERRORS IN QUANTUM METROLOGY VIA QUANTUM ERROR MITIGATION.pdf,White,yes,yes,strong,sigma-value,113,"14: Numerical results for MSE in B in the global folding protocol imple- est mented in the variance detection regime, as a function of τ and BT. Here σ = 0.05. c Figure 4-15: Numerical results for MSE in B in the global folding protocol imple- est mented in the variance detection regime, as a function of"
White - 2025 - MANAGING ERRORS IN QUANTUM METROLOGY VIA QUANTUM ERROR MITIGATION.pdf,White,yes,yes,strong,sigma-value,113,"15: Numerical results for MSE in B in the global folding protocol imple- est mented in the variance detection regime, as a function of τ and BT. Here σ = 0.05. c results are qualitatively identical to those that we find in the case of global folding for control noise. These results arise from the fact th"
White - 2025 - MANAGING ERRORS IN QUANTUM METROLOGY VIA QUANTUM ERROR MITIGATION.pdf,White,yes,yes,strong,sigma-value,114,"e 4-16: Numerical results for MSE in B in the local folding protocol imple- est mented in the slope detection regime, as a function of τ and BT. Here σ = 0.05. c Figure 4-17: Numerical results for MSE in B in the local folding protocol imple- est mented in the slope detection regime, as a function of τ a"
White - 2025 - MANAGING ERRORS IN QUANTUM METROLOGY VIA QUANTUM ERROR MITIGATION.pdf,White,yes,yes,strong,sigma-value,114,"e 4-17: Numerical results for MSE in B in the local folding protocol imple- est mented in the slope detection regime, as a function of τ and BT. Here σ = 0.05. c 4.3.2.2 Filter Functions For completeness, in this subsection we provide explicit forms for the filter functions associated with control noise."
White - 2025 - MANAGING ERRORS IN QUANTUM METROLOGY VIA QUANTUM ERROR MITIGATION.pdf,White,yes,yes,strong,sigma-value,115,"-18: Numerical results for MSE in B in the local folding protocol imple- est mented in the variance detection regime, as a function of τ and BT. Here σ = 0.05. c Figure 4-19: Numerical results for MSE in B in the local folding protocol imple- est mented in the variance detection regime, as a function of"
White - 2025 - MANAGING ERRORS IN QUANTUM METROLOGY VIA QUANTUM ERROR MITIGATION.pdf,White,yes,yes,strong,sigma-value,115,"-19: Numerical results for MSE in B in the local folding protocol imple- est mented in the variance detection regime, as a function of τ and BT. Here σ = 0.05. c For control noise, the relevant contributions take the form 2e2iωδtsinωδt F(1,1)(ω,τ ) = yy z ω 2eiω(τz+5δt)sinωδt F(1,3)(ω,τ ) = yy z ω 2eiωδt"
White - 2025 - MANAGING ERRORS IN QUANTUM METROLOGY VIA QUANTUM ERROR MITIGATION.pdf,White,yes,yes,strong,variance-reported,6,1.3.2.1 Sensing Hamiltonian . . . . . . . . . . . . . . . . . . 10 1.3.2.2 Example: Ramsey Protocol . . . . . . . . . . . . . . 12 1.3.2.3 Slope and Variance Detection . . . . . . . . . . . . . 15 1.3.3 Sensitivity . . . . . . . . . . . . . . . . . . . . . . . . . . . . . 16 1.3.4 Architectures . . . . . .
White - 2025 - MANAGING ERRORS IN QUANTUM METROLOGY VIA QUANTUM ERROR MITIGATION.pdf,White,yes,yes,strong,variance-reported,11,"tionandinversionunitariesareshownforsingle-qubitand GHZ sensing. In the single qubit case, the inversion procedure depends upon the operating regime. Variance detection utilizes √ √ † † V = Y gate, while slope detection corresponds to V = X . 2 2 The sensor system is subject to a designated protocol, where"
White - 2025 - MANAGING ERRORS IN QUANTUM METROLOGY VIA QUANTUM ERROR MITIGATION.pdf,White,yes,yes,strong,variance-reported,15,"Figure 4-4Numerical results for MSE in the case of the global folding protocol implemented in the variance detection regime, as a function of BT and τ . Again σ = 0.05 is fixed. . . . . . . . . . 83 c Figure 4-5Numerical results for MSE in the case of the"
White - 2025 - MANAGING ERRORS IN QUANTUM METROLOGY VIA QUANTUM ERROR MITIGATION.pdf,White,yes,yes,strong,variance-reported,15,"τ . Again σ = 0.05 is fixed. . . . . . . . . . 83 c Figure 4-5Numerical results for MSE in the case of the global folding protocol implemented in the variance detection regime, as a function of τ and σ for fixed BT = 0.05. . . . . . . . . . . . . 84 c Figure 4-6Numerical results for MSE in B in the local fo"
White - 2025 - MANAGING ERRORS IN QUANTUM METROLOGY VIA QUANTUM ERROR MITIGATION.pdf,White,yes,yes,strong,variance-reported,15,"field strength of BT = 0.05. . . . . . . . . . . . . . . . . . . . . . . 86 Figure 4-8Numerical results for MSE in local folding, implemented in the variance detection regime, as a function of τ and BT. Here c σ = 0.05. . . . . . . . . . . . . . . . . . . . . . . . . . . . . . . 86 Figure 4-9Numerical resu"
White - 2025 - MANAGING ERRORS IN QUANTUM METROLOGY VIA QUANTUM ERROR MITIGATION.pdf,White,yes,yes,strong,variance-reported,15,"e c σ = 0.05. . . . . . . . . . . . . . . . . . . . . . . . . . . . . . . 86 Figure 4-9Numerical results for MSE in local folding, implemented in the variance detection regime, as a function of τ and σ. Here c BT = 0.05. . . . . . . . . . . . . . . . . . . . . . . . . . . . . . 87 xv"
White - 2025 - MANAGING ERRORS IN QUANTUM METROLOGY VIA QUANTUM ERROR MITIGATION.pdf,White,yes,yes,strong,variance-reported,17,"σ = 0.05. . . . . . . . . . . . . . . . . . . . . . 93 Figure4-14Numerical results for MSE in B in the global folding protocol est implemented in the variance detection regime, as a function of τ and BT. Here σ = 0.05. . . . . . . . . . . . . . . . . . . . . 94 c Figure4-15Numerical results for MSE in B in"
White - 2025 - MANAGING ERRORS IN QUANTUM METROLOGY VIA QUANTUM ERROR MITIGATION.pdf,White,yes,yes,strong,variance-reported,17,"σ = 0.05. . . . . . . . . . . . . . . . . . . . . 94 c Figure4-15Numerical results for MSE in B in the global folding protocol est implemented in the variance detection regime, as a function of τ and BT. Here σ = 0.05. . . . . . . . . . . . . . . . . . . . . 94 c Figure4-16Numerical results for MSE in B in"
White - 2025 - MANAGING ERRORS IN QUANTUM METROLOGY VIA QUANTUM ERROR MITIGATION.pdf,White,yes,yes,strong,variance-reported,17,"σ = 0.05. . . . . . . . . . . . . . . . . . . . . . 95 Figure4-18Numerical results for MSE in B in the local folding protocol est implemented in the variance detection regime, as a function of τ and BT. Here σ = 0.05. . . . . . . . . . . . . . . . . . . . . 96 c Figure4-19Numerical results for MSE in B in"
White - 2025 - MANAGING ERRORS IN QUANTUM METROLOGY VIA QUANTUM ERROR MITIGATION.pdf,White,yes,yes,strong,variance-reported,17,"σ = 0.05. . . . . . . . . . . . . . . . . . . . . 96 c Figure4-19Numerical results for MSE in B in the local folding protocol est implemented in the variance detection regime, as a function of τ and BT. Here σ = 0.05. . . . . . . . . . . . . . . . . . . . . 96 c Figure4-20Global folding filter functions fo"
White - 2025 - MANAGING ERRORS IN QUANTUM METROLOGY VIA QUANTUM ERROR MITIGATION.pdf,White,yes,yes,strong,variance-reported,34,erefore enhanced and scales according to the number of qubits n. This is an example of the “Heisenberg limit” in quantum metrology. 1.3.2.3 Slope and Variance Detection The goal of quantum sensing is to detect very small signals. It is therefore often convenient to measure deviations of signals from well-de
White - 2025 - MANAGING ERRORS IN QUANTUM METROLOGY VIA QUANTUM ERROR MITIGATION.pdf,White,yes,yes,strong,variance-reported,34,"from this 0 probability δp using quantum sensing protocols. There are two main examples of this approach which we will consider: slope detection and variance detection. Here we describe the implementation of these two detection modes in the context of the (single-qubit) Ramsey experiment. From Eq. (1.23),"
White - 2025 - MANAGING ERRORS IN QUANTUM METROLOGY VIA QUANTUM ERROR MITIGATION.pdf,White,yes,yes,strong,variance-reported,35,"e no useful information. Instead, it is convenient to bias the 0 system to a point of minimum slope, which instead favors the detection of the signal variance. In this case, the reference probability is set to p = 0, or ω t = kπ. A signal 0 0 with ⟨δS2⟩ = S2 then produces a mean transition probability [29]"
White - 2025 - MANAGING ERRORS IN QUANTUM METROLOGY VIA QUANTUM ERROR MITIGATION.pdf,White,yes,yes,strong,variance-reported,64,"However, multiple copies of the quantum state must be prepared in parallel, which accrues a substantial amount of sampling overhead. In addition, the variance of the resulting estimates may grow with n. 45"
White - 2025 - MANAGING ERRORS IN QUANTUM METROLOGY VIA QUANTUM ERROR MITIGATION.pdf,White,yes,yes,strong,variance-reported,67,"inversion unitaries are shown for single-qubit and GHZ sensing. In the single qubit case, the inversion procedure depends upon the operating regime. Variance detection √ √ † † utilizes V = Y gate, while slope detection corresponds to V = X . The sensor 2 2 system is subject to a designated protocol, where"
White - 2025 - MANAGING ERRORS IN QUANTUM METROLOGY VIA QUANTUM ERROR MITIGATION.pdf,White,yes,yes,strong,variance-reported,68,"1⟩ state given by p = 1[1−cos(Bt)] (3.2) 1 2 so that a measurement of p can be used to infer the magnetic field strength B. This 1 regime is known as variance detection, since p scales as B2 for small Bt. However, the 1 Ramsey protocol is most sensitive to weak fields in the so-called slope detection regime"
White - 2025 - MANAGING ERRORS IN QUANTUM METROLOGY VIA QUANTUM ERROR MITIGATION.pdf,White,yes,yes,strong,variance-reported,69,"X is applied to complete the evolution. Note that this is formally equivalent √ † to considering a bias field of B = π/2t and applying Y . Similarly, variance 0 √ † detection (B = 0) can be realized by maintaining the Y operation. Throughout 0 this study, we will use the Ramsey protocol as a benchmark for Z"
White - 2025 - MANAGING ERRORS IN QUANTUM METROLOGY VIA QUANTUM ERROR MITIGATION.pdf,White,yes,yes,strong,variance-reported,79,"hms. Fig. 3-6 shows the average error in B as a function of the true field strength, for the Ramsey and ZNE fitting methods, using both the slope and variance detection protocols. At the lowest values of B, the slope detection scheme with ZNE fitting performs best, although it is quickly overtaken by Ramsey"
White - 2025 - MANAGING ERRORS IN QUANTUM METROLOGY VIA QUANTUM ERROR MITIGATION.pdf,White,yes,yes,strong,variance-reported,79,"ocols. At the lowest values of B, the slope detection scheme with ZNE fitting performs best, although it is quickly overtaken by Ramsey fitting using variance 60"
White - 2025 - MANAGING ERRORS IN QUANTUM METROLOGY VIA QUANTUM ERROR MITIGATION.pdf,White,yes,yes,strong,variance-reported,80,"101 100 10 1 10 2 0.0 0.1 0.2 0.3 0.4 0.5 0.6 0.7 B |B/)B tse B(| Ramsey, slope detection ZNE, slope detection Ramsey, variance detection ZNE, variance detection Figure3-6: RelativeerrorintheestimatedB forRamseyandZNEversionsofthenoise- informed two-parameter fitting method, s"
White - 2025 - MANAGING ERRORS IN QUANTUM METROLOGY VIA QUANTUM ERROR MITIGATION.pdf,White,yes,yes,strong,variance-reported,80,"101 100 10 1 10 2 0.0 0.1 0.2 0.3 0.4 0.5 0.6 0.7 B |B/)B tse B(| Ramsey, slope detection ZNE, slope detection Ramsey, variance detection ZNE, variance detection Figure3-6: RelativeerrorintheestimatedB forRamseyandZNEversionsofthenoise- informed two-parameter fitting method, subject to phase damping"
White - 2025 - MANAGING ERRORS IN QUANTUM METROLOGY VIA QUANTUM ERROR MITIGATION.pdf,White,yes,yes,strong,variance-reported,80,"nt two-parameter methods do not provide an advantage over the noise-agnostic approach used earlier, whereas at larger fields the two-parameter Ramsey variance detection scheme has significantly lower errors than all other approaches considered. At a large phase damping strength of λ = 0.2, the advantage of"
White - 2025 - MANAGING ERRORS IN QUANTUM METROLOGY VIA QUANTUM ERROR MITIGATION.pdf,White,yes,yes,strong,variance-reported,85,"100 10 1 10 2 0.0 0.1 0.2 0.3 0.4 0.5 0.6 0.7 B |B/)B tse B(| Ramsey, slope detection ZNE, slope detection Ramsey, variance detection ZNE, variance detection Figure 3-10: Relative error in the estimated B for the ordinary Ramsey and ZNE protocols with amplitude damping noi"
White - 2025 - MANAGING ERRORS IN QUANTUM METROLOGY VIA QUANTUM ERROR MITIGATION.pdf,White,yes,yes,strong,variance-reported,85,"100 10 1 10 2 0.0 0.1 0.2 0.3 0.4 0.5 0.6 0.7 B |B/)B tse B(| Ramsey, slope detection ZNE, slope detection Ramsey, variance detection ZNE, variance detection Figure 3-10: Relative error in the estimated B for the ordinary Ramsey and ZNE protocols with amplitude damping noise. In this case, the ex"
White - 2025 - MANAGING ERRORS IN QUANTUM METROLOGY VIA QUANTUM ERROR MITIGATION.pdf,White,yes,yes,strong,variance-reported,85,"e Ramsey and ZNE approaches improve substantially, owing to the fact that more accurate estimation is being performed. However, we also note that the variance detection Ramsey sequences generally outperform ZNE for almost all values of B, similarly to the phase damping case. At low B, the ZNE and Ramsey slo"
White - 2025 - MANAGING ERRORS IN QUANTUM METROLOGY VIA QUANTUM ERROR MITIGATION.pdf,White,yes,yes,strong,variance-reported,92,"WefindthatZNEdoesofferimprovementsoverunmitigatedRamseyinterferometry, although the improvement is not universal. In the case of variance detection, ZNE is generally effective at reducing the mean-squared estimate (MSE) of the error in B with respect to the Ramsey experiment. While this"
White - 2025 - MANAGING ERRORS IN QUANTUM METROLOGY VIA QUANTUM ERROR MITIGATION.pdf,White,yes,yes,strong,variance-reported,92,"sey experiment. While this effect is generally robust, the absolute magnitudes of MSE for both Ramsey and ZNE are substantially larger in the case of variance detection than in slope detection, limiting its usefulness. In the case of slope detection, we find more sporadic improvement, arising from the prese"
White - 2025 - MANAGING ERRORS IN QUANTUM METROLOGY VIA QUANTUM ERROR MITIGATION.pdf,White,yes,yes,strong,variance-reported,94,"2 (4.6) 1 = sin(Bτ ). z 2 The transition probabilities can be measured and Eq. (4.6) can be inverted to find B. We will also consider the regime of “variance detection”, in which the Ramsey protocol is least sensitive to small deviations in the signal to be measured. In this regime, B = 0, and transition p"
White - 2025 - MANAGING ERRORS IN QUANTUM METROLOGY VIA QUANTUM ERROR MITIGATION.pdf,White,yes,yes,strong,variance-reported,94,"unnecessary. 0 Instead, the effect of the bias can be accounted for by changing the axis along which the control pulses act. In order to achieve the variance detection regime, we implement the Ramsey interferometry protocol via a Y and Y rotation. Unlike in the π/2 −π/2 previous chapter, we implement slope"
White - 2025 - MANAGING ERRORS IN QUANTUM METROLOGY VIA QUANTUM ERROR MITIGATION.pdf,White,yes,yes,strong,variance-reported,95,"to N discrete steps, δt = T/N is the duration of a step. Finally, ξ is a k random variable sampled from a normal distribution with zero mean and unit variance (i.e., a Wiener process). The OU process is initialized with x sampled from a normal 0 distribution with variance σ, which is related to the noise po"
White - 2025 - MANAGING ERRORS IN QUANTUM METROLOGY VIA QUANTUM ERROR MITIGATION.pdf,White,yes,yes,strong,variance-reported,95,"istribution with zero mean and unit variance (i.e., a Wiener process). The OU process is initialized with x sampled from a normal 0 distribution with variance σ, which is related to the noise power. The correlation function associated to the process defined above is C(t) = σ2e−θ|t| (4.9) 76"
White - 2025 - MANAGING ERRORS IN QUANTUM METROLOGY VIA QUANTUM ERROR MITIGATION.pdf,White,yes,yes,strong,variance-reported,99,"rcuit. Note that in collecting these B values, we invert the noiseless values ˜ ˜ for δp (t) given by Eq.(4.6) (for slope detection) or Eq.(4.7) (for variance detection). 1 We take the set of noisy B values as given and use them in a naive one-parameter fit, from which we find B = B(|ϵ(t)| = 0). The fit is"
White - 2025 - MANAGING ERRORS IN QUANTUM METROLOGY VIA QUANTUM ERROR MITIGATION.pdf,White,yes,yes,strong,variance-reported,100,ss the performance of ZNE relative to an unmitigated Ramsey measurement in the case of global folding. We will discuss results for both the slope and variance detection regime in terms of the mean-squared error in B relative to est the known true value of B. The case of global folding in the slope detection
White - 2025 - MANAGING ERRORS IN QUANTUM METROLOGY VIA QUANTUM ERROR MITIGATION.pdf,White,yes,yes,strong,variance-reported,102,"Figure 4-4: Numerical results for MSE in the case of the global folding protocol implemented in the variance detection regime, as a function of BT and τ . Again c σ = 0.05 is fixed. noise. In the case of linear and quadratic fitting, Ramsey performs substant"
White - 2025 - MANAGING ERRORS IN QUANTUM METROLOGY VIA QUANTUM ERROR MITIGATION.pdf,White,yes,yes,strong,variance-reported,102,"a few folds, and all of the fitting procedures are unable to produce more accurate results than the unmitigated case. We now consider the case of the variance detection regime, with numerical results 83"
White - 2025 - MANAGING ERRORS IN QUANTUM METROLOGY VIA QUANTUM ERROR MITIGATION.pdf,White,yes,yes,strong,variance-reported,103,"Figure 4-5: Numerical results for MSE in the case of the global folding protocol implemented in the variance detection regime, as a function of τ and σ for fixed c BT = 0.05. shown in Fig. 4-4. Here we again consider MSE as a function of BT and τ with c σ ="
White - 2025 - MANAGING ERRORS IN QUANTUM METROLOGY VIA QUANTUM ERROR MITIGATION.pdf,White,yes,yes,strong,variance-reported,103,nce of all forms of ZNE in this case are still substantially worse in absolute magnitude than in others. The poor performance of all protocols in the variance detection regime arises from the fact that the variance-detection bias point is precisely the point at which the measured transition probability p is
White - 2025 - MANAGING ERRORS IN QUANTUM METROLOGY VIA QUANTUM ERROR MITIGATION.pdf,White,yes,yes,strong,variance-reported,103,"ally worse in absolute magnitude than in others. The poor performance of all protocols in the variance detection regime arises from the fact that the variance-detection bias point is precisely the point at which the measured transition probability p is least sensitive to small variations in the signal B, 1"
White - 2025 - MANAGING ERRORS IN QUANTUM METROLOGY VIA QUANTUM ERROR MITIGATION.pdf,White,yes,yes,strong,variance-reported,103,"s point is precisely the point at which the measured transition probability p is least sensitive to small variations in the signal B, 1 and therefore variance detection is the least optimal regime in which to detect small, constant signals. Finally, in Fig. 4-5, we consider the case of the variance detectio"
White - 2025 - MANAGING ERRORS IN QUANTUM METROLOGY VIA QUANTUM ERROR MITIGATION.pdf,White,yes,yes,strong,variance-reported,103,"herefore variance detection is the least optimal regime in which to detect small, constant signals. Finally, in Fig. 4-5, we consider the case of the variance detection regime, studying the MSE as a function of τ and σ for a fixed signal BT = 0.05. Once again, in this c regime the unmitigated Ramsey experim"
White - 2025 - MANAGING ERRORS IN QUANTUM METROLOGY VIA QUANTUM ERROR MITIGATION.pdf,White,yes,yes,strong,variance-reported,103,"unction of τ and σ for a fixed signal BT = 0.05. Once again, in this c regime the unmitigated Ramsey experiment performs poorly, as expected from the variance detection protocol in the case of a DC magnetic field. However, here we find that the performance of ZNE is worse relative to that the Ramsey protoco"
White - 2025 - MANAGING ERRORS IN QUANTUM METROLOGY VIA QUANTUM ERROR MITIGATION.pdf,White,yes,yes,strong,variance-reported,105,"e results are computed c for a fixed magnetic field strength of BT = 0.05. Figure 4-8: Numerical results for MSE in local folding, implemented in the variance detection regime, as a function of τ and BT. Here σ = 0.05. c BT = 0.05 fixed. In this case, we find no relative improvement for ZNE for weak noise v"
White - 2025 - MANAGING ERRORS IN QUANTUM METROLOGY VIA QUANTUM ERROR MITIGATION.pdf,White,yes,yes,strong,variance-reported,105,"is substantially reduced in this figure relative to Fig. 4-6, in order to see more detailed features of the differences. We now consider the case of variance detection. First, in Fig. 4-8, we study the MSE as a function of τ and BT for fixed σ = 0.05. In this case, the performance c of the unmitigated Rams"
White - 2025 - MANAGING ERRORS IN QUANTUM METROLOGY VIA QUANTUM ERROR MITIGATION.pdf,White,yes,yes,strong,variance-reported,105,"nction of τ and BT for fixed σ = 0.05. In this case, the performance c of the unmitigated Ramsey experiment is once again much worse, as expected for variance detection of a DC signal. Interestingly, here the performance of all three ZNE protocols is uniform, with ZNE outperforming Ramsey for noise with rel"
White - 2025 - MANAGING ERRORS IN QUANTUM METROLOGY VIA QUANTUM ERROR MITIGATION.pdf,White,yes,yes,strong,variance-reported,105,"with relatively low correlation time and underperforming as τ increases. This relationship is clarified c in Fig. 4-9, where we consider the case of variance detection as a function of τ and c 86"
White - 2025 - MANAGING ERRORS IN QUANTUM METROLOGY VIA QUANTUM ERROR MITIGATION.pdf,White,yes,yes,strong,variance-reported,106,"Figure 4-9: Numerical results for MSE in local folding, implemented in the variance detection regime, as a function of τ and σ. Here BT = 0.05. c σ, with BT = 0.05 fixed. It can be seen in the latter figure that all three types of ZN"
White - 2025 - MANAGING ERRORS IN QUANTUM METROLOGY VIA QUANTUM ERROR MITIGATION.pdf,White,yes,yes,strong,variance-reported,109,"of Bτ , s except in the case of very weak signals for a quadratic fit, where the added noise causes the fit to break down. Meanwhile, in the case of variance detection, we primarily find global folding outperforming local folding; this effect likely arises because variance detection is already a highly ina"
White - 2025 - MANAGING ERRORS IN QUANTUM METROLOGY VIA QUANTUM ERROR MITIGATION.pdf,White,yes,yes,strong,variance-reported,109,"k down. Meanwhile, in the case of variance detection, we primarily find global folding outperforming local folding; this effect likely arises because variance detection is already a highly inaccurate estimation method for sensing DC signals, and therefore the addition of a significant amount of extra noise"
White - 2025 - MANAGING ERRORS IN QUANTUM METROLOGY VIA QUANTUM ERROR MITIGATION.pdf,White,yes,yes,strong,variance-reported,112,"ditional applications of ZNE to control noise. In the case of Fig. 4-14 and Fig. 4-15, we study the effects of ZNE on mitigating control noise in the variance detection regime. We once again find qualitatively similar results to those seen in the case of dephasing noise in the variance detection regime, and"
White - 2025 - MANAGING ERRORS IN QUANTUM METROLOGY VIA QUANTUM ERROR MITIGATION.pdf,White,yes,yes,strong,variance-reported,112,"control noise in the variance detection regime. We once again find qualitatively similar results to those seen in the case of dephasing noise in the variance detection regime, and the same arguments presented in the previous subsection apply here as well: while ZNE demonstrates improvement over the unmitig"
White - 2025 - MANAGING ERRORS IN QUANTUM METROLOGY VIA QUANTUM ERROR MITIGATION.pdf,White,yes,yes,strong,variance-reported,112,"ors in comparison with the slope detection method. Finally, we also consider the application of local folding to control noise, in both the slope and variance detection regimes, in Figs. 4-16-4-19. These 93"
White - 2025 - MANAGING ERRORS IN QUANTUM METROLOGY VIA QUANTUM ERROR MITIGATION.pdf,White,yes,yes,strong,variance-reported,113,"Figure 4-14: Numerical results for MSE in B in the global folding protocol imple- est mented in the variance detection regime, as a function of τ and BT. Here σ = 0.05. c Figure 4-15: Numerical results for MSE in B in the global folding protocol imple- est m"
White - 2025 - MANAGING ERRORS IN QUANTUM METROLOGY VIA QUANTUM ERROR MITIGATION.pdf,White,yes,yes,strong,variance-reported,113,"gime, as a function of τ and BT. Here σ = 0.05. c Figure 4-15: Numerical results for MSE in B in the global folding protocol imple- est mented in the variance detection regime, as a function of τ and BT. Here σ = 0.05. c results are qualitatively identical to those that we find in the case of global folding"
White - 2025 - MANAGING ERRORS IN QUANTUM METROLOGY VIA QUANTUM ERROR MITIGATION.pdf,White,yes,yes,strong,variance-reported,115,"Figure 4-18: Numerical results for MSE in B in the local folding protocol imple- est mented in the variance detection regime, as a function of τ and BT. Here σ = 0.05. c Figure 4-19: Numerical results for MSE in B in the local folding protocol imple- est me"
White - 2025 - MANAGING ERRORS IN QUANTUM METROLOGY VIA QUANTUM ERROR MITIGATION.pdf,White,yes,yes,strong,variance-reported,115,"egime, as a function of τ and BT. Here σ = 0.05. c Figure 4-19: Numerical results for MSE in B in the local folding protocol imple- est mented in the variance detection regime, as a function of τ and BT. Here σ = 0.05. c For control noise, the relevant contributions take the form 2e2iωδtsinωδt F(1,1)(ω,τ )"
White - 2025 - MANAGING ERRORS IN QUANTUM METROLOGY VIA QUANTUM ERROR MITIGATION.pdf,White,yes,yes,strong,variance-reported,150,"ection, we apply the general formalism developed above to the case of dephasingnoise. Asdiscussedinthemainbodyofthepaper, thecircuitscorresponding to variance and slope detection involve different rotation gates. As a result, the surviving filter function terms will differ between the two approaches. We wil"
White - 2025 - MANAGING ERRORS IN QUANTUM METROLOGY VIA QUANTUM ERROR MITIGATION.pdf,White,yes,yes,weak,uncertainty,35,"is capable of detecting defines its sensitivity. Formally, when detecting a parameter φ via a quantum measurement, the sensitivity is related to the uncertainty in the measurement ∆φ. The goal of quantum sensing is typically to minimize ∆φ. Generally, ∆φ is dependent on a number of factors, but there are two"
White - 2025 - MANAGING ERRORS IN QUANTUM METROLOGY VIA QUANTUM ERROR MITIGATION.pdf,White,yes,yes,weak,uncertainty,35,"he context of independent quantum resources: for example, a sensor consisting of N identical, non-entangled qubits. In such a system, the measurement uncertainty will scale as 1 ∆φ ∼ √ . (1.31) N The value arises as a consequence of the central limit theorem, and is related to classical shot noise: a series of"
White - 2025 - MANAGING ERRORS IN QUANTUM METROLOGY VIA QUANTUM ERROR MITIGATION.pdf,White,yes,yes,weak,uncertainty,36,"sensors. Furthermore, the HL represents a fundamental limit on the sensitivity of any device. As its name suggests, the HL arises from the Heisenberg uncertainty principle, which relates the uncertainty of two conjugate variables A and B by 1⃓ ⃓ ∆A∆B ≥ ⃓⟨[A,B]⟩⃓. (1.33) 2⃓ ⃓ The HL arises when this bound is sa"
White - 2025 - MANAGING ERRORS IN QUANTUM METROLOGY VIA QUANTUM ERROR MITIGATION.pdf,White,yes,yes,weak,uncertainty,36,"fundamental limit on the sensitivity of any device. As its name suggests, the HL arises from the Heisenberg uncertainty principle, which relates the uncertainty of two conjugate variables A and B by 1⃓ ⃓ ∆A∆B ≥ ⃓⟨[A,B]⟩⃓. (1.33) 2⃓ ⃓ The HL arises when this bound is saturated, and therefore Heisenberg-limited"
White - 2025 - MANAGING ERRORS IN QUANTUM METROLOGY VIA QUANTUM ERROR MITIGATION.pdf,White,yes,yes,weak,fluctuation,11,"4 shots, s and three levels of folding (m = 0,1,2) are used for the linear extrapolation. The value of ν is calculated using n = 5000 trials. t Small fluctuations arise due to the finite number of shots and trials. . . . . . . . . . . . . . . . . . . . . . . . . . . . . . . . 56 xi"
White - 2025 - MANAGING ERRORS IN QUANTUM METROLOGY VIA QUANTUM ERROR MITIGATION.pdf,White,yes,yes,weak,fluctuation,52,"present the influence of external interactions on the system, and the β (t) terms i are the stochastic coefficients that capture the effect of random fluctuations in the noisy interactions. The β (t) coefficients can take a variety of forms, depending on i the precise type of environmental interactions under c"
White - 2025 - MANAGING ERRORS IN QUANTUM METROLOGY VIA QUANTUM ERROR MITIGATION.pdf,White,yes,yes,weak,fluctuation,75,"4 shots, and three levels of folding (m = 0,1,2) are used for s the linear extrapolation. The value of ν is calculated using n = 5000 trials. Small t fluctuations arise due to the finite number of shots and trials. by setting the total number of shots or total sensing times equal (or both). Thus, if n f is the"
White - 2025 - MANAGING ERRORS IN QUANTUM METROLOGY VIA QUANTUM ERROR MITIGATION.pdf,White,yes,yes,weak,fluctuation,76,"o the finite number of shots, since the latter method fits the data to a polynomial of degree one less than the number of points. As a result, random fluctuations due to shot noise are fit in this approach, leading to overfitting and poor extrapolation for weak signals. At intermediate B, exponential fits prod"
White - 2025 - MANAGING ERRORS IN QUANTUM METROLOGY VIA QUANTUM ERROR MITIGATION.pdf,White,yes,yes,weak,fluctuation,132,"itional phase damping channel λ which follows the U s sense operation. This approach is justified from the fact that phase damping arises from random fluctuations in the σz coupling, and so commutes with the signal that is being sensed. Fig. A-1 compares the relative B estimate error in the absence and in the"
White - 2025 - MANAGING ERRORS IN QUANTUM METROLOGY VIA QUANTUM ERROR MITIGATION.pdf,White,yes,yes,weak,variance-general,6,1.3.2.1 Sensing Hamiltonian . . . . . . . . . . . . . . . . . . 10 1.3.2.2 Example: Ramsey Protocol . . . . . . . . . . . . . . 12 1.3.2.3 Slope and Variance Detection . . . . . . . . . . . . . 15 1.3.3 Sensitivity . . . . . . . . . . . . . . . . . . . . . . . . . . . . . 16 1.3.4 Architectures . . . . . .
White - 2025 - MANAGING ERRORS IN QUANTUM METROLOGY VIA QUANTUM ERROR MITIGATION.pdf,White,yes,yes,weak,variance-general,11,"tionandinversionunitariesareshownforsingle-qubitand GHZ sensing. In the single qubit case, the inversion procedure depends upon the operating regime. Variance detection utilizes √ √ † † V = Y gate, while slope detection corresponds to V = X . 2 2 The sensor system is subject to a designated protocol, where"
White - 2025 - MANAGING ERRORS IN QUANTUM METROLOGY VIA QUANTUM ERROR MITIGATION.pdf,White,yes,yes,weak,variance-general,15,"Figure 4-4Numerical results for MSE in the case of the global folding protocol implemented in the variance detection regime, as a function of BT and τ . Again σ = 0.05 is fixed. . . . . . . . . . 83 c Figure 4-5Numerical results for MSE in the case of the"
White - 2025 - MANAGING ERRORS IN QUANTUM METROLOGY VIA QUANTUM ERROR MITIGATION.pdf,White,yes,yes,weak,variance-general,15,"τ . Again σ = 0.05 is fixed. . . . . . . . . . 83 c Figure 4-5Numerical results for MSE in the case of the global folding protocol implemented in the variance detection regime, as a function of τ and σ for fixed BT = 0.05. . . . . . . . . . . . . 84 c Figure 4-6Numerical results for MSE in B in the local fo"
White - 2025 - MANAGING ERRORS IN QUANTUM METROLOGY VIA QUANTUM ERROR MITIGATION.pdf,White,yes,yes,weak,variance-general,15,"field strength of BT = 0.05. . . . . . . . . . . . . . . . . . . . . . . 86 Figure 4-8Numerical results for MSE in local folding, implemented in the variance detection regime, as a function of τ and BT. Here c σ = 0.05. . . . . . . . . . . . . . . . . . . . . . . . . . . . . . . 86 Figure 4-9Numerical resu"
White - 2025 - MANAGING ERRORS IN QUANTUM METROLOGY VIA QUANTUM ERROR MITIGATION.pdf,White,yes,yes,weak,variance-general,15,"e c σ = 0.05. . . . . . . . . . . . . . . . . . . . . . . . . . . . . . . 86 Figure 4-9Numerical results for MSE in local folding, implemented in the variance detection regime, as a function of τ and σ. Here c BT = 0.05. . . . . . . . . . . . . . . . . . . . . . . . . . . . . . 87 xv"
White - 2025 - MANAGING ERRORS IN QUANTUM METROLOGY VIA QUANTUM ERROR MITIGATION.pdf,White,yes,yes,weak,variance-general,17,"σ = 0.05. . . . . . . . . . . . . . . . . . . . . . 93 Figure4-14Numerical results for MSE in B in the global folding protocol est implemented in the variance detection regime, as a function of τ and BT. Here σ = 0.05. . . . . . . . . . . . . . . . . . . . . 94 c Figure4-15Numerical results for MSE in B in"
White - 2025 - MANAGING ERRORS IN QUANTUM METROLOGY VIA QUANTUM ERROR MITIGATION.pdf,White,yes,yes,weak,variance-general,17,"σ = 0.05. . . . . . . . . . . . . . . . . . . . . 94 c Figure4-15Numerical results for MSE in B in the global folding protocol est implemented in the variance detection regime, as a function of τ and BT. Here σ = 0.05. . . . . . . . . . . . . . . . . . . . . 94 c Figure4-16Numerical results for MSE in B in"
White - 2025 - MANAGING ERRORS IN QUANTUM METROLOGY VIA QUANTUM ERROR MITIGATION.pdf,White,yes,yes,weak,variance-general,17,"σ = 0.05. . . . . . . . . . . . . . . . . . . . . . 95 Figure4-18Numerical results for MSE in B in the local folding protocol est implemented in the variance detection regime, as a function of τ and BT. Here σ = 0.05. . . . . . . . . . . . . . . . . . . . . 96 c Figure4-19Numerical results for MSE in B in"
White - 2025 - MANAGING ERRORS IN QUANTUM METROLOGY VIA QUANTUM ERROR MITIGATION.pdf,White,yes,yes,weak,variance-general,17,"σ = 0.05. . . . . . . . . . . . . . . . . . . . . 96 c Figure4-19Numerical results for MSE in B in the local folding protocol est implemented in the variance detection regime, as a function of τ and BT. Here σ = 0.05. . . . . . . . . . . . . . . . . . . . . 96 c Figure4-20Global folding filter functions fo"
White - 2025 - MANAGING ERRORS IN QUANTUM METROLOGY VIA QUANTUM ERROR MITIGATION.pdf,White,yes,yes,weak,variance-general,34,erefore enhanced and scales according to the number of qubits n. This is an example of the “Heisenberg limit” in quantum metrology. 1.3.2.3 Slope and Variance Detection The goal of quantum sensing is to detect very small signals. It is therefore often convenient to measure deviations of signals from well-de
White - 2025 - MANAGING ERRORS IN QUANTUM METROLOGY VIA QUANTUM ERROR MITIGATION.pdf,White,yes,yes,weak,variance-general,34,"from this 0 probability δp using quantum sensing protocols. There are two main examples of this approach which we will consider: slope detection and variance detection. Here we describe the implementation of these two detection modes in the context of the (single-qubit) Ramsey experiment. From Eq. (1.23),"
White - 2025 - MANAGING ERRORS IN QUANTUM METROLOGY VIA QUANTUM ERROR MITIGATION.pdf,White,yes,yes,weak,variance-general,35,"e no useful information. Instead, it is convenient to bias the 0 system to a point of minimum slope, which instead favors the detection of the signal variance. In this case, the reference probability is set to p = 0, or ω t = kπ. A signal 0 0 with ⟨δS2⟩ = S2 then produces a mean transition probability [29]"
White - 2025 - MANAGING ERRORS IN QUANTUM METROLOGY VIA QUANTUM ERROR MITIGATION.pdf,White,yes,yes,weak,variance-general,64,"However, multiple copies of the quantum state must be prepared in parallel, which accrues a substantial amount of sampling overhead. In addition, the variance of the resulting estimates may grow with n. 45"
White - 2025 - MANAGING ERRORS IN QUANTUM METROLOGY VIA QUANTUM ERROR MITIGATION.pdf,White,yes,yes,weak,variance-general,67,"inversion unitaries are shown for single-qubit and GHZ sensing. In the single qubit case, the inversion procedure depends upon the operating regime. Variance detection √ √ † † utilizes V = Y gate, while slope detection corresponds to V = X . The sensor 2 2 system is subject to a designated protocol, where"
White - 2025 - MANAGING ERRORS IN QUANTUM METROLOGY VIA QUANTUM ERROR MITIGATION.pdf,White,yes,yes,weak,variance-general,68,"1⟩ state given by p = 1[1−cos(Bt)] (3.2) 1 2 so that a measurement of p can be used to infer the magnetic field strength B. This 1 regime is known as variance detection, since p scales as B2 for small Bt. However, the 1 Ramsey protocol is most sensitive to weak fields in the so-called slope detection regime"
White - 2025 - MANAGING ERRORS IN QUANTUM METROLOGY VIA QUANTUM ERROR MITIGATION.pdf,White,yes,yes,weak,variance-general,69,"X is applied to complete the evolution. Note that this is formally equivalent √ † to considering a bias field of B = π/2t and applying Y . Similarly, variance 0 √ † detection (B = 0) can be realized by maintaining the Y operation. Throughout 0 this study, we will use the Ramsey protocol as a benchmark for Z"
White - 2025 - MANAGING ERRORS IN QUANTUM METROLOGY VIA QUANTUM ERROR MITIGATION.pdf,White,yes,yes,weak,variance-general,79,"hms. Fig. 3-6 shows the average error in B as a function of the true field strength, for the Ramsey and ZNE fitting methods, using both the slope and variance detection protocols. At the lowest values of B, the slope detection scheme with ZNE fitting performs best, although it is quickly overtaken by Ramsey"
White - 2025 - MANAGING ERRORS IN QUANTUM METROLOGY VIA QUANTUM ERROR MITIGATION.pdf,White,yes,yes,weak,variance-general,79,"ocols. At the lowest values of B, the slope detection scheme with ZNE fitting performs best, although it is quickly overtaken by Ramsey fitting using variance 60"
White - 2025 - MANAGING ERRORS IN QUANTUM METROLOGY VIA QUANTUM ERROR MITIGATION.pdf,White,yes,yes,weak,variance-general,80,"101 100 10 1 10 2 0.0 0.1 0.2 0.3 0.4 0.5 0.6 0.7 B |B/)B tse B(| Ramsey, slope detection ZNE, slope detection Ramsey, variance detection ZNE, variance detection Figure3-6: RelativeerrorintheestimatedB forRamseyandZNEversionsofthenoise- informed two-parameter fitting method, s"
White - 2025 - MANAGING ERRORS IN QUANTUM METROLOGY VIA QUANTUM ERROR MITIGATION.pdf,White,yes,yes,weak,variance-general,80,"101 100 10 1 10 2 0.0 0.1 0.2 0.3 0.4 0.5 0.6 0.7 B |B/)B tse B(| Ramsey, slope detection ZNE, slope detection Ramsey, variance detection ZNE, variance detection Figure3-6: RelativeerrorintheestimatedB forRamseyandZNEversionsofthenoise- informed two-parameter fitting method, subject to phase damping"
White - 2025 - MANAGING ERRORS IN QUANTUM METROLOGY VIA QUANTUM ERROR MITIGATION.pdf,White,yes,yes,weak,variance-general,80,"nt two-parameter methods do not provide an advantage over the noise-agnostic approach used earlier, whereas at larger fields the two-parameter Ramsey variance detection scheme has significantly lower errors than all other approaches considered. At a large phase damping strength of λ = 0.2, the advantage of"
White - 2025 - MANAGING ERRORS IN QUANTUM METROLOGY VIA QUANTUM ERROR MITIGATION.pdf,White,yes,yes,weak,variance-general,85,"100 10 1 10 2 0.0 0.1 0.2 0.3 0.4 0.5 0.6 0.7 B |B/)B tse B(| Ramsey, slope detection ZNE, slope detection Ramsey, variance detection ZNE, variance detection Figure 3-10: Relative error in the estimated B for the ordinary Ramsey and ZNE protocols with amplitude damping noi"
White - 2025 - MANAGING ERRORS IN QUANTUM METROLOGY VIA QUANTUM ERROR MITIGATION.pdf,White,yes,yes,weak,variance-general,85,"100 10 1 10 2 0.0 0.1 0.2 0.3 0.4 0.5 0.6 0.7 B |B/)B tse B(| Ramsey, slope detection ZNE, slope detection Ramsey, variance detection ZNE, variance detection Figure 3-10: Relative error in the estimated B for the ordinary Ramsey and ZNE protocols with amplitude damping noise. In this case, the ex"
White - 2025 - MANAGING ERRORS IN QUANTUM METROLOGY VIA QUANTUM ERROR MITIGATION.pdf,White,yes,yes,weak,variance-general,85,"e Ramsey and ZNE approaches improve substantially, owing to the fact that more accurate estimation is being performed. However, we also note that the variance detection Ramsey sequences generally outperform ZNE for almost all values of B, similarly to the phase damping case. At low B, the ZNE and Ramsey slo"
White - 2025 - MANAGING ERRORS IN QUANTUM METROLOGY VIA QUANTUM ERROR MITIGATION.pdf,White,yes,yes,weak,variance-general,92,"WefindthatZNEdoesofferimprovementsoverunmitigatedRamseyinterferometry, although the improvement is not universal. In the case of variance detection, ZNE is generally effective at reducing the mean-squared estimate (MSE) of the error in B with respect to the Ramsey experiment. While this"
White - 2025 - MANAGING ERRORS IN QUANTUM METROLOGY VIA QUANTUM ERROR MITIGATION.pdf,White,yes,yes,weak,variance-general,92,"sey experiment. While this effect is generally robust, the absolute magnitudes of MSE for both Ramsey and ZNE are substantially larger in the case of variance detection than in slope detection, limiting its usefulness. In the case of slope detection, we find more sporadic improvement, arising from the prese"
White - 2025 - MANAGING ERRORS IN QUANTUM METROLOGY VIA QUANTUM ERROR MITIGATION.pdf,White,yes,yes,weak,variance-general,94,"2 (4.6) 1 = sin(Bτ ). z 2 The transition probabilities can be measured and Eq. (4.6) can be inverted to find B. We will also consider the regime of “variance detection”, in which the Ramsey protocol is least sensitive to small deviations in the signal to be measured. In this regime, B = 0, and transition p"
White - 2025 - MANAGING ERRORS IN QUANTUM METROLOGY VIA QUANTUM ERROR MITIGATION.pdf,White,yes,yes,weak,variance-general,94,"unnecessary. 0 Instead, the effect of the bias can be accounted for by changing the axis along which the control pulses act. In order to achieve the variance detection regime, we implement the Ramsey interferometry protocol via a Y and Y rotation. Unlike in the π/2 −π/2 previous chapter, we implement slope"
White - 2025 - MANAGING ERRORS IN QUANTUM METROLOGY VIA QUANTUM ERROR MITIGATION.pdf,White,yes,yes,weak,variance-general,95,"to N discrete steps, δt = T/N is the duration of a step. Finally, ξ is a k random variable sampled from a normal distribution with zero mean and unit variance (i.e., a Wiener process). The OU process is initialized with x sampled from a normal 0 distribution with variance σ, which is related to the noise po"
White - 2025 - MANAGING ERRORS IN QUANTUM METROLOGY VIA QUANTUM ERROR MITIGATION.pdf,White,yes,yes,weak,variance-general,95,"istribution with zero mean and unit variance (i.e., a Wiener process). The OU process is initialized with x sampled from a normal 0 distribution with variance σ, which is related to the noise power. The correlation function associated to the process defined above is C(t) = σ2e−θ|t| (4.9) 76"
White - 2025 - MANAGING ERRORS IN QUANTUM METROLOGY VIA QUANTUM ERROR MITIGATION.pdf,White,yes,yes,weak,variance-general,99,"rcuit. Note that in collecting these B values, we invert the noiseless values ˜ ˜ for δp (t) given by Eq.(4.6) (for slope detection) or Eq.(4.7) (for variance detection). 1 We take the set of noisy B values as given and use them in a naive one-parameter fit, from which we find B = B(|ϵ(t)| = 0). The fit is"
White - 2025 - MANAGING ERRORS IN QUANTUM METROLOGY VIA QUANTUM ERROR MITIGATION.pdf,White,yes,yes,weak,variance-general,100,ss the performance of ZNE relative to an unmitigated Ramsey measurement in the case of global folding. We will discuss results for both the slope and variance detection regime in terms of the mean-squared error in B relative to est the known true value of B. The case of global folding in the slope detection
White - 2025 - MANAGING ERRORS IN QUANTUM METROLOGY VIA QUANTUM ERROR MITIGATION.pdf,White,yes,yes,weak,variance-general,102,"Figure 4-4: Numerical results for MSE in the case of the global folding protocol implemented in the variance detection regime, as a function of BT and τ . Again c σ = 0.05 is fixed. noise. In the case of linear and quadratic fitting, Ramsey performs substant"
White - 2025 - MANAGING ERRORS IN QUANTUM METROLOGY VIA QUANTUM ERROR MITIGATION.pdf,White,yes,yes,weak,variance-general,102,"a few folds, and all of the fitting procedures are unable to produce more accurate results than the unmitigated case. We now consider the case of the variance detection regime, with numerical results 83"
White - 2025 - MANAGING ERRORS IN QUANTUM METROLOGY VIA QUANTUM ERROR MITIGATION.pdf,White,yes,yes,weak,variance-general,103,"Figure 4-5: Numerical results for MSE in the case of the global folding protocol implemented in the variance detection regime, as a function of τ and σ for fixed c BT = 0.05. shown in Fig. 4-4. Here we again consider MSE as a function of BT and τ with c σ ="
White - 2025 - MANAGING ERRORS IN QUANTUM METROLOGY VIA QUANTUM ERROR MITIGATION.pdf,White,yes,yes,weak,variance-general,103,nce of all forms of ZNE in this case are still substantially worse in absolute magnitude than in others. The poor performance of all protocols in the variance detection regime arises from the fact that the variance-detection bias point is precisely the point at which the measured transition probability p is
White - 2025 - MANAGING ERRORS IN QUANTUM METROLOGY VIA QUANTUM ERROR MITIGATION.pdf,White,yes,yes,weak,variance-general,103,"ally worse in absolute magnitude than in others. The poor performance of all protocols in the variance detection regime arises from the fact that the variance-detection bias point is precisely the point at which the measured transition probability p is least sensitive to small variations in the signal B, 1"
White - 2025 - MANAGING ERRORS IN QUANTUM METROLOGY VIA QUANTUM ERROR MITIGATION.pdf,White,yes,yes,weak,variance-general,103,"s point is precisely the point at which the measured transition probability p is least sensitive to small variations in the signal B, 1 and therefore variance detection is the least optimal regime in which to detect small, constant signals. Finally, in Fig. 4-5, we consider the case of the variance detectio"
White - 2025 - MANAGING ERRORS IN QUANTUM METROLOGY VIA QUANTUM ERROR MITIGATION.pdf,White,yes,yes,weak,variance-general,103,"herefore variance detection is the least optimal regime in which to detect small, constant signals. Finally, in Fig. 4-5, we consider the case of the variance detection regime, studying the MSE as a function of τ and σ for a fixed signal BT = 0.05. Once again, in this c regime the unmitigated Ramsey experim"
White - 2025 - MANAGING ERRORS IN QUANTUM METROLOGY VIA QUANTUM ERROR MITIGATION.pdf,White,yes,yes,weak,variance-general,103,"unction of τ and σ for a fixed signal BT = 0.05. Once again, in this c regime the unmitigated Ramsey experiment performs poorly, as expected from the variance detection protocol in the case of a DC magnetic field. However, here we find that the performance of ZNE is worse relative to that the Ramsey protoco"
White - 2025 - MANAGING ERRORS IN QUANTUM METROLOGY VIA QUANTUM ERROR MITIGATION.pdf,White,yes,yes,weak,variance-general,105,"e results are computed c for a fixed magnetic field strength of BT = 0.05. Figure 4-8: Numerical results for MSE in local folding, implemented in the variance detection regime, as a function of τ and BT. Here σ = 0.05. c BT = 0.05 fixed. In this case, we find no relative improvement for ZNE for weak noise v"
White - 2025 - MANAGING ERRORS IN QUANTUM METROLOGY VIA QUANTUM ERROR MITIGATION.pdf,White,yes,yes,weak,variance-general,105,"is substantially reduced in this figure relative to Fig. 4-6, in order to see more detailed features of the differences. We now consider the case of variance detection. First, in Fig. 4-8, we study the MSE as a function of τ and BT for fixed σ = 0.05. In this case, the performance c of the unmitigated Rams"
White - 2025 - MANAGING ERRORS IN QUANTUM METROLOGY VIA QUANTUM ERROR MITIGATION.pdf,White,yes,yes,weak,variance-general,105,"nction of τ and BT for fixed σ = 0.05. In this case, the performance c of the unmitigated Ramsey experiment is once again much worse, as expected for variance detection of a DC signal. Interestingly, here the performance of all three ZNE protocols is uniform, with ZNE outperforming Ramsey for noise with rel"
White - 2025 - MANAGING ERRORS IN QUANTUM METROLOGY VIA QUANTUM ERROR MITIGATION.pdf,White,yes,yes,weak,variance-general,105,"with relatively low correlation time and underperforming as τ increases. This relationship is clarified c in Fig. 4-9, where we consider the case of variance detection as a function of τ and c 86"
White - 2025 - MANAGING ERRORS IN QUANTUM METROLOGY VIA QUANTUM ERROR MITIGATION.pdf,White,yes,yes,weak,variance-general,106,"Figure 4-9: Numerical results for MSE in local folding, implemented in the variance detection regime, as a function of τ and σ. Here BT = 0.05. c σ, with BT = 0.05 fixed. It can be seen in the latter figure that all three types of ZN"
White - 2025 - MANAGING ERRORS IN QUANTUM METROLOGY VIA QUANTUM ERROR MITIGATION.pdf,White,yes,yes,weak,variance-general,109,"of Bτ , s except in the case of very weak signals for a quadratic fit, where the added noise causes the fit to break down. Meanwhile, in the case of variance detection, we primarily find global folding outperforming local folding; this effect likely arises because variance detection is already a highly ina"
White - 2025 - MANAGING ERRORS IN QUANTUM METROLOGY VIA QUANTUM ERROR MITIGATION.pdf,White,yes,yes,weak,variance-general,109,"k down. Meanwhile, in the case of variance detection, we primarily find global folding outperforming local folding; this effect likely arises because variance detection is already a highly inaccurate estimation method for sensing DC signals, and therefore the addition of a significant amount of extra noise"
White - 2025 - MANAGING ERRORS IN QUANTUM METROLOGY VIA QUANTUM ERROR MITIGATION.pdf,White,yes,yes,weak,variance-general,112,"ditional applications of ZNE to control noise. In the case of Fig. 4-14 and Fig. 4-15, we study the effects of ZNE on mitigating control noise in the variance detection regime. We once again find qualitatively similar results to those seen in the case of dephasing noise in the variance detection regime, and"
White - 2025 - MANAGING ERRORS IN QUANTUM METROLOGY VIA QUANTUM ERROR MITIGATION.pdf,White,yes,yes,weak,variance-general,112,"control noise in the variance detection regime. We once again find qualitatively similar results to those seen in the case of dephasing noise in the variance detection regime, and the same arguments presented in the previous subsection apply here as well: while ZNE demonstrates improvement over the unmitig"
White - 2025 - MANAGING ERRORS IN QUANTUM METROLOGY VIA QUANTUM ERROR MITIGATION.pdf,White,yes,yes,weak,variance-general,112,"ors in comparison with the slope detection method. Finally, we also consider the application of local folding to control noise, in both the slope and variance detection regimes, in Figs. 4-16-4-19. These 93"
White - 2025 - MANAGING ERRORS IN QUANTUM METROLOGY VIA QUANTUM ERROR MITIGATION.pdf,White,yes,yes,weak,variance-general,113,"Figure 4-14: Numerical results for MSE in B in the global folding protocol imple- est mented in the variance detection regime, as a function of τ and BT. Here σ = 0.05. c Figure 4-15: Numerical results for MSE in B in the global folding protocol imple- est m"
White - 2025 - MANAGING ERRORS IN QUANTUM METROLOGY VIA QUANTUM ERROR MITIGATION.pdf,White,yes,yes,weak,variance-general,113,"gime, as a function of τ and BT. Here σ = 0.05. c Figure 4-15: Numerical results for MSE in B in the global folding protocol imple- est mented in the variance detection regime, as a function of τ and BT. Here σ = 0.05. c results are qualitatively identical to those that we find in the case of global folding"
White - 2025 - MANAGING ERRORS IN QUANTUM METROLOGY VIA QUANTUM ERROR MITIGATION.pdf,White,yes,yes,weak,variance-general,115,"Figure 4-18: Numerical results for MSE in B in the local folding protocol imple- est mented in the variance detection regime, as a function of τ and BT. Here σ = 0.05. c Figure 4-19: Numerical results for MSE in B in the local folding protocol imple- est me"
White - 2025 - MANAGING ERRORS IN QUANTUM METROLOGY VIA QUANTUM ERROR MITIGATION.pdf,White,yes,yes,weak,variance-general,115,"egime, as a function of τ and BT. Here σ = 0.05. c Figure 4-19: Numerical results for MSE in B in the local folding protocol imple- est mented in the variance detection regime, as a function of τ and BT. Here σ = 0.05. c For control noise, the relevant contributions take the form 2e2iωδtsinωδt F(1,1)(ω,τ )"
White - 2025 - MANAGING ERRORS IN QUANTUM METROLOGY VIA QUANTUM ERROR MITIGATION.pdf,White,yes,yes,weak,variance-general,150,"ection, we apply the general formalism developed above to the case of dephasingnoise. Asdiscussedinthemainbodyofthepaper, thecircuitscorresponding to variance and slope detection involve different rotation gates. As a result, the surviving filter function terms will differ between the two approaches. We wil"
Wu et al. - 2022 - Erasure conversion for fault-tolerant quantum computing in alkaline earth Rydberg atom arrays.pdf,Wu et al.,partial,no,none,,,
Younis et al. - 2024 - Progress and Challenges in Quantum Computing Algorithms for NP-Hard Problems.pdf,Younis et al.,na,no,none,,,
Zhang et al. - 2025 - Demonstrating quantum error mitigation on logical qubits.pdf,Zhang et al.,yes,yes,strong,plus-minus-value,4,"991 on Processor I within 0.5 µs, as latedusingµ sfromallcircuitinstances. Here,thevalues I 0 demonstrated in our repetition code experiment by al- µ=±1correspondtothestates|0⟩and|1⟩,respectively. T lowing repetitive measurements on the syndrome qubits In the case of error correction, since a bit-flip"
Zhang et al. - 2025 - Demonstrating quantum error mitigation on logical qubits.pdf,Zhang et al.,yes,yes,strong,variance-reported,3,"(black solid circles), we 0 1 K R fitthefunctionandinferthenoise-freeresult⟨O⟩ usinga ideal (K+1)-termpolynomial(shadows,wherethewidthindicates A the variance in inference). We choose different polynomials dependingonwhethererrorcorrectionisutilizedandthecode distance. The combination of error correction an"
Zhang et al. - 2025 - Demonstrating quantum error mitigation on logical qubits.pdf,Zhang et al.,yes,yes,strong,variance-reported,5,"mpling overhead η measures the relative increase tion codes protect the encoded logical qubit from bit- in sampling cost required to achieve the same variance flip errors and have been widely used as a prototype for fortheerror-mitigatedvalueasfortheuncorrectedvalue, demonstrating error correction across va"
Zhang et al. - 2025 - Demonstrating quantum error mitigation on logical qubits.pdf,Zhang et al.,yes,yes,strong,variance-reported,7,"ared tation is well-studied in probabilistic error cancellation, initial state can be exponentially suppreIssed as the code a bias-free method, where variance increases exponen- distance increases. Consequently, tThe efficacy of ZNE tially with the gate number [40–43]. In contrast, the could be further enha"
Zhang et al. - 2025 - Demonstrating quantum error mitigation on logical qubits.pdf,Zhang et al.,yes,yes,strong,variance-reported,8,"the cost. Next, we focus on the overhead η. Sup- pose N is the total number of circuit shots used to tot acquire the K +1 data points. To reduce the variance S in ZNE, we allocate the shots among the data points according toSthe importance sampling principle. Specif- ically, the number of shots used to mea"
Zhang et al. - 2025 - Demonstrating quantum error mitigation on logical qubits.pdf,Zhang et al.,yes,yes,strong,variance-reported,8,"g the data points according toSthe importance sampling principle. Specif- ically, the number of shots used to measure ⟨O⟩(r ) is E k N = |bk| N . The variance in the measurement of k R(cid:80)K k=0 |bk| tot ⟨O P ⟩(r k ) is then given by σ k 2 = 1−⟨O N ⟩ k 2(rk), and the vari- ance of ⟨O⟩ em is thus σ e 2 m"
Zhang et al. - 2025 - Demonstrating quantum error mitigation on logical qubits.pdf,Zhang et al.,yes,yes,weak,variance-general,3,"(black solid circles), we 0 1 K R fitthefunctionandinferthenoise-freeresult⟨O⟩ usinga ideal (K+1)-termpolynomial(shadows,wherethewidthindicates A the variance in inference). We choose different polynomials dependingonwhethererrorcorrectionisutilizedandthecode distance. The combination of error correction an"
Zhang et al. - 2025 - Demonstrating quantum error mitigation on logical qubits.pdf,Zhang et al.,yes,yes,weak,variance-general,5,"mpling overhead η measures the relative increase tion codes protect the encoded logical qubit from bit- in sampling cost required to achieve the same variance flip errors and have been widely used as a prototype for fortheerror-mitigatedvalueasfortheuncorrectedvalue, demonstrating error correction across va"
Zhang et al. - 2025 - Demonstrating quantum error mitigation on logical qubits.pdf,Zhang et al.,yes,yes,weak,variance-general,7,"ared tation is well-studied in probabilistic error cancellation, initial state can be exponentially suppreIssed as the code a bias-free method, where variance increases exponen- distance increases. Consequently, tThe efficacy of ZNE tially with the gate number [40–43]. In contrast, the could be further enha"
Zhang et al. - 2025 - Demonstrating quantum error mitigation on logical qubits.pdf,Zhang et al.,yes,yes,weak,variance-general,8,"the cost. Next, we focus on the overhead η. Sup- pose N is the total number of circuit shots used to tot acquire the K +1 data points. To reduce the variance S in ZNE, we allocate the shots among the data points according toSthe importance sampling principle. Specif- ically, the number of shots used to mea"
Zhang et al. - 2025 - Demonstrating quantum error mitigation on logical qubits.pdf,Zhang et al.,yes,yes,weak,variance-general,8,"g the data points according toSthe importance sampling principle. Specif- ically, the number of shots used to measure ⟨O⟩(r ) is E k N = |bk| N . The variance in the measurement of k R(cid:80)K k=0 |bk| tot ⟨O P ⟩(r k ) is then given by σ k 2 = 1−⟨O N ⟩ k 2(rk), and the vari- ance of ⟨O⟩ em is thus σ e 2 m"
Zheng et al. - 2023 - A Bayesian Approach for Characterizing and Mitigating Gate and Measurement Errors.pdf,Zheng et al.,yes,no,none,,,
van den Berg et al. - 2022 - Model-free readout-error mitigation for quantum expectation values.pdf,van den Berg et al. (2022),yes,yes,strong,plus-minus-value,4,"ermweneedtosamplesufficientlymanycircuits we can view each term in the summation as an indepen- instances. FortheactualestimateofM itselfwesimply dent±1samplefromacertaindistributiondependingon i,i need to sample sufficiently many times regardless of the U thatmarginalizesoverPauliindicespandq. Forthe"
van den Berg et al. - 2022 - Model-free readout-error mitigation for quantum expectation values.pdf,van den Berg et al. (2022),yes,yes,strong,variance-reported,1,"lized in the zero 2n computational basis states. The standard model for state. readout errors is given by a classical noise map A [25– The shot-noise variance of the mitigated estimate 27], which maps the noise-free p to the noisy p˜ readout scalesinverselyproportionalwiththemagnitudeofnoise distribution by"
van den Berg et al. - 2022 - Model-free readout-error mitigation for quantum expectation values.pdf,van den Berg et al. (2022),yes,yes,weak,spread,6,"with 512 measurements. For matrix inversion we take operator. This approach makes updates to the calibra- the same total number of measurements, but spread out tiondatasetverylightweight: wecouldsimplyaugment over each of the 2,048 columns, each corresponding to the calibration data with time stamps and"
van den Berg et al. - 2022 - Model-free readout-error mitigation for quantum expectation values.pdf,van den Berg et al. (2022),yes,yes,weak,variance-general,1,"lized in the zero 2n computational basis states. The standard model for state. readout errors is given by a classical noise map A [25– The shot-noise variance of the mitigated estimate 27], which maps the noise-free p to the noisy p˜ readout scalesinverselyproportionalwiththemagnitudeofnoise distribution by"
van den Berg et al. - 2023 - Probabilistic error cancellation with sparse Pauli–Lindblad models on noisy quantum processors.pdf,van den Berg et al. (2023),yes,yes,strong,error-bar,3,"ned using a nonnegative least-squares fit of the log fidelities. (c) Plot of one minus the fidelity for each of the measured fidelity pairs including error bars representing the standard deviation (verticallinesintheerrorbarsareomittedforclarity),alongwiththecorrespondingfidelitiesfromthelearnednoisemodel. ("
van den Berg et al. - 2023 - Probabilistic error cancellation with sparse Pauli–Lindblad models on noisy quantum processors.pdf,van den Berg et al. (2023),yes,yes,strong,std-dev,1,"timates of physical we denote by γ, which captures the noise strength and observables. Accurate bias-free estimates can the resulting increase of the standard deviation. be obtained using probabilistic error cancellation Despite the method’s theoretical appeal [12–18], prac- (PEC), which is an error-mitigation techni"
van den Berg et al. - 2023 - Probabilistic error cancellation with sparse Pauli–Lindblad models on noisy quantum processors.pdf,van den Berg et al. (2023),yes,yes,strong,std-dev,3,"t-squares fit of the log fidelities. (c) Plot of one minus the fidelity for each of the measured fidelity pairs including error bars representing the standard deviation (verticallinesintheerrorbarsareomittedforclarity),alongwiththecorrespondingfidelitiesfromthelearnednoisemodel. (d) Visualizationofthesparsenoisemodel"
van den Berg et al. - 2023 - Probabilistic error cancellation with sparse Pauli–Lindblad models on noisy quantum processors.pdf,van den Berg et al. (2023),yes,yes,strong,plus-minus-value,13,"binomial distribution with p(1)=p and p(0) = q = 1−p and n trials we have mean np and variance npq. For the estimation of observables we sample from ±1 which means scaling by two and subtracting one per trial, which gives mean 2np−n and variance 22npq. In order to obtain the observable we divide by t"
van den Berg et al. - 2023 - Probabilistic error cancellation with sparse Pauli–Lindblad models on noisy quantum processors.pdf,van den Berg et al. (2023),yes,yes,strong,plus-minus-value,22,"an be diagonalized in the computational basis and has eigenvalues X ∈ {−1,+1}, as is for example the case for Pauli observables. We absorb the factor ±1 that originate from the quasi-probability sampling method, c.f. section SVIA into the random variable X already. Note, that the general case can be r"
van den Berg et al. - 2023 - Probabilistic error cancellation with sparse Pauli–Lindblad models on noisy quantum processors.pdf,van den Berg et al. (2023),yes,yes,strong,plus-minus-value,28,"sis index = 0 Basis index = 1 Basis index = 2 (ziii,ziii):0.9942 9.8e-5 (iiiz,iizy):0.9941 1.0e-4 (ziii,ziii):0.9942 9.8e-5 1 4 7 6 (iiiy,iizz):0.9940±1.2e-4 (iixx,iiyi):0.9940±1.3e-4 (iizi,iizi):0.9946±9.0e-5 (iixi,iiyx):0.9939±1.3e-4 (iiyz,iiyz):0.9925±1.7e-4 (iiiy,iizy):0.9932±1.4e-4 (iixy,iixy):0."
van den Berg et al. - 2023 - Probabilistic error cancellation with sparse Pauli–Lindblad models on noisy quantum processors.pdf,van den Berg et al. (2023),yes,yes,strong,plus-minus-value,28,"= 1 Basis index = 2 (ziii,ziii):0.9942 9.8e-5 (iiiz,iizy):0.9941 1.0e-4 (ziii,ziii):0.9942 9.8e-5 1 4 7 6 (iiiy,iizz):0.9940±1.2e-4 (iixx,iiyi):0.9940±1.3e-4 (iizi,iizi):0.9946±9.0e-5 (iixi,iiyx):0.9939±1.3e-4 (iiyz,iiyz):0.9925±1.7e-4 (iiiy,iizy):0.9932±1.4e-4 (iixy,iixy):0.9928±1.7e-4 (izii,zyii):0."
van den Berg et al. - 2023 - Probabilistic error cancellation with sparse Pauli–Lindblad models on noisy quantum processors.pdf,van den Berg et al. (2023),yes,yes,strong,plus-minus-value,28,"ziii):0.9942 9.8e-5 (iiiz,iizy):0.9941 1.0e-4 (ziii,ziii):0.9942 9.8e-5 1 4 7 6 (iiiy,iizz):0.9940±1.2e-4 (iixx,iiyi):0.9940±1.3e-4 (iizi,iizi):0.9946±9.0e-5 (iixi,iiyx):0.9939±1.3e-4 (iiyz,iiyz):0.9925±1.7e-4 (iiiy,iizy):0.9932±1.4e-4 (iixy,iixy):0.9928±1.7e-4 (izii,zyii):0.9912±1.8e-4 (izii,zzii):0."
van den Berg et al. - 2023 - Probabilistic error cancellation with sparse Pauli–Lindblad models on noisy quantum processors.pdf,van den Berg et al. (2023),yes,yes,strong,plus-minus-value,28,"iizy):0.9941 1.0e-4 (ziii,ziii):0.9942 9.8e-5 1 4 7 6 (iiiy,iizz):0.9940±1.2e-4 (iixx,iiyi):0.9940±1.3e-4 (iizi,iizi):0.9946±9.0e-5 (iixi,iiyx):0.9939±1.3e-4 (iiyz,iiyz):0.9925±1.7e-4 (iiiy,iizy):0.9932±1.4e-4 (iixy,iixy):0.9928±1.7e-4 (izii,zyii):0.9912±1.8e-4 (izii,zzii):0.9925±1.5e-4 (iyii,zyii):0."
van den Berg et al. - 2023 - Probabilistic error cancellation with sparse Pauli–Lindblad models on noisy quantum processors.pdf,van den Berg et al. (2023),yes,yes,strong,plus-minus-value,28,"ziii):0.9942 9.8e-5 1 4 7 6 (iiiy,iizz):0.9940±1.2e-4 (iixx,iiyi):0.9940±1.3e-4 (iizi,iizi):0.9946±9.0e-5 (iixi,iiyx):0.9939±1.3e-4 (iiyz,iiyz):0.9925±1.7e-4 (iiiy,iizy):0.9932±1.4e-4 (iixy,iixy):0.9928±1.7e-4 (izii,zyii):0.9912±1.8e-4 (izii,zzii):0.9925±1.5e-4 (iyii,zyii):0.9911±1.7e-4 (xiii,yxii):0."
van den Berg et al. - 2023 - Probabilistic error cancellation with sparse Pauli–Lindblad models on noisy quantum processors.pdf,van den Berg et al. (2023),yes,yes,strong,plus-minus-value,28,"6 (iiiy,iizz):0.9940±1.2e-4 (iixx,iiyi):0.9940±1.3e-4 (iizi,iizi):0.9946±9.0e-5 (iixi,iiyx):0.9939±1.3e-4 (iiyz,iiyz):0.9925±1.7e-4 (iiiy,iizy):0.9932±1.4e-4 (iixy,iixy):0.9928±1.7e-4 (izii,zyii):0.9912±1.8e-4 (izii,zzii):0.9925±1.5e-4 (iyii,zyii):0.9911±1.7e-4 (xiii,yxii):0.9898±2.2e-4 (zizi,zizi):0."
van den Berg et al. - 2023 - Probabilistic error cancellation with sparse Pauli–Lindblad models on noisy quantum processors.pdf,van den Berg et al. (2023),yes,yes,strong,plus-minus-value,28,"4 (iixx,iiyi):0.9940±1.3e-4 (iizi,iizi):0.9946±9.0e-5 (iixi,iiyx):0.9939±1.3e-4 (iiyz,iiyz):0.9925±1.7e-4 (iiiy,iizy):0.9932±1.4e-4 (iixy,iixy):0.9928±1.7e-4 (izii,zyii):0.9912±1.8e-4 (izii,zzii):0.9925±1.5e-4 (iyii,zyii):0.9911±1.7e-4 (xiii,yxii):0.9898±2.2e-4 (zizi,zizi):0.9888±1.8e-4 (zixi,ziyx):0."
van den Berg et al. - 2023 - Probabilistic error cancellation with sparse Pauli–Lindblad models on noisy quantum processors.pdf,van den Berg et al. (2023),yes,yes,strong,plus-minus-value,28,"4 (iizi,iizi):0.9946±9.0e-5 (iixi,iiyx):0.9939±1.3e-4 (iiyz,iiyz):0.9925±1.7e-4 (iiiy,iizy):0.9932±1.4e-4 (iixy,iixy):0.9928±1.7e-4 (izii,zyii):0.9912±1.8e-4 (izii,zzii):0.9925±1.5e-4 (iyii,zyii):0.9911±1.7e-4 (xiii,yxii):0.9898±2.2e-4 (zizi,zizi):0.9888±1.8e-4 (zixi,ziyx):0.9882±2.4e-4 (xzii,xzii):0."
van den Berg et al. - 2023 - Probabilistic error cancellation with sparse Pauli–Lindblad models on noisy quantum processors.pdf,van den Berg et al. (2023),yes,yes,strong,plus-minus-value,28,"5 (iixi,iiyx):0.9939±1.3e-4 (iiyz,iiyz):0.9925±1.7e-4 (iiiy,iizy):0.9932±1.4e-4 (iixy,iixy):0.9928±1.7e-4 (izii,zyii):0.9912±1.8e-4 (izii,zzii):0.9925±1.5e-4 (iyii,zyii):0.9911±1.7e-4 (xiii,yxii):0.9898±2.2e-4 (zizi,zizi):0.9888±1.8e-4 (zixi,ziyx):0.9882±2.4e-4 (xzii,xzii):0.9881±3.5e-4 (ziiy,zizy):0."
van den Berg et al. - 2023 - Probabilistic error cancellation with sparse Pauli–Lindblad models on noisy quantum processors.pdf,van den Berg et al. (2023),yes,yes,strong,plus-minus-value,28,"4 (iiyz,iiyz):0.9925±1.7e-4 (iiiy,iizy):0.9932±1.4e-4 (iixy,iixy):0.9928±1.7e-4 (izii,zyii):0.9912±1.8e-4 (izii,zzii):0.9925±1.5e-4 (iyii,zyii):0.9911±1.7e-4 (xiii,yxii):0.9898±2.2e-4 (zizi,zizi):0.9888±1.8e-4 (zixi,ziyx):0.9882±2.4e-4 (xzii,xzii):0.9881±3.5e-4 (ziiy,zizy):0.9877±1.9e-4 (ziiy,zizz):0."
van den Berg et al. - 2023 - Probabilistic error cancellation with sparse Pauli–Lindblad models on noisy quantum processors.pdf,van den Berg et al. (2023),yes,yes,strong,plus-minus-value,28,"4 (iiiy,iizy):0.9932±1.4e-4 (iixy,iixy):0.9928±1.7e-4 (izii,zyii):0.9912±1.8e-4 (izii,zzii):0.9925±1.5e-4 (iyii,zyii):0.9911±1.7e-4 (xiii,yxii):0.9898±2.2e-4 (zizi,zizi):0.9888±1.8e-4 (zixi,ziyx):0.9882±2.4e-4 (xzii,xzii):0.9881±3.5e-4 (ziiy,zizy):0.9877±1.9e-4 (ziiy,zizz):0.9881±2.9e-4 (iziz,zyzy):0."
van den Berg et al. - 2023 - Probabilistic error cancellation with sparse Pauli–Lindblad models on noisy quantum processors.pdf,van den Berg et al. (2023),yes,yes,strong,plus-minus-value,28,"4 (iixy,iixy):0.9928±1.7e-4 (izii,zyii):0.9912±1.8e-4 (izii,zzii):0.9925±1.5e-4 (iyii,zyii):0.9911±1.7e-4 (xiii,yxii):0.9898±2.2e-4 (zizi,zizi):0.9888±1.8e-4 (zixi,ziyx):0.9882±2.4e-4 (xzii,xzii):0.9881±3.5e-4 (ziiy,zizy):0.9877±1.9e-4 (ziiy,zizz):0.9881±2.9e-4 (iziz,zyzy):0.9857±3.1e-4 (izzi,zzzi):0."
van den Berg et al. - 2023 - Probabilistic error cancellation with sparse Pauli–Lindblad models on noisy quantum processors.pdf,van den Berg et al. (2023),yes,yes,strong,plus-minus-value,28,"4 (izii,zyii):0.9912±1.8e-4 (izii,zzii):0.9925±1.5e-4 (iyii,zyii):0.9911±1.7e-4 (xiii,yxii):0.9898±2.2e-4 (zizi,zizi):0.9888±1.8e-4 (zixi,ziyx):0.9882±2.4e-4 (xzii,xzii):0.9881±3.5e-4 (ziiy,zizy):0.9877±1.9e-4 (ziiy,zizz):0.9881±2.9e-4 (iziz,zyzy):0.9857±3.1e-4 (izzi,zzzi):0.9873±1.9e-4 (zixy,zixy):0."
van den Berg et al. - 2023 - Probabilistic error cancellation with sparse Pauli–Lindblad models on noisy quantum processors.pdf,van den Berg et al. (2023),yes,yes,strong,plus-minus-value,28,"4 (izii,zzii):0.9925±1.5e-4 (iyii,zyii):0.9911±1.7e-4 (xiii,yxii):0.9898±2.2e-4 (zizi,zizi):0.9888±1.8e-4 (zixi,ziyx):0.9882±2.4e-4 (xzii,xzii):0.9881±3.5e-4 (ziiy,zizy):0.9877±1.9e-4 (ziiy,zizz):0.9881±2.9e-4 (iziz,zyzy):0.9857±3.1e-4 (izzi,zzzi):0.9873±1.9e-4 (zixy,zixy):0.9870±2.8e-4 (izyi,zyxx):0."
van den Berg et al. - 2023 - Probabilistic error cancellation with sparse Pauli–Lindblad models on noisy quantum processors.pdf,van den Berg et al. (2023),yes,yes,strong,plus-minus-value,28,"4 (iyii,zyii):0.9911±1.7e-4 (xiii,yxii):0.9898±2.2e-4 (zizi,zizi):0.9888±1.8e-4 (zixi,ziyx):0.9882±2.4e-4 (xzii,xzii):0.9881±3.5e-4 (ziiy,zizy):0.9877±1.9e-4 (ziiy,zizz):0.9881±2.9e-4 (iziz,zyzy):0.9857±3.1e-4 (izzi,zzzi):0.9873±1.9e-4 (zixy,zixy):0.9870±2.8e-4 (izyi,zyxx):0.9854±3.6e-4 (iziy,zzzy):0."
van den Berg et al. - 2023 - Probabilistic error cancellation with sparse Pauli–Lindblad models on noisy quantum processors.pdf,van den Berg et al. (2023),yes,yes,strong,plus-minus-value,28,"4 (xiii,yxii):0.9898±2.2e-4 (zizi,zizi):0.9888±1.8e-4 (zixi,ziyx):0.9882±2.4e-4 (xzii,xzii):0.9881±3.5e-4 (ziiy,zizy):0.9877±1.9e-4 (ziiy,zizz):0.9881±2.9e-4 (iziz,zyzy):0.9857±3.1e-4 (izzi,zzzi):0.9873±1.9e-4 (zixy,zixy):0.9870±2.8e-4 (izyi,zyxx):0.9854±3.6e-4 (iziy,zzzy):0.9860±2.2e-4 (iyzz,zyiy):0."
van den Berg et al. - 2023 - Probabilistic error cancellation with sparse Pauli–Lindblad models on noisy quantum processors.pdf,van den Berg et al. (2023),yes,yes,strong,plus-minus-value,28,"4 (zizi,zizi):0.9888±1.8e-4 (zixi,ziyx):0.9882±2.4e-4 (xzii,xzii):0.9881±3.5e-4 (ziiy,zizy):0.9877±1.9e-4 (ziiy,zizz):0.9881±2.9e-4 (iziz,zyzy):0.9857±3.1e-4 (izzi,zzzi):0.9873±1.9e-4 (zixy,zixy):0.9870±2.8e-4 (izyi,zyxx):0.9854±3.6e-4 (iziy,zzzy):0.9860±2.2e-4 (iyzz,zyiy):0.9858±3.8e-4 (izyz,zyyz):0."
van den Berg et al. - 2023 - Probabilistic error cancellation with sparse Pauli–Lindblad models on noisy quantum processors.pdf,van den Berg et al. (2023),yes,yes,strong,plus-minus-value,28,"4 (zixi,ziyx):0.9882±2.4e-4 (xzii,xzii):0.9881±3.5e-4 (ziiy,zizy):0.9877±1.9e-4 (ziiy,zizz):0.9881±2.9e-4 (iziz,zyzy):0.9857±3.1e-4 (izzi,zzzi):0.9873±1.9e-4 (zixy,zixy):0.9870±2.8e-4 (izyi,zyxx):0.9854±3.6e-4 (iziy,zzzy):0.9860±2.2e-4 (iyzz,zyiy):0.9858±3.8e-4 (izyz,zyyz):0.9840±3.0e-4 (izzy,zziy):0."
van den Berg et al. - 2023 - Probabilistic error cancellation with sparse Pauli–Lindblad models on noisy quantum processors.pdf,van den Berg et al. (2023),yes,yes,strong,plus-minus-value,28,"4 (xzii,xzii):0.9881±3.5e-4 (ziiy,zizy):0.9877±1.9e-4 (ziiy,zizz):0.9881±2.9e-4 (iziz,zyzy):0.9857±3.1e-4 (izzi,zzzi):0.9873±1.9e-4 (zixy,zixy):0.9870±2.8e-4 (izyi,zyxx):0.9854±3.6e-4 (iziy,zzzy):0.9860±2.2e-4 (iyzz,zyiy):0.9858±3.8e-4 (izyz,zyyz):0.9840±3.0e-4 (izzy,zziy):0.9861±2.5e-4 (iyyx,zyxi):0."
van den Berg et al. - 2023 - Probabilistic error cancellation with sparse Pauli–Lindblad models on noisy quantum processors.pdf,van den Berg et al. (2023),yes,yes,strong,plus-minus-value,28,"4 (ziiy,zizy):0.9877±1.9e-4 (ziiy,zizz):0.9881±2.9e-4 (iziz,zyzy):0.9857±3.1e-4 (izzi,zzzi):0.9873±1.9e-4 (zixy,zixy):0.9870±2.8e-4 (izyi,zyxx):0.9854±3.6e-4 (iziy,zzzy):0.9860±2.2e-4 (iyzz,zyiy):0.9858±3.8e-4 (izyz,zyyz):0.9840±3.0e-4 (izzy,zziy):0.9861±2.5e-4 (iyyx,zyxi):0.9857±3.7e-4 (xiiz,yxzy):0."
van den Berg et al. - 2023 - Probabilistic error cancellation with sparse Pauli–Lindblad models on noisy quantum processors.pdf,van den Berg et al. (2023),yes,yes,strong,plus-minus-value,28,"4 (ziiy,zizz):0.9881±2.9e-4 (iziz,zyzy):0.9857±3.1e-4 (izzi,zzzi):0.9873±1.9e-4 (zixy,zixy):0.9870±2.8e-4 (izyi,zyxx):0.9854±3.6e-4 (iziy,zzzy):0.9860±2.2e-4 (iyzz,zyiy):0.9858±3.8e-4 (izyz,zyyz):0.9840±3.0e-4 (izzy,zziy):0.9861±2.5e-4 (iyyx,zyxi):0.9857±3.7e-4 (xiiz,yxzy):0.9836±2.3e-4 ± (iyiy,zyzz):"
van den Berg et al. - 2023 - Probabilistic error cancellation with sparse Pauli–Lindblad models on noisy quantum processors.pdf,van den Berg et al. (2023),yes,yes,strong,plus-minus-value,28,"4 (iziz,zyzy):0.9857±3.1e-4 (izzi,zzzi):0.9873±1.9e-4 (zixy,zixy):0.9870±2.8e-4 (izyi,zyxx):0.9854±3.6e-4 (iziy,zzzy):0.9860±2.2e-4 (iyzz,zyiy):0.9858±3.8e-4 (izyz,zyyz):0.9840±3.0e-4 (izzy,zziy):0.9861±2.5e-4 (iyyx,zyxi):0.9857±3.7e-4 (xiiz,yxzy):0.9836±2.3e-4 ± (iyiy,zyzz):0.9851±3.1e-4 (xiyi,yxxx):"
van den Berg et al. - 2023 - Probabilistic error cancellation with sparse Pauli–Lindblad models on noisy quantum processors.pdf,van den Berg et al. (2023),yes,yes,strong,plus-minus-value,28,"4 (izzi,zzzi):0.9873±1.9e-4 (zixy,zixy):0.9870±2.8e-4 (izyi,zyxx):0.9854±3.6e-4 (iziy,zzzy):0.9860±2.2e-4 (iyzz,zyiy):0.9858±3.8e-4 (izyz,zyyz):0.9840±3.0e-4 (izzy,zziy):0.9861±2.5e-4 (iyyx,zyxi):0.9857±3.7e-4 (xiiz,yxzy):0.9836±2.3e-4 ± (iyiy,zyzz):0.9851±3.1e-4 (xiyi,yxxx):0.9840±3.4e-4 (iyxi,zyyx):"
van den Berg et al. - 2023 - Probabilistic error cancellation with sparse Pauli–Lindblad models on noisy quantum processors.pdf,van den Berg et al. (2023),yes,yes,strong,plus-minus-value,28,"4 (zixy,zixy):0.9870±2.8e-4 (izyi,zyxx):0.9854±3.6e-4 (iziy,zzzy):0.9860±2.2e-4 (iyzz,zyiy):0.9858±3.8e-4 (izyz,zyyz):0.9840±3.0e-4 (izzy,zziy):0.9861±2.5e-4 (iyyx,zyxi):0.9857±3.7e-4 (xiiz,yxzy):0.9836±2.3e-4 ± (iyiy,zyzz):0.9851±3.1e-4 (xiyi,yxxx):0.9840±3.4e-4 (iyxi,zyyx):0.9852±3.9e-4 (xziz,xzzy):"
van den Berg et al. - 2023 - Probabilistic error cancellation with sparse Pauli–Lindblad models on noisy quantum processors.pdf,van den Berg et al. (2023),yes,yes,strong,plus-minus-value,28,"4 (izyi,zyxx):0.9854±3.6e-4 (iziy,zzzy):0.9860±2.2e-4 (iyzz,zyiy):0.9858±3.8e-4 (izyz,zyyz):0.9840±3.0e-4 (izzy,zziy):0.9861±2.5e-4 (iyyx,zyxi):0.9857±3.7e-4 (xiiz,yxzy):0.9836±2.3e-4 ± (iyiy,zyzz):0.9851±3.1e-4 (xiyi,yxxx):0.9840±3.4e-4 (iyxi,zyyx):0.9852±3.9e-4 (xziz,xzzy):0.9826±3.4e-4 (iyxy,zyxy):"
van den Berg et al. - 2023 - Probabilistic error cancellation with sparse Pauli–Lindblad models on noisy quantum processors.pdf,van den Berg et al. (2023),yes,yes,strong,plus-minus-value,28,"4 (iziy,zzzy):0.9860±2.2e-4 (iyzz,zyiy):0.9858±3.8e-4 (izyz,zyyz):0.9840±3.0e-4 (izzy,zziy):0.9861±2.5e-4 (iyyx,zyxi):0.9857±3.7e-4 (xiiz,yxzy):0.9836±2.3e-4 ± (iyiy,zyzz):0.9851±3.1e-4 (xiyi,yxxx):0.9840±3.4e-4 (iyxi,zyyx):0.9852±3.9e-4 (xziz,xzzy):0.9826±3.4e-4 (iyxy,zyxy):0.9843±2.6e-4 (xiyz,yxyz):"
van den Berg et al. - 2023 - Probabilistic error cancellation with sparse Pauli–Lindblad models on noisy quantum processors.pdf,van den Berg et al. (2023),yes,yes,strong,plus-minus-value,28,"(iyzz,zyiy):0.9858±3.8e-4 (izyz,zyyz):0.9840±3.0e-4 (izzy,zziy):0.9861±2.5e-4 (iyyx,zyxi):0.9857±3.7e-4 (xiiz,yxzy):0.9836±2.3e-4 ± (iyiy,zyzz):0.9851±3.1e-4 (xiyi,yxxx):0.9840±3.4e-4 (iyxi,zyyx):0.9852±3.9e-4 (xziz,xzzy):0.9826±3.4e-4 (iyxy,zyxy):0.9843±2.6e-4 (xiyz,yxyz):0.9826±3.6e-4 ± (xzxx,xzyi):"
van den Berg et al. - 2023 - Probabilistic error cancellation with sparse Pauli–Lindblad models on noisy quantum processors.pdf,van den Berg et al. (2023),yes,yes,strong,plus-minus-value,28,"(izyz,zyyz):0.9840±3.0e-4 (izzy,zziy):0.9861±2.5e-4 (iyyx,zyxi):0.9857±3.7e-4 (xiiz,yxzy):0.9836±2.3e-4 ± (iyiy,zyzz):0.9851±3.1e-4 (xiyi,yxxx):0.9840±3.4e-4 (iyxi,zyyx):0.9852±3.9e-4 (xziz,xzzy):0.9826±3.4e-4 (iyxy,zyxy):0.9843±2.6e-4 (xiyz,yxyz):0.9826±3.6e-4 ± (xzxx,xzyi):0.9821±4.0e-4 (xzyz,xzyz):"
van den Berg et al. - 2023 - Probabilistic error cancellation with sparse Pauli–Lindblad models on noisy quantum processors.pdf,van den Berg et al. (2023),yes,yes,strong,plus-minus-value,28,"(izzy,zziy):0.9861±2.5e-4 (iyyx,zyxi):0.9857±3.7e-4 (xiiz,yxzy):0.9836±2.3e-4 ± (iyiy,zyzz):0.9851±3.1e-4 (xiyi,yxxx):0.9840±3.4e-4 (iyxi,zyyx):0.9852±3.9e-4 (xziz,xzzy):0.9826±3.4e-4 (iyxy,zyxy):0.9843±2.6e-4 (xiyz,yxyz):0.9826±3.6e-4 ± (xzxx,xzyi):0.9821±4.0e-4 (xzyz,xzyz):0.9809±4.6e-4 ± Basis inde"
van den Berg et al. - 2023 - Probabilistic error cancellation with sparse Pauli–Lindblad models on noisy quantum processors.pdf,van den Berg et al. (2023),yes,yes,strong,plus-minus-value,28,"(iyyx,zyxi):0.9857±3.7e-4 (xiiz,yxzy):0.9836±2.3e-4 ± (iyiy,zyzz):0.9851±3.1e-4 (xiyi,yxxx):0.9840±3.4e-4 (iyxi,zyyx):0.9852±3.9e-4 (xziz,xzzy):0.9826±3.4e-4 (iyxy,zyxy):0.9843±2.6e-4 (xiyz,yxyz):0.9826±3.6e-4 ± (xzxx,xzyi):0.9821±4.0e-4 (xzyz,xzyz):0.9809±4.6e-4 ± Basis index = 3 Basis index = 4 Basi"
van den Berg et al. - 2023 - Probabilistic error cancellation with sparse Pauli–Lindblad models on noisy quantum processors.pdf,van den Berg et al. (2023),yes,yes,strong,plus-minus-value,28,"(xiiz,yxzy):0.9836±2.3e-4 ± (iyiy,zyzz):0.9851±3.1e-4 (xiyi,yxxx):0.9840±3.4e-4 (iyxi,zyyx):0.9852±3.9e-4 (xziz,xzzy):0.9826±3.4e-4 (iyxy,zyxy):0.9843±2.6e-4 (xiyz,yxyz):0.9826±3.6e-4 ± (xzxx,xzyi):0.9821±4.0e-4 (xzyz,xzyz):0.9809±4.6e-4 ± Basis index = 3 Basis index = 4 Basis index = 5 (iizi,iizi):0."
van den Berg et al. - 2023 - Probabilistic error cancellation with sparse Pauli–Lindblad models on noisy quantum processors.pdf,van den Berg et al. (2023),yes,yes,strong,plus-minus-value,28,"± (iyiy,zyzz):0.9851±3.1e-4 (xiyi,yxxx):0.9840±3.4e-4 (iyxi,zyyx):0.9852±3.9e-4 (xziz,xzzy):0.9826±3.4e-4 (iyxy,zyxy):0.9843±2.6e-4 (xiyz,yxyz):0.9826±3.6e-4 ± (xzxx,xzyi):0.9821±4.0e-4 (xzyz,xzyz):0.9809±4.6e-4 ± Basis index = 3 Basis index = 4 Basis index = 5 (iizi,iizi):0.9946 9.0e-5 1.0 (iixx,iiyi"
van den Berg et al. - 2023 - Probabilistic error cancellation with sparse Pauli–Lindblad models on noisy quantum processors.pdf,van den Berg et al. (2023),yes,yes,strong,plus-minus-value,28,"(xiyi,yxxx):0.9840±3.4e-4 (iyxi,zyyx):0.9852±3.9e-4 (xziz,xzzy):0.9826±3.4e-4 (iyxy,zyxy):0.9843±2.6e-4 (xiyz,yxyz):0.9826±3.6e-4 ± (xzxx,xzyi):0.9821±4.0e-4 (xzyz,xzyz):0.9809±4.6e-4 ± Basis index = 3 Basis index = 4 Basis index = 5 (iizi,iizi):0.9946 9.0e-5 1.0 (iixx,iiyi):0.9940 1.3e-4 1.0 (iiiz,ii"
van den Berg et al. - 2023 - Probabilistic error cancellation with sparse Pauli–Lindblad models on noisy quantum processors.pdf,van den Berg et al. (2023),yes,yes,strong,plus-minus-value,28,"(iyxi,zyyx):0.9852±3.9e-4 (xziz,xzzy):0.9826±3.4e-4 (iyxy,zyxy):0.9843±2.6e-4 (xiyz,yxyz):0.9826±3.6e-4 ± (xzxx,xzyi):0.9821±4.0e-4 (xzyz,xzyz):0.9809±4.6e-4 ± Basis index = 3 Basis index = 4 Basis index = 5 (iizi,iizi):0.9946 9.0e-5 1.0 (iixx,iiyi):0.9940 1.3e-4 1.0 (iiiz,iizy):0.9941 1.0e-4 (ziii,zi"
van den Berg et al. - 2023 - Probabilistic error cancellation with sparse Pauli–Lindblad models on noisy quantum processors.pdf,van den Berg et al. (2023),yes,yes,strong,plus-minus-value,28,"sis index = 3 Basis index = 4 Basis index = 5 (iizi,iizi):0.9946 9.0e-5 1.0 (iixx,iiyi):0.9940 1.3e-4 1.0 (iiiz,iizy):0.9941 1.0e-4 (ziii,ziii):0.9942±9.8e-5 (iiiy,iizz):0.9940±1.2e-4 (iixi,iiyx):0.9939±1.3e-4 (iiiz,iizz):0.9940±1.0e-4 0.9 (ixii,ixii):0.9923±1.3e-4 0.9 (iixz,iixz):0.9929±1.6e-4 (ixii,"
van den Berg et al. - 2023 - Probabilistic error cancellation with sparse Pauli–Lindblad models on noisy quantum processors.pdf,van den Berg et al. (2023),yes,yes,strong,plus-minus-value,28,"= 4 Basis index = 5 (iizi,iizi):0.9946 9.0e-5 1.0 (iixx,iiyi):0.9940 1.3e-4 1.0 (iiiz,iizy):0.9941 1.0e-4 (ziii,ziii):0.9942±9.8e-5 (iiiy,iizz):0.9940±1.2e-4 (iixi,iiyx):0.9939±1.3e-4 (iiiz,iizz):0.9940±1.0e-4 0.9 (ixii,ixii):0.9923±1.3e-4 0.9 (iixz,iixz):0.9929±1.6e-4 (ixii,ixii):0.9923±1.3e-4 (iiyy,"
van den Berg et al. - 2023 - Probabilistic error cancellation with sparse Pauli–Lindblad models on noisy quantum processors.pdf,van den Berg et al. (2023),yes,yes,strong,plus-minus-value,28,"iizi):0.9946 9.0e-5 1.0 (iixx,iiyi):0.9940 1.3e-4 1.0 (iiiz,iizy):0.9941 1.0e-4 (ziii,ziii):0.9942±9.8e-5 (iiiy,iizz):0.9940±1.2e-4 (iixi,iiyx):0.9939±1.3e-4 (iiiz,iizz):0.9940±1.0e-4 0.9 (ixii,ixii):0.9923±1.3e-4 0.9 (iixz,iixz):0.9929±1.6e-4 (ixii,ixii):0.9923±1.3e-4 (iiyy,iiyy):0.9925±1.6e-4 (iyii,"
van den Berg et al. - 2023 - Probabilistic error cancellation with sparse Pauli–Lindblad models on noisy quantum processors.pdf,van den Berg et al. (2023),yes,yes,strong,plus-minus-value,28,"ixx,iiyi):0.9940 1.3e-4 1.0 (iiiz,iizy):0.9941 1.0e-4 (ziii,ziii):0.9942±9.8e-5 (iiiy,iizz):0.9940±1.2e-4 (iixi,iiyx):0.9939±1.3e-4 (iiiz,iizz):0.9940±1.0e-4 0.9 (ixii,ixii):0.9923±1.3e-4 0.9 (iixz,iixz):0.9929±1.6e-4 (ixii,ixii):0.9923±1.3e-4 (iiyy,iiyy):0.9925±1.6e-4 (iyii,zzii):0.9913±1.8e-4 (zxii,"
van den Berg et al. - 2023 - Probabilistic error cancellation with sparse Pauli–Lindblad models on noisy quantum processors.pdf,van den Berg et al. (2023),yes,yes,strong,plus-minus-value,28,"iiz,iizy):0.9941 1.0e-4 (ziii,ziii):0.9942±9.8e-5 (iiiy,iizz):0.9940±1.2e-4 (iixi,iiyx):0.9939±1.3e-4 (iiiz,iizz):0.9940±1.0e-4 0.9 (ixii,ixii):0.9923±1.3e-4 0.9 (iixz,iixz):0.9929±1.6e-4 (ixii,ixii):0.9923±1.3e-4 (iiyy,iiyy):0.9925±1.6e-4 (iyii,zzii):0.9913±1.8e-4 (zxii,zxii):0.9895±2.8e-4 0.8 (xiii,"
van den Berg et al. - 2023 - Probabilistic error cancellation with sparse Pauli–Lindblad models on noisy quantum processors.pdf,van den Berg et al. (2023),yes,yes,strong,plus-minus-value,28,"ziii):0.9942±9.8e-5 (iiiy,iizz):0.9940±1.2e-4 (iixi,iiyx):0.9939±1.3e-4 (iiiz,iizz):0.9940±1.0e-4 0.9 (ixii,ixii):0.9923±1.3e-4 0.9 (iixz,iixz):0.9929±1.6e-4 (ixii,ixii):0.9923±1.3e-4 (iiyy,iiyy):0.9925±1.6e-4 (iyii,zzii):0.9913±1.8e-4 (zxii,zxii):0.9895±2.8e-4 0.8 (xiii,xxii):0.9903±2.1e-4 0.8 (xiii,"
van den Berg et al. - 2023 - Probabilistic error cancellation with sparse Pauli–Lindblad models on noisy quantum processors.pdf,van den Berg et al. (2023),yes,yes,strong,plus-minus-value,28,"iizz):0.9940±1.2e-4 (iixi,iiyx):0.9939±1.3e-4 (iiiz,iizz):0.9940±1.0e-4 0.9 (ixii,ixii):0.9923±1.3e-4 0.9 (iixz,iixz):0.9929±1.6e-4 (ixii,ixii):0.9923±1.3e-4 (iiyy,iiyy):0.9925±1.6e-4 (iyii,zzii):0.9913±1.8e-4 (zxii,zxii):0.9895±2.8e-4 0.8 (xiii,xxii):0.9903±2.1e-4 0.8 (xiii,yxii):0.9898±2.2e-4 ( ( z"
van den Berg et al. - 2023 - Probabilistic error cancellation with sparse Pauli–Lindblad models on noisy quantum processors.pdf,van den Berg et al. (2023),yes,yes,strong,plus-minus-value,28,"iiyx):0.9939±1.3e-4 (iiiz,iizz):0.9940±1.0e-4 0.9 (ixii,ixii):0.9923±1.3e-4 0.9 (iixz,iixz):0.9929±1.6e-4 (ixii,ixii):0.9923±1.3e-4 (iiyy,iiyy):0.9925±1.6e-4 (iyii,zzii):0.9913±1.8e-4 (zxii,zxii):0.9895±2.8e-4 0.8 (xiii,xxii):0.9903±2.1e-4 0.8 (xiii,yxii):0.9898±2.2e-4 ( ( z z i i i z z i , , z z i i"
van den Berg et al. - 2023 - Probabilistic error cancellation with sparse Pauli–Lindblad models on noisy quantum processors.pdf,van den Berg et al. (2023),yes,yes,strong,plus-minus-value,28,"iizz):0.9940±1.0e-4 0.9 (ixii,ixii):0.9923±1.3e-4 0.9 (iixz,iixz):0.9929±1.6e-4 (ixii,ixii):0.9923±1.3e-4 (iiyy,iiyy):0.9925±1.6e-4 (iyii,zzii):0.9913±1.8e-4 (zxii,zxii):0.9895±2.8e-4 0.8 (xiii,xxii):0.9903±2.1e-4 0.8 (xiii,yxii):0.9898±2.2e-4 ( ( z z i i i z z i , , z z i i z z z i ) ): : 0 0 . . 9 9"
van den Berg et al. - 2023 - Probabilistic error cancellation with sparse Pauli–Lindblad models on noisy quantum processors.pdf,van den Berg et al. (2023),yes,yes,strong,plus-minus-value,28,"xii,ixii):0.9923±1.3e-4 0.9 (iixz,iixz):0.9929±1.6e-4 (ixii,ixii):0.9923±1.3e-4 (iiyy,iiyy):0.9925±1.6e-4 (iyii,zzii):0.9913±1.8e-4 (zxii,zxii):0.9895±2.8e-4 0.8 (xiii,xxii):0.9903±2.1e-4 0.8 (xiii,yxii):0.9898±2.2e-4 ( ( z z i i i z z i , , z z i i z z z i ) ): : 0 0 . . 9 9 8 8 8 8 8 1 ± ± 1 1 . . 8"
van den Berg et al. - 2023 - Probabilistic error cancellation with sparse Pauli–Lindblad models on noisy quantum processors.pdf,van den Berg et al. (2023),yes,yes,strong,plus-minus-value,28,"ixz,iixz):0.9929±1.6e-4 (ixii,ixii):0.9923±1.3e-4 (iiyy,iiyy):0.9925±1.6e-4 (iyii,zzii):0.9913±1.8e-4 (zxii,zxii):0.9895±2.8e-4 0.8 (xiii,xxii):0.9903±2.1e-4 0.8 (xiii,yxii):0.9898±2.2e-4 ( ( z z i i i z z i , , z z i i z z z i ) ): : 0 0 . . 9 9 8 8 8 8 8 1 ± ± 1 1 . . 8 7 e e - - 4 4 0.7 ( ( i i x x"
van den Berg et al. - 2023 - Probabilistic error cancellation with sparse Pauli–Lindblad models on noisy quantum processors.pdf,van den Berg et al. (2023),yes,yes,strong,plus-minus-value,28,"ixii):0.9923±1.3e-4 (iiyy,iiyy):0.9925±1.6e-4 (iyii,zzii):0.9913±1.8e-4 (zxii,zxii):0.9895±2.8e-4 0.8 (xiii,xxii):0.9903±2.1e-4 0.8 (xiii,yxii):0.9898±2.2e-4 ( ( z z i i i z z i , , z z i i z z z i ) ): : 0 0 . . 9 9 8 8 8 8 8 1 ± ± 1 1 . . 8 7 e e - - 4 4 0.7 ( ( i i x x x iy x , , i i x x z y z i )"
van den Berg et al. - 2023 - Probabilistic error cancellation with sparse Pauli–Lindblad models on noisy quantum processors.pdf,van den Berg et al. (2023),yes,yes,strong,plus-minus-value,28,"i):0.9895±2.8e-4 0.8 (xiii,xxii):0.9903±2.1e-4 0.8 (xiii,yxii):0.9898±2.2e-4 ( ( z z i i i z z i , , z z i i z z z i ) ): : 0 0 . . 9 9 8 8 8 8 8 1 ± ± 1 1 . . 8 7 e e - - 4 4 0.7 ( ( i i x x x iy x , , i i x x z y z i ) ) : : 0 0 . . 9 9 8 8 6 6 6 6 ± ± 3 3 . . 2 2 e e - - 4 4 0.7 ( ( iy x i y z i , i"
van den Berg et al. - 2023 - Probabilistic error cancellation with sparse Pauli–Lindblad models on noisy quantum processors.pdf,van den Berg et al. (2023),yes,yes,strong,plus-minus-value,28,"z i i z z z i ) ): : 0 0 . . 9 9 8 8 8 8 8 1 ± ± 1 1 . . 8 7 e e - - 4 4 0.7 ( ( i i x x x iy x , , i i x x z y z i ) ) : : 0 0 . . 9 9 8 8 6 6 6 6 ± ± 3 3 . . 2 2 e e - - 4 4 0.7 ( ( iy x i y z i , i z ,x z y z i y i ) ): : 0 0 . . 9 9 8 8 8 5 9 6 ± ± 3 3 . . 4 2 e e - - 4 4 ( ( i i x x i z z i , , i"
van den Berg et al. - 2023 - Probabilistic error cancellation with sparse Pauli–Lindblad models on noisy quantum processors.pdf,van den Berg et al. (2023),yes,yes,strong,plus-minus-value,28,"i x x z y z i ) ) : : 0 0 . . 9 9 8 8 6 6 6 6 ± ± 3 3 . . 2 2 e e - - 4 4 0.7 ( ( iy x i y z i , i z ,x z y z i y i ) ): : 0 0 . . 9 9 8 8 8 5 9 6 ± ± 3 3 . . 4 2 e e - - 4 4 ( ( i i x x i z z i , , i i x x z z z i ) ): : 0 0 . . 9 9 8 8 6 6 8 3 ± ± 2 2 . . 0 0 e e - - 4 4 0.6 ( ( x ix iy y i y , , x"
van den Berg et al. - 2023 - Probabilistic error cancellation with sparse Pauli–Lindblad models on noisy quantum processors.pdf,van den Berg et al. (2023),yes,yes,strong,plus-minus-value,28,"z ,x z y z i y i ) ): : 0 0 . . 9 9 8 8 8 5 9 6 ± ± 3 3 . . 4 2 e e - - 4 4 ( ( i i x x i z z i , , i i x x z z z i ) ): : 0 0 . . 9 9 8 8 6 6 8 3 ± ± 2 2 . . 0 0 e e - - 4 4 0.6 ( ( x ix iy y i y , , x i x x x y x y ) ): : 0 0 . . 9 9 8 8 5 4 1 2 ± ± 3 3 . . 3 8 e e - - 4 4 0.6 ( ( i i y y x x z i, ,"
van den Berg et al. - 2023 - Probabilistic error cancellation with sparse Pauli–Lindblad models on noisy quantum processors.pdf,van den Berg et al. (2023),yes,yes,strong,plus-minus-value,28,"i i x x z z z i ) ): : 0 0 . . 9 9 8 8 6 6 8 3 ± ± 2 2 . . 0 0 e e - - 4 4 0.6 ( ( x ix iy y i y , , x i x x x y x y ) ): : 0 0 . . 9 9 8 8 5 4 1 2 ± ± 3 3 . . 3 8 e e - - 4 4 0.6 ( ( i i y y x x z i, , z z z z y x x z) ): : 0 0 . . 9 9 8 8 5 4 5 5 ± ± 3 3 . . 3 2 e e - - 4 4 ( ( z z x x i z z i , , z"
van den Berg et al. - 2023 - Probabilistic error cancellation with sparse Pauli–Lindblad models on noisy quantum processors.pdf,van den Berg et al. (2023),yes,yes,strong,plus-minus-value,28,"x i x x x y x y ) ): : 0 0 . . 9 9 8 8 5 4 1 2 ± ± 3 3 . . 3 8 e e - - 4 4 0.6 ( ( i i y y x x z i, , z z z z y x x z) ): : 0 0 . . 9 9 8 8 5 4 5 5 ± ± 3 3 . . 3 2 e e - - 4 4 ( ( z z x x i z z i , , z z x x z z z i ) ) : : 0 0 . . 9 9 8 8 3 4 8 0 ± ± 2 3 . . 4 1 e e - - 4 4 0.5 ( ( x x i i z iy z , ,"
van den Berg et al. - 2023 - Probabilistic error cancellation with sparse Pauli–Lindblad models on noisy quantum processors.pdf,van den Berg et al. (2023),yes,yes,strong,plus-minus-value,28,", z z z z y x x z) ): : 0 0 . . 9 9 8 8 5 4 5 5 ± ± 3 3 . . 3 2 e e - - 4 4 ( ( z z x x i z z i , , z z x x z z z i ) ) : : 0 0 . . 9 9 8 8 3 4 8 0 ± ± 2 3 . . 4 1 e e - - 4 4 0.5 ( ( x x i i z iy z , , x x x x z iy z ) ): : 0 0 . . 9 9 8 8 4 4 2 4 ± ± 3 3 . . 6 4 e e - - 4 4 0.5 ( ( x x i i x iz i, ,"
van den Berg et al. - 2023 - Probabilistic error cancellation with sparse Pauli–Lindblad models on noisy quantum processors.pdf,van den Berg et al. (2023),yes,yes,strong,plus-minus-value,28,"z x x z z z i ) ) : : 0 0 . . 9 9 8 8 3 4 8 0 ± ± 2 3 . . 4 1 e e - - 4 4 0.5 ( ( x x i i z iy z , , x x x x z iy z ) ): : 0 0 . . 9 9 8 8 4 4 2 4 ± ± 3 3 . . 6 4 e e - - 4 4 0.5 ( ( x x i i x iz i, , y y x x y zy x ) ): : 0 0 . . 9 9 8 8 3 3 5 6 ± ± 3 2 . . 8 3 e e - - 4 4 ± 0.4 (xixx,xxyi):0.9843±3."
van den Berg et al. - 2023 - Probabilistic error cancellation with sparse Pauli–Lindblad models on noisy quantum processors.pdf,van den Berg et al. (2023),yes,yes,strong,plus-minus-value,28,", x x x x z iy z ) ): : 0 0 . . 9 9 8 8 4 4 2 4 ± ± 3 3 . . 6 4 e e - - 4 4 0.5 ( ( x x i i x iz i, , y y x x y zy x ) ): : 0 0 . . 9 9 8 8 3 3 5 6 ± ± 3 2 . . 8 3 e e - - 4 4 ± 0.4 (xixx,xxyi):0.9843±3.4e-4 0.4 (xyxi,xyyx):0.9825±3.8e-4 (xiyy,xxyy):0.9829±2.4e-4 (xyiz,xyzy):0.9822±3.7e-4 0.3 ± 0.3 (xi"
van den Berg et al. - 2023 - Probabilistic error cancellation with sparse Pauli–Lindblad models on noisy quantum processors.pdf,van den Berg et al. (2023),yes,yes,strong,plus-minus-value,28,"0 . . 9 9 8 8 4 4 2 4 ± ± 3 3 . . 6 4 e e - - 4 4 0.5 ( ( x x i i x iz i, , y y x x y zy x ) ): : 0 0 . . 9 9 8 8 3 3 5 6 ± ± 3 2 . . 8 3 e e - - 4 4 ± 0.4 (xixx,xxyi):0.9843±3.4e-4 0.4 (xyxi,xyyx):0.9825±3.8e-4 (xiyy,xxyy):0.9829±2.4e-4 (xyiz,xyzy):0.9822±3.7e-4 0.3 ± 0.3 (xixz,yxxz):0.9824±3.7e-4 (xy"
van den Berg et al. - 2023 - Probabilistic error cancellation with sparse Pauli–Lindblad models on noisy quantum processors.pdf,van den Berg et al. (2023),yes,yes,strong,plus-minus-value,28,"± 3 3 . . 6 4 e e - - 4 4 0.5 ( ( x x i i x iz i, , y y x x y zy x ) ): : 0 0 . . 9 9 8 8 3 3 5 6 ± ± 3 2 . . 8 3 e e - - 4 4 ± 0.4 (xixx,xxyi):0.9843±3.4e-4 0.4 (xyxi,xyyx):0.9825±3.8e-4 (xiyy,xxyy):0.9829±2.4e-4 (xyiz,xyzy):0.9822±3.7e-4 0.3 ± 0.3 (xixz,yxxz):0.9824±3.7e-4 (xyxz,xyxz):0.9814±4.4e-4"
van den Berg et al. - 2023 - Probabilistic error cancellation with sparse Pauli–Lindblad models on noisy quantum processors.pdf,van den Berg et al. (2023),yes,yes,strong,plus-minus-value,28,"( ( x x i i x iz i, , y y x x y zy x ) ): : 0 0 . . 9 9 8 8 3 3 5 6 ± ± 3 2 . . 8 3 e e - - 4 4 ± 0.4 (xixx,xxyi):0.9843±3.4e-4 0.4 (xyxi,xyyx):0.9825±3.8e-4 (xiyy,xxyy):0.9829±2.4e-4 (xyiz,xyzy):0.9822±3.7e-4 0.3 ± 0.3 (xixz,yxxz):0.9824±3.7e-4 (xyxz,xyxz):0.9814±4.4e-4 0.2 0.2 ± 0.1 0.1 0 25 50 75 0"
van den Berg et al. - 2023 - Probabilistic error cancellation with sparse Pauli–Lindblad models on noisy quantum processors.pdf,van den Berg et al. (2023),yes,yes,strong,plus-minus-value,28,"x x y zy x ) ): : 0 0 . . 9 9 8 8 3 3 5 6 ± ± 3 2 . . 8 3 e e - - 4 4 ± 0.4 (xixx,xxyi):0.9843±3.4e-4 0.4 (xyxi,xyyx):0.9825±3.8e-4 (xiyy,xxyy):0.9829±2.4e-4 (xyiz,xyzy):0.9822±3.7e-4 0.3 ± 0.3 (xixz,yxxz):0.9824±3.7e-4 (xyxz,xyxz):0.9814±4.4e-4 0.2 0.2 ± 0.1 0.1 0 25 50 75 0 25 50 75 Basis index = 6"
van den Berg et al. - 2023 - Probabilistic error cancellation with sparse Pauli–Lindblad models on noisy quantum processors.pdf,van den Berg et al. (2023),yes,yes,strong,plus-minus-value,28,"9 9 8 8 3 3 5 6 ± ± 3 2 . . 8 3 e e - - 4 4 ± 0.4 (xixx,xxyi):0.9843±3.4e-4 0.4 (xyxi,xyyx):0.9825±3.8e-4 (xiyy,xxyy):0.9829±2.4e-4 (xyiz,xyzy):0.9822±3.7e-4 0.3 ± 0.3 (xixz,yxxz):0.9824±3.7e-4 (xyxz,xyxz):0.9814±4.4e-4 0.2 0.2 ± 0.1 0.1 0 25 50 75 0 25 50 75 Basis index = 6 Basis index = 7 Basis inde"
van den Berg et al. - 2023 - Probabilistic error cancellation with sparse Pauli–Lindblad models on noisy quantum processors.pdf,van den Berg et al. (2023),yes,yes,strong,plus-minus-value,28,"5 6 ± ± 3 2 . . 8 3 e e - - 4 4 ± 0.4 (xixx,xxyi):0.9843±3.4e-4 0.4 (xyxi,xyyx):0.9825±3.8e-4 (xiyy,xxyy):0.9829±2.4e-4 (xyiz,xyzy):0.9822±3.7e-4 0.3 ± 0.3 (xixz,yxxz):0.9824±3.7e-4 (xyxz,xyxz):0.9814±4.4e-4 0.2 0.2 ± 0.1 0.1 0 25 50 75 0 25 50 75 Basis index = 6 Basis index = 7 Basis index = 8 1.0 (ii"
van den Berg et al. - 2023 - Probabilistic error cancellation with sparse Pauli–Lindblad models on noisy quantum processors.pdf,van den Berg et al. (2023),yes,yes,strong,plus-minus-value,28,"- - 4 4 ± 0.4 (xixx,xxyi):0.9843±3.4e-4 0.4 (xyxi,xyyx):0.9825±3.8e-4 (xiyy,xxyy):0.9829±2.4e-4 (xyiz,xyzy):0.9822±3.7e-4 0.3 ± 0.3 (xixz,yxxz):0.9824±3.7e-4 (xyxz,xyxz):0.9814±4.4e-4 0.2 0.2 ± 0.1 0.1 0 25 50 75 0 25 50 75 Basis index = 6 Basis index = 7 Basis index = 8 1.0 (iiix,iiix):0.9959 7.8e-5"
van den Berg et al. - 2023 - Probabilistic error cancellation with sparse Pauli–Lindblad models on noisy quantum processors.pdf,van den Berg et al. (2023),yes,yes,strong,plus-minus-value,28,"0.9843±3.4e-4 0.4 (xyxi,xyyx):0.9825±3.8e-4 (xiyy,xxyy):0.9829±2.4e-4 (xyiz,xyzy):0.9822±3.7e-4 0.3 ± 0.3 (xixz,yxxz):0.9824±3.7e-4 (xyxz,xyxz):0.9814±4.4e-4 0.2 0.2 ± 0.1 0.1 0 25 50 75 0 25 50 75 Basis index = 6 Basis index = 7 Basis index = 8 1.0 (iiix,iiix):0.9959 7.8e-5 1.0 (iiix,iiix):0.9959 7.8"
van den Berg et al. - 2023 - Probabilistic error cancellation with sparse Pauli–Lindblad models on noisy quantum processors.pdf,van den Berg et al. (2023),yes,yes,strong,plus-minus-value,28,"4 (xyxi,xyyx):0.9825±3.8e-4 (xiyy,xxyy):0.9829±2.4e-4 (xyiz,xyzy):0.9822±3.7e-4 0.3 ± 0.3 (xixz,yxxz):0.9824±3.7e-4 (xyxz,xyxz):0.9814±4.4e-4 0.2 0.2 ± 0.1 0.1 0 25 50 75 0 25 50 75 Basis index = 6 Basis index = 7 Basis index = 8 1.0 (iiix,iiix):0.9959 7.8e-5 1.0 (iiix,iiix):0.9959 7.8e-5 1.0 (iiix,iii"
van den Berg et al. - 2023 - Probabilistic error cancellation with sparse Pauli–Lindblad models on noisy quantum processors.pdf,van den Berg et al. (2023),yes,yes,strong,plus-minus-value,28,"index = 6 Basis index = 7 Basis index = 8 1.0 (iiix,iiix):0.9959 7.8e-5 1.0 (iiix,iiix):0.9959 7.8e-5 1.0 (iiix,iiix):0.9959 7.8e-5 (iixi,iixx):0.9933±1.3e-4 (iiyi,iiyx):0.9938±1.2e-4 (iizi,iizi):0.9946±9.0e-5 0.9 (iyii,zzii):0.9913±1.8e-4 0.9 (izii,zyii):0.9912±1.8e-4 0.9 (ixii,ixii):0.9923±1.3e-4 (y"
van den Berg et al. - 2023 - Probabilistic error cancellation with sparse Pauli–Lindblad models on noisy quantum processors.pdf,van den Berg et al. (2023),yes,yes,strong,plus-minus-value,28,"Basis index = 8 1.0 (iiix,iiix):0.9959 7.8e-5 1.0 (iiix,iiix):0.9959 7.8e-5 1.0 (iiix,iiix):0.9959 7.8e-5 (iixi,iixx):0.9933±1.3e-4 (iiyi,iiyx):0.9938±1.2e-4 (iizi,iizi):0.9946±9.0e-5 0.9 (iyii,zzii):0.9913±1.8e-4 0.9 (izii,zyii):0.9912±1.8e-4 0.9 (ixii,ixii):0.9923±1.3e-4 (yyii,yyii):0.9893±3.4e-4 (x"
van den Berg et al. - 2023 - Probabilistic error cancellation with sparse Pauli–Lindblad models on noisy quantum processors.pdf,van den Berg et al. (2023),yes,yes,strong,plus-minus-value,28,"iiix):0.9959 7.8e-5 1.0 (iiix,iiix):0.9959 7.8e-5 1.0 (iiix,iiix):0.9959 7.8e-5 (iixi,iixx):0.9933±1.3e-4 (iiyi,iiyx):0.9938±1.2e-4 (iizi,iizi):0.9946±9.0e-5 0.9 (iyii,zzii):0.9913±1.8e-4 0.9 (izii,zyii):0.9912±1.8e-4 0.9 (ixii,ixii):0.9923±1.3e-4 (yyii,yyii):0.9893±3.4e-4 (xxii,yiii):0.9880±2.3e-4 (i"
van den Berg et al. - 2023 - Probabilistic error cancellation with sparse Pauli–Lindblad models on noisy quantum processors.pdf,van den Berg et al. (2023),yes,yes,strong,plus-minus-value,28,"iiix):0.9959 7.8e-5 1.0 (iiix,iiix):0.9959 7.8e-5 (iixi,iixx):0.9933±1.3e-4 (iiyi,iiyx):0.9938±1.2e-4 (iizi,iizi):0.9946±9.0e-5 0.9 (iyii,zzii):0.9913±1.8e-4 0.9 (izii,zyii):0.9912±1.8e-4 0.9 (ixii,ixii):0.9923±1.3e-4 (yyii,yyii):0.9893±3.4e-4 (xxii,yiii):0.9880±2.3e-4 (iizx,iizx):0.9909±2.3e-4 0.8 (x"
van den Berg et al. - 2023 - Probabilistic error cancellation with sparse Pauli–Lindblad models on noisy quantum processors.pdf,van den Berg et al. (2023),yes,yes,strong,plus-minus-value,28,"iiix):0.9959 7.8e-5 (iixi,iixx):0.9933±1.3e-4 (iiyi,iiyx):0.9938±1.2e-4 (iizi,iizi):0.9946±9.0e-5 0.9 (iyii,zzii):0.9913±1.8e-4 0.9 (izii,zyii):0.9912±1.8e-4 0.9 (ixii,ixii):0.9923±1.3e-4 (yyii,yyii):0.9893±3.4e-4 (xxii,yiii):0.9880±2.3e-4 (iizx,iizx):0.9909±2.3e-4 0.8 (xxii,yiii):0.9880±2.3e-4 0.8 (i"
van den Berg et al. - 2023 - Probabilistic error cancellation with sparse Pauli–Lindblad models on noisy quantum processors.pdf,van den Berg et al. (2023),yes,yes,strong,plus-minus-value,28,"):0.9933±1.3e-4 (iiyi,iiyx):0.9938±1.2e-4 (iizi,iizi):0.9946±9.0e-5 0.9 (iyii,zzii):0.9913±1.8e-4 0.9 (izii,zyii):0.9912±1.8e-4 0.9 (ixii,ixii):0.9923±1.3e-4 (yyii,yyii):0.9893±3.4e-4 (xxii,yiii):0.9880±2.3e-4 (iizx,iizx):0.9909±2.3e-4 0.8 (xxii,yiii):0.9880±2.3e-4 0.8 (izix,zyix):0.9873±3.0e-4 0.8 (y"
van den Berg et al. - 2023 - Probabilistic error cancellation with sparse Pauli–Lindblad models on noisy quantum processors.pdf,van den Berg et al. (2023),yes,yes,strong,plus-minus-value,28,"):0.9938±1.2e-4 (iizi,iizi):0.9946±9.0e-5 0.9 (iyii,zzii):0.9913±1.8e-4 0.9 (izii,zyii):0.9912±1.8e-4 0.9 (ixii,ixii):0.9923±1.3e-4 (yyii,yyii):0.9893±3.4e-4 (xxii,yiii):0.9880±2.3e-4 (iizx,iizx):0.9909±2.3e-4 0.8 (xxii,yiii):0.9880±2.3e-4 0.8 (izix,zyix):0.9873±3.0e-4 0.8 (yiii,yxii):0.9895±2.6e-4 0."
van den Berg et al. - 2023 - Probabilistic error cancellation with sparse Pauli–Lindblad models on noisy quantum processors.pdf,van den Berg et al. (2023),yes,yes,strong,plus-minus-value,28,"):0.9946±9.0e-5 0.9 (iyii,zzii):0.9913±1.8e-4 0.9 (izii,zyii):0.9912±1.8e-4 0.9 (ixii,ixii):0.9923±1.3e-4 (yyii,yyii):0.9893±3.4e-4 (xxii,yiii):0.9880±2.3e-4 (iizx,iizx):0.9909±2.3e-4 0.8 (xxii,yiii):0.9880±2.3e-4 0.8 (izix,zyix):0.9873±3.0e-4 0.8 (yiii,yxii):0.9895±2.6e-4 0.7 ( ( y i y y i i x x , ,"
van den Berg et al. - 2023 - Probabilistic error cancellation with sparse Pauli–Lindblad models on noisy quantum processors.pdf,van den Berg et al. (2023),yes,yes,strong,plus-minus-value,28,"zzii):0.9913±1.8e-4 0.9 (izii,zyii):0.9912±1.8e-4 0.9 (ixii,ixii):0.9923±1.3e-4 (yyii,yyii):0.9893±3.4e-4 (xxii,yiii):0.9880±2.3e-4 (iizx,iizx):0.9909±2.3e-4 0.8 (xxii,yiii):0.9880±2.3e-4 0.8 (izix,zyix):0.9873±3.0e-4 0.8 (yiii,yxii):0.9895±2.6e-4 0.7 ( ( y i y y i i x x , , y z y zi i x x ) ) : : 0 0"
van den Berg et al. - 2023 - Probabilistic error cancellation with sparse Pauli–Lindblad models on noisy quantum processors.pdf,van den Berg et al. (2023),yes,yes,strong,plus-minus-value,28,"zyii):0.9912±1.8e-4 0.9 (ixii,ixii):0.9923±1.3e-4 (yyii,yyii):0.9893±3.4e-4 (xxii,yiii):0.9880±2.3e-4 (iizx,iizx):0.9909±2.3e-4 0.8 (xxii,yiii):0.9880±2.3e-4 0.8 (izix,zyix):0.9873±3.0e-4 0.8 (yiii,yxii):0.9895±2.6e-4 0.7 ( ( y i y y i i x x , , y z y zi i x x ) ) : : 0 0 . . 9 9 8 8 7 5 2 5 ± ± 2 3 ."
van den Berg et al. - 2023 - Probabilistic error cancellation with sparse Pauli–Lindblad models on noisy quantum processors.pdf,van den Berg et al. (2023),yes,yes,strong,plus-minus-value,28,"ixii):0.9923±1.3e-4 (yyii,yyii):0.9893±3.4e-4 (xxii,yiii):0.9880±2.3e-4 (iizx,iizx):0.9909±2.3e-4 0.8 (xxii,yiii):0.9880±2.3e-4 0.8 (izix,zyix):0.9873±3.0e-4 0.8 (yiii,yxii):0.9895±2.6e-4 0.7 ( ( y i y y i i x x , , y z y zi i x x ) ) : : 0 0 . . 9 9 8 8 7 5 2 5 ± ± 2 3 . . 9 5 e e - - 4 4 0.7 (i ( z"
van den Berg et al. - 2023 - Probabilistic error cancellation with sparse Pauli–Lindblad models on noisy quantum processors.pdf,van den Berg et al. (2023),yes,yes,strong,plus-minus-value,28,"):0.9893±3.4e-4 (xxii,yiii):0.9880±2.3e-4 (iizx,iizx):0.9909±2.3e-4 0.8 (xxii,yiii):0.9880±2.3e-4 0.8 (izix,zyix):0.9873±3.0e-4 0.8 (yiii,yxii):0.9895±2.6e-4 0.7 ( ( y i y y i i x x , , y z y zi i x x ) ) : : 0 0 . . 9 9 8 8 7 5 2 5 ± ± 2 3 . . 9 5 e e - - 4 4 0.7 (i ( z y y z i i , i z , y y y zi x i"
van den Berg et al. - 2023 - Probabilistic error cancellation with sparse Pauli–Lindblad models on noisy quantum processors.pdf,van den Berg et al. (2023),yes,yes,strong,plus-minus-value,28,".9880±2.3e-4 0.8 (izix,zyix):0.9873±3.0e-4 0.8 (yiii,yxii):0.9895±2.6e-4 0.7 ( ( y i y y i i x x , , y z y zi i x x ) ) : : 0 0 . . 9 9 8 8 7 5 2 5 ± ± 2 3 . . 9 5 e e - - 4 4 0.7 (i ( z y y z i i , i z , y y y zi x i ) ): : 0 0 . . 9 9 8 8 7 4 4 9 ± ± 3 3 . . 8 2 e e - - 4 4 0.7 ( ( i i x x i z x i ,"
van den Berg et al. - 2023 - Probabilistic error cancellation with sparse Pauli–Lindblad models on noisy quantum processors.pdf,van den Berg et al. (2023),yes,yes,strong,plus-minus-value,28,"y z y zi i x x ) ) : : 0 0 . . 9 9 8 8 7 5 2 5 ± ± 2 3 . . 9 5 e e - - 4 4 0.7 (i ( z y y z i i , i z , y y y zi x i ) ): : 0 0 . . 9 9 8 8 7 4 4 9 ± ± 3 3 . . 8 2 e e - - 4 4 0.7 ( ( i i x x i z x i , , i i x x i z x i) ): : 0 0 . . 9 9 8 8 8 6 8 8 ± ± 2 2 . . 9 0 e e - - 4 4 0.6 ( ( i x y x x i i x ,"
van den Berg et al. - 2023 - Probabilistic error cancellation with sparse Pauli–Lindblad models on noisy quantum processors.pdf,van den Berg et al. (2023),yes,yes,strong,plus-minus-value,28,", y y y zi x i ) ): : 0 0 . . 9 9 8 8 7 4 4 9 ± ± 3 3 . . 8 2 e e - - 4 4 0.7 ( ( i i x x i z x i , , i i x x i z x i) ): : 0 0 . . 9 9 8 8 8 6 8 8 ± ± 2 2 . . 9 0 e e - - 4 4 0.6 ( ( i x y x x i i x ,z ,y z i x i x x ) ): : 0 0 . . 9 9 8 8 4 4 3 7 ± ± 2 3 . . 9 6 e e - - 4 4 0.6 ( ( i x z x y i x x ,"
van den Berg et al. - 2023 - Probabilistic error cancellation with sparse Pauli–Lindblad models on noisy quantum processors.pdf,van den Berg et al. (2023),yes,yes,strong,plus-minus-value,28,"i i x x i z x i) ): : 0 0 . . 9 9 8 8 8 6 8 8 ± ± 2 2 . . 9 0 e e - - 4 4 0.6 ( ( i x y x x i i x ,z ,y z i x i x x ) ): : 0 0 . . 9 9 8 8 4 4 3 7 ± ± 2 3 . . 9 6 e e - - 4 4 0.6 ( ( i x z x y i x x , , z y y i y ix i) ) : : 0 0 . . 9 9 8 8 5 4 0 3 ± ± 3 2 . . 0 9 e e - - 4 4 0.6 ( ( y y i i i z x i ,"
van den Berg et al. - 2023 - Probabilistic error cancellation with sparse Pauli–Lindblad models on noisy quantum processors.pdf,van den Berg et al. (2023),yes,yes,strong,plus-minus-value,28,",y z i x i x x ) ): : 0 0 . . 9 9 8 8 4 4 3 7 ± ± 2 3 . . 9 6 e e - - 4 4 0.6 ( ( i x z x y i x x , , z y y i y ix i) ) : : 0 0 . . 9 9 8 8 5 4 0 3 ± ± 3 2 . . 0 9 e e - - 4 4 0.6 ( ( y y i i i z x i , , y y x x i z x i) ): : 0 0 . . 9 9 8 8 5 3 4 8 ± ± 2 2 . . 4 8 e e - - 4 4 0.5 ( ( y i y y x x i x ,"
van den Berg et al. - 2023 - Probabilistic error cancellation with sparse Pauli–Lindblad models on noisy quantum processors.pdf,van den Berg et al. (2023),yes,yes,strong,plus-minus-value,28,"z y y i y ix i) ) : : 0 0 . . 9 9 8 8 5 4 0 3 ± ± 3 2 . . 0 9 e e - - 4 4 0.6 ( ( y y i i i z x i , , y y x x i z x i) ): : 0 0 . . 9 9 8 8 5 3 4 8 ± ± 2 2 . . 4 8 e e - - 4 4 0.5 ( ( y i y y x x i x , , y z y z x x x i) ) : : 0 0 . . 9 9 8 8 4 3 6 0 ± ± 3 2 . . 6 7 e e - - 4 4 0.5 ( ( x y x z y ix i,"
van den Berg et al. - 2023 - Probabilistic error cancellation with sparse Pauli–Lindblad models on noisy quantum processors.pdf,van den Berg et al. (2023),yes,yes,strong,plus-minus-value,28,"y x x i z x i) ): : 0 0 . . 9 9 8 8 5 3 4 8 ± ± 2 2 . . 4 8 e e - - 4 4 0.5 ( ( y i y y x x i x , , y z y z x x x i) ) : : 0 0 . . 9 9 8 8 4 3 6 0 ± ± 3 2 . . 6 7 e e - - 4 4 0.5 ( ( x y x z y ix i, , y y i z y ix x ) ) : : 0 0 . . 9 9 8 8 3 2 6 0 ± ± 3 4 . . 6 0 e e - - 4 4 0.5 ( ( y i i x z z x x ,"
van den Berg et al. - 2023 - Probabilistic error cancellation with sparse Pauli–Lindblad models on noisy quantum processors.pdf,van den Berg et al. (2023),yes,yes,strong,plus-minus-value,28,"y z y z x x x i) ) : : 0 0 . . 9 9 8 8 4 3 6 0 ± ± 3 2 . . 6 7 e e - - 4 4 0.5 ( ( x y x z y ix i, , y y i z y ix x ) ) : : 0 0 . . 9 9 8 8 3 2 6 0 ± ± 3 4 . . 6 0 e e - - 4 4 0.5 ( ( y i i x z z x x , , y i x x z z x x ) ): : 0 0 . . 9 9 8 8 3 0 6 4 ± ± 3 3 . . 8 0 e e - - 4 4 0.4 (xxxx,yixi):0.9821±4"
van den Berg et al. - 2023 - Probabilistic error cancellation with sparse Pauli–Lindblad models on noisy quantum processors.pdf,van den Berg et al. (2023),yes,yes,strong,plus-minus-value,28,"y i z y ix x ) ) : : 0 0 . . 9 9 8 8 3 2 6 0 ± ± 3 4 . . 6 0 e e - - 4 4 0.5 ( ( y i i x z z x x , , y i x x z z x x ) ): : 0 0 . . 9 9 8 8 3 0 6 4 ± ± 3 3 . . 8 0 e e - - 4 4 0.4 (xxxx,yixi):0.9821±4.5e-4 0.4 (xxyx,yiyi):0.9817±4.1e-4 0.4 ± (xxxi,yixx):0.9821±4.9e-4 (yzyi,yzyx):0.9816±3.0e-4 0.3 ± 0.3"
van den Berg et al. - 2023 - Probabilistic error cancellation with sparse Pauli–Lindblad models on noisy quantum processors.pdf,van den Berg et al. (2023),yes,yes,strong,plus-minus-value,28,"3 4 . . 6 0 e e - - 4 4 0.5 ( ( y i i x z z x x , , y i x x z z x x ) ): : 0 0 . . 9 9 8 8 3 0 6 4 ± ± 3 3 . . 8 0 e e - - 4 4 0.4 (xxxx,yixi):0.9821±4.5e-4 0.4 (xxyx,yiyi):0.9817±4.1e-4 0.4 ± (xxxi,yixx):0.9821±4.9e-4 (yzyi,yzyx):0.9816±3.0e-4 0.3 ± 0.3 ± 0.3 0.2 0.2 0.2 0.1 0.1 0.1 0 25 50 75 0 25"
van den Berg et al. - 2023 - Probabilistic error cancellation with sparse Pauli–Lindblad models on noisy quantum processors.pdf,van den Berg et al. (2023),yes,yes,strong,plus-minus-value,28,"( y i i x z z x x , , y i x x z z x x ) ): : 0 0 . . 9 9 8 8 3 0 6 4 ± ± 3 3 . . 8 0 e e - - 4 4 0.4 (xxxx,yixi):0.9821±4.5e-4 0.4 (xxyx,yiyi):0.9817±4.1e-4 0.4 ± (xxxi,yixx):0.9821±4.9e-4 (yzyi,yzyx):0.9816±3.0e-4 0.3 ± 0.3 ± 0.3 0.2 0.2 0.2 0.1 0.1 0.1 0 25 50 75 0 25 50 75 0 25 50 75 Depth (k) Fig"
van den Berg et al. - 2023 - Probabilistic error cancellation with sparse Pauli–Lindblad models on noisy quantum processors.pdf,van den Berg et al. (2023),yes,yes,strong,plus-minus-value,28,"z x x ) ): : 0 0 . . 9 9 8 8 3 0 6 4 ± ± 3 3 . . 8 0 e e - - 4 4 0.4 (xxxx,yixi):0.9821±4.5e-4 0.4 (xxyx,yiyi):0.9817±4.1e-4 0.4 ± (xxxi,yixx):0.9821±4.9e-4 (yzyi,yzyx):0.9816±3.0e-4 0.3 ± 0.3 ± 0.3 0.2 0.2 0.2 0.1 0.1 0.1 0 25 50 75 0 25 50 75 0 25 50 75 Depth (k) Fig. S10. Raw data ofnoise-learning"
van den Berg et al. - 2023 - Probabilistic error cancellation with sparse Pauli–Lindblad models on noisy quantum processors.pdf,van den Berg et al. (2023),yes,yes,strong,plus-minus-value,28,"8 8 3 0 6 4 ± ± 3 3 . . 8 0 e e - - 4 4 0.4 (xxxx,yixi):0.9821±4.5e-4 0.4 (xxyx,yiyi):0.9817±4.1e-4 0.4 ± (xxxi,yixx):0.9821±4.9e-4 (yzyi,yzyx):0.9816±3.0e-4 0.3 ± 0.3 ± 0.3 0.2 0.2 0.2 0.1 0.1 0.1 0 25 50 75 0 25 50 75 0 25 50 75 Depth (k) Fig. S10. Raw data ofnoise-learning experiments. Plotsofthele"
van den Berg et al. - 2023 - Probabilistic error cancellation with sparse Pauli–Lindblad models on noisy quantum processors.pdf,van den Berg et al. (2023),yes,yes,strong,plus-minus-value,28,"± ± 3 3 . . 8 0 e e - - 4 4 0.4 (xxxx,yixi):0.9821±4.5e-4 0.4 (xxyx,yiyi):0.9817±4.1e-4 0.4 ± (xxxi,yixx):0.9821±4.9e-4 (yzyi,yzyx):0.9816±3.0e-4 0.3 ± 0.3 ± 0.3 0.2 0.2 0.2 0.1 0.1 0.1 0 25 50 75 0 25 50 75 0 25 50 75 Depth (k) Fig. S10. Raw data ofnoise-learning experiments. Plotsofthelearningdataina"
van den Berg et al. - 2023 - Probabilistic error cancellation with sparse Pauli–Lindblad models on noisy quantum processors.pdf,van den Berg et al. (2023),yes,yes,strong,plus-minus-value,28,"3 . . 8 0 e e - - 4 4 0.4 (xxxx,yixi):0.9821±4.5e-4 0.4 (xxyx,yiyi):0.9817±4.1e-4 0.4 ± (xxxi,yixx):0.9821±4.9e-4 (yzyi,yzyx):0.9816±3.0e-4 0.3 ± 0.3 ± 0.3 0.2 0.2 0.2 0.1 0.1 0.1 0 25 50 75 0 25 50 75 0 25 50 75 Depth (k) Fig. S10. Raw data ofnoise-learning experiments. Plotsofthelearningdatainallnine"
van den Berg et al. - 2023 - Probabilistic error cancellation with sparse Pauli–Lindblad models on noisy quantum processors.pdf,van den Berg et al. (2023),yes,yes,strong,bootstrap,4,"id:105))/N shownintheY-ZBloch n n n n plane. Theexperimentallymeasuredevolution(dotsandsolidlines)iscomparedtotheidealnoise-freeone(dashedlines). The bootstrap-estimated error distribution for each data point is shown as clouds (light dots). Right: The error between ideal and measured magnetization vectors,"
van den Berg et al. - 2023 - Probabilistic error cancellation with sparse Pauli–Lindblad models on noisy quantum processors.pdf,van den Berg et al. (2023),yes,yes,strong,variance-reported,10,"ideal expectation value that would result from a noiseless circuit. The cost of sampling from the quasi-probabilistic distribution is an increase in variance in the expected value by a factor of O(γ2). C. Scalable noise models WhileworkingwithexplicitPaulichannelsisconvenient,theydorequirethestorageandproc"
van den Berg et al. - 2023 - Probabilistic error cancellation with sparse Pauli–Lindblad models on noisy quantum processors.pdf,van den Berg et al. (2023),yes,yes,strong,variance-reported,13,d:122) (cid:125) (cid:124) (cid:123)(cid:122) (cid:125) (cid:124) (cid:123)(cid:122) (cid:125) layer 1 layer 2 layer k Fig. S1. Benchmark circuit. D. Variance in mitigated observable We now consider the variance in the error-mitigated observable. Starting with binomial distribution with p(1)=p and p(0) = q
van den Berg et al. - 2023 - Probabilistic error cancellation with sparse Pauli–Lindblad models on noisy quantum processors.pdf,van den Berg et al. (2023),yes,yes,strong,variance-reported,13,5) (cid:124) (cid:123)(cid:122) (cid:125) layer 1 layer 2 layer k Fig. S1. Benchmark circuit. D. Variance in mitigated observable We now consider the variance in the error-mitigated observable. Starting with binomial distribution with p(1)=p and p(0) = q = 1−p and n trials we have mean np and variance npq.
van den Berg et al. - 2023 - Probabilistic error cancellation with sparse Pauli–Lindblad models on noisy quantum processors.pdf,van den Berg et al. (2023),yes,yes,strong,variance-reported,13,"r the variance in the error-mitigated observable. Starting with binomial distribution with p(1)=p and p(0) = q = 1−p and n trials we have mean np and variance npq. For the estimation of observables we sample from ±1 which means scaling by two and subtracting one per trial, which gives mean 2np−n and varianc"
van den Berg et al. - 2023 - Probabilistic error cancellation with sparse Pauli–Lindblad models on noisy quantum processors.pdf,van den Berg et al. (2023),yes,yes,strong,variance-reported,13,"ariance npq. For the estimation of observables we sample from ±1 which means scaling by two and subtracting one per trial, which gives mean 2np−n and variance 22npq. In order to obtain the observable we divide by the number of trials and scale by γ, which leads to an updated mean of 2pγ−γ =(2p−1)γ and varia"
van den Berg et al. - 2023 - Probabilistic error cancellation with sparse Pauli–Lindblad models on noisy quantum processors.pdf,van den Berg et al. (2023),yes,yes,strong,variance-reported,13,"iance 22npq. In order to obtain the observable we divide by the number of trials and scale by γ, which leads to an updated mean of 2pγ−γ =(2p−1)γ and variance (γ/n)2(4npq)=(4γ2/n)pq. The ideal observable or fidelity f is equal to the mean, namely (2p−1)γ =f. Rewriting gives 1 (cid:18) f (cid:19) 1 (cid:18)"
van den Berg et al. - 2023 - Probabilistic error cancellation with sparse Pauli–Lindblad models on noisy quantum processors.pdf,van den Berg et al. (2023),yes,yes,strong,variance-reported,13,"f. Rewriting gives 1 (cid:18) f (cid:19) 1 (cid:18) f (cid:19) 1 (cid:18) f2(cid:19) p= +1 , q =1−p= 1− , pq = 1− . 2 γ 2 γ 4 γ2 Using this we obtain variance 4γ2 pq = 1 (cid:0) γ2−f2(cid:1) . n n In order to keep the variance of the estimator fixed we therefore need to scale n proportional to γ2. SIV. NOIS"
van den Berg et al. - 2023 - Probabilistic error cancellation with sparse Pauli–Lindblad models on noisy quantum processors.pdf,van den Berg et al. (2023),yes,yes,strong,variance-reported,13,"d:18) f2(cid:19) p= +1 , q =1−p= 1− , pq = 1− . 2 γ 2 γ 4 γ2 Using this we obtain variance 4γ2 pq = 1 (cid:0) γ2−f2(cid:1) . n n In order to keep the variance of the estimator fixed we therefore need to scale n proportional to γ2. SIV. NOISE LEARNING FOR SINGLE-QUBIT GATES WITH CROSSTALK The proposed noise"
van den Berg et al. - 2023 - Probabilistic error cancellation with sparse Pauli–Lindblad models on noisy quantum processors.pdf,van den Berg et al. (2023),yes,yes,strong,variance-reported,24,gate is affected by depolarizing noise with fidelity f. Plot (b) shows the relative number of circuit instances needed for n=50 to achieve a similar variance in estimates. Slight improvements in the gate fidelity lead to significant reductions in the required number of circuit instances. experiments presen
van den Berg et al. - 2023 - Probabilistic error cancellation with sparse Pauli–Lindblad models on noisy quantum processors.pdf,van den Berg et al. (2023),yes,yes,weak,fluctuation,5,random circuit instances. We apply readout-error mit- igation on all observables (see [33] for more on readout mitigation). To counter time-dependent fluctuations in the noise we relearn the noise model after fixed intervals (see also Supplementary Materials Sec. SVII). The final observables are obtained after
van den Berg et al. - 2023 - Probabilistic error cancellation with sparse Pauli–Lindblad models on noisy quantum processors.pdf,van den Berg et al. (2023),yes,yes,weak,fluctuation,7,"Simple all-microwave entangling gate forfixed-frequencysuperconductingqubits. Physical Re- view Letters 107, 080502 (2011). [48] Klimov, P. V. et al. Fluctuations of energy-relaxation timesinsuperconductingqubits. PhysicalReviewLetters 121 (2018). [49] Carroll,M.,Rosenblatt,S.,Jurcevic,P.,Lauer,I.&Kan- dala, A"
van den Berg et al. - 2023 - Probabilistic error cancellation with sparse Pauli–Lindblad models on noisy quantum processors.pdf,van den Berg et al. (2023),yes,yes,weak,fluctuation,24,"7, we summarize the distribution of the variations in TE over a 2 two-month long period for each of the 27 qubits. We limited the effects of temporal fluctuations by interleaving our mitigation experiments with noise-learning runs every few hours. Readout — We define the readout assignment fidelity per qubit a"
van den Berg et al. - 2023 - Probabilistic error cancellation with sparse Pauli–Lindblad models on noisy quantum processors.pdf,van den Berg et al. (2023),yes,yes,weak,variance-general,10,"ideal expectation value that would result from a noiseless circuit. The cost of sampling from the quasi-probabilistic distribution is an increase in variance in the expected value by a factor of O(γ2). C. Scalable noise models WhileworkingwithexplicitPaulichannelsisconvenient,theydorequirethestorageandproc"
van den Berg et al. - 2023 - Probabilistic error cancellation with sparse Pauli–Lindblad models on noisy quantum processors.pdf,van den Berg et al. (2023),yes,yes,weak,variance-general,13,d:122) (cid:125) (cid:124) (cid:123)(cid:122) (cid:125) (cid:124) (cid:123)(cid:122) (cid:125) layer 1 layer 2 layer k Fig. S1. Benchmark circuit. D. Variance in mitigated observable We now consider the variance in the error-mitigated observable. Starting with binomial distribution with p(1)=p and p(0) = q
van den Berg et al. - 2023 - Probabilistic error cancellation with sparse Pauli–Lindblad models on noisy quantum processors.pdf,van den Berg et al. (2023),yes,yes,weak,variance-general,13,5) (cid:124) (cid:123)(cid:122) (cid:125) layer 1 layer 2 layer k Fig. S1. Benchmark circuit. D. Variance in mitigated observable We now consider the variance in the error-mitigated observable. Starting with binomial distribution with p(1)=p and p(0) = q = 1−p and n trials we have mean np and variance npq.
van den Berg et al. - 2023 - Probabilistic error cancellation with sparse Pauli–Lindblad models on noisy quantum processors.pdf,van den Berg et al. (2023),yes,yes,weak,variance-general,13,"r the variance in the error-mitigated observable. Starting with binomial distribution with p(1)=p and p(0) = q = 1−p and n trials we have mean np and variance npq. For the estimation of observables we sample from ±1 which means scaling by two and subtracting one per trial, which gives mean 2np−n and varianc"
van den Berg et al. - 2023 - Probabilistic error cancellation with sparse Pauli–Lindblad models on noisy quantum processors.pdf,van den Berg et al. (2023),yes,yes,weak,variance-general,13,"ariance npq. For the estimation of observables we sample from ±1 which means scaling by two and subtracting one per trial, which gives mean 2np−n and variance 22npq. In order to obtain the observable we divide by the number of trials and scale by γ, which leads to an updated mean of 2pγ−γ =(2p−1)γ and varia"
van den Berg et al. - 2023 - Probabilistic error cancellation with sparse Pauli–Lindblad models on noisy quantum processors.pdf,van den Berg et al. (2023),yes,yes,weak,variance-general,13,"iance 22npq. In order to obtain the observable we divide by the number of trials and scale by γ, which leads to an updated mean of 2pγ−γ =(2p−1)γ and variance (γ/n)2(4npq)=(4γ2/n)pq. The ideal observable or fidelity f is equal to the mean, namely (2p−1)γ =f. Rewriting gives 1 (cid:18) f (cid:19) 1 (cid:18)"
van den Berg et al. - 2023 - Probabilistic error cancellation with sparse Pauli–Lindblad models on noisy quantum processors.pdf,van den Berg et al. (2023),yes,yes,weak,variance-general,13,"f. Rewriting gives 1 (cid:18) f (cid:19) 1 (cid:18) f (cid:19) 1 (cid:18) f2(cid:19) p= +1 , q =1−p= 1− , pq = 1− . 2 γ 2 γ 4 γ2 Using this we obtain variance 4γ2 pq = 1 (cid:0) γ2−f2(cid:1) . n n In order to keep the variance of the estimator fixed we therefore need to scale n proportional to γ2. SIV. NOIS"
van den Berg et al. - 2023 - Probabilistic error cancellation with sparse Pauli–Lindblad models on noisy quantum processors.pdf,van den Berg et al. (2023),yes,yes,weak,variance-general,13,"d:18) f2(cid:19) p= +1 , q =1−p= 1− , pq = 1− . 2 γ 2 γ 4 γ2 Using this we obtain variance 4γ2 pq = 1 (cid:0) γ2−f2(cid:1) . n n In order to keep the variance of the estimator fixed we therefore need to scale n proportional to γ2. SIV. NOISE LEARNING FOR SINGLE-QUBIT GATES WITH CROSSTALK The proposed noise"
van den Berg et al. - 2023 - Probabilistic error cancellation with sparse Pauli–Lindblad models on noisy quantum processors.pdf,van den Berg et al. (2023),yes,yes,weak,variance-general,24,gate is affected by depolarizing noise with fidelity f. Plot (b) shows the relative number of circuit instances needed for n=50 to achieve a similar variance in estimates. Slight improvements in the gate fidelity lead to significant reductions in the required number of circuit instances. experiments presen
