pdf_file,csv_paper,csv_rating,scan_candidate,match_tier,pattern_name,page,context_snippet
AbuGhanem - 2024 - Google Quantum AI's Quest for Error-Corrected Quantum Computers.pdf,AbuGhanem,na,partial,weak,calibration-mention,7,"eading velocities of charge and spin densities hours using 20 million noisy qubits is presented in [271]. in the highly excited regime. Advanced gate calibration The paper outlines the requirements for this construc- and error-mitigation techniques [248, 254–256] were in- tion, including logical qubits, Tof"
AbuGhanem - 2024 - Google Quantum AI's Quest for Error-Corrected Quantum Computers.pdf,AbuGhanem,na,partial,weak,calibration-mention,13,"ress towards perimental results with theoretical predictions [6]. morerobustandscalablequantumsystems. Anarchitec- XEB [143, 489] offers a method for calibrating single- tural overview of Google’s Bristlecone-72 quantum pro- and 2-qubit gates and assessing fidelity in RQCs [144, cessor and series of sub-lat"
AbuGhanem - 2024 - Google Quantum AI's Quest for Error-Corrected Quantum Computers.pdf,AbuGhanem,na,partial,weak,calibration-mention,25,"rant, J Mutus, PJJ O’Malley, D Sank, [39] Kelly,J.andBarends,R.andFowler,etal.,Scalablein A Vainsencher, J Wenner, T White, A Polkovnikov, situ qubit calibration during repetitive error detection, AN Cleland, JM Martinis. Observation of topological Phys. Rev. A 94, 032321, (2016). transitionsininteractingqu"
AbuGhanem - 2024 - Google Quantum AI's Quest for Error-Corrected Quantum Computers.pdf,AbuGhanem,na,partial,weak,calibration-mention,34,"Quantum 2 (1), 010103, (2021). ET Holland, DP Pappas, JY Mutus, Cryogenic single- [299] Craig Gidney, Stim: a fast stabilizer circuit simulator, port calibration for superconducting microwave res- Quantum 5, 497, (2021). onator measurements, Quantum Sci. Technol. 6 (3), [300] Mario Motta, Erika Ye, Jarrod R"
AbuGhanem - 2024 - Google Quantum AI's Quest for Error-Corrected Quantum Computers.pdf,AbuGhanem,na,partial,weak,coherence-time,2,"n offers insights into their impact on this area has been the significant improvement in qubit both theoretical and practical aspects of quantum com- coherence times [33]. Coherence time, the period dur- puting. By analyzing their research and development ing which a qubit maintains its quantum state without effo"
AbuGhanem - 2024 - Google Quantum AI's Quest for Error-Corrected Quantum Computers.pdf,AbuGhanem,na,partial,weak,coherence-time,2,"their impact on this area has been the significant improvement in qubit both theoretical and practical aspects of quantum com- coherence times [33]. Coherence time, the period dur- puting. By analyzing their research and development ing which a qubit maintains its quantum state without efforts year by year, we a"
AbuGhanem - 2024 - Google Quantum AI's Quest for Error-Corrected Quantum Computers.pdf,AbuGhanem,na,partial,weak,coherence-time,2,"what lies ahead in and enhancing qubit design, Google Quantum AI has their ongoing quest to build error-corrected, large-scale successfully extended coherence times, thereby enhanc- quantum computers. ing the stability and reliability of their qubits. The subsequent sections of this paper are structured Error ma"
AbuGhanem - 2024 - Google Quantum AI's Quest for Error-Corrected Quantum Computers.pdf,AbuGhanem,na,partial,weak,coherence-time,13,"rings from the quantum ofquantumcomputing[186]. Bristlecone’sdesignfocuses processor matches the expected probabilities from clas- on improving qubit coherence times and reducing error sical simulations [6, 143, 144, 152]. This method allows rates, setting the stage for more sophisticated quantum for a rigorous p"
Acharya et al. - 2025 - Quantum error correction below the surface code threshold.pdf,Acharya et al. (Willow),yes,yes,strong,recalibration,3,"LSs during the initial calibration as well as for the duration of the experiments. Between every four experimental Logical error sensitivity runs, we recalibrate the processor to account for potential qubit fre- Equipped with below-threshold logical qubits, we can now probe the quency and readout signal drift"
Acharya et al. - 2025 - Quantum error correction below the surface code threshold.pdf,Acharya et al. (Willow),yes,yes,strong,recalibration,4,"re d = 3 (ref. 17) less sensitive to component-level fluctuations. Moreover, the logical 10–3 d = 5 10–2 error rates of experiments right after drift recalibration are not appre- ciably lower than those just prior, indicating that our logical qubit is 10–4 10–3 robust to the levels of qubit frequency and read"
Acharya et al. - 2025 - Quantum error correction below the surface code threshold.pdf,Acharya et al. (Willow),yes,yes,weak,drift-mention,3,"mation). The transmon qubits15,32,38. distance-7 logical qubit lifetime is 291 ± 6 μs, exceeding the lifetimes of Finally, we test the sensitivity to drift. Using our 72-qubit proces- all the constituent physical qubits (median, 85 ± 7 μs; best, 119 ± 13 μs) sor, we measure the logical performance of one"
Acharya et al. - 2025 - Quantum error correction below the surface code threshold.pdf,Acharya et al. (Willow),yes,yes,weak,drift-mention,3,"ibrate the processor to account for potential qubit fre- Equipped with below-threshold logical qubits, we can now probe the quency and readout signal drift. We observe an average Λ = 2.18 ± 0.07 sensitivity of logical error to various error mechanisms in this new (standard deviation) and best Λ = 2.31 ±"
Acharya et al. - 2025 - Quantum error correction below the surface code threshold.pdf,Acharya et al. (Willow),yes,yes,weak,drift-mention,4,"odes are d = 3 (ref. 17) less sensitive to component-level fluctuations. Moreover, the logical 10–3 d = 5 10–2 error rates of experiments right after drift recalibration are not appre- ciably lower than those just prior, indicating that our logical qubit is 10–4 10–3 robust to the levels of qubit frequen"
Acharya et al. - 2025 - Quantum error correction below the surface code threshold.pdf,Acharya et al. (Willow),yes,yes,weak,drift-mention,4,"are not appre- ciably lower than those just prior, indicating that our logical qubit is 10–4 10–3 robust to the levels of qubit frequency and readout drift present. These 10–5 results indicate that superconducting processors can remain stable 10–4 for the hours-long timescales required for large-scale fa"
Acharya et al. - 2025 - Quantum error correction below the surface code threshold.pdf,Acharya et al. (Willow),yes,yes,weak,calibration-mention,3,"th local and correlated errors from CZ gates are the largest contributors to the error budget. Consequently, continuing to improve both coherence and calibration will be crucial to further reduce logical error. One potential source of excess correlations that we actively mitigate is leakage to higher excite"
Acharya et al. - 2025 - Quantum error correction below the surface code threshold.pdf,Acharya et al. (Willow),yes,yes,weak,calibration-mention,3,"logical operation breakeven. forecasts defect frequencies of two-level systems (TLSs). This helps to avoid qubits coupling to TLSs during the initial calibration as well as for the duration of the experiments. Between every four experimental Logical error sensitivity runs, we recalibrate the processor to ac"
Acharya et al. - 2025 - Quantum error correction below the surface code threshold.pdf,Acharya et al. (Willow),yes,yes,weak,calibration-mention,6,"ssical side, we must ensure that software elements including 35. Ofek, N. et al. Extending the lifetime of a quantum bit with error correction in our calibration protocols, real-time decoders and logical compilers superconducting circuits. Nature 536, 441–445 (2016). 36. Ni, Z. et al. Beating the break-even"
Acharya et al. - 2025 - Quantum error correction below the surface code threshold.pdf,Acharya et al. (Willow),yes,yes,weak,calibration-mention,8,"modelling and metrological tools that enabled the experiment, built the system, performed Data availability the calibrations and collected the data. The Google DeepMind and Google Quantum AI teams jointly developed the machine learning decoder used. All authors wrote an"
Amin et al. - 2023 - Quantum error mitigation in quantum annealing.pdf,Amin et al.,yes,partial,weak,calibration-mention,8,"e Advantage2 processor, with 232 flux qubits coupled in a one-dimensional periodic chain. At each temperature, coupling strength, and annealing time, calibration refinement was performed to homoge- nize coupler frustration, balance each qubit at zero mag- netization, and synchronize annealing schedules. The"
Amin et al. - 2023 - Quantum error mitigation in quantum annealing.pdf,Amin et al.,yes,partial,weak,calibration-mention,10,", M. Reis, T. M. Lanting, [40] KevinChern,KellyBoothby,JackRaymond,PauFarr´e, R.Harris,F.Altomare,K.Boothby,P.I.Bunyk,C.En- Andrew D. King, Tutorial: Calibration refinement in derud,A.Frechette,E.Hoskinson,N.Ladizinsky,T.Oh, quantum annealing, Frontiers in Computer Science 5 G.Poulin-Lamarre,C.Rich,Y.Sato,A"
Bharti - 2022 - Noisy intermediate-scale quantum algorithms.pdf,Bharti,na,yes,strong,recalibration,27,"-end quantum Thepolynomialextrapolation isbasedonthepolynomial processor. Control pulses for each quantum gate have model of degree d such that to be recalibrated and be applied for longer duration. Secondly, one can apply a technique called circuit fold- E(d) (λ)=c +c λ+⋯+c λd, (55) poly 0 1 d ing (Giurgica-"
Bharti - 2022 - Noisy intermediate-scale quantum algorithms.pdf,Bharti,na,yes,weak,calibration-mention,30,ubit gate coherent-error reduction; ∼ 5× average we have absorbed the unitary component into L ˆˆ. It was coherent-error reduction; ∼ 10× increase in calibration shown that window to one week of valid pulse calibration; ∼12× re- ductiongate-errorvariabilityacrossqubitsandovertime; m 1 ρ˜(T)=ρˆ(T)−∑ (ρˆ(T)−ρ
Bharti - 2022 - Noisy intermediate-scale quantum algorithms.pdf,Bharti,na,yes,weak,calibration-mention,30,"absorbed the unitary component into L ˆˆ. It was coherent-error reduction; ∼ 10× increase in calibration shown that window to one week of valid pulse calibration; ∼12× re- ductiongate-errorvariabilityacrossqubitsandovertime; m 1 ρ˜(T)=ρˆ(T)−∑ (ρˆ(T)−ρˆ (T)), (60) and up to ∼ 9× reduction in single-qubit gat"
Bharti - 2022 - Noisy intermediate-scale quantum algorithms.pdf,Bharti,na,yes,weak,coherence-time,20,",sincetheadjacencymatrixofagraphisanat- 1996). However, current quantum processors have only uralfitasthesymmetricAmatrix. TheHafnianfunction limited coherence time and lack the capability to correct computesthenumberofperfectmatchingsofagraph,so errors that inevitably appear during the computation,"
Bharti - 2022 - Noisy intermediate-scale quantum algorithms.pdf,Bharti,na,yes,weak,coherence-time,26,"ofqubits treatment on quantum error mitigation, refer to (Endo (∼ 50−100) available. In addition, due to their noisy et al., 2020a). nature and short coherence time, one can only perform a restricted number of gate operations. In order to make maximal use of the currently available quantum 1. Zero-noise extrapola"
Bharti - 2022 - Noisy intermediate-scale quantum algorithms.pdf,Bharti,na,yes,weak,coherence-time,26,operate at var- platform to keep pushing the performance quality such ious effective noise levels of a quantum processor. It is as gate fidelity and coherence time for a given hardware then extrapolated to an estimated value at a noiseless design constraints. The top-down approach means im- level. plies that one
Bharti - 2022 - Noisy intermediate-scale quantum algorithms.pdf,Bharti,na,yes,weak,coherence-time,63,"puter’s practical realization. In 1995, computers with more qubits, lesser error rates, Peter Shor established that by encoding quantum infor- longer coherence times, and more connectivity be- mationredundantlyusingextraqubits,onecouldcircum- tween the qubits will be one of the top priorities venttheeffectofnoise"
Bultrini et al. - 2023 - Unifying and benchmarking state-of-the-art quantum error mitigation techniques.pdf,Bultrini et al.,na,partial,weak,hw-noise-mention,3,"rdinghowonecanincreasethenoisestrength, the original proposal stretches pulses used to imple- 2.1 Zero Noise Extrapolation ment gates to increase the hardware noise [45]. Nev- ZNE [45] uses noisy expectation values of an observ- ertheless,itisoftenmoreconvenienttoincreasenoise able of interest X obtained from the"
Bultrini et al. - 2023 - Unifying and benchmarking state-of-the-art quantum error mitigation techniques.pdf,Bultrini et al.,na,partial,weak,hw-noise-mention,3,"rapolationtothezeronoiselimit. scenario, one cannot experimentally access µ due to Furthermore, the best choice of the ansatz used to the presence of hardware noise. Instead, one mea- perform the extrapolation is not known a priori [17]. sures in the quantum computer the noisy observable Also, a controlled increa"
Cai et al. - 2023 - Quantum Error Mitigation.pdf,Cai et al.,partial,partial,weak,calibration-mention,7,"can be sam- thatareequivalenttotheidentityifoperatednoiselessly. pled, c.f. Appendix A.1, according to a Monte Carlo This is easier to implement and calibrate compared to procedure. In this review we formalise the method using the pulse-stretching method. However, while this will the superoperator represen"
Cai et al. - 2023 - Quantum Error Mitigation.pdf,Cai et al.,partial,partial,weak,calibration-mention,18,"strated numerically in Ru- bin et al. (2018) and experimentally in Smart and Mazz- θ⃗ in different QEM methods are obtained through dif- ferent noise calibration processes. However, we can also iotti (2020). obtain θ⃗ through learning-based methods (Czarnik et al., Of special interest for error-mitigation,"
Cai et al. - 2023 - Quantum Error Mitigation.pdf,Cai et al.,partial,partial,weak,calibration-mention,19,"pproximatethe thetrainingcircuitsforapplyinglearning-basedrescaling ideal expectation value: andshifting,itmaybemoreappropriatetoviewthemas the noise calibration circuits for performing probabilistic E (A) E (A)=θ +θ E(A). (48) 0 ≈ θ⃗ 0 1 errorcancellation(Sec.III.B)againstglobaldepolarising channelsorforas"
Cai et al. - 2023 - Quantum Error Mitigation.pdf,Cai et al.,partial,partial,weak,calibration-mention,19,"A by additions or replacements of some sub- set of gates. The parameters θ can be obtained as α 1 1 P ⃗n ⃗n Tr[Oρ ]= Tr[Oρ] − 0 Tr[O], through device calibration as discussed in Sec. III.B. On 0 P − P 2N 0 0 the other hand, we can also obtain θ via learning-based E0(P) E(P) methods (Strikis et al., 2021). A"
Cai et al. - 2023 - Quantum Error Mitigation.pdf,Cai et al.,partial,partial,weak,calibration-mention,20,"g the single-qubit gates tational tasks), then the training can be carried out at in the primary circuit with random single-qubit Clifford the device calibration stage and the training sampling and random single-qubit unitary, respectively (note that overhead may be omitted when considering a particu- C U a"
Cai et al. - 2023 - Quantum Error Mitigation.pdf,Cai et al.,partial,partial,weak,calibration-mention,21,21 a smaller training set usually also means a smaller sam- 1. Noise calibration overhead pling overhead for training. The relation between the sizeofthetrainingset T andtheperformanceofapply- In the previous sections when talk
Cai et al. - 2023 - Quantum Error Mitigation.pdf,Cai et al.,partial,partial,weak,calibration-mention,21,eneral studies into the trade-off obtainingit. Nowletuslookmorecloselyintothecostof between them would be essential for different learning- the noise calibration for various types of QEM methods. based methods. So far we have only explicitly talked about learning- basedmethodsappliedtorescalingandshiftingth
Cai et al. - 2023 - Quantum Error Mitigation.pdf,Cai et al.,partial,partial,weak,calibration-mention,21,"gation (Sec. III.C). These can all be be further discussed in the next section. doneinthedevicecalibrationstageandifthisisthecase, then ideally noise calibration is effectively free at the stage of applying QEM. However, fully correlated noise IV. COMPARISONS AND COMBINATIONS models are exponentially expens"
Cai et al. - 2023 - Quantum Error Mitigation.pdf,Cai et al.,partial,partial,weak,calibration-mention,21,"e been mentioned in Secs. III.B and III.C. More- over,deviceparameterscandriftintimeandthusroutine Inthelastsection,wehaveprovidedadetailedaccount re-calibration might be needed. In such a case, the noise of the individual QEM methods. In order to see the calibrationcostisnolongernegligibleattheQEMappli- co"
Cai et al. - 2023 - Quantum Error Mitigation.pdf,Cai et al.,partial,partial,weak,calibration-mention,21,"stsection,wehaveprovidedadetailedaccount re-calibration might be needed. In such a case, the noise of the individual QEM methods. In order to see the calibrationcostisnolongernegligibleattheQEMappli- connectionsanddifferencesamongthemmoreclearlyand cation stage and low-cost device calibration techniques pro"
Cai et al. - 2023 - Quantum Error Mitigation.pdf,Cai et al.,partial,partial,weak,calibration-mention,21,"order to see the calibrationcostisnolongernegligibleattheQEMappli- connectionsanddifferencesamongthemmoreclearlyand cation stage and low-cost device calibration techniques provide a discussion of their respective costs in a more would be essential [see e.g. Google Quantum AI and coherent framework, Cai (20"
Cai et al. - 2023 - Quantum Error Mitigation.pdf,Cai et al.,partial,partial,weak,calibration-mention,21,knownconstraintsontheout- servableofinterestrespondstochangesinthenoise put state like symmetry constraints (Sec. III.D) and pu- components that were calibrated in the last step. rity constraints (Sec. III.E). Their noise calibration will Combining both components will inform us about how measurethestrength
Cai et al. - 2023 - Quantum Error Mitigation.pdf,Cai et al.,partial,partial,weak,calibration-mention,21,put state like symmetry constraints (Sec. III.D) and pu- components that were calibrated in the last step. rity constraints (Sec. III.E). Their noise calibration will Combining both components will inform us about how measurethestrengthofthenoisethatviolatesthesecon- the observable of interest changes due t
Cai et al. - 2023 - Quantum Error Mitigation.pdf,Cai et al.,partial,partial,weak,calibration-mention,21,"oisethatviolatesthesecon- the observable of interest changes due to the presence straints, e.g. the fraction of the circuit runs that fail the of the calibrated noise components, and thus will enable symmetryverification. Inthesecases,bothnoisecalibra- us to construct an error-mitigated estimator protected"
Cai et al. - 2023 - Quantum Error Mitigation.pdf,Cai et al.,partial,partial,weak,calibration-mention,21,"Inthesecases,bothnoisecalibra- us to construct an error-mitigated estimator protected tion and response measurement involve measuring addi- from the calibrated noise components. We have already tional operators on the unmitigated noisy state. Hence, discussedsuchastructureforQEMmethodswhenintro- in some se"
Cai et al. - 2023 - Quantum Error Mitigation.pdf,Cai et al.,partial,partial,weak,calibration-mention,21,"s. We have already tional operators on the unmitigated noisy state. Hence, discussedsuchastructureforQEMmethodswhenintro- in some settings, the noise calibration can be performed ducingthelearning-basedmethods(Sec.III.H),therethe alongsideresponsemeasurementbysimplymeasuringad- noise calibration process is"
Cai et al. - 2023 - Quantum Error Mitigation.pdf,Cai et al.,partial,partial,weak,calibration-mention,21,"ngs, the noise calibration can be performed ducingthelearning-basedmethods(Sec.III.H),therethe alongsideresponsemeasurementbysimplymeasuringad- noise calibration process is simply the training process. ditionaloperatorswithoutadditionalcircuitruns(Bonet- Of course the division between noise calibration and"
Cai et al. - 2023 - Quantum Error Mitigation.pdf,Cai et al.,partial,partial,weak,calibration-mention,21,"- noise calibration process is simply the training process. ditionaloperatorswithoutadditionalcircuitruns(Bonet- Of course the division between noise calibration and re- Monroig et al., 2018; Cai, 2021b,c), which means the sponse measurement is not always clear-cut. For most noise calibration is essentially"
Cai et al. - 2023 - Quantum Error Mitigation.pdf,Cai et al.,partial,partial,weak,calibration-mention,21,"ion between noise calibration and re- Monroig et al., 2018; Cai, 2021b,c), which means the sponse measurement is not always clear-cut. For most noise calibration is essentially free. of the QEM methods that we have discussed, the error- mitigated estimator will be a linear combination of the resultsobtained"
Cai et al. - 2023 - Quantum Error Mitigation.pdf,Cai et al.,partial,partial,weak,calibration-mention,21,"n the pri- way to combine them (the weightings of each term) will mary circuit will affect our observable of interest, and be determined by the noise calibration. Treating QEM this class of QEM methods only target the error compo- as a two-stage process enables us to discuss the cost of nents that are damag"
Cai et al. - 2023 - Quantum Error Mitigation.pdf,Cai et al.,partial,partial,weak,calibration-mention,21,s only target the error compo- as a two-stage process enables us to discuss the cost of nents that are damaging to our observable. Methods like noise calibration and response measurement separately. subspace expansion (Sec. III.F) and N-representability
Cai et al. - 2023 - Quantum Error Mitigation.pdf,Cai et al.,partial,partial,weak,calibration-mention,22,"- be the observable of interest or its components). For perimental constraints we need to adhere to (on things observable error mitigation, the noise calibration will be like qubit numbers, runtime and hardware error rate), dependentontheobservableofinterest. Hence,thenoise such that we can specify exact im"
Cai et al. - 2023 - Quantum Error Mitigation.pdf,Cai et al.,partial,partial,weak,calibration-mention,22,"t numbers, runtime and hardware error rate), dependentontheobservableofinterest. Hence,thenoise such that we can specify exact implementations of the calibration accuracy required is highly dependent on the two given QEM methods and deduce the corresponding problemswetrytosolveandthustheassociatedcosthas me"
Cai et al. - 2023 - Quantum Error Mitigation.pdf,Cai et al.,partial,partial,weak,calibration-mention,22,"cally for some As mentioned, learning-based methods(Sec. III.H) are canonical implementations. Hence, in most of the QEM a means to perform the noise calibration process using literaturementionedinthisreview,whentryingtoassess training circuits. Compared to the circuits used in the orcomparetheperformanceof"
Cai et al. - 2023 - Quantum Error Mitigation.pdf,Cai et al.,partial,partial,weak,calibration-mention,22,"not a good indicator of the are more specific to the primary circuit and hopefully general performance of a given QEM method, but this can reduce the calibration cost. For example, when try- can usually demonstrate key characteristics of the QEM ing to construct the training circuit, we can make use of meth"
Cai et al. - 2023 - Quantum Error Mitigation.pdf,Cai et al.,partial,partial,weak,calibration-mention,22,"ethecostsandperformanceof and usually hard to analytically quantify, just like the some canonical implementations of typical QEM meth- cost for noise calibration in observable error mitigation. odsinTableIV.Theintentionistocapturetheessential The categorisation of QEM methods above is mainly distinguishing"
Cai et al. - 2023 - Quantum Error Mitigation.pdf,Cai et al.,partial,partial,weak,calibration-mention,22,"ation of a given QEM method, we can state error mitigation. After our discussion of the noise also look into other general characteristics of the QEM calibration requirements above, we can now move onto method by viewing the process of QEM from another the more general comparisons between QEM methods perspe"
Cai et al. - 2023 - Quantum Error Mitigation.pdf,Cai et al.,partial,partial,weak,calibration-mention,22,we can now move onto method by viewing the process of QEM from another the more general comparisons between QEM methods perspective. beyond the noise calibration stage. 1. State discrimination 2. Mean square errors QEMallowsustobetterestimatetheexpectationval- ues of the various noisy states output from a n
Cai et al. - 2023 - Quantum Error Mitigation.pdf,Cai et al.,partial,partial,weak,calibration-mention,25,"s, and the overall sampling over- Learning-basedmethodscanbeviewedasawaytoper- head is simply the product of the sampling overheads of form the noise calibration process rather than a stand- both stages of QEM. If we want to apply symmetry- or alone QEM method as mentioned in Sec. IV.A.1. Hence, purificatio"
Cai et al. - 2023 - Quantum Error Mitigation.pdf,Cai et al.,partial,partial,weak,calibration-mention,25,"opofanotherQEMmethod, it can be easily combined with the other methods by re- we can simply view the base QEM method as a process placing their noise calibration process (Cai, 2021b; Lowe ofextractingerror-mitigatedstatesoutofthenoisystate et al., 2021), which we have mentioned above in several as discussed"
Cai et al. - 2023 - Quantum Error Mitigation.pdf,Cai et al.,partial,partial,weak,hw-noise-mention,9,"fthegatesin circuits to construct the basis and the authors numeri- thecircuithavedifferenterrorrates,aslongasthecircuit cally tested this using real hardware noise models. For faults follow a Poisson distribution (see Sec. II.C). More actual experiments, probabilistic error cancellation has generally, as first d"
Campbell et al. - 2023 - Superstaq Deep Optimization of Quantum Programs.pdf,Campbell et al.,no,partial,weak,calibration-mention,2,"the natural frequency of the target qubit. On IBM noise. Finally Section IV presents the star-to-line routing, a devices, the ω frequency is used to calibrate an entangling zx simple-but-effective technique that bridges the gap from low- gate. By applying this Hamiltonian in an echoed fashion with connecti"
Campbell et al. - 2023 - Superstaq Deep Optimization of Quantum Programs.pdf,Campbell et al.,no,partial,weak,calibration-mention,4,"tion for γ 0.25π,0.75π,π , future iterations of Superstaq will ∈ { } address this with custompulse-shaping of the CR, rather than relying on Qiskit’s calibration. B. Neutral Atom Gateset Here we discuss Superstaq’s compilation to Infleqtion’s Hilbert QPU, which has a native gateset comprising: • Two-qubit C"
Campbell et al. - 2023 - Superstaq Deep Optimization of Quantum Programs.pdf,Campbell et al.,no,partial,weak,calibration-mention,7,perstaq’s compilation MS greater differences at increased θ reductions. endpoint for AQT allows arbitrary unitary matrices to be MS assigned to pulse calibrations for the control hardware. D. “Bring-Your-Own” Gateset (BYOG) Superstaq will then assume the provided gate definitions Any benefit from optimizing
Campbell et al. - 2023 - Superstaq Deep Optimization of Quantum Programs.pdf,Campbell et al.,no,partial,weak,calibration-mention,7,to all of which may be different than they were yesterday. The higher-level systems by allowing for custom gate definitions experimenter can focus on calibrating out unwanted factors of arbitrary dimension. Moving beyond the two-level (qubit) (such as crosstalk [41] to spectator qubits or leakage out of sub
Chernyak et al. - 2026 - Classical Regularization in Variational Quantum Eigensolvers.pdf,Chernyak et al.,na,partial,weak,hw-noise-mention,3,"parseP- scanned λ values across multiple orders of magnitude, typi- 0 auliOp class. To isolate purely algorithmic behavior from cally in the interval hardware noise, each system was simulated under noiseless λ ∈{0.00,0.005,0.020,0.050,0.075,0.099, conditions using Qiskit’s StatevectorEstimator backend [17], 0 whi"
Cirstoiu et al. - 2023 - Volumetric Benchmarking of Error Mitigation with Qermit.pdf,Cirstoiu et al.,partial,partial,weak,calibration-mention,1,"odology for thequantumcomputingstack. Atthehardwarelevel, the benchmarking of error mitigation protocols. Our noise reduction may be achieved through calibration benchmarking experiments compare the accuracy of [3],dynamicaldecoupling[4],pulse-leveloptimisation operator expectation value calculations when a"
Cirstoiu et al. - 2023 - Volumetric Benchmarking of Error Mitigation with Qermit.pdf,Cirstoiu et al.,partial,partial,weak,calibration-mention,12,"a least-square optimisa- rors,inadditiontoalocaldepolarisingmodelwithpa- tion. For CDR, we distribute the total shot budget rameters corresponding to calibration results. Exact equally to each of the 21 required circuits; namely 20 valuesofthesepropertiescanbefoundinAppendixB. near-Clifford circuits, and 1"
Cirstoiu et al. - 2023 - Volumetric Benchmarking of Error Mitigation with Qermit.pdf,Cirstoiu et al.,partial,partial,weak,calibration-mention,15,"tigation than theoretical lower bounds as for in combination, and with additional bespoke device example derived in [23] or determined from classical calibration [47, 48]. In particular, for these combined noisy simulations [29]. Qualitatively, we found that methods the error mitigated estimates of magnetis"
Cirstoiu et al. - 2023 - Volumetric Benchmarking of Error Mitigation with Qermit.pdf,Cirstoiu et al.,partial,partial,weak,calibration-mention,16,htfulfeedback. Thiswork the results of the volumetric benchmarks change for wassupportedbyInnovateUKProjectNo: 10001712. the same device at different calibration times. This “Noise Analysis and Mitigation for Scalable Quan- wasnotpossibleinthecaseof ibm casablancaasthe tum Computation”. We acknowledge the u
Czarnik et al. - 2021 - Error mitigation with Clifford quantum-circuit data.pdf,Czarnik et al.,no,partial,weak,hw-noise-mention,1,"alLaboratory,LosAlamos,NM87545,USA. Achieving near-term quantum advantage will require accurate estimation of quantum observables despite significant hardware noise. For this purpose, we propose a novel, scalable error-mitigation method that applies to gate- based quantum computers. The method gen- erates trainin"
Czarnik et al. - 2021 - Error mitigation with Clifford quantum-circuit data.pdf,Czarnik et al.,no,partial,weak,hw-noise-mention,6,"ailin[43]. Thebinsare cuit depth our method can mitigate will be notably chosen to cover the whole spectrum of H. increased with modest reductions in hardware noise The expectation value he−iHti is obtained by mea- rates, reaching 24 rounds of 8-qubit QAOA. suring hσ X + iσ Y i on an ancilla qubit after apply- Fu"
Dutkiewicz et al. - 2025 - Error Mitigation and Circuit Division for Early Fault-Tolerant Quantum Phase Estimation.pdf,Dutkiewicz et al.,na,partial,weak,hw-noise-mention,15,"presence of depolarizingnoise global depolarizing noise with a known fixed error rate γ perapplicationoftheunitaryoracle,i.e.,U(cid:2)=U(cid:2)(GDN). Hardware noise in quantum devices can take many γ forms and some knowledge of the noise model is often ThiswillbelaterusedinSec.IVFtooptimizesurface- requiredinorde"
English et al. - 2025 - Ising on the donut Regimes of topological quantum error correction from statistical mechanics.pdf,English et al.,na,no,none,,,
Etim and Szefer - 2025 - Fault Injection Attacks on Machine Learning-based Quantum Computer Readout Error Correction.pdf,Etim & Szefer,na,partial,weak,drift-mention,1,"rustedclassicalinfras- logic. In practice, this readout step is noisy due to instrument tructure create new threat around the quantum processors [3], drift, amplifier noise, crosstalk, and state-preparation-and- [4], [5], [6]. Among existing security analysis of quantum measurement (SPAM) effects [7]. Fu"
Etim and Szefer - 2025 - Fault Injection Attacks on Machine Learning-based Quantum Computer Readout Error Correction.pdf,Etim & Szefer,na,partial,weak,calibration-mention,2,"nce, and its vulnerability to attacks, non-Gaussian noise, improving discrimination accuracy and consistentwithbroaderconcernsthatquantumworkloadsmay calibration robustness [1], [11]. For example, HERQULES runatoppartiallyuntrustedclassicalinfrastructure[3],[4],[5]. emphasizes hardware-efficient ML post-pro"
Etim and Szefer - 2025 - Fault Injection Attacks on Machine Learning-based Quantum Computer Readout Error Correction.pdf,Etim & Szefer,na,partial,weak,calibration-mention,6,"e-channel attacks [4], but not onthequantum-classicalinterfaceandcaninfluencedecoders, of fault injection. Our work is first to provide an empirical, calibration loops, and any downstream classical control that hardware-backed case study focused on fault-injection on a depends on measurement outcomes. In cl"
Faculty of Engineering Kampala International University Uganda and Njoki - 2024 - Statistical Challenges and Opportunities in Quantum Computing A Review.pdf,Njoki,na,no,none,,,
Filippov et al. - 2023 - Scalable tensor-network error mitigation for near-term quantum computing.pdf,Filippov et al. (2023),na,no,none,,,
Filippov et al. - 2024 - Scalability of quantum error mitigation techniques from utility to advantage.pdf,Filippov et al. (2024),yes,partial,weak,drift-mention,4,"ity of errors, which can be inferred from the repeated noise characterization experiments. This quantity enables us to evaluate how far the noise can drift from the initially learned parameters. Forexample,byavoidingthemostunstablequbitsinasuperconductingquantumprocessor,thenoisefluctuationscan be reduce"
Filippov et al. - 2024 - Scalability of quantum error mitigation techniques from utility to advantage.pdf,Filippov et al. (2024),yes,partial,weak,temporal-mention,4,niques in typical dense N ×L circuits under realistic (sparse Pauli-Lindblad) noise with the density of errors ε and standard deviation Θ in relative temporal fluctuations of the density of errors. Should the intersection A of causal cones for the observable and the nontrivial component of the initial state be smaller
Filippov et al. - 2024 - Scalability of quantum error mitigation techniques from utility to advantage.pdf,Filippov et al. (2024),yes,partial,weak,temporal-mention,4,"eseeable average error rate per qubit per layer ε=0.16% [27]. The lower bound on the sampling overhead is established in Ref. [6]. due to unavoidable temporal fluctuations in the qubit environment, e.g., because of the two-level fluctuators in superconductingquantumcomputers. Imprecisioninsinglequbitgatesandnon-Markovi"
Filippov et al. - 2024 - Scalability of quantum error mitigation techniques from utility to advantage.pdf,Filippov et al. (2024),yes,partial,weak,temporal-mention,4,"n-Markovianeffects[26]alsocontribute totheoverallnoiseinstability. InSec.IIIB3,wequantifythenoiseinstabilityintermsofthestandarddeviationΘin relative temporal fluctuations of the density of errors, which can be inferred from the repeated noise characterization experiments. This quantity enables us to evaluate how far t"
França and Garcia-Patron - 2022 - A game of quantum advantage linking verification and simulation.pdf,Franca & Garcia-Patron,na,no,none,,,
Govia et al. - 2025 - Bounding the Systematic Error in Quantum Error Mitigation due to Model Violation.pdf,Govia et al.,yes,partial,weak,drift-mention,1,"n to the e.g.,quantifyingtheimpactonerrormitigationoftemporal author(s) and the published article’s title, journal citation, and DOI. fluctuations or drift in the error channels of a device [20]. 2691-3399/25/6(1)/010354(23) 010354-1 PublishedbytheAmericanPhysicalSociety"
Govia et al. - 2025 - Bounding the Systematic Error in Quantum Error Mitigation due to Model Violation.pdf,Govia et al.,yes,partial,weak,drift-mention,2,"erisaPauli-stochasticchannel, canbedescribedbyasinglecompletely-positiveand trace-preserving(CPTP)channel.Examplesinclude 4(cid:2)n−1 fluctuations or drift of error rates with time. Such E(ρ)= sPρP, (1) error sources can induce model violation that is i i i oftenafunctionofthecircuitdepth. i=0 (3) Out-of"
Govia et al. - 2025 - Bounding the Systematic Error in Quantum Error Mitigation due to Model Violation.pdf,Govia et al.,yes,partial,weak,drift-mention,8,"g experimentalcomplexities(e.g.,finitesamplingofmitiga- trivially returns a model with nonzero IIIZ and ZIII rates tion experiments, or error-channel drift between the Pauli λ =λ =λ .Inthiscase,themitigatedmapV has learning and mitigation) make it dicffi ult to isolate model IIIZ ZIII ZIIZ ageneralizedpr"
Govia et al. - 2025 - Bounding the Systematic Error in Quantum Error Mitigation due to Model Violation.pdf,Govia et al.,yes,partial,weak,drift-mention,10,"used to mitigate the other. Such comparisons are useful to, e.g., test the stability of error models over time, when error parameters are expected to drift or fluctuate, or to test the impact in uncertainty inducedbythemodel-fittingprocedure. For this analysis, because we have complete informa- (b) tion"
Govia et al. - 2025 - Bounding the Systematic Error in Quantum Error Mitigation due to Model Violation.pdf,Govia et al.,yes,partial,weak,drift-mention,11,". gates followed by a CNOT gate (the single-qubit gates are Diamond-Distance Upper Bound Worst Clifford Circuit Change in 1/T 1 (%) FIG. 6. Coherence-drift simulations. Box-and-whisker plots of the distribution of the systematic error after mitigation, δ , as a o functionofthechangeintherelaxationrate,1/"
Govia et al. - 2025 - Bounding the Systematic Error in Quantum Error Mitigation due to Model Violation.pdf,Govia et al.,yes,partial,weak,drift-mention,12,"itgivesaclearpre- be extended to model comparison, such as for analysis of scriptionforanexperimentaltestforverifyingitsmeasure noise fluctuation and drift. An important consideration is ofquality,whichinthiscaseisrunningPECerrormitiga- thatourmethodologytakesthemeasuredPaulifidelitiesas tionwiththelearn"
Govia et al. - 2025 - Bounding the Systematic Error in Quantum Error Mitigation due to Model Violation.pdf,Govia et al.,yes,partial,weak,calibration-mention,12,"we give further details of our representation suchsystematicbias,thoughweanticipatethistobearare oftheT errorchannel. andpathologicalsituationinawell-calibrateddevice. 1 In Fig. 6, we show the results of these simulations as There are two qualitative sources of looseness in our a function of how much the re"
Halder et al. - 2023 - Development of zero-noise extrapolated projective quantum algorithm for accurate evaluation of molec.pdf,Halder et al.,partial,partial,weak,calibration-mention,2,"ntumalgorithminNoisy Intermediate-ScaleQuantum(NISQ)7devices,onerequiresprecise The prospect of efficient simulation of molecular systems in hardware calibrations and additional layers of error correcting or the quantum computing framework has attracted an insurmount- mitigatingprotocols. ableamountofresear"
Halder et al. - 2023 - Development of zero-noise extrapolated projective quantum algorithm for accurate evaluation of molec.pdf,Halder et al.,partial,partial,weak,hw-noise-mention,3,"heoret- simulationalgorithmsandthelimitationsassociatedwiththeexact icalupperboundtoitsgeneratedestimates.Next,weformulatethe characterization of the hardware noise, Zero Noise Extrapolation constructionofZNE-PQE,whichaimstoproduceaccurateground (ZNE)30,34,42,43 offers the most suitable solution. In ZNE, the esti"
Halder et al. - 2023 - Development of zero-noise extrapolated projective quantum algorithm for accurate evaluation of molec.pdf,Halder et al.,partial,partial,weak,coherence-time,10,"olatingtechniques.Asthe tinue to advance, marked by enhanced gate fidelity and extended two-qubit (CNOT) gates are the major sources of error, a CNOT coherence times, the overall accuracy of ZNE-PQE is poised to efficientimplementationofthedUCCansatz47 wouldsignificantly experiencefurtherenhancement. J.Chem.Phys."
Henao et al. - 2023 - Adaptive quantum error mitigation using pulse-based inverse evolutions.pdf,Henao et al.,yes,partial,weak,calibration-mention,1,"se. Ourmethod handles spatiallycorrelated and time-dependent noisewhich enablesus to runshots over thescaleofdays ormoredespite thefact thatnoise and calibrations changein time. Finally,wediscussanddemonstratewhyourresultssuggestthatgatecalibrationprotocolsshouldberevisedwhenusingQEM.We demonstrate our find"
Henao et al. - 2023 - Adaptive quantum error mitigation using pulse-based inverse evolutions.pdf,Henao et al.,yes,partial,weak,calibration-mention,2,"gh an inverse driving I accuracyguarantees. HðtÞ definedby I We test the KIK method on a ten-swap circuit and in a CNOT HðtÞ¼(cid:2)HðT(cid:2)tÞ: (5) calibration process, using the IBM quantum computing platform. I In the ten-swap experiment, we demonstrate the success of our The driving HðtÞ undoes the act"
Henao et al. - 2023 - Adaptive quantum error mitigation using pulse-based inverse evolutions.pdf,Henao et al.,yes,partial,weak,calibration-mention,2,"ent, we demonstrate the success of our The driving HðtÞ undoes the action of HðtÞ, and it produces Uy. I approach for mitigating strong noise. In the calibration experi- ByusingHðtÞ,wefindinSupplementaryNote3that,tofirstorder I ment,itisillustratedthatanoise-inducedbiasingateparameters intheMagnusexpansion,"
Henao et al. - 2023 - Adaptive quantum error mitigation using pulse-based inverse evolutions.pdf,Henao et al.,yes,partial,weak,calibration-mention,2,"ent,itisillustratedthatanoise-inducedbiasingateparameters intheMagnusexpansion,thesolutiontothecorrespondingnoisy leads to coherent errors. KIK-based calibration can efficiently dynamics satisfies m ca i l t i i b g r a a t t e ion the m se eas c u o r h e e m re e n n t ts. er F ro u r r s the b r y mo re"
Henao et al. - 2023 - Adaptive quantum error mitigation using pulse-based inverse evolutions.pdf,Henao et al.,yes,partial,weak,calibration-mention,6,"I.Henaoetal. 6 Fig.3 CalibrationcurveofthepulseamplitudeofaCNOTgateintheIBMprocessorJakarta,usingtheKIKmethod.In(a)and(b)KI is givenbythepulseinverseandthecircuitinverseKI¼K,respe"
Henao et al. - 2023 - Adaptive quantum error mitigation using pulse-based inverse evolutions.pdf,Henao et al.,yes,partial,weak,calibration-mention,6,ning these experi- mentalmethods canbe foundin Supplementary Note6. ofEq.(12). Weleavethestudyofexperimentalcriteriaforchoosingg(μ)and KIK-based gate calibration for mitigating coherent errors. A usual thepotentialimprovementsthatthispossibilityentailsfortheKIK approach to handle coherent errors in QEM is t
Henao et al. - 2023 - Adaptive quantum error mitigation using pulse-based inverse evolutions.pdf,Henao et al.,yes,partial,weak,calibration-mention,6,"icant ad 2 vantage over the formulatodirectlymitigatethecoherenterrorscausedbyafaulty simple heuristic choice g(μ)=μ2. As for other modifications and calibrationof aCNOT gate. The calibration process involves measurements and adjust- improvements,onecouldalsoexploretheuseofnormsotherthan ments of gate param"
Henao et al. - 2023 - Adaptive quantum error mitigation using pulse-based inverse evolutions.pdf,Henao et al.,yes,partial,weak,calibration-mention,6,"rmulatodirectlymitigatethecoherenterrorscausedbyafaulty simple heuristic choice g(μ)=μ2. As for other modifications and calibrationof aCNOT gate. The calibration process involves measurements and adjust- improvements,onecouldalsoexploretheuseofnormsotherthan ments of gate parameters to achieve the results t"
Henao et al. - 2023 - Adaptive quantum error mitigation using pulse-based inverse evolutions.pdf,Henao et al.,yes,partial,weak,calibration-mention,6,"gy is not I KIK-basedcalibration oftheindividual gates. based on any tomographic procedure or noise learning stage. Figure 3 shows the results of our calibration test of a CNOT in Since μ is a survival probability, its variance is given by μ(1−μ) the IBM processor Jakarta. We apply the gate on the initial s"
Henao et al. - 2023 - Adaptive quantum error mitigation using pulse-based inverse evolutions.pdf,Henao et al.,yes,partial,weak,calibration-mention,7,"ectation values will be shifted and the to the orange and green curves, respectively. Furthermore, for K corresponding linear regression results in a calibrated amplitude I we perform the pulse inverse according to the pulse schedule that is also shifted with respect to the correct value. This is describedb"
Henao et al. - 2023 - Adaptive quantum error mitigation using pulse-based inverse evolutions.pdf,Henao et al.,yes,partial,weak,calibration-mention,7,"K error mitigation, while the black one is the outperformTaylormitigation.Thisshowsthat,beyondthelimitof amplitude obtained without noise mitigation. Calibration based weak noise, QEM can be substantially improved by adapting it to on the black line leads to a noise-induced coherent error. It is the noise i"
Henao et al. - 2023 - Adaptive quantum error mitigation using pulse-based inverse evolutions.pdf,Henao et al.,yes,partial,weak,calibration-mention,7,"o a noise-induced coherent error. It is the noise intensity. Within our Magnus truncation approximation, important to stress that the benefit of this calibration procedure we observe that the ideal survival probability is almost fully wouldmanifestwhencombinedwithQEMofthetargetcircuitin recovered. The small"
Henao et al. - 2023 - Adaptive quantum error mitigation using pulse-based inverse evolutions.pdf,Henao et al.,yes,partial,weak,calibration-mention,7,"rrors is consistent with gates of reduced (stochastic) noise (due to the inthedetectorcalibration),orwiththehigher-orderMagnusterms use of QEM in the calibration process), and therefore it is not discarded in our framework. In Supplementary Note 7, we also useful ifthetarget circuitis implementedwithout QEM"
Henao et al. - 2023 - Adaptive quantum error mitigation using pulse-based inverse evolutions.pdf,Henao et al.,yes,partial,weak,calibration-mention,7,"oexperimentallimitations,itwasnotpossibletoimplement inverse in the noiseless scenario, it leads to a coefficient of the ten-swap circuit using CNOTs calibrated through the KIK determinationR2whosevaluesshowapoorlinearfit.Thisfurther method. Specifically, we could not guarantee that calibration illustratest"
Henao et al. - 2023 - Adaptive quantum error mitigation using pulse-based inverse evolutions.pdf,Henao et al.,yes,partial,weak,calibration-mention,7,"uit using CNOTs calibrated through the KIK determinationR2whosevaluesshowapoorlinearfit.Thisfurther method. Specifically, we could not guarantee that calibration illustratestheimportanceofusingthepulseinverseinsteadofthe circuits and error mitigation circuits would run sequentially, and circuit inverse, cha"
Henao et al. - 2023 - Adaptive quantum error mitigation using pulse-based inverse evolutions.pdf,Henao et al.,yes,partial,weak,calibration-mention,7,"uits would run sequentially, and circuit inverse, characteristic of ZNE based on global folding. We withouttheinterferenceofintrinsic(noncontrollable)calibrationsof pointoutthatoddpowersoftheCNOTgateareacommonchoice the processor. Moreover, this demonstration requires that all the fortheapplicationoflocalfo"
Henao et al. - 2023 - Adaptive quantum error mitigation using pulse-based inverse evolutions.pdf,Henao et al.,yes,partial,weak,calibration-mention,7,"processor. Moreover, this demonstration requires that all the fortheapplicationoflocalfoldingZNE34,46,47,wherethegoalisto parameters of the gate are calibrated using the KIK method, and amplify the noise on local sectors of the circuit rather than not just the cross resonance amplitude. However, we numeric"
Henao et al. - 2023 - Adaptive quantum error mitigation using pulse-based inverse evolutions.pdf,Henao et al.,yes,partial,weak,calibration-mention,7,"hisprocedurewould verify in Supplementary Note 6 that coherent errors vanish for a display inconsistencies similar to those observed in our CNOT gate calibrated using KIK QEM, to the point that randomized experiment. More generally, we show in Supplementary Note 4 compilingisnolongerneeded. thatfoldingsofan"
Henao et al. - 2023 - Adaptive quantum error mitigation using pulse-based inverse evolutions.pdf,Henao et al.,yes,partial,weak,calibration-mention,9,"lementary Note 3 that our approach is resilient to 13. Giurgica-Tiron,T.,Hindy,Y.,LaRose,R.,Mari,A.&Zeng,W.J.Digitalzeronoise drifts in the noise and calibration parameters (the latter holds if extrapolationforquantumerrormitigation.In:2020IEEEInternationalConference randomizedcompilingisapplied).Thisenable"
Henao et al. - 2023 - Adaptive quantum error mitigation using pulse-based inverse evolutions.pdf,Henao et al.,yes,partial,weak,calibration-mention,9,"calculations over runtimes of days or even weeks, including 15. Mari, A., Shammah, N. & Zeng, W. J. Extending quantum probabilistic error pauses for calibrations, maintenance, or execution of supporting cancellationbynoisescaling.Phys.Rev.A104,052607(2021). jobs. On a similar basis, it is possible to paral"
Henao et al. - 2023 - Adaptive quantum error mitigation using pulse-based inverse evolutions.pdf,Henao et al.,yes,partial,weak,calibration-mention,9,"manceofnoisyquantumcom- noiseinthesystem.UsingtheprocessorJakarta,wealsoshowed puters.Preprintathttps://arxiv.org/abs/2201.10672(2022). that even the calibration of a basic building block of quantum 22. Endo,S.,Cai,Z.,Benjamin,S.C.&Yuan,X.Hybridquantum-classicalalgorithms computing, such as the CNOT gate, c"
Henao et al. - 2023 - Adaptive quantum error mitigation using pulse-based inverse evolutions.pdf,Henao et al.,yes,partial,weak,calibration-mention,9,"ation.J.Phys.Soc.Jpn.90,032001(2021). 23. Cai, Z. et al. Quantum error mitigation. Preprint at https://arxiv.org/abs/ unmitigatednoise.Asaconsequence,calibratedgateparameters 2210.00921v2(2022). feature erroneous values leading to coherent errors. These errors 24. Kandala,A.etal.Errormitigationextendsthecom"
Hicks et al. - 2022 - Active readout-error mitigation.pdf,Hicks et al.,no,partial,weak,calibration-mention,1,towithstandalowrate starting state of the system. State preparation errors of physical errors; this is the hallmark of fault-tolerant result from mis-calibrated quantum gates and unintended quantum computation. While individual aspects of er- couplings with the environment. The focus of this paper ror corre
Hilder et al. - 2022 - Fault-Tolerant Parity Readout on a Shuttling-Based Trapped-Ion Quantum Computer.pdf,Hilder et al.,partial,partial,weak,drift-mention,12,"separation.Thisvoltageisautomaticallyrecalibrated within the Lamb-Dicke regime for all entangling gates throughout data acquisition, as its value may drift due to within the shuttling sequence. 011032-12"
Hilder et al. - 2022 - Fault-Tolerant Parity Readout on a Shuttling-Based Trapped-Ion Quantum Computer.pdf,Hilder et al.,partial,partial,weak,calibration-mention,4,"urement sequence after initial rotations are corrected for systematic phases The shuttling schedule realizing the FT PCM is con- which are separately calibrated; see Sec. A3. structedfromtheprimitiveoperationsdescribedabove,such Entangling gates between any two qubits i and j are thatthetotalcountofshuttlin"
Hilder et al. - 2022 - Fault-Tolerant Parity Readout on a Shuttling-Based Trapped-Ion Quantum Computer.pdf,Hilder et al.,partial,partial,weak,calibration-mention,5,"dtotheparityoftheinputstate.We π=2rotation.Qubitphasesaccumulatedfrompositioningin define the parity fidelity as the inhomogeneous magnetic field are calibrated via pre- viousRamsey-typemeasurements[69,80]andarecorrected 1 for. Upon completion of the gate sequence, the qubits are P ¼ 2 ½pðMð s XÞ ¼−1jP in ¼"
Hilder et al. - 2022 - Fault-Tolerant Parity Readout on a Shuttling-Based Trapped-Ion Quantum Computer.pdf,Hilder et al.,partial,partial,weak,calibration-mention,10,"n encoding the perturb the entangling gates. However, the analysis rota- spin qubit employed in the work. tions ought to be corrected accordingly. We calibrate the phasesfromadditionalmeasurements,wheretherespective qubit is initialized in j−i, and the shuttling sequence is by moving the three pairs of comm"
Hilder et al. - 2022 - Fault-Tolerant Parity Readout on a Shuttling-Based Trapped-Ion Quantum Computer.pdf,Hilder et al.,partial,partial,weak,calibration-mention,10,"are used, consisting measurementwithinjectederrors,thephaseϕ oftheerror ofaπpulseonthedipole-forbiddenjS 1=2 ;m J ¼−1=2i↔ pulses on the syndrome are calibrated by e s r c r anning the jD 5=2 ;m J ¼þ3=2i transition near 729 nm, at a duration phase of a local rotation Rðπ;ϕ err Þ at the error position to of"
Hilder et al. - 2022 - Fault-Tolerant Parity Readout on a Shuttling-Based Trapped-Ion Quantum Computer.pdf,Hilder et al.,partial,partial,weak,calibration-mention,12,"qubitregister,separationandmergingof 60 μs. The rotation-based swap does not require spectro- twoqubitionsfromortocommonconfinementisrequired. scopic calibration and can therefore be performed at any Separation is realized by dynamic control of the confining trapsegment[66];however,thisdoesnotyieldareductio"
Hilder et al. - 2022 - Fault-Tolerant Parity Readout on a Shuttling-Based Trapped-Ion Quantum Computer.pdf,Hilder et al.,partial,partial,weak,calibration-mention,12,"a sideband Rabi oscillation measurements sate stray fields along the trap axis, which needs to be [66,72,97] yields mean phonon numbers n¯ ≲1. We can calibrated to 1 mV precision to ensure low residual motion therefore safely assume all transverse modes to be deeply aftertheseparation.Thisvoltageisautomatic"
Hilder et al. - 2022 - Fault-Tolerant Parity Readout on a Shuttling-Based Trapped-Ion Quantum Computer.pdf,Hilder et al.,partial,partial,weak,coherence-time,9,ise proliferate into uncorrect- splitting of around 2π×10 MHz between the qubit states. ableweight-2errorsonthedata-qubitregister.Thisverifies Ramsey coherence times of up to about 300 ms [74] are the FToperation of the PCM as a key building block for observed. The Zeeman splitting is smaller than the natural QEC
Hirasaki et al. - 2023 - Detection of temporal fluctuation in superconducting qubits for quantum error mitigation.pdf,Saki et al.,partial,partial,weak,temporal-mention,1,RESEARCH ARTICLE | NOVEMBER 01 2023 Detection of temporal fluctuation in superconducting qubits for quantum error mitigation Yuta Hirasaki ; Shunsuke Daimon ; Toshinari Itoko ; Naoki Kanazawa ; Eiji Saitoh Appl. Phys.
Hirasaki et al. - 2023 - Detection of temporal fluctuation in superconducting qubits for quantum error mitigation.pdf,Saki et al.,partial,partial,weak,temporal-mention,2,"Applied Physics Letters ARTICLE pubs.aip.org/aip/apl Detection of temporal fluctuation in superconducting qubits for quantum error mitigation Citeas:Appl.Phys.Lett.123,184002(2023);doi:10.1063/5.0166739 . . Submitted:7July2023 Accepted:"
Hour et al. - 2024 - Improving Zero-noise Extrapolation for Quantum-gate Error Mitigation using a Noise-aware Folding Met.pdf,Hour et al.,no,partial,weak,calibration-mention,1,"rdware to fold circuits more efficiently. Unlike traditional ZNE approaches assuming uniform error distribution, our method redistributes noise using calibration data based on hardware noise models. By employing a noise-adaptive compilation method combined with our proposed folding mech- anism, we enhance t"
Hour et al. - 2024 - Improving Zero-noise Extrapolation for Quantum-gate Error Mitigation using a Noise-aware Folding Met.pdf,Hour et al.,no,partial,weak,calibration-mention,7,(a) Noise-aware Folding (b) Target Quantum Hardware Properties Input quantum circuit Topology 2-Qubit Error Rate Calibration Data Q3 Q1 Q2 Q1 0 1 2 Q2 3 Q3 4 Mapped circuit 4 * 0.0063 = 0.0252 Error Rate Matrix λ = 1 Q1 2 * 0.0095 = 0.019 λ1 Noise Accumulation Q2 Q3 λ2 S
Hour et al. - 2024 - Improving Zero-noise Extrapolation for Quantum-gate Error Mitigation using a Noise-aware Folding Met.pdf,Hour et al.,no,partial,weak,calibration-mention,8,"actor which is the maindifferfromfoldfromleftmethod,butasanerror-ratemodifierthresholdtoscale the quantum circuit. Quantum computers require periodic calibration, which means thatcalibrationdataarereadilyavailabletothepublic.Althoughthecalibrationdata is limited to a certain logical gates such as (one- and"
Hour et al. - 2024 - Improving Zero-noise Extrapolation for Quantum-gate Error Mitigation using a Noise-aware Folding Met.pdf,Hour et al.,no,partial,weak,calibration-mention,9,"e i and k denote the indices of the control i,k target qubit, respectively, with i ̸= k) by simply summing the total error rate value using the input calibration error rate to the number of two-qubit gate g . The noise i,k accumulation in this phase represents λ = 1, indicating that the folding methods do n"
Hour et al. - 2024 - Improving Zero-noise Extrapolation for Quantum-gate Error Mitigation using a Noise-aware Folding Met.pdf,Hour et al.,no,partial,weak,calibration-mention,11,"ilityofcalibrationdata.However, our proposed noise-aware folding method can be expanded to accommodate all gate types, assuming sufficient error rate calibration data are available within the noise model. 4 Evaluation This section compares the results of our noise-aware folding method with those of otherext"
Hour et al. - 2024 - Improving Zero-noise Extrapolation for Quantum-gate Error Mitigation using a Noise-aware Folding Met.pdf,Hour et al.,no,partial,weak,calibration-mention,16,"mprove the zero-noise extrapolation method by employing the noise-adaptive compilation and a folding mechanism that distributes noise uniformly using calibration data based on the quantum hardware noisemodel.Bydynamicallyadjustingtheerrorratesbasedonhardwarenoisemodels, it improves the precision and reliabi"
Hour et al. - 2024 - Improving Zero-noise Extrapolation for Quantum-gate Error Mitigation using a Noise-aware Folding Met.pdf,Hour et al.,no,partial,weak,hw-noise-mention,1,"re efficiently. Unlike traditional ZNE approaches assuming uniform error distribution, our method redistributes noise using calibration data based on hardware noise models. By employing a noise-adaptive compilation method combined with our proposed folding mech- anism, we enhance the ZNE accuracy of quantum gate-"
Hour et al. - 2024 - Improving Zero-noise Extrapolation for Quantum-gate Error Mitigation using a Noise-aware Folding Met.pdf,Hour et al.,no,partial,weak,hw-noise-mention,16,"thod by employing the noise-adaptive compilation and a folding mechanism that distributes noise uniformly using calibration data based on the quantum hardware noisemodel.Bydynamicallyadjustingtheerrorratesbasedonhardwarenoisemodels, it improves the precision and reliability of the linear fit extrapolation method"
"Huang et al. - 2023 - Near-Term Quantum Computing Techniques Variational Quantum Algorithms, Error Mitigation, Circuit Co.pdf",Huang et al.,partial,partial,weak,calibration-mention,12,"using standard least- with zero mean and variance σ2 which denotes the effect of squares methods and obtain the expansion parameters j the stochastic calibration noise. Given the value of variance (cid:0) (cid:104)O(cid:105)(0), α , ··· , α (cid:1)T , where (cid:104)O(cid:105)(0) is the error-free 1 n σ2,we"
"Huang et al. - 2023 - Near-Term Quantum Computing Techniques Variational Quantum Algorithms, Error Mitigation, Circuit Co.pdf",Huang et al.,partial,partial,weak,calibration-mention,14,"rtoavoidtheexponentialconsump- the noisy expectation by an estimated factor obtained in the tion of measurements, many scalable approaches [308, 314– calibrationprocedure. 316] have been proposed to simplify the response matrix model. Tensor Product Noise (TPN) model. The simplest model 2. Quantumnoisemodel"
"Huang et al. - 2023 - Near-Term Quantum Computing Techniques Variational Quantum Algorithms, Error Mitigation, Circuit Co.pdf",Huang et al.,partial,partial,weak,calibration-mention,25,"25 XEB is a powerful calibration tool for near-term quantum of a random permutation of the qubits, followed by Haar- devices. Someworkshaveattemptedtoanalyzehowtospoof random two-"
"Huang et al. - 2023 - Near-Term Quantum Computing Techniques Variational Quantum Algorithms, Error Mitigation, Circuit Co.pdf",Huang et al.,partial,partial,weak,calibration-mention,26,"oredinacertaindatastruc- been extensively used in RQC sampling experiments, rang- ture on classical computers which can be easily copied and ing from calibrating the gate-level fidelities and the circuit- reused. Wewillprimarilyfocusonthefollowingthreetypes levelfidelities,toestimatingthefidelitiesofthehard"
Jin et al. - 2025 - Noisy probabilistic error cancellation and generalized physical implementability.pdf,Jin et al.,na,no,none,,,
Jnane et al. - 2024 - Quantum Error Mitigated Classical Shadows.pdf,Jnane et al.,partial,partial,weak,drift-mention,4,"of the latter, while Indeed a considerable experimental challenge is posed we demonstrate in numerical simulations that it is indeed by the possible drift of the error models over time which straightforward to combine measurement-error mitigation may necessitate the repetition of the learning procedure"
Jnane et al. - 2024 - Quantum Error Mitigated Classical Shadows.pdf,Jnane et al.,partial,partial,weak,T1-T2-mention,18,"course,thisvariabilitymaybelowerinion-trapdevices [38,39].GiveninmostplatformsT2relaxationtimescales d.Resamplingscheme are significantly faster than T1 relaxation timescales, we consider a biased noise channel, that is specific to each In Fig. 3 (middle) we perform a ground-state energy gate, by choosing the bi"
Jose and Simeone - 2022 - Error-Mitigation-Aided Optimization of Parameterized Quantum Circuits Convergence Analysis.pdf,Jose & Simeone,na,no,none,,,
Khan - 2025 - Quantum Software Engineering Developing Algorithms for IBM Quantum Systems.pdf,Khan,na,partial,weak,calibration-mention,4,"lities, and noise characteristics. IBM Quantum employs superconducting transmon qubits, which operate at millikelvin temperatures and require careful calibration to sustain coherence and reduce gate errors. Coherence time represents how long a qubit can maintain its quantum state before environmental intera"
Khan - 2025 - Quantum Software Engineering Developing Algorithms for IBM Quantum Systems.pdf,Khan,na,partial,weak,calibration-mention,4,"valence testing rather than deterministic debugging. Version control for quantum software must integrate metadata describing hardware configurations, calibration parameters, and compiler versions, ensuring reproducibility in environments where hardware characteristics evolve over time. Core aspects of Quant"
Khan - 2025 - Quantum Software Engineering Developing Algorithms for IBM Quantum Systems.pdf,Khan,na,partial,weak,calibration-mention,5,"optimized for scalable connectivity and reduced crosstalk. Osprey, unveiled in 2022, expanded this design to 433 qubits, incorporating improved error calibration and cryogenic control systems that enhanced gate fidelity and coherence times. The upcoming Condor processor, projected to surpass 1,000 qubits, e"
Khan - 2025 - Quantum Software Engineering Developing Algorithms for IBM Quantum Systems.pdf,Khan,na,partial,weak,calibration-mention,6,"alysis and error modeling. ● Qiskit Ignis: A library originally dedicated to quantum error characterization and mitigation, allowing users to perform calibration experiments, analyze noise behavior, and develop error-correction protocols. Although its features are being integrated into Qiskit Experiments, I"
Khan - 2025 - Quantum Software Engineering Developing Algorithms for IBM Quantum Systems.pdf,Khan,na,partial,weak,calibration-mention,8,"ecute, and benchmark circuits across quantum backends, ensuring consistency and reproducibility. Versioning systems must capture metadata on hardware calibration states, transpiler configurations, and runtime environments, creating complete traceability from source code to execution result."
Khan - 2025 - Quantum Software Engineering Developing Algorithms for IBM Quantum Systems.pdf,Khan,na,partial,weak,calibration-mention,11,"ation co-located within IBM’s cloud environment. This approach not only accelerates convergence but also stabilizes results by maintaining consistent calibration and minimizing network-induced variability. As a result, hybrid algorithms achieve greater runtime efficiency and higher fidelity, making them mor"
Khan - 2025 - Quantum Software Engineering Developing Algorithms for IBM Quantum Systems.pdf,Khan,na,partial,weak,calibration-mention,12,"ng) times. Crosstalk emerges from unintended electromagnetic coupling between adjacent qubits or control lines, while gate errors stem from imperfect calibration and control pulses during gate execution. Measurement errors further distort results during readout, introducing probabilistic inaccuracies that c"
Khan - 2025 - Quantum Software Engineering Developing Algorithms for IBM Quantum Systems.pdf,Khan,na,partial,weak,calibration-mention,12,"on (MEM), which models the measurement process as a stochastic error channel and applies classical post-processing to correct biases. Qiskit provides calibration routines that generate confusion matrices between measured and true basis states, enabling inversion-based correction of measurement distributions"
Khan - 2025 - Quantum Software Engineering Developing Algorithms for IBM Quantum Systems.pdf,Khan,na,partial,weak,calibration-mention,13,"mposition minimizes two-qubit gate counts, as these operations contribute disproportionately to error accumulation. Hardware-aware compilers leverage calibration data—such as gate fidelity maps and qubit-specific error rates—to select optimal qubit pairs and gate orderings. In practice, this process can lea"
Khan - 2025 - Quantum Software Engineering Developing Algorithms for IBM Quantum Systems.pdf,Khan,na,partial,weak,calibration-mention,13,"ver optimal transpilation and decomposition strategies. IBM researchers have experimented with ML-based transpilers that dynamically adapt to backend calibration data, predicting error-minimized circuit structures based on qubit fidelity and connectivity metrics. These AI-driven optimizers analyze circuit g"
Khan - 2025 - Quantum Software Engineering Developing Algorithms for IBM Quantum Systems.pdf,Khan,na,partial,weak,calibration-mention,15,"lems but incompatible with gate-based algorithms. IBM’s Qiskit, in contrast, offers the most mature gate-model stack, complete with detailed hardware calibration data, transpilation optimization, and hybrid runtime integration. Finally, IBM’s open-source community and collaborative development model represe"
Khan - 2025 - Quantum Software Engineering Developing Algorithms for IBM Quantum Systems.pdf,Khan,na,partial,weak,calibration-mention,16,"tion frameworks that help developers evaluate algorithm correctness and robustness. For example, the Qiskit Ignis module (or its successors) supports calibration routines, noise characterization, and benchmarking experiments. Qiskit Aer simulators allow exhaustive testing of circuits under both idealized an"
Khan - 2025 - Quantum Software Engineering Developing Algorithms for IBM Quantum Systems.pdf,Khan,na,partial,weak,calibration-mention,17,"orkflows. This includes unit testing of subcircuits, integration testing of hybrid loops, and regression testing to ensure consistency across backend calibrations. Metrics such as fidelity, quantum volume, gate error rates, and execution success probabilities serve as benchmarks for evaluating software qual"
Khan - 2025 - Quantum Software Engineering Developing Algorithms for IBM Quantum Systems.pdf,Khan,na,partial,weak,calibration-mention,17,"um circuits yield statistical distributions rather than single outcomes. QSE practices must therefore capture metadata on circuit parameters, backend calibration states, transpiler versions, and measurement outcomes. Git-based version control, coupled with Qiskit’s experiment metadata logging, ensures that"
Khan - 2025 - Quantum Software Engineering Developing Algorithms for IBM Quantum Systems.pdf,Khan,na,partial,weak,calibration-mention,18,"ut inaccuracies may misrepresent outcomes or compromise the integrity of probabilistic sampling. Mitigation strategies include repeated measurements, calibration-aware circuit design, zero-noise extrapolation, and classical post-processing corrections. IBM’s Qiskit provides libraries and routines to model t"
Khan - 2025 - Quantum Software Engineering Developing Algorithms for IBM Quantum Systems.pdf,Khan,na,partial,weak,calibration-mention,19,time allows automated execution of iterative hybrid algorithms while dynamically adjusting measurement and transpilation strategies based on hardware calibration data. The integration of AI and machine learning (ML) into QSE workflows promises self-optimizing quantum code generation. ML models can analyze p
Khan - 2025 - Quantum Software Engineering Developing Algorithms for IBM Quantum Systems.pdf,Khan,na,partial,weak,T1-T2-mention,11,"better deployed on backends with higher two-qubit gate fidelity, while algorithms requiring long coherence benefit from systems with optimized T1 and T2 times. Additionally, cross-platform benchmarking, comparing simulation results from Qiskit Aer with real-hardware outcomes, helps quantify the effect of n"
Khan - 2025 - Quantum Software Engineering Developing Algorithms for IBM Quantum Systems.pdf,Khan,na,partial,weak,coherence-time,2,"aditional programming paradigms that rely on deterministic execution, QSE must contend with stochastic outputs, noise interference, and limited qubit coherence times. Therefore, this field introduces new principles, abstractions, and frameworks that align quantum computation’s theoretical underpinnings with the e"
Khan - 2025 - Quantum Software Engineering Developing Algorithms for IBM Quantum Systems.pdf,Khan,na,partial,weak,coherence-time,4,"l programming paradigms. Different physical realizations of qubits exist—trapped ions, photonic qubits, and superconducting circuits—each with unique coherence times, gate fidelities, and noise characteristics. IBM Quantum employs superconducting transmon qubits, which operate at millikelvin temperatures and requ"
Khan - 2025 - Quantum Software Engineering Developing Algorithms for IBM Quantum Systems.pdf,Khan,na,partial,weak,coherence-time,4,"perconducting transmon qubits, which operate at millikelvin temperatures and require careful calibration to sustain coherence and reduce gate errors. Coherence time represents how long a qubit can maintain its quantum state before environmental interactions cause decoherence, while gate fidelity measures the accu"
Khan - 2025 - Quantum Software Engineering Developing Algorithms for IBM Quantum Systems.pdf,Khan,na,partial,weak,coherence-time,5,"d in 2022, expanded this design to 433 qubits, incorporating improved error calibration and cryogenic control systems that enhanced gate fidelity and coherence times. The upcoming Condor processor, projected to surpass 1,000 qubits, embodies IBM’s roadmap toward fault-tolerant quantum computing. These architectur"
Khan - 2025 - Quantum Software Engineering Developing Algorithms for IBM Quantum Systems.pdf,Khan,na,partial,weak,coherence-time,15,"tasks that exploit superposition and entanglement. This model is essential in the Noisy Intermediate-Scale Quantum (NISQ) era, where qubit counts and coherence times are insufficient for large-scale, purely quantum computation. Architecturally, hybrid systems consist of tightly coupled quantum and classical compo"
Khan - 2025 - Quantum Software Engineering Developing Algorithms for IBM Quantum Systems.pdf,Khan,na,partial,weak,coherence-time,19,"ity issues and quantum resource limitations. Current superconducting qubit architectures, despite rapid growth in qubit counts, remain constrained by coherence times, gate fidelity, and connectivity. As a result, algorithms must be optimized for shallow circuit depth and minimal entangling operations. Scaling qua"
Khan et al. - 2024 - Error Mitigation in the NISQ Era Applying Measurement Error Mitigation Techniques to Enhance Quantu.pdf,Khan et al.,no,partial,weak,calibration-mention,2,"culationerrorstocompletefailures,particularly pronouncedinlarge-scalequantumsystems[7]. Mitigationstrategiessuchasmeasurement errorcorrectioncircuits,calibrationcircuits,error-correctingcodesanddynamicaldecou- plingtechniquesofferavenuestosafeguardquantumsystemsfromnoise-inducederrors, enhancingreliabilitya"
Khan et al. - 2024 - Error Mitigation in the NISQ Era Applying Measurement Error Mitigation Techniques to Enhance Quantu.pdf,Khan et al.,no,partial,weak,calibration-mention,6,"in the readout process, such as crosstalk be- qubits,imperfectcalibrationofmeasurementdevices,ornoiseinthemeasurementappara- tween qubits, imperfect calibration of measurement devices, or noise in the measurement tus. Itcanbeestimatedduringthedevicecalibrationprocessbycomparingtheexpected apparatus. It can"
Khan et al. - 2024 - Error Mitigation in the NISQ Era Applying Measurement Error Mitigation Techniques to Enhance Quantu.pdf,Khan et al.,no,partial,weak,calibration-mention,6,oise in the measurement tus. Itcanbeestimatedduringthedevicecalibrationprocessbycomparingtheexpected apparatus. It can be estimated during the device calibration process by comparing the logicalstateswiththeobservedoutcomes. expected logical states with the observed outcomes. Measurementerror[17]referstoina
Khan et al. - 2024 - Error Mitigation in the NISQ Era Applying Measurement Error Mitigation Techniques to Enhance Quantu.pdf,Khan et al.,no,partial,weak,calibration-mention,8,"menterrorspecificallypertainstodiscrepanciesbetweentheexpectedandobserved outcomesduetoimperfectionsinthereadoutprocess,suchascrosstalkbetweenqubits, calibrationerrorsinmeasurementdevices,ornoiseinthereadoutapparatus. Unlikemea- surementerror, readoutassignmenterrorfocusessolelyonerrorsrelatedtothecorrect a"
Khan et al. - 2024 - Error Mitigation in the NISQ Era Applying Measurement Error Mitigation Techniques to Enhance Quantu.pdf,Khan et al.,no,partial,weak,coherence-time,5,"ons. 8. MedianReadoutError(MER):theaverageerrorrateduringthemeasurementstage ofaquantumcomputation,reflectingthefidelityofoutputresults. 9. Median T1/Coherence Time: the duration for which a quantum state can main- tain its coherence or superposition, highlighting the stability and robustness of quantumoperations"
Khan et al. - 2024 - Error Mitigation in the NISQ Era Applying Measurement Error Mitigation Techniques to Enhance Quantu.pdf,Khan et al.,no,partial,weak,coherence-time,18,"ncludeinherentnoiseandimperfections inthephysicalquantumhardware,environmentaldisturbancesduringcomputation,and limitations in qubit connectivity and coherence times [26]. QTC based upon Hamilto- nian[27]arepotentialcandidateforerrormitigationanalysis. MostEffectiveErrorMitigationTechnique: Amongtheerrormitigatio"
Kim et al. - 2023 - Evidence for the utility of quantum computing before fault tolerance.pdf,Kim et al. (utility),partial,partial,weak,calibration-mention,1,ts evidence for the utility of quantum computing in a pre-fault-tolerant era. These experimental results are enabled by advances in the coherence and calibration of a superconducting processor at this scale and the ability to characterize1 and controllably manipulate noise across such a large device. We est
Kim et al. - 2023 - Evidence for the utility of quantum computing before fault tolerance.pdf,Kim et al. (utility),partial,partial,weak,calibration-mention,2,"f this scale and allow the time-evolution operator, circuit depths accessed in this work. The two-qubit CNOT gates between neighbours are realized by calibrating the cross-resonance interac- e−iHZZδt= ∏ (cid:29)i,j(cid:28) eiJδtZiZj=∏ (cid:29)i,j(cid:28) R ZiZj (−2Jδt) tion16. As each qubit has at most thre"
Kim et al. - 2023 - Evidence for the utility of quantum computing before fault tolerance.pdf,Kim et al. (utility),partial,partial,weak,calibration-mention,2,") can be performed in three layers of parallelized CNOT gates (Fig. 1b). e−iHXδt = ∏ e−ihδtXi=∏ R (2hδt), i i Xi The CNOT gates within each layer are calibrated for optimal simultane- ous operation (see Methods for more details). in which the evolution time T is discretized into T/δt Trotter steps and We no"
Kim et al. - 2023 - Evidence for the utility of quantum computing before fault tolerance.pdf,Kim et al. (utility),partial,partial,weak,calibration-mention,7,"s coefficients, in which p is an integer depending on the method. Here we consider MPS2,32,33 with p = 2 and isoTNS3 with p = 4. MPS represent Device calibration a quantum state as a network of rank-3 tensors that, when contracted The speed of cross-resonance-based CNOT gates is dependent on the or multipli"
Kim et al. - 2023 - Evidence for the utility of quantum computing before fault tolerance.pdf,Kim et al. (utility),partial,partial,weak,calibration-mention,7,"nd dimension the layer, we develop a new tune-up scheme for large-scale processor χ. MPS methods have the advantage of well-developed algorithms, yet calibration that optimizes the layer rather than the individual gates. suffer from fundamental limitations of using a 1D method to simulate First, the control"
Kim et al. - 2023 - Evidence for the utility of quantum computing before fault tolerance.pdf,Kim et al. (utility),partial,partial,weak,calibration-mention,7,"efully optimized. MPS, though these can be systematically reduced with increasing bond Finally, all gates in the layer are fixed to this duration and calibrated dimension. simultaneously with error-amplification sequences44. Compared with independently calibrated gates, the layer duration is unchanged, but"
Kim et al. - 2023 - Evidence for the utility of quantum computing before fault tolerance.pdf,Kim et al. (utility),partial,partial,weak,calibration-mention,7,"es in the layer are fixed to this duration and calibrated dimension. simultaneously with error-amplification sequences44. Compared with independently calibrated gates, the layer duration is unchanged, but Data availability gates are slower with lower drive amplitudes, reducing any leakage arising from multi"
Kim et al. - 2023 - Evidence for the utility of quantum computing before fault tolerance.pdf,Kim et al. (utility),partial,partial,weak,calibration-mention,7,"ged, but Data availability gates are slower with lower drive amplitudes, reducing any leakage arising from multi-photon transitions. The simultaneous calibration The datasets generated and analysed during this study are available at also ensures that the gates are calibrated as they are implemented in https"
Kim et al. - 2023 - Evidence for the utility of quantum computing before fault tolerance.pdf,Kim et al. (utility),partial,partial,weak,calibration-mention,7,"oton transitions. The simultaneous calibration The datasets generated and analysed during this study are available at also ensures that the gates are calibrated as they are implemented in https://doi.org/10.6084/m9.figshare.22500355. the circuit. 43. Zhang, E. J. et al. High-performance superconducting quan"
Kim et al. - 2023 - Evidence for the utility of quantum computing before fault tolerance.pdf,Kim et al. (utility),partial,partial,weak,calibration-mention,8,"ns. Y.K., K.X.W. and B. Snell, D. Soederstedt, J. G. Sogo, J. Speidell, W. Spratt, S. Spring, S. Srinivasan, A. A. Stabile, A.K. developed the device-calibration protocol and calibrated the quantum processor with K. Stawiasz, M. Steffen, J. Stehlik, R. Steiner, D. Stephenson, C. Stuckey, L. V. Subramaniam,"
Kim et al. - 2023 - Evidence for the utility of quantum computing before fault tolerance.pdf,Kim et al. (utility),partial,partial,weak,calibration-mention,8,"nell, D. Soederstedt, J. G. Sogo, J. Speidell, W. Spratt, S. Spring, S. Srinivasan, A. A. Stabile, A.K. developed the device-calibration protocol and calibrated the quantum processor with K. Stawiasz, M. Steffen, J. Stehlik, R. Steiner, D. Stephenson, C. Stuckey, L. V. Subramaniam, S.R. and H.N. E.v.d.B. an"
Kim et al. - 2023 - Evidence for the utility of quantum computing before fault tolerance.pdf,Kim et al. (utility),partial,partial,weak,hw-noise-mention,2,"rota- for noisy expectation values as a function of a noise parameter. This X h tions, R (θ). requires the controlled amplification of the intrinsic hardware noise ZZ J For the experimental implementation, we primarily used the IBM by a known gain factor G to extrapolate to the ideal G = 0 result. ZNE Eagle proc"
Kim et al. - 2023 - Evidence for the utility of quantum computing before fault tolerance.pdf,Kim et al. (utility),partial,partial,weak,coherence-time,2,"vity and median T and T times of 1 2 h is the global transverse field. Spin dynamics from an initial state can 288 μs and 127 μs, respectively. These coherence times are unprec- be simulated by means of first-order Trotter decomposition of the edented for superconducting processors of this scale and allow the tim"
Kim et al. - 2025 - Enhanced Extrapolation-Based Quantum Error Mitigation Using Repetitive Structure in Quantum Algorith.pdf,Kim et al. (enhanced),no,no,none,,,
Kim et al. - 2025 - Error mitigation with stabilized noise in superconducting quantum processors.pdf,Kim et al. (enhanced),no,partial,weak,temporal-mention,2,"alibration. Repeating the same experiment at controlled by a separate control line to modulate the qubit–TLS different times, Fig. 1c illustrates the temporal fluctuation of the interaction.Applyingabiasontheelectrodes,parametrizedbyk in qubit–TLSinteraction. TLS arbitrary units, modifies the local electric field at de"
Kim et al. - 2025 - Error mitigation with stabilized noise in superconducting quantum processors.pdf,Kim et al. (enhanced),no,partial,weak,calibration-mention,2,"e employ a device with six atthegiventimeinstance.Inthemeantime,weobservethatnofurther fixed-frequency transmon qubits connected in a one-dimensional calibrationisneededforthequbititself,aswemainlymodulateTLS chain(Q1-Q2-⋯ -Q6)withtunablecouplers25–29.Eachtransmonqubit characteristics unless we had a pronou"
Kim et al. - 2025 - Error mitigation with stabilized noise in superconducting quantum processors.pdf,Kim et al. (enhanced),no,partial,weak,calibration-mention,2,"qubit characteristics unless we had a pronounced qubit–TLS interaction isequippedwithanelectrodethatisplacedabove.Theelectrodeis during initial qubit calibration. Repeating the same experiment at controlled by a separate control line to modulate the qubit–TLS different times, Fig. 1c illustrates the tempora"
Kim et al. - 2025 - Error mitigation with stabilized noise in superconducting quantum processors.pdf,Kim et al. (enhanced),no,partial,weak,calibration-mention,8,"cence,visithttp:// cancellationexperiments.D.M.Z.andY.L.configuredthecryo- creativecommons.org/licenses/by-nc-nd/4.0/. environment.D.M.Z.,Y.L.,andY.K.calibratedthedevice.G.K.,A.S.,and J.S.contributedtothedesignandfabricationofthedevice.Y.K., ©TheAuthor(s)2025,modifiedpublication2026 L.C.G.G.,A.D.,andA.K.ana"
Kiss et al. - 2025 - Quantum error mitigation for Fourier moment computation.pdf,Kiss et al.,partial,partial,weak,calibration-mention,9,"een 3×10−4 and 4×10−4. Inthefirstexperiment,wecomputethetenfirstmoments using a double second-order Trotter step with τ ¼0.125. Error suppression and calibration techniques such as XY-8 dynamical decoupling [46,98–101], pulse efficient transpilation [47], Pauli twirling [49,50] with 16 samples, control miti"
Kiss et al. - 2025 - Quantum error mitigation for Fourier moment computation.pdf,Kiss et al.,partial,partial,weak,coherence-time,14,"twirls. tions can often be implemented by pulses with shorter TheresultswithODRareshowninblue,withthelastpoint duration, thus slightly increasing the coherence time of in green denotes the final result appearing in Fig. 5. The the device [47]. raw data (scaled by a factor of 5 for better visibility) is showninvio"
Krebsbach et al. - 2022 - Optimization of Richardson extrapolation for quantum error mitigation.pdf,Krebsbach et al.,na,no,none,,,
Kurita et al. - 2023 - Synergetic quantum error mitigation by randomized compiling and zero-noise extrapolation for the var.pdf,Kurita et al.,na,partial,weak,calibration-mention,2,"oherence. However, these methods are not effective in the presence of coherent noise, and while some kinds of coherent noise can be reduced by better calibration of the hardware, other kinds, such as coherent crosstalk, pose significant challenges with current calibration technology. Furthermore, even a sma"
Kurita et al. - 2023 - Synergetic quantum error mitigation by randomized compiling and zero-noise extrapolation for the var.pdf,Kurita et al.,na,partial,weak,calibration-mention,2,"oherent noise can be reduced by better calibration of the hardware, other kinds, such as coherent crosstalk, pose significant challenges with current calibration technology. Furthermore, even a small miscalibration can result in significant error in the algorithm’s output if the computation is relatively lo"
Kurita et al. - 2023 - Synergetic quantum error mitigation by randomized compiling and zero-noise extrapolation for the var.pdf,Kurita et al.,na,partial,weak,calibration-mention,2,"igible. This represents a situation where the circuit can be executed without loss of coherence, but still suffers from systematic noise due to small calibration errors or small amounts of crosstalk. Such errors can quickly add up in a long circuit and result in a poor output state, greatly harming the perf"
LaRose et al. - 2022 - Error mitigation increases the effective quantum volume of quantum computers.pdf,LaRose et al.,no,partial,weak,calibration-mention,3,"p- to the architecture of the quantum computers we used. tion and clear operational meaning. Normalizing by ad- Indeed, we did not run any additional calibration exper- ditional resources used (gates, shots, qubits, etc.) in iments or use any calibration information to obtain our error-mitigated quantum vol"
LaRose et al. - 2022 - Error mitigation increases the effective quantum volume of quantum computers.pdf,LaRose et al.,no,partial,weak,calibration-mention,3,"Normalizing by ad- Indeed, we did not run any additional calibration exper- ditional resources used (gates, shots, qubits, etc.) in iments or use any calibration information to obtain our error-mitigated quantum volume experiments provides a results. Similar software-level techniques have been used way to d"
LaRose et al. - 2022 - Mitiq A software package for error mitigation on noisy quantum computers.pdf,LaRose et al.,no,partial,weak,calibration-mention,11,olution. This evolution is generated by a suitable time-dependent control of a Hamiltonian that depends on the details of the hardware. Errors in the calibration of control pulses (e.g. pulse-area errors) or the classical noise affecting their implementation (e.g. electronic noise) can generate a dynamical
LaRose et al. - 2022 - Mitiq A software package for error mitigation on noisy quantum computers.pdf,LaRose et al.,no,partial,weak,calibration-mention,12,"ctly defined in the parametric form of Eq. (4) as, for example, in the case of Pauli rotations. In this setting, a noise model approximately modeling calibration and control errors can be expressed with respect to the classical parameter θ. We can assume that the actual gate is generated by a noisy paramete"
LaRose et al. - 2022 - Mitiq A software package for error mitigation on noisy quantum computers.pdf,LaRose et al.,no,partial,weak,hw-noise-mention,16,"n be large [2, 4]. In principle, assuming a perfect tomographic knowledge of the noisy gates O , this method allows for a perfect cancellation of the hardware noise (for a α sufficiently large number of samples). In the remainder of this section, we describe how one can define gate representations and how one can"
LaRose et al. - 2022 - Mitiq A software package for error mitigation on noisy quantum computers.pdf,LaRose et al.,no,partial,weak,hw-noise-mention,18,"Method 1: If the hardware noise model is well approximated by a simplified theoreti- cal quantum channel (e.g. depolarizing or amplitude damping), one can typically apply known anal"
LaRose et al. - 2022 - Mitiq A software package for error mitigation on noisy quantum computers.pdf,LaRose et al.,no,partial,weak,hw-noise-mention,24,"othquan- tum and classical hardware). Moreover, the training data is extracted from near-Clifford circuits which may have a different response to the hardware noise compared to the true circuit of interest. It is also worth noting that this technique requires an efficient classical simulator of near-Clifford circ"
Liao et al. - 2024 - Machine Learning for Practical Quantum Error Mitigation.pdf,Liao et al.,partial,partial,weak,drift-mention,1,"circuit is re- however,quantumnoisecanbeintricatelycomplex,high- compiled into multiple circuits that are logically equiv- dimensional, and can even drift stochastically over time. alent but each with an increased expected number of EarlyexplorationsofML-QEMideashaveshownsigns errors. By analyzing the d"
Liao et al. - 2024 - Machine Learning for Practical Quantum Error Mitigation.pdf,Liao et al.,partial,partial,weak,drift-mention,7,"aspulseshapesandoutputcounts,mayleadtoevenmore butwithsubstantiallylessoverheadinbothtrainingand accurate error mitigation. Second, the effect of the drift execution runtime. of noise in hardware can be studied to optimize the re- In conclusion, our study underscores the potential of sources needed to ad"
Liao et al. - 2024 - Machine Learning for Practical Quantum Error Mitigation.pdf,Liao et al.,partial,partial,weak,drift-mention,16,"rom-scratchMLPmodelsconverged,bothwereoutperformedbyatrained-from-scratchRFmodel. Thisprovides evidence that ML-QEM can be efficient in training. the drift in noise affecting the ML model performance, we show evidence that MLP can be efficiently adapted to new device noise and that RF can be trained as e"
Liao et al. - 2024 - Machine Learning for Practical Quantum Error Mitigation.pdf,Liao et al.,partial,partial,weak,calibration-mention,12,"coherent CNOT error, injected as a CNOT over-rotational angle, is not native to the fake backends (representative of real devices using measured and calibrated model and noise parameters), and was added in cases where we tried to investigate the performance of the ML models under relatively strong coherent"
Liao et al. - 2024 - Machine Learning for Practical Quantum Error Mitigation.pdf,Liao et al.,partial,partial,weak,calibration-mention,19,"to the circuits and the observed expectation values as a function of that noise. Unlike PEC, ZNE does not require explicit noise characterization or calibration, operating under the primary assumption that the impact of the noise on the expectation values scales predictably with the amplified noise level."
Liao et al. - 2024 - Machine Learning for Practical Quantum Error Mitigation.pdf,Liao et al.,partial,partial,weak,calibration-mention,19,"with PEC. This complexity arises from both the indeterminate functional form of the expectation value under unknown noise levels and the challenge of calibrating the M experimental noise amplification factors {λ }. Generally, the cost of ZNE is i anticipated to scale exponentially with M, approximated loose"
Liao et al. - 2024 - Machine Learning for Practical Quantum Error Mitigation.pdf,Liao et al.,partial,partial,weak,calibration-mention,20,"20 3. Probabilistic Error Amplification (PEA) A main challenge for ZNE is the lack of a precise calibration of added noise, leading to imprecision. This situation hasrecentlybeenimprovedexperimentallybycombiningZNEwiththenoiselearninganderrorinjectionofP"
Liao et al. - 2024 - Machine Learning for Practical Quantum Error Mitigation.pdf,Liao et al.,partial,partial,weak,calibration-mention,20,"probabilistic error amplification (PEA) [9, 11]. The PEC–learned noise model is well suited for amplifying the noise in ZNE in a well-controlled and calibrated manner. Using the PEC notation introduced above, the scaled the i-th noise channel Λ1+α, where α is a tuning parameter, can be obtained from scalin"
Liao et al. - 2024 - Machine Learning for Practical Quantum Error Mitigation.pdf,Liao et al.,partial,partial,weak,coherence-time,10,"dthatMLPsare to the low-noise regime (e.g., setting encoded gate error also susceptible to overfitting in this context. close to zero and the encoded coherence times to some largevalue)allowstheGNNtoextrapolatetonearnoise- freeexpectationvalueswithoutevertrainingontheideal 4. Graph Neural Network values, and thus"
Liao et al. - 2024 - Machine Learning for Practical Quantum Error Mitigation.pdf,Liao et al.,partial,partial,weak,coherence-time,10,"operation such as a gate. These CODE AVAILABILITY nodes are assigned vectors containing information about the gate type, gate errors, as well as the coherence times and readout errors of the qubits on which the gate oper- We make the source code for simulations and hard- ates. Additionaldeviceandqubitcharacteriz"
Liu and Cai - 2025 - Quantum Error Mitigation for Sampling Algorithms.pdf,Liu & Cai,na,no,none,,,
Lorenz et al. - 2025 - Systematic benchmarking of quantum computers status and recommendations.pdf,Lorenz et al.,partial,partial,weak,calibration-mention,8,"sons, T and T times Indeed, one can perform RB on the logical level, and can 1 2 are today less used (and will no further be considered in this hence calibrate and benchmark the performance of quantum document). gatesonthelogicallevelofaquantumerrorcorrectedquantum Asiswell-known,thedimensionoftherelevantve"
Lorenz et al. - 2025 - Systematic benchmarking of quantum computers status and recommendations.pdf,Lorenz et al.,partial,partial,weak,calibration-mention,10,"the instruction set sent to the quantum pro- tem benchmarks, which provided comparative analysis across cessor, via computer-internal automation and calibration, to different machines using low-level performance indicators, dataprocessinganddataprovision.Benchmarkingofsoftware such as instructions per seco"
Lorenz et al. - 2025 - Systematic benchmarking of quantum computers status and recommendations.pdf,Lorenz et al.,partial,partial,weak,calibration-mention,11,"ar algebra, as stated above), occur due to factors such as queuing delays, automated sys- another lesson learned from HPC is the need for getting tem calibration, and time consumed by classical data pro- information about the performance of each part involved in cessing. Given these considerations, various"
Lorenz et al. - 2025 - Systematic benchmarking of quantum computers status and recommendations.pdf,Lorenz et al.,partial,partial,weak,coherence-time,6,"nd data analysis methods. • Qubit-coherence benchmarking protocol: It involves Flowcharts as diagrams can also outline the benchmarking measuring the coherence time of qubits to assess how process,showingthesequenceofstepsinvolvedinexecutinga long they can maintain their quantum state before deco- benchmark.Final"
Lorenz et al. - 2025 - Systematic benchmarking of quantum computers status and recommendations.pdf,Lorenz et al.,partial,partial,weak,coherence-time,8,"S) [65, 66]. Also, one can addition, (2) these two numbers are basis-dependent. Finally, perform cross-talk tomography based on RB data [67]. (3) the coherence times offer at most a lower bound on error An increasingly important development is that of bench- rates, but barely allow one to make a predictive statem"
Lorenz et al. - 2025 - Systematic benchmarking of quantum computers status and recommendations.pdf,Lorenz et al.,partial,partial,weak,coherence-time,14,"However, additional control hardware used with metrics such as the quantum volume, the may and likely will result in increasing system size. As such, coherence time, the gate fidelity etc. to estimating the re- volume per qubit may be an interesting number to track for sourcesusedbythealgorithmssuchase.g.,thelear"
Majumdar et al. - 2023 - Best Practices for Quantum Error Mitigation with Digital Zero-Noise Extrapolation.pdf,Majumdar et al.,partial,partial,weak,calibration-mention,2,"ifferent be sampled for partial noise factors; the noise factors and structures and, therefore, noise profiles. extrapolator can be chosen based on a calibration; and that ZNE fails for flat noise profiles when noise saturates given practical limits on shots. Notably, we emphasize that these conclusions are"
Majumdar et al. - 2023 - Best Practices for Quantum Error Mitigation with Digital Zero-Noise Extrapolation.pdf,Majumdar et al.,partial,partial,weak,calibration-mention,2,"se. While its own inverse, although more precise circuit-level inverses global folding confers resistance to time-correlated noise, that require some calibration can enable even more accurate it is conceptually more straightforward to locally amplify noiseamplification[14].)Therefore,inthissection,wediscuss"
Majumdar et al. - 2023 - Best Practices for Quantum Error Mitigation with Digital Zero-Noise Extrapolation.pdf,Majumdar et al.,partial,partial,weak,calibration-mention,3,"later in the circuit and in which each gate on each qubit has different errors, respectively, they are less broadly generalizable—for instance, gate calibrations can be- comestale.Therefore,wesuggesttorandomlysamplemultiple Fig.5. Thestandarddeviationof⟨Z⟩withnumberofshotsscalesas √ a partially folded circ"
Majumdar et al. - 2023 - Best Practices for Quantum Error Mitigation with Digital Zero-Noise Extrapolation.pdf,Majumdar et al.,partial,partial,weak,calibration-mention,4,"proach, however, does not scale towards larger systems of the imminent future where the ideal values cannot be computed classically for verification. Calibration. A more informed approach is to calibrate dZNE by running circuits similar to the target circuits for whichtheidealexpectationvaluesareknown,deter"
Majumdar et al. - 2023 - Best Practices for Quantum Error Mitigation with Digital Zero-Noise Extrapolation.pdf,Majumdar et al.,partial,partial,weak,calibration-mention,4,"er systems of the imminent future where the ideal values cannot be computed classically for verification. Calibration. A more informed approach is to calibrate dZNE by running circuits similar to the target circuits for whichtheidealexpectationvaluesareknown,determiningthe best settings for zero-noise extra"
Majumdar et al. - 2023 - Best Practices for Quantum Error Mitigation with Digital Zero-Noise Extrapolation.pdf,Majumdar et al.,partial,partial,weak,calibration-mention,4,"gates that make the target non- trivial to simulate on classical computers are transformed into classically simulable Clifford circuits, and dZNE is calibrated on those. To further illustrate the point that different combinations of noise factors and extrapolation functions perform best for different circu"
Majumdar et al. - 2023 - Best Practices for Quantum Error Mitigation with Digital Zero-Noise Extrapolation.pdf,Majumdar et al.,partial,partial,weak,calibration-mention,4,"s with varying two-qubit depth (0 to 40), depolarizing gate error (0.1% to 4%), and 8,000 shots per noise factor. In Fig. 6 we plot the results as a “calibration phase diagram”. In (a), the noise- factors are 1, 3, and 5. We find that at smaller two-qubit gate depthsanderrors,wherethenoiseisweak,linearextra"
Majumdar et al. - 2023 - Best Practices for Quantum Error Mitigation with Digital Zero-Noise Extrapolation.pdf,Majumdar et al.,partial,partial,weak,calibration-mention,4,"e extrapolation function to extrapolate to the correctzero-noisevalue,thusshowingpreferenceforquadratic (Q) and exponential (E) extrapolators. Fig.6. CalibrationphasediagramsfordZNEshowingthebestextrapolator for 6-qubit brickwork circuits with increasing two-qubit gate depth and An important region of this"
Majumdar et al. - 2023 - Best Practices for Quantum Error Mitigation with Digital Zero-Noise Extrapolation.pdf,Majumdar et al.,partial,partial,weak,calibration-mention,4,"ionphasediagramsfordZNEshowingthebestextrapolator for 6-qubit brickwork circuits with increasing two-qubit gate depth and An important region of this calibration phase diagram is depolarizing gate error. The regions are linear (“L”), quadratic (“Q”), and toward the upper-right corner, marked as NF (no fit)"
Majumdar et al. - 2023 - Best Practices for Quantum Error Mitigation with Digital Zero-Noise Extrapolation.pdf,Majumdar et al.,partial,partial,weak,calibration-mention,4,"the case of using from the ideal expectation value by 0.4. noise factors that are not odd, positive integers, one should In Fig. 6(b), we compute the calibration phase diagram for considersamplingmultiplepartiallyfoldedcircuits;seeFig.4. a smaller range of noise factors of 1, 1.1, and 1.2. Within Finally, w"
Majumdar et al. - 2023 - Best Practices for Quantum Error Mitigation with Digital Zero-Noise Extrapolation.pdf,Majumdar et al.,partial,partial,weak,calibration-mention,4,"um depends on the extrapolation function, anomalous entries due to random sampling, we find that the is problem-dependent and, therefore, can also be calibrated in 8484 Authorized licensed use limited to: Ostbayerische Technische Hochschule Regensburg. Downloaded on February 04,2026 at 14:26:50 UTC from IEE"
Majumdar et al. - 2023 - Best Practices for Quantum Error Mitigation with Digital Zero-Noise Extrapolation.pdf,Majumdar et al.,partial,partial,weak,calibration-mention,5,"rror mitigation, 0 4 8 12 16 20 24 28 32 36 40 2Q depth whereitiswellknownthatreadouterrorscanbecorrectedon noisy bitstrings by measuring the readout calibration matrix. With the readout-corrected bitstrings, expectation values can then be computed in advance of zero-noise extrapolation. In Fig. 7, we demon"
Majumdar et al. - 2023 - Best Practices for Quantum Error Mitigation with Digital Zero-Noise Extrapolation.pdf,Majumdar et al.,partial,partial,weak,calibration-mention,6,"t practices for digital zero-noise ex- trapolation (dZNE) for QEM, suggest specific prescriptions for the noise amplification, circuit execution, and calibration ofthebestsettingsforextrapolation.Toaddressthelimitations of dZNE in handling errors beyond incoherent ones, such as SPAM errors and coherent erro"
Mamedaliev et al. - 2026 - A framework to evaluate the performance of Variational Quantum Algorithms.pdf,Mamedaliev et al.,na,no,none,,,
"Maupin et al. - 2024 - Error mitigation, optimization, and extrapolation on a trapped ion testbed.pdf",Maupin et al.,yes,yes,strong,recalibration,11,"00 samples per projective measurement. Within this Bydecreasingthepowerappliedtothesesidebands,we range we found that changing the parameter only had recalibrate the system to a smaller detuning and deter- an effect on the energy within the range of -15kHz to minehowmuchnoiseisaddedinthisprocessbymeasur- -7.5"
"Maupin et al. - 2024 - Error mitigation, optimization, and extrapolation on a trapped ion testbed.pdf",Maupin et al.,yes,yes,weak,drift-mention,6,"Hartree. As such, we consider three broad categories of errors. We first consider potential errors at the gate level, based optimization before qubit-drift starts to become a prob- on existing theory and modeled as noise channels. We lem, meaning we can expect relative errors on the order then discuss th"
"Maupin et al. - 2024 - Error mitigation, optimization, and extrapolation on a trapped ion testbed.pdf",Maupin et al.,yes,yes,weak,drift-mention,8,"e, depending on how many samples are taken. form similar simulations but introduce an ion-dependent Over these timescales, the ions in the device can drift phase shift of π (i.e. γ = 0 and γ = π) to produce a spatiallyoutoftheindividualaddressingbeams, causing 0 1 ‘−XX’ interaction and achieve an MS gate"
"Maupin et al. - 2024 - Error mitigation, optimization, and extrapolation on a trapped ion testbed.pdf",Maupin et al.,yes,yes,weak,drift-mention,8,ct the These errors are informed by characterization experi- device’sperformance. Alargeenoughfluctuationcanin- ments that measure typical amounts of drift between duce unwanted sideband transitions and interfere with calibrations (several hours) and result in typical gate fi- the execution of gates. Thi
"Maupin et al. - 2024 - Error mitigation, optimization, and extrapolation on a trapped ion testbed.pdf",Maupin et al.,yes,yes,weak,drift-mention,10,"ditions did not increase the noise enough to differentiate the noisy energy estimates in the presence of fluctuations due to sampling error and qubit drift. As simulations suggest, we are not able to ex- trapolate to an accurate zero noise estimate. We also separatelytestedtheeffectsofstretchingthegatesa"
"Maupin et al. - 2024 - Error mitigation, optimization, and extrapolation on a trapped ion testbed.pdf",Maupin et al.,yes,yes,weak,drift-mention,16,"e circuit. error within each data point, but do not account for co- We initially assumed in our theoretical discussion in herent errors such as qubit drift due to heating between Section VIA that the gates would primarily be subject experiments that would shift the noisy energy estimates. to a depolarizi"
"Maupin et al. - 2024 - Error mitigation, optimization, and extrapolation on a trapped ion testbed.pdf",Maupin et al.,yes,yes,weak,calibration-mention,1,"sources of noise in a device, they can be used to improve rection, with two-qubit error rates around 0.1% [10–14]. gate performance through repeated calibration, wherein Such errors can dramatically impact the performance of gate parameters are optimized to maximize gate fidelity NISQalgorithmsifleftunchec"
"Maupin et al. - 2024 - Error mitigation, optimization, and extrapolation on a trapped ion testbed.pdf",Maupin et al.,yes,yes,weak,calibration-mention,6,"usingalinear which is tailored to match current observed properties fit from m = 4 noisy energies using COBYLA optimization of the QSCOUT device from calibration, such as gate to find the optimal parameter θ. The results were averaged across ten trials. (a) Extrapolate from multiple sampled es- fidelity. ti"
"Maupin et al. - 2024 - Error mitigation, optimization, and extrapolation on a trapped ion testbed.pdf",Maupin et al.,yes,yes,weak,calibration-mention,8,"ors, J = Γa and J = Γa†, where Γ is our model simply includes some types of Markovian er- 1 2 the heating rate. rors that occur in the device between calibrations. While we use the same single-qubit gate model For both the R and MS gates, we introduce an abso- throughout this paper, we use two different MS-"
"Maupin et al. - 2024 - Error mitigation, optimization, and extrapolation on a trapped ion testbed.pdf",Maupin et al.,yes,yes,weak,calibration-mention,8,"ameters: z = c τ z 1 and δ = c τ δ 1 . For tempt to model any error that changes between device these gates, we choose τ 1 = 200µs, z 1 = 26.5µs, and calibrations or correlated errors between multiple qubits δ 1 =−34.5kHz. Similartothepreviousimplementation, such as crosstalk, and focuses only on the indepe"
"Maupin et al. - 2024 - Error mitigation, optimization, and extrapolation on a trapped ion testbed.pdf",Maupin et al.,yes,yes,weak,calibration-mention,8,"sperformance. Alargeenoughfluctuationcanin- ments that measure typical amounts of drift between duce unwanted sideband transitions and interfere with calibrations (several hours) and result in typical gate fi- the execution of gates. This error is not taken into ac- delities. Throughout this paper, we use t"
"Maupin et al. - 2024 - Error mitigation, optimization, and extrapolation on a trapped ion testbed.pdf",Maupin et al.,yes,yes,weak,calibration-mention,10,"nwasvariedbetween0.6and these other parameters could be changed in opposition 1.6 times the typical operating duration of τ = 200µs. 2000 to our gate calibrations in order to increase noise, and sampleswereusedtoestimateeachexpectationvalue. There this section will focus on changes in the detuning δ. is no"
"Maupin et al. - 2024 - Error mitigation, optimization, and extrapolation on a trapped ion testbed.pdf",Maupin et al.,yes,yes,weak,calibration-mention,10,"orms the correct operation at longer duration, a third there was little to no dependence on the scale factor c . parameter called the detuning was re-calibrated and in- τ"
"Maupin et al. - 2024 - Error mitigation, optimization, and extrapolation on a trapped ion testbed.pdf",Maupin et al.,yes,yes,weak,calibration-mention,11,"tuningsfor probability of the |11⟩ state. the gate were across a wide range, from -40kHz all the way down to -6kHz. To find each desired detuning, we calibrated the MS gate to specific powers applied to the creased. Weconsidernowifthisparameterisresponsible sidebands and measured noisy expectation values us"
"Maupin et al. - 2024 - Error mitigation, optimization, and extrapolation on a trapped ion testbed.pdf",Maupin et al.,yes,yes,weak,calibration-mention,12,"liesthatthisnoisescal- ing method can increase the noise present in our circuit FIG.6. Hardware—Experimentalimplementationofnoise by deliberately mis-calibrating our gates, but that we scaling by direct scaling of the sideband detuning parame- may not be able to mitigate error with this method, as ter. (a)"
"Maupin et al. - 2024 - Error mitigation, optimization, and extrapolation on a trapped ion testbed.pdf",Maupin et al.,yes,yes,weak,calibration-mention,16,"options, the two MS than either the MS Before or MS After methods. This Before and MS After methods exhibit the best experi- may be because of better calibration between trials that mentalresults,insofarastheyhavethemostdatapoints, reduces the effects of coherent errors. anobviousenergygradient,andthefewest"
"Maupin et al. - 2024 - Error mitigation, optimization, and extrapolation on a trapped ion testbed.pdf",Maupin et al.,yes,yes,weak,calibration-mention,17,"ortsthelinearresult. Ifalargeamountoferrorper- and then extrapolating method described in Section II. The sists due to sideband detuning after device calibration, noisy energy estimates are plotted as a function of the noise then this method may improve results, though for our scale factor c . The black dat"
"Maupin et al. - 2024 - Error mitigation, optimization, and extrapolation on a trapped ion testbed.pdf",Maupin et al.,yes,yes,weak,calibration-mention,18,"ce of noise. Our sideband detuning scaling results this way allows us to allocate more samples to each iter- are similarly dependent on the degree of calibration of ation, improving the precision. Following this optimiza- two-qubit MS gates. Lastly, our gate-insertion results tion,ourextrapolatedzeronoisees"
"Maupin et al. - 2024 - Error mitigation, optimization, and extrapolation on a trapped ion testbed.pdf",Maupin et al.,yes,yes,weak,calibration-mention,19,"Nature, 574(7779):505–510, 2019. Philipp Schindler, and Thomas Monz. Experimen- [11] Susan M. Clark, Daniel Lobser, Melissa C. Revelle, tal bayesian calibration of trapped-ion entangling Christopher G. Yale, David Bossert, Ashlyn D. Burch, operations. PRX Quantum, 3:020350, Jun 2022. MatthewN.Chow,CraigW.H"
"Maupin et al. - 2024 - Error mitigation, optimization, and extrapolation on a trapped ion testbed.pdf",Maupin et al.,yes,yes,weak,coherence-time,2,± 1.11 % 98.79 ± 0.66 % Single-Qubit Estimated Gate Fidelity 99.24 ± 0.56 % 99.42 ± 0.96% 99.75 ± 0.68 % Qubit Frequency 12.643 GHz [11] Counterprop Coherence Time 22.2 ± 0.9 ms [11] Microwave Coherence Time 12.6 ± 0.3 s [11] TABLE I. Specifications of the QSCOUT device approach quantifies errors by their impact
"Maupin et al. - 2024 - Error mitigation, optimization, and extrapolation on a trapped ion testbed.pdf",Maupin et al.,yes,yes,weak,coherence-time,2,ted Gate Fidelity 99.24 ± 0.56 % 99.42 ± 0.96% 99.75 ± 0.68 % Qubit Frequency 12.643 GHz [11] Counterprop Coherence Time 22.2 ± 0.9 ms [11] Microwave Coherence Time 12.6 ± 0.3 s [11] TABLE I. Specifications of the QSCOUT device approach quantifies errors by their impact on the result on another arm is used to gen
"Maupin et al. - 2024 - Error mitigation, optimization, and extrapolation on a trapped ion testbed.pdf",Maupin et al.,yes,yes,weak,coherence-time,17,"cuit enough to differentiate the resulting noisy energies in the presence of finite sampling. We contend this is true in general for qubits with long coherence times and little depolarizing noise, such that they maintain the prepared state over the time scales of lengthened gate operations. This also showsthatdif"
McDonough et al. - 2022 - Automated quantum error mitigation based on probabilistic error reduction.pdf,McDonough et al.,no,partial,weak,hw-noise-mention,1,"ally with circuit depth, prohibiting high-depth circuits I. INTRODUCTIONANDOVERVIEW at realistic noise levels. Probabilistic error reduction (PER) is Hardware noise introduces unwanted bias into an expecta- a related quantum error mitigation method that systematically reduces the sampling overhead at the cost of"
McDonough et al. - 2022 - Automated quantum error mitigation based on probabilistic error reduction.pdf,McDonough et al.,no,partial,weak,hw-noise-mention,2,"lues are which we extend to PER. [9], [10]. This method allows for adjusted according to the sampling overhead and the PER robust characterization of hardware noise in large devices by quasiprobability coefficient of the sampled term. Virtual ZNE keeping the number of measurements constant in the number is applie"
McDonough et al. - 2022 - Automated quantum error mitigation based on probabilistic error reduction.pdf,McDonough et al.,no,partial,weak,hw-noise-mention,2,"e following: 1) We combine the to reduce the variance below a desired threshold. At current advantages of PNT with the sampling overhead reduction of hardware noise levels, the sampling overhead limits PEC to PERandvZNEbyextendingthismethodtonoisescaling,and circuits of modest depth [4]. To overcome this restrict"
McDonough et al. - 2022 - Automated quantum error mitigation based on probabilistic error reduction.pdf,McDonough et al.,no,partial,weak,hw-noise-mention,2,"ere,wedescribeandimplementaframeworkforexecuting the accompanying repository [13]. automated quantum error mitigation based on PER. We inter- connect hardware noise characterization with the generation, In the remainder of the article, we first describe how to sampling and analysis of PER mitigation circuits to p"
Moguel et al. - 2024 - Quantum software experiments A reporting and laboratory package structure guidelines.pdf,Moguel et al.,na,partial,weak,calibration-mention,7,Justificationfortheshotsandshotstoexecute ✓ ✓ × × ×8 2/5 Design Techniquesusedtoinitializethequantumstate ✓ −5 × ✓ −5 2/5 Precission × −5 × −5 −5 0/5 Calibrationdataforthequbitsusedduringtheexperiment × −5 × −5 −5 0/5 Explicitclassicalpre-processingandpost-processingstepsspecification ∼1 ✓4 ∼1 ✓ ✓4 3/5 Exec
Moguel et al. - 2024 - Quantum software experiments A reporting and laboratory package structure guidelines.pdf,Moguel et al.,na,partial,weak,calibration-mention,10,"latformplanninglimitations □ Experimental Justificationfortheshotsandshotstoexecute □ Design Techniquesusedtoinitializethequantumstate □ Precission □ Calibrationdataforthequbitsusedduringtheexperiment □ Classicalpre-processingandpost-processingsteps □ Execution Quantumprogramminglanguageandframework(e.g.,Qi"
Niroula et al. - 2025 - Error Mitigation Thresholds in Noisy Random Quantum Circuits.pdf,Niroula et al.,na,partial,weak,drift-mention,5,"(see Appendix VII). The critical scaling on the y-axis is an ansatz. (e-f) Similar quantities as (a-b) for antipodal sites of a 1D chain. The strong drift in the peak with increasing system size is consistent with the lack of a below-threshold phase in this model. In all the plots, we took a Haar random"
Noel et al. - 2022 - Observation of measurement-induced quantum phases in a trapped-ion quantum computer.pdf,Noel et al.,partial,no,none,,,
Pascuzzi et al. - 2022 - Computationally efficient zero-noise extrapolation for quantum-gate-error mitigation.pdf,Pascuzzi et al.,partial,no,none,,,
Patil et al. - 2023 - Folding-Free ZNE A Comprehensive Quantum Zero-Noise Extrapolation Approach for Mitigating Depolariz.pdf,Patil et al.,partial,partial,weak,calibration-mention,2,"ce state preparation and measure (SPAM) errors can be sup- noiseandthe3-qubitstate|ψ(cid:105)graduallydecaysintothe|000(cid:105) pressed with careful calibration and post-processing based on state, i.e., only |000(cid:105) has a high probability while others have the calibration data (e.g., an inverse of th"
Patil et al. - 2023 - Folding-Free ZNE A Comprehensive Quantum Zero-Noise Extrapolation Approach for Mitigating Depolariz.pdf,Patil et al.,partial,partial,weak,calibration-mention,2,"0(cid:105) pressed with careful calibration and post-processing based on state, i.e., only |000(cid:105) has a high probability while others have the calibration data (e.g., an inverse of the measurement error low probabilities. From Fig. 1, we can see the exponential matrix). Cross-talk errors depend on th"
Pelofske et al. - 2024 - Increasing the Measured Effective Quantum Volume with Zero Noise Extrapolation.pdf,Pelofske et al.,partial,partial,weak,drift-mention,5,"o circuit folding methods. This is importantbecauseitispossiblefortheresultstonothavebeenexecutedtogethersequentially, andthereforethere can be error drift. Additionally, when there are backend device errors and the jobs need to be re-executed, those resultswouldbeexecutedatadifferenttimeaswell. Theresul"
Prodius et al. - 2025 - Robust design under uncertainty in quantum error mitigation.pdf,Prodius et al.,na,partial,weak,calibration-mention,4,"maxima appear to a built-in Qiskit [65] function that creates a noise model diverge logarithmically with N. Therefore, the maxima based on the device calibration. are not suitable for quantifying the robustness of the In our tests, we use a modest shot number N s tot =104 error mitigated results. and N t ="
Qin et al. - 2023 - Error statistics and scalability of quantum error mitigation formulas.pdf,Qin et al.,na,no,none,,,
Quek et al. - 2024 - Exponentially tighter bounds on limitations of quantum error mitigation.pdf,Quek et al.,na,no,none,,,
Roy et al. - 2024 - Simulating open quantum systems using noise models and NISQ devices with error mitigation.pdf,Roy et al.,no,partial,weak,calibration-mention,6,"en the noise of becomes unstable, in our case we chose a mapping given the system the results shown an inconsistent simulation the best qubits in the calibrations data of IBM Quan- of the model, even though we chose a qubit mapping tum. For the case of OQC Lucy, we used qubits 4 and 5 with the best quality"
Roy et al. - 2024 - Simulating open quantum systems using noise models and NISQ devices with error mitigation.pdf,Roy et al.,no,partial,weak,calibration-mention,9,"05(2021). Readout error 1.53e-2 [15] https://github.com/JessicaJohnBritto/QOSF Cohort6. [16] A.A.Abu-NadaandM.A.Salhab,InternationalJournal Table IV: Calibration data for ibm kyoto from IBM of Quantum Information , 2340008 (2023). quantum [7] with gate basis [ECR, ID, RZ, SX, X]. [17] E.Pelofske,A.Ba¨rtschi"
Roy et al. - 2024 - Simulating open quantum systems using noise models and NISQ devices with error mitigation.pdf,Roy et al.,no,partial,weak,calibration-mention,9,"s. ForOQCLucy, we can see in figure 21 the topology of the device. In the caseofLucy,thetwoqubitconnectionsaredifferentthan with the IBM devices. The calibration data for the IBM hadware is shown in table III and IV, for OQC Lucy in table V Figure 20: Architecture of ibm kyoto Property Median T1 (µs) 270.36"
Roy et al. - 2024 - Simulating open quantum systems using noise models and NISQ devices with error mitigation.pdf,Roy et al.,no,partial,weak,calibration-mention,9,"gure 20: Architecture of ibm kyoto Property Median T1 (µs) 270.36 T2 (µs) 170.43 SX error 1.800e-2 ECR error 8.257e-3 Readout error 1.8e-2 Table III: Calibration data for ibm osaka from IBM quantum [7] with gate basis [ECR, ID, RZ, SX, X]. Figure 21: Architecture of OQC Lucy Property Average Median T1 (µs)"
Roy et al. - 2024 - Simulating open quantum systems using noise models and NISQ devices with error mitigation.pdf,Roy et al.,no,partial,weak,calibration-mention,9,") 36.460 34.469 T2 (µs) 33.401 37.972 Fidelity (RB) (%) 99.886 99.912 Readout Fidelity (%) 88.675 89.250 ECR gate fidelity (%) 94.672 95.589 Table V: Calibration data for OQC Lucy from AWS services [8] with gate basis [ect, i, rz, v, x]. Figure 19: Architecture of ibm osaka"
Russo et al. - 2023 - Testing Platform-Independent Quantum Error Mitigation on Noisy Quantum Computers.pdf,Russo et al.,no,partial,weak,calibration-mention,4,"expectationvaluesA (cid:5) (λ)atdifferentnoisesca Z le NE factorsλ ∈ p[49], [50]. For each G 2Q operation, we obtain pfrom the i i error rate in the calibration data reported by the hardware {1,2,3}andthezero-noiselimitisobtainedasalinearcom- vendor for the associated two-qubit gate (IBM, Rigetti), or bina"
Russo et al. - 2023 - Testing Platform-Independent Quantum Error Mitigation on Noisy Quantum Computers.pdf,Russo et al.,no,partial,weak,T1-T2-mention,1,"qubitsperlogicalqubitforfaulttolerance. two decades, as can be seen in component metrics like Becausetheexperimentalrequirementsofquantumerror T1 and T2 times [20], [46] as well as full system metrics correction are very demanding, and because of widespread like quantum volume [8]. While we expect these ha"
Régent - 2025 - Awesome Quantum Computing Experiments Benchmarking Experimental Progress Towards Fault-Tolerant Qua.pdf,Regent,na,partial,weak,coherence-time,1,"ding platforms, including trapped ions, superconducting circuits, neutral atoms, NV centers, and semiconductors. We analyze key physical metrics like coherence times, entanglement error, and system size (qubit count), fitting observed exponential trends to characterize multi-order-of-magnitude improvements over t"
Régent - 2025 - Awesome Quantum Computing Experiments Benchmarking Experimental Progress Towards Fault-Tolerant Qua.pdf,Regent,na,partial,weak,coherence-time,1,. . . . . . 3 2.2 Physical Level Metrics . . . . . . . . . . . . . . . . . . . . . . . . . . . . . . . . . . . . . . . . . . . . 3 2.2.1 Bitflip and Coherence times . . . . . . . . . . . . . . . . . . . . . . . . . . . . . . . . . . . . . 3 2.2.2 Entanglement Error . . . . . . . . . . . . . . . . . . . . . . . .
Régent - 2025 - Awesome Quantum Computing Experiments Benchmarking Experimental Progress Towards Fault-Tolerant Qua.pdf,Regent,na,partial,weak,coherence-time,2,"aceted, requiring simultane- ous improvements across all layers of the hardware stack. Key areas include extending the fundamental lifetimes (T ) and coherence times (T ) of physical qubits, minimizing errors in single- and multi-qubit gate operations, 1 2 dramatically increasing the number of addressable and int"
Régent - 2025 - Awesome Quantum Computing Experiments Benchmarking Experimental Progress Towards Fault-Tolerant Qua.pdf,Regent,na,partial,weak,coherence-time,2,"context, critical metrics for assessing performance include the robustness of quantum states against environmental noise, often quantified by T and T coherence times, and the 1 2 precision in implementing quantum operations, particularly concerning the controllability required to generate and manipulate entangled"
Régent - 2025 - Awesome Quantum Computing Experiments Benchmarking Experimental Progress Towards Fault-Tolerant Qua.pdf,Regent,na,partial,weak,coherence-time,3,"r 15N) or nearby carbon-13 atoms (13C) naturally present within the diamond lattice, to serve as qubits or long-lived memories, often offering longer coherence times than the NV electron spin. Similarly leveraging spin in a solid-state environment, semiconductor qubits [30] typically encode information in the spi"
Régent - 2025 - Awesome Quantum Computing Experiments Benchmarking Experimental Progress Towards Fault-Tolerant Qua.pdf,Regent,na,partial,weak,coherence-time,3,"several key metrics commonly used to characterize the quality of individual physical qubits and the scale of experimental systems. 2.2.1 Bitflip and Coherence times The stability of a physical qubit is fundamentally limited by two characteristic times: the energy relaxation time (T , or bitflip time) and the dep"
Régent - 2025 - Awesome Quantum Computing Experiments Benchmarking Experimental Progress Towards Fault-Tolerant Qua.pdf,Regent,na,partial,weak,coherence-time,3,"physical qubit is fundamentally limited by two characteristic times: the energy relaxation time (T , or bitflip time) and the dephasing time (T , or coherence time). T quantifies the timescale over which the 1 2 1 system incoherently exchanges energy with its environment. However, the practical factor limiting t"
Régent - 2025 - Awesome Quantum Computing Experiments Benchmarking Experimental Progress Towards Fault-Tolerant Qua.pdf,Regent,na,partial,weak,coherence-time,4,Physical Qubit Coherence Times Evolution Graphene (T1) 10k Ion traps (T2) Ion traps T2 fit (×2 every 1.9y) NV centers (T1) NV centers (T2) Neutral atoms (T1) 100 Neutral atoms T1
Régent - 2025 - Awesome Quantum Computing Experiments Benchmarking Experimental Progress Towards Fault-Tolerant Qua.pdf,Regent,na,partial,weak,coherence-time,4,1 Superconducting circuit T2 fit (×2 every 1.9y) e c n e er h o C 100μ 1μ 10n 2000 2005 2010 2015 2020 2025 Year Figure 1: Physical qubit bitflip and coherence times. Evolution of reported T (solid lines) and T (dashed 1 2 lines) times across different platforms. An exponential fit showing the characteristic doub
Régent - 2025 - Awesome Quantum Computing Experiments Benchmarking Experimental Progress Towards Fault-Tolerant Qua.pdf,Regent,na,partial,weak,coherence-time,4,"], for neutral atoms [64–68] and for graphene [69]. The last two decades have seen substantial improvements in physical qubit stability, with typical coherence times increasing by one or more orders of magnitude in several leading experimental platforms. Exponential fits to this data (see Section 7.3 for goodness"
Régent - 2025 - Awesome Quantum Computing Experiments Benchmarking Experimental Progress Towards Fault-Tolerant Qua.pdf,Regent,na,partial,weak,coherence-time,7,"tion 2 detailed the remarkable advancements in physical-qubit technologies over the past decades, showcasing multi-order-of-magnitude improvements in coherence times, entanglement fidelity, and achievable system sizes across various platforms. However, as the analysis of entanglement error (Section 2.2.2) illustr"
Régent - 2025 - Awesome Quantum Computing Experiments Benchmarking Experimental Progress Towards Fault-Tolerant Qua.pdf,Regent,na,partial,weak,coherence-time,11,"n-source tool [26] to track the progress of several chosen metrics in the quantum computing stack, from low-level characteristics like relaxation and coherence times to higher-level ones like QEC code parameters. Our analysis reveals remarkable advances: physical-qubit coherence and gate fidelity have improved by"
Régent - 2025 - Awesome Quantum Computing Experiments Benchmarking Experimental Progress Towards Fault-Tolerant Qua.pdf,Regent,na,partial,weak,coherence-time,14,"olin, Seth T. Merkel, J. R. Rozen, George A. Keefe, Mary B. Rothwell, Mark B. Ketchen, and M. Steffen. Superconducting qubit in waveguide cavity with coherence time approaching 0.1ms. Physical Review B, 86 (10):100506, September 2012. ISSN 1098-0121, 1550-235X. doi: 10.1103/PhysRevB.86.100506. [44] J. Chang, M. R"
Régent - 2025 - Awesome Quantum Computing Experiments Benchmarking Experimental Progress Towards Fault-Tolerant Qua.pdf,Regent,na,partial,weak,coherence-time,16,"rk Um, Junhua Zhang, Shuoming An, Ming Lyu, Jing-Ning Zhang, L.-M. Duan, Dahyun Yum, and Kihwan Kim. Single-qubit quantum memory exceeding ten-minute coherence time. Nature Photonics, 11 (10):646–650, October 2017. ISSN 1749-4893. doi: 10.1038/s41566-017-0007-1. [63] Pengfei Wang, Chun-Yang Luan, Mu Qiao, Mark Um"
Régent - 2025 - Awesome Quantum Computing Experiments Benchmarking Experimental Progress Towards Fault-Tolerant Qua.pdf,Regent,na,partial,weak,coherence-time,16,"ei Wang, Chun-Yang Luan, Mu Qiao, Mark Um, Junhua Zhang, Ye Wang, Xiao Yuan, Mile Gu, Jingning Zhang, and Kihwan Kim. Single ion qubit with estimated coherence time exceeding one hour. Nature Communications, 12(1):233, January 2021. ISSN 2041-1723. doi: 10.1038/s41467-020-20330-w. [64] Matthew P. A. Jones, Jerome"
Régent - 2025 - Awesome Quantum Computing Experiments Benchmarking Experimental Progress Towards Fault-Tolerant Qua.pdf,Regent,na,partial,weak,coherence-time,26,"al qubit benchmarks (Figure 1, Figure 2, Figure 3), fit the collected historical experimental data. 7.3.1 Methodology To model the observed trends in coherence times (T , T ), entanglement error, and physical qubit count over time 1 2 (year,x),weassumedanexponentialrelationshipoftheform: y =A·Bx whereyrepresentst"
Régent - 2025 - Awesome Quantum Computing Experiments Benchmarking Experimental Progress Towards Fault-Tolerant Qua.pdf,Regent,na,partial,weak,coherence-time,28,and Strontium) and superconducting circuits T 2 due to the different implementations (transmons vs cavities). Metric Platform R2 Time Scale Std Error Coherence Time (T ) Semiconductor 0.954 ×2 every 0.86y 0.077 1 Superconducting circuit 0.809 ×2 every 0.99y 0.032 Neutral atoms 0.122 ×2 every 5.89y 0.079 Coherence
Régent - 2025 - Awesome Quantum Computing Experiments Benchmarking Experimental Progress Towards Fault-Tolerant Qua.pdf,Regent,na,partial,weak,coherence-time,28,ence Time (T ) Semiconductor 0.954 ×2 every 0.86y 0.077 1 Superconducting circuit 0.809 ×2 every 0.99y 0.032 Neutral atoms 0.122 ×2 every 5.89y 0.079 Coherence Time (T ) Neutral atoms 0.880 ×2 every 2.38y 0.033 2 Ion traps 0.860 ×2 every 1.92y 0.045 Superconducting circuit 0.418 ×2 every 1.94y 0.045 Entanglement
Sahu and Gupta - 2024 - NAC-QFL Noise Aware Clustered Quantum Federated Learning.pdf,Sahu & Gupta,na,partial,weak,calibration-mention,5,"onsiderstheaboveparametersforestimating execution. theeffectivenoisemodel,denotedasN eff ,ofaquantumdevice 𝐷 𝑖 ∈Dwith𝑚numberofqubits,therefore Table1:Calibrationparametersfornoisemodel. P Th ar e a rm m a e l ter relaxation 𝑇 S 1 ym tim bo e l D Ti e m sc e r t i o p l t o io o n seexcitedstate(|1⟩↦→|0⟩) N"
Saki et al. - 2023 - Hypothesis Testing for Error Mitigation How to Evaluate Error Mitigation.pdf,Saki et al.,partial,partial,weak,calibration-mention,14,",alowerresourceR,owingtomoregranularcontrolovernoiseamplificationbypulsestretching. Itcan alsoenablemitigatingerrorsindeepercircuits. However,pulsere-calibrationmayberequiredforthestretchedpulses, whichconsumesadditionalresources. Thus, understandingthecompromisesbetweengains fromshorterduration circuitsand"
Saki et al. - 2023 - Hypothesis Testing for Error Mitigation How to Evaluate Error Mitigation.pdf,Saki et al.,partial,partial,weak,calibration-mention,14,"forthestretchedpulses, whichconsumesadditionalresources. Thus, understandingthecompromisesbetweengains fromshorterduration circuitsandlossfrompulsere-calibrationremainsanimportantopenquestion,alongwiththecomparisonofmitigation efficienciesofdigitalandpulse-levelZNE. Anotherdirectionofanalysiscanbetestingthe"
Schultz et al. - 2022 - Impact of time-correlated noise on zero-noise extrapolation.pdf,Schultz et al.,yes,partial,weak,hw-noise-mention,3,"n- ference and noise-scaling method and can be improved applied in recent literature. We define several of these by a correct characterization of the hardware noise. In in the following subsections (see Fig. 2 for an overview) this work, we fix the inference method by assuming a in order to analyze their performa"
Schultz et al. - 2022 - Impact of time-correlated noise on zero-noise extrapolation.pdf,Schultz et al.,yes,partial,weak,coherence-time,6,"according to a more general cost-benefit analysis, e.g., differenceinscalingmethodsunderwhitenoise(notimecor- taking into account the sampling cost, coherence time, relations). Panels(b),(c)and(d)showglobalscalingisopti- andotherhardwarelimitations. Forinstance,itmaynot mal with time-correlated noise. The two-qu"
Schultz et al. - 2022 - Impact of time-correlated noise on zero-noise extrapolation.pdf,Schultz et al.,yes,partial,weak,coherence-time,6,"length circuits used here have eight single-qubit gates and four two- qubit gates. For each circuit execution, 3000 samples were is comparable to the coherence time of the computer; in taken to estimate the probability of the ground state as the such circumstances, pulse stretching can amplify errors observable."
Seif et al. - 2023 - Shadow Distillation Quantum Error Mitigation with Classical Shadows for Near-Term Quantum Processor.pdf,Seif et al.,partial,partial,weak,calibration-mention,12,"10. Comparison of the experimental data (Direct), cor- [4] S. Endo, S. C. Benjamin, and Y. Li, Practical Quantum recteddatausingdetectioncalibration(Calibrateddetection),and ErrorMitigationforNear-FutureApplications,Phys.Rev. shadows distillation (SD) with N U =2666 and N S =50 mea- X8,031027(2018). sure(c"
Senapati et al. - 2023 - Towards Redefining the Reproducibility in Quantum Computing A Data Analysis Approach on NISQ Device.pdf,Senapati et al. (2023),yes,partial,weak,calibration-mention,1,"s shows a correlation between our QML models’ from the expectation and might lead to the wrong results. test accuracy and quantum computer hardware’s calibration Moreover, the noise level of quantum computers has time features.Wealsodemonstratethatnoisysimulatorsforquantum and space variations, i.e., the no"
Senapati et al. - 2023 - Towards Redefining the Reproducibility in Quantum Computing A Data Analysis Approach on NISQ Device.pdf,Senapati et al. (2023),yes,partial,weak,calibration-mention,4,"uantumcomputerhardwaresinceitcouldhelpuspinpoint produced by algorithm(s) used by IBMQ that does not our investigation. produce continuous updates of calibration data. From Figure 1g, Figure 2g, Figure 3g and Figure 4g, we D. Observations notice some correlation coefficients have higher magnitude Learning f"
Senapati et al. - 2023 - Towards Redefining the Reproducibility in Quantum Computing A Data Analysis Approach on NISQ Device.pdf,Senapati et al. (2023),yes,partial,weak,calibration-mention,4,T2 relaxation was evident from the plots shown in the previous section. We time greater than the theoretical maximum value 2T1 also witnessed varying calibration data from four machines. (215210.30818018486>2*90655.40621723795)”.This The inconsistency in the test accuracy is attributed to the iscontrarytoth
Senapati et al. - 2023 - Towards Redefining the Reproducibility in Quantum Computing A Data Analysis Approach on NISQ Device.pdf,Senapati et al. (2023),yes,partial,weak,calibration-mention,4,"lso varied multiple times changes in the noise of a quantum computer. But when a day when tested over the same computer using the same we collect the calibration data right after the test results model and same dataset. are collected, it may not reflect the dynamic changes of ACKNOWLEDGMENT the noise in the"
Senapati et al. - 2023 - Towards Redefining the Reproducibility in Quantum Computing A Data Analysis Approach on NISQ Device.pdf,Senapati et al. (2023),yes,partial,weak,calibration-mention,4,"n the quantum computer during the execution. This lag could be because of the non dynamic updates ThisworkissupportedinpartbyU.S.NSFgrants2238734, in calibration data which could be a result of the lag 2230111, 2217021, and 2212465. 471 Authorized licensed use limited to: Ostbayerische Technische Hochschule"
Senapati et al. - 2023 - Towards Redefining the Reproducibility in Quantum Computing A Data Analysis Approach on NISQ Device.pdf,Senapati et al. (2023),yes,partial,weak,T1-T2-mention,4,nings from Qiskit and an instance of such warning yields varying test accuracies over many days of testing. This is ”Device model returned an invalid T2 relaxation was evident from the plots shown in the previous section. We time greater than the theoretical maximum value 2T1 also witnessed varying calibration d
Senapati et al. - 2024 - PQML Enabling the Predictive Reproducibility on NISQ Machines for Quantum ML Applications.pdf,Senapati et al. (2024),yes,partial,weak,drift-mention,3,"y of molecules. These investigations have devised strategies toatheoreticalidealwithoutresortingtoquantumtomography. to alleviate the impact of noise drift, dynamic noise, and Moreover, [29] measures and analyzes error and execution transient noise effects on algorithm outputs. Through diverse time chara"
Senapati et al. - 2024 - PQML Enabling the Predictive Reproducibility on NISQ Machines for Quantum ML Applications.pdf,Senapati et al. (2024),yes,partial,weak,calibration-mention,2,"s. While prior studies have study is the first to comprehensively consider the full extensivelyexploredtheimpactofnoiseonthedegradationof spectrum of calibration data generated from cloud-based performanceinquantummachinelearning(QML)algorithms, quantum computers. its influence on reproducibility has often"
Senapati et al. - 2024 - PQML Enabling the Predictive Reproducibility on NISQ Machines for Quantum ML Applications.pdf,Senapati et al. (2024),yes,partial,weak,calibration-mention,3,"tum com- in quantum processors through idle tomography. Qiskit Ex- puters. periments [25] is a Python package utilized for the character- ization and calibration of quantum computers. In addressing II. RELATEDWORK the challenge of identifying a large set of errors, a stringent protocolnamedcyclebenchmarking"
Senapati et al. - 2024 - PQML Enabling the Predictive Reproducibility on NISQ Machines for Quantum ML Applications.pdf,Senapati et al. (2024),yes,partial,weak,calibration-mention,4,"ningsharessimilaritieswithclassical ingmodelsusingthetestdatapoints{Xi,yi},whereXi isthe machine learning but exhibits significant differences in its calibrationdataandcircuitprofiledatacollectedfromquantum architectures. Common quantum machine learning architec- computers running the quantum machine learni"
Senapati et al. - 2024 - PQML Enabling the Predictive Reproducibility on NISQ Machines for Quantum ML Applications.pdf,Senapati et al. (2024),yes,partial,weak,calibration-mention,5,"vector regres- based on a batch of MNIST images. Concurrently, we con- sion [43], partial least square regression [44], decision tree tinually gather calibration data from the respective quantum regression [45], Ada Boost regression [46], linear regression computers at regular intervals throughout the testi"
Senapati et al. - 2024 - PQML Enabling the Predictive Reproducibility on NISQ Machines for Quantum ML Applications.pdf,Senapati et al. (2024),yes,partial,weak,calibration-mention,5,"ized, and the distribution of these gates. and input data uncertainty [37] when predicting the test accu- Essentially, we gather three types of data: calibration fea- racy of the three utilized quantum computers. Following the tures,circuitprofilefeatures,andthetestaccuracyofquantum implementation of the re"
Senapati et al. - 2024 - PQML Enabling the Predictive Reproducibility on NISQ Machines for Quantum ML Applications.pdf,Senapati et al. (2024),yes,partial,weak,calibration-mention,5,"rs. Following the tures,circuitprofilefeatures,andthetestaccuracyofquantum implementation of the regression models, we conduct testing computers. The calibration and circuit profile features are toevaluatetheirperformance,recordingtheresultingaccuracy merged into the X component, while the test accuracy for"
Senapati et al. - 2024 - PQML Enabling the Predictive Reproducibility on NISQ Machines for Quantum ML Applications.pdf,Senapati et al. (2024),yes,partial,weak,calibration-mention,6,"ith (1) Feeding a QML dataset as an input to QML algorithm, (2) Creating PQML dataset by preprocessing quantum circuit profiling features, collecting calibration data of quantum computers and creating of PQML dataset D = {X,Y}, where X has 169 features and Y is the test accuracy of quantum computers, (3) Di"
Senapati et al. - 2024 - PQML Enabling the Predictive Reproducibility on NISQ Machines for Quantum ML Applications.pdf,Senapati et al. (2024),yes,partial,weak,calibration-mention,6,"ed.Theseinclude(1)thetestaccuracyof theQMLalgorithmfromtheIBMQOslo,IBMPerth,andIBM B. Data Pre-processing Nairobi quantum computers, (2) the range of calibration data In this study, our objective was to assess the influence of (such as T , T , readout, CX, etc.) generated by the quantum 1 2 specific noise-r"
Senapati et al. - 2024 - PQML Enabling the Predictive Reproducibility on NISQ Machines for Quantum ML Applications.pdf,Senapati et al. (2024),yes,partial,weak,calibration-mention,7,"tum nance schedules of the quantum computers. During appli- computers used for training and testing MNIST images. The cation execution, noise-related calibration data was gathered second set comprises data from transpiled circuits executed from the quantum computers, resulting in an initial dataset to test"
Senapati et al. - 2024 - PQML Enabling the Predictive Reproducibility on NISQ Machines for Quantum ML Applications.pdf,Senapati et al. (2024),yes,partial,weak,calibration-mention,7,"mponents value decomposition was employed to reduce these features. during the learning of MNIST images, such as the number In addition to collecting calibration data from the quantum of physical qubits (q for i ∈ 0,1,2,...), the number of processors, we also gathered post-transpiled features of the √ i SX"
Senapati et al. - 2024 - PQML Enabling the Predictive Reproducibility on NISQ Machines for Quantum ML Applications.pdf,Senapati et al. (2024),yes,partial,weak,calibration-mention,7,"the quantum computer, part of X, D. Feature Selection (2) transpiled circuit features (as illustrated in Figure 5), also In this study, we collected calibration data while quantum part of X, and (3) the test accuracy of QML Y from all three computers were executing QML applications to assess test quantum c"
Senapati et al. - 2024 - PQML Enabling the Predictive Reproducibility on NISQ Machines for Quantum ML Applications.pdf,Senapati et al. (2024),yes,partial,weak,calibration-mention,8,",thenewdataset curacy of the quantum computers using a dataset D. This has 48 features, for Kernel PCA, it has 51 features, and for dataset comprises calibration data and transpiled circuit fea- FAL, it maintains the original 169 features, preserving full tures from the quantum computers that executed the q"
Senapati et al. - 2024 - PQML Enabling the Predictive Reproducibility on NISQ Machines for Quantum ML Applications.pdf,Senapati et al. (2024),yes,partial,weak,calibration-mention,10,"Perth and Nairobi. computer simulators, utilizing device configurations derived VI. CONCLUSION from actual quantum computers. We have noted that the calibration data of these quantum computers undergo changes In this project, we’ve observed that achieving reproducibil- multiple times a day. Subsequently, a"
Senapati et al. - 2024 - PQML Enabling the Predictive Reproducibility on NISQ Machines for Quantum ML Applications.pdf,Senapati et al. (2024),yes,partial,weak,calibration-mention,10,"uantum machine learning. PQML is constructed, where the features (denoted as X) Utilizing quantum computers for quantum machine learning comprise the calibration data and circuit profiling charac- presentschallengesduetotheinherentuncertaintysurrounding teristics of the quantum computers utilized in testing"
Senapati et al. - 2024 - PQML Enabling the Predictive Reproducibility on NISQ Machines for Quantum ML Applications.pdf,Senapati et al. (2024),yes,partial,weak,calibration-mention,11,"owicz, and C. J. Wood, “Qiskit experiments: A python sor ensemble,” in International Conference on Intelligent Computing. package to characterize and calibrate quantum computers,” Journal of Springer,2010,pp.540–546. OpenSourceSoftware,vol.8,no.84,p.5329,2023. [50] H. Zou and T. Hastie, “Regularization and"
Shi and Malaney - 2023 - Error-Mitigated Quantum Routing on Noisy Devices.pdf,Shi & Malaney,no,partial,weak,calibration-mention,3,"Note that the quantum gate error rates may change over time sufficient and a suitable linear combination of ⟨E ⟩ , one ⃗n noisy - the ibmq jakarta is calibrated daily. can obtain an unbiased estimate of ⟨E⟩ . ideal B. Experimental Setups III. EXPERIMENTS The two quantum error mitigation methods, ZNE and PEC"
Shi and Malaney - 2023 - Error-Mitigated Quantum Routing on Noisy Devices.pdf,Shi & Malaney,no,partial,weak,calibration-mention,4,"ed Areas in Communications: Quantum Communications and Computing measurement errors. This protocol requires ancillary quantum circuits, which we call calibration circuits. One needs 2m calibration circuits to construct a 2m×2m calibration matrix M, where m is the number of qubits that are measured. Each cal"
Shi and Malaney - 2023 - Error-Mitigated Quantum Routing on Noisy Devices.pdf,Shi & Malaney,no,partial,weak,calibration-mention,4,"Communications and Computing measurement errors. This protocol requires ancillary quantum circuits, which we call calibration circuits. One needs 2m calibration circuits to construct a 2m×2m calibration matrix M, where m is the number of qubits that are measured. Each calibration circuit prepares the m qub"
Shi and Malaney - 2023 - Error-Mitigated Quantum Routing on Noisy Devices.pdf,Shi & Malaney,no,partial,weak,calibration-mention,4,"errors. This protocol requires ancillary quantum circuits, which we call calibration circuits. One needs 2m calibration circuits to construct a 2m×2m calibration matrix M, where m is the number of qubits that are measured. Each calibration circuit prepares the m qubits to one of 2m Z-basis statesbeforeusing"
Shi and Malaney - 2023 - Error-Mitigated Quantum Routing on Noisy Devices.pdf,Shi & Malaney,no,partial,weak,calibration-mention,4,"ration circuits. One needs 2m calibration circuits to construct a 2m×2m calibration matrix M, where m is the number of qubits that are measured. Each calibration circuit prepares the m qubits to one of 2m Z-basis statesbeforeusingtheZ-basismeasurementstomeasurethem, where the Z-basis states are |φ⟩⊗m and |φ"
Shi and Malaney - 2023 - Error-Mitigated Quantum Routing on Noisy Devices.pdf,Shi & Malaney,no,partial,weak,calibration-mention,4,"2m Z-basis statesbeforeusingtheZ-basismeasurementstomeasurethem, where the Z-basis states are |φ⟩⊗m and |φ⟩∈{|0⟩,|1⟩}. The measurement results of the calibration circuits determine M, and M−1 is then applied to the experimental results to elim- inate measurement errors. Typically, fidelity improvements of o"
Shi and Malaney - 2023 - Error-Mitigated Quantum Routing on Noisy Devices.pdf,Shi & Malaney,no,partial,weak,calibration-mention,4,"or even the same as) the acquiretheassociatedCXgateerrorϵ,whichvariesovertime, noiseless results, indicating that ZNE is an effective method from the calibration data reported in [20]. Based on Eqs. (6) to mitigate quantum errors. The unmitigated and mitigated P and (7), and with known ϵ, GCX can be represe"
Shi and Malaney - 2023 - Error-Mitigated Quantum Routing on Noisy Devices.pdf,Shi & Malaney,no,partial,weak,hw-noise-mention,3,"ntingtheHadamardgateand t,nt sufficiently large number of samples, one could cancel all the T phase gate (which introduces a π/4 phase). We prepare √ hardware noise [26]. Replacing each G′ in U′ with its noisy |ϕ ⟩ = (|0⟩ +|1⟩ )/ 2 via the Hadamard gate, where |ϕ ⟩ t c c c c representation, ⟨E⟩ can be expressed a"
Takagi et al. - 2022 - Fundamental limits of quantum error mitigation.pdf,Takagi et al. (2022),na,no,none,,,
Takagi et al. - 2023 - Universal Sampling Lower Bounds for Quantum Error Mitigation.pdf,Takagi et al. (2023),na,no,none,,,
Tindall et al. - 2024 - Efficient Tensor Network Simulation of IBM’s Eagle Kicked Ising Experiment.pdf,Tindall et al.,na,no,none,,,
Tran et al. - 2023 - Locality and Error Mitigation of Quantum Circuits.pdf,Tran et al.,na,no,none,,,
Urbanek et al. - 2021 - Mitigating Depolarizing Noise on Quantum Computers with Noise-Estimation Circuits.pdf,Urbanek et al.,no,no,none,,,
Venere et al. - 2024 - Characterizing the Effects of Zero-Noise Extrapolation on a QAOA Workflow.pdf,Venere et al.,na,no,none,,,
Wahl et al. - 2023 - Zero Noise Extrapolation on Logical Qubits by Scaling the Error Correction Code Distance.pdf,Wahl et al.,na,partial,weak,hw-noise-mention,3,"cilla qubits for stabilizer The expectation value E(λ) is typically measured at the measurements are indicated by the gray and blue circles. The base hardware noise (λ = 1) and at multiple higher noise Z stabilizermeasurementsarerepresentedbygraysquaresand levels (λ > 1). Eventually the ideal noiseless result, i."
Wang et al. - 2021 - Noise-induced barren plateaus in variational quantum algorithms.pdf,Wang et al.,partial,no,none,,,
Weaving et al. - 2023 - Benchmarking noisy intermediate scale quantum error mitigation strategies for ground state preparati.pdf,Weaving et al.,partial,partial,weak,calibration-mention,5,"y. (13)requiresjust2N quantumexperimentstobecarriedout, Although it would be preferable to run multiple instances versus 2N in a complete measurement calibration. Further- ofeachquantumsimulationtoevaluateE(E),thisisnotfea- more, its form is particularly convenient as it is amenable sible given the length o"
Weaving et al. - 2023 - Benchmarking noisy intermediate scale quantum error mitigation strategies for ground state preparati.pdf,Weaving et al.,partial,partial,weak,coherence-time,1,"ed some degree of success in ob- ious obstacles including restrictive qubit topologies, short taining usable results from NISQ computers, a number of coherence times, and imperfect quantum gates; these factors works have cautioned that QEM may be restricted by some compound tolimitwhatisachievable usingexistingor"
Weaving et al. - 2023 - Benchmarking noisy intermediate scale quantum error mitigation strategies for ground state preparati.pdf,Weaving et al.,partial,partial,weak,coherence-time,12,"ndicated by the therefore one must ensure the primitive ansatz is executable benchmark results of Sec. VE, we identified three hybrid within half the coherence time of the device (minus the time strategieswiththestrongestperformance: required for measurement). On the other hand, the increase (i) Dual-state purifi"
Weidinger et al. - 2023 - Error Mitigation for Quantum Approximate Optimization.pdf,Weidinger et al.,partial,no,none,,,
White - 2025 - MANAGING ERRORS IN QUANTUM METROLOGY VIA QUANTUM ERROR MITIGATION.pdf,White,yes,partial,weak,coherence-time,37,"t. In addition to possessing convenientopticalreadoutcapacities,NVcentersarepromisingcandidatesforquantum sensing because of their comparatively long coherence times (natively in the ms range). Furthermore, they retain their quantum coherence properties at room temperature, unlike many other quantum devices (whic"
White - 2025 - MANAGING ERRORS IN QUANTUM METROLOGY VIA QUANTUM ERROR MITIGATION.pdf,White,yes,partial,weak,coherence-time,39,"electron is very loosely-held and extremely susceptible to perturbation by external electric fields. Neutral atom qubits are extremely stable, having coherence times of O(1) minute [92], and are therefore very promising candidates for atomic clocks and interferometers. Because of their extreme coherence times, th"
White - 2025 - MANAGING ERRORS IN QUANTUM METROLOGY VIA QUANTUM ERROR MITIGATION.pdf,White,yes,partial,weak,coherence-time,39,"ving coherence times of O(1) minute [92], and are therefore very promising candidates for atomic clocks and interferometers. Because of their extreme coherence times, thermal clouds of neutral atoms are capable in principle of achieving extreme sensitivities, on par with SQUIDs. Experi- √ mentally, sensitivity va"
White - 2025 - MANAGING ERRORS IN QUANTUM METROLOGY VIA QUANTUM ERROR MITIGATION.pdf,White,yes,partial,weak,coherence-time,40,"trapped ion quantum sensors are promising candidates for precision electrometers. Like neutral atoms, trapped ion sensors often benefit from the long coherence times of trapped ion qubits, which can reach O(1) second under realistic conditions. Trapped ion quantum sensors also benefit from high-fidelity operation"
White - 2025 - MANAGING ERRORS IN QUANTUM METROLOGY VIA QUANTUM ERROR MITIGATION.pdf,White,yes,partial,weak,coherence-time,55,"by the subsequent half. The cumulative effect is to suppress sensitivity to certain frequency components of the noise spectrum, thereby extending the coherence time of the qubit. Like QEC, DD has a rich history of applications to quantum computing, and is therefore a promising area of exploration for quantum sens"
Wu et al. - 2022 - Erasure conversion for fault-tolerant quantum computing in alkaline earth Rydberg atom arrays.pdf,Wu et al.,na,no,none,,,
Younis et al. - 2024 - Progress and Challenges in Quantum Computing Algorithms for NP-Hard Problems.pdf,Younis et al.,na,no,none,,,
Zhang et al. - 2025 - Demonstrating quantum error mitigation on logical qubits.pdf,Zhang et al.,partial,partial,weak,calibration-mention,8,"7 strong consistency with numerical simulations of noise models from calibration, offering a robust foundation for further performance optimization. As the main result, our approach achieves a reduction in error-induced bias, o"
Zheng et al. - 2023 - A Bayesian Approach for Characterizing and Mitigating Gate and Measurement Errors.pdf,Zheng et al.,partial,no,none,,,
van den Berg et al. - 2022 - Model-free readout-error mitigation for quantum expectation values.pdf,van den Berg et al. (2022),yes,yes,strong,timestamp,6,"ents, but spread out tiondatasetverylightweight: wecouldsimplyaugment over each of the 2,048 columns, each corresponding to the calibration data with time stamps and periodically a unique circuits, thus giving a maximum of 64 mea- add some new data points while retiring data that falls surements per circuit."
van den Berg et al. - 2022 - Model-free readout-error mitigation for quantum expectation values.pdf,van den Berg et al. (2022),yes,yes,weak,calibration-mention,4,"ofM. Forlargervaluesofnthisbecomesintractable M2 (cid:15)2 i,i and we can therefore only approximately diagonalize M, as illustrated in Figure 2. For calibration we estimate Proof. Protocol 1 acquires data and estimate different e M1 = M +e M(1−e ). In order to suppress the quantities using the function in"
van den Berg et al. - 2022 - Model-free readout-error mitigation for quantum expectation values.pdf,van den Berg et al. (2022),yes,yes,weak,calibration-mention,5,"preparation. Suppose that, instead of ρ = |0(cid:105)(cid:104)0|, 0 As a simple example of a transition matrix, consider we can only prepare ρ˜ . For calibration this means that, 0 the case where the outcome of each qubit is indepen- after diagonalization of M, we obtain the vector dently flipped with some"
van den Berg et al. - 2022 - Model-free readout-error mitigation for quantum expectation values.pdf,van den Berg et al. (2022),yes,yes,weak,calibration-mention,6,"d:96) matrix that we would obtain if we would determine the in (13) to better estimate m. exactbit-flipfrequenciesforeachofthequbits,andform Once the calibration data set has been acquired it can thecorrespondingtransitionmatrix. Thediagonalterms be used to mitigate readout errors for circuits with var- oft"
van den Berg et al. - 2022 - Model-free readout-error mitigation for quantum expectation values.pdf,van den Berg et al. (2022),yes,yes,weak,calibration-mention,6,"values of the off-diagonal elements in M, are temswecanexpectgradualchangesinsystemicgateand plotted in Figure 3(d). readout errors. That means that calibration data has a limitedlifetime. Forerrormitigationintheproposedap- As a first experiment we consider a 12-qubit system. proachwetraversethecalibration"
van den Berg et al. - 2022 - Model-free readout-error mitigation for quantum expectation values.pdf,van den Berg et al. (2022),yes,yes,weak,calibration-mention,6,"tal number of measurements, but spread out tiondatasetverylightweight: wecouldsimplyaugment over each of the 2,048 columns, each corresponding to the calibration data with time stamps and periodically a unique circuits, thus giving a maximum of 64 mea- add some new data points while retiring data that falls"
van den Berg et al. - 2022 - Model-free readout-error mitigation for quantum expectation values.pdf,van den Berg et al. (2022),yes,yes,weak,coherence-time,1,"tion and inversion of correction [9–12] is not yet available. As a result, noise Aisofcoursefeasibleonlywhenthesystemsizeissmall, parameters, such as coherence time, dictate the maxi- or when the noise can be assumed to factorize such that mum depth of a circuit and therefore determine the size noiseonindividualo"
van den Berg et al. - 2023 - Probabilistic error cancellation with sparse Pauli–Lindblad models on noisy quantum processors.pdf,van den Berg et al. (2023),partial,partial,weak,temporal-mention,24,"In Fig. S7, we summarize the distribution of the variations in TE over a 2 two-month long period for each of the 27 qubits. We limited the effects of temporal fluctuations by interleaving our mitigation experiments with noise-learning runs every few hours. Readout — We define the readout assignment fidelity per qubit a"
van den Berg et al. - 2023 - Probabilistic error cancellation with sparse Pauli–Lindblad models on noisy quantum processors.pdf,van den Berg et al. (2023),partial,partial,weak,coherence-time,1,"f l layers of noisy two-qubit gates cessors are now able to provide more qubits with longer interleaved with layers of single-qubit gates. Each layer coherence times and better gate fidelities [1–3]. Despite i = 1,...,l consists of a noisy operator U˜ and is error i these improvements, the levels of noise in curr"
